[ZSON3 LAUNCH] openfrontier_sam3 full_hm3dv2 run_id=openfrontier_base_sam3_full_hm3dv2_1000_seed20260727 manifest_sha256=606ebb74a19c970e92f319f3c2be2600000c6931d7ed038906d08250215c8b62
[ZSON3 EVAL] start dataset=HM3Dv2-val seed=20260727 episodes=1000 mode=explicit_manifest resume_from=0 qwen_attention=unknown
[ZSON3 EVAL] 1/1000 scene=4ok3usBNeis.basis episode=0 target=bed success=0 spl=0.0000 reason=false_positive steps=361 runtime=232.4s SR=0.00% (0/1) mean_SPL=0.0000 SR@0.1m(ref)=0.00% SPL@0.1m(ref)=0.0000
[ZSON3 EVAL] 2/1000 scene=4ok3usBNeis.basis episode=1 target=toilet success=1 spl=0.7602 reason=object_found steps=52 runtime=29.5s SR=50.00% (1/2) mean_SPL=0.3801 SR@0.1m(ref)=50.00% SPL@0.1m(ref)=0.3801
[ZSON3 EVAL] 3/1000 scene=4ok3usBNeis.basis episode=2 target=tv_monitor success=1 spl=0.7857 reason=object_found steps=132 runtime=79.2s SR=66.67% (2/3) mean_SPL=0.5153 SR@0.1m(ref)=66.67% SPL@0.1m(ref)=0.5153
[ZSON3 EVAL] 4/1000 scene=4ok3usBNeis.basis episode=3 target=chair success=1 spl=0.7581 reason=object_found steps=142 runtime=76.4s SR=75.00% (3/4) mean_SPL=0.5760 SR@0.1m(ref)=75.00% SPL@0.1m(ref)=0.5760
[ZSON3 EVAL] 5/1000 scene=4ok3usBNeis.basis episode=4 target=sofa success=1 spl=0.1695 reason=object_found steps=214 runtime=121.5s SR=80.00% (4/5) mean_SPL=0.4947 SR@0.1m(ref)=80.00% SPL@0.1m(ref)=0.4947
[ZSON3 EVAL] 6/1000 scene=4ok3usBNeis.basis episode=5 target=toilet success=1 spl=0.9101 reason=object_found steps=35 runtime=26.1s SR=83.33% (5/6) mean_SPL=0.5639 SR@0.1m(ref)=66.67% SPL@0.1m(ref)=0.4123
[ZSON3 EVAL] 7/1000 scene=4ok3usBNeis.basis episode=6 target=sofa success=1 spl=0.2385 reason=object_found steps=158 runtime=98.9s SR=85.71% (6/7) mean_SPL=0.5174 SR@0.1m(ref)=71.43% SPL@0.1m(ref)=0.3874
[ZSON3 EVAL] 8/1000 scene=4ok3usBNeis.basis episode=7 target=tv_monitor success=1 spl=0.5831 reason=object_found steps=108 runtime=62.5s SR=87.50% (7/8) mean_SPL=0.5257 SR@0.1m(ref)=75.00% SPL@0.1m(ref)=0.4119
[ZSON3 EVAL] 9/1000 scene=4ok3usBNeis.basis episode=8 target=toilet success=1 spl=0.4224 reason=object_found steps=145 runtime=82.1s SR=88.89% (8/9) mean_SPL=0.5142 SR@0.1m(ref)=77.78% SPL@0.1m(ref)=0.4131
[ZSON3 EVAL] 10/1000 scene=4ok3usBNeis.basis episode=9 target=chair success=1 spl=0.3296 reason=object_found steps=192 runtime=109.0s SR=90.00% (9/10) mean_SPL=0.4957 SR@0.1m(ref)=80.00% SPL@0.1m(ref)=0.4047
[ZSON3 EVAL] 11/1000 scene=4ok3usBNeis.basis episode=10 target=sofa success=1 spl=0.6483 reason=object_found steps=107 runtime=73.4s SR=90.91% (10/11) mean_SPL=0.5096 SR@0.1m(ref)=81.82% SPL@0.1m(ref)=0.4269
[ZSON3 EVAL] 12/1000 scene=4ok3usBNeis.basis episode=11 target=tv_monitor success=1 spl=0.2325 reason=object_found steps=246 runtime=158.9s SR=91.67% (11/12) mean_SPL=0.4865 SR@0.1m(ref)=83.33% SPL@0.1m(ref)=0.4107
[ZSON3 EVAL] 13/1000 scene=4ok3usBNeis.basis episode=12 target=chair success=1 spl=0.4734 reason=object_found steps=178 runtime=100.7s SR=92.31% (12/13) mean_SPL=0.4855 SR@0.1m(ref)=84.62% SPL@0.1m(ref)=0.4155
[ZSON3 EVAL] 14/1000 scene=4ok3usBNeis.basis episode=13 target=toilet success=1 spl=0.1316 reason=object_found steps=92 runtime=59.7s SR=92.86% (13/14) mean_SPL=0.4602 SR@0.1m(ref)=85.71% SPL@0.1m(ref)=0.3952
[ZSON3 EVAL] 15/1000 scene=4ok3usBNeis.basis episode=14 target=bed success=1 spl=0.7476 reason=object_found steps=75 runtime=50.2s SR=93.33% (14/15) mean_SPL=0.4794 SR@0.1m(ref)=86.67% SPL@0.1m(ref)=0.4187
[ZSON3 EVAL] 16/1000 scene=4ok3usBNeis.basis episode=15 target=toilet success=1 spl=0.1594 reason=object_found steps=247 runtime=120.9s SR=93.75% (15/16) mean_SPL=0.4594 SR@0.1m(ref)=87.50% SPL@0.1m(ref)=0.4025
[ZSON3 EVAL] 17/1000 scene=4ok3usBNeis.basis episode=16 target=bed success=1 spl=0.6938 reason=object_found steps=104 runtime=67.0s SR=94.12% (16/17) mean_SPL=0.4732 SR@0.1m(ref)=88.24% SPL@0.1m(ref)=0.4196
[ZSON3 EVAL] 18/1000 scene=4ok3usBNeis.basis episode=17 target=chair success=1 spl=0.7296 reason=object_found steps=37 runtime=18.5s SR=94.44% (17/18) mean_SPL=0.4874 SR@0.1m(ref)=88.89% SPL@0.1m(ref)=0.4368
[ZSON3 EVAL] 19/1000 scene=4ok3usBNeis.basis episode=18 target=tv_monitor success=1 spl=0.3588 reason=object_found steps=204 runtime=192.2s SR=94.74% (18/19) mean_SPL=0.4806 SR@0.1m(ref)=89.47% SPL@0.1m(ref)=0.4327
[ZSON3 EVAL] 20/1000 scene=4ok3usBNeis.basis episode=19 target=chair success=1 spl=0.5109 reason=object_found steps=102 runtime=59.7s SR=95.00% (19/20) mean_SPL=0.4821 SR@0.1m(ref)=85.00% SPL@0.1m(ref)=0.4111
[ZSON3 EVAL] 21/1000 scene=4ok3usBNeis.basis episode=20 target=bed success=1 spl=0.3346 reason=object_found steps=119 runtime=63.1s SR=95.24% (20/21) mean_SPL=0.4751 SR@0.1m(ref)=85.71% SPL@0.1m(ref)=0.4075
[ZSON3 EVAL] 22/1000 scene=4ok3usBNeis.basis episode=21 target=bed success=1 spl=0.1683 reason=object_found steps=125 runtime=68.0s SR=95.45% (21/22) mean_SPL=0.4612 SR@0.1m(ref)=81.82% SPL@0.1m(ref)=0.3889
[ZSON3 EVAL] 23/1000 scene=4ok3usBNeis.basis episode=22 target=sofa success=1 spl=0.7717 reason=object_found steps=59 runtime=42.5s SR=95.65% (22/23) mean_SPL=0.4747 SR@0.1m(ref)=82.61% SPL@0.1m(ref)=0.4056
[ZSON3 EVAL] 24/1000 scene=4ok3usBNeis.basis episode=23 target=sofa success=1 spl=0.8329 reason=object_found steps=99 runtime=67.7s SR=95.83% (23/24) mean_SPL=0.4896 SR@0.1m(ref)=83.33% SPL@0.1m(ref)=0.4234
[ZSON3 EVAL] 25/1000 scene=4ok3usBNeis.basis episode=24 target=tv_monitor success=1 spl=0.8225 reason=object_found steps=105 runtime=70.6s SR=96.00% (24/25) mean_SPL=0.5029 SR@0.1m(ref)=84.00% SPL@0.1m(ref)=0.4394
[ZSON3 EVAL] 26/1000 scene=4ok3usBNeis.basis episode=25 target=sofa success=1 spl=0.4243 reason=object_found steps=223 runtime=120.8s SR=96.15% (25/26) mean_SPL=0.4999 SR@0.1m(ref)=84.62% SPL@0.1m(ref)=0.4388
[ZSON3 EVAL] 27/1000 scene=4ok3usBNeis.basis episode=26 target=chair success=1 spl=0.4328 reason=object_found steps=22 runtime=16.5s SR=96.30% (26/27) mean_SPL=0.4974 SR@0.1m(ref)=85.19% SPL@0.1m(ref)=0.4386
[ZSON3 EVAL] 28/1000 scene=4ok3usBNeis.basis episode=27 target=tv_monitor success=1 spl=0.5953 reason=object_found steps=149 runtime=97.1s SR=96.43% (27/28) mean_SPL=0.5009 SR@0.1m(ref)=85.71% SPL@0.1m(ref)=0.4442
[ZSON3 EVAL] 29/1000 scene=5cdEh9F2hJL.basis episode=0 target=tv_monitor success=0 spl=0.0000 reason=false_positive steps=321 runtime=169.3s SR=93.10% (27/29) mean_SPL=0.4836 SR@0.1m(ref)=82.76% SPL@0.1m(ref)=0.4288
[ZSON3 EVAL] 30/1000 scene=5cdEh9F2hJL.basis episode=1 target=tv_monitor success=1 spl=0.7065 reason=object_found steps=96 runtime=42.6s SR=93.33% (28/30) mean_SPL=0.4911 SR@0.1m(ref)=83.33% SPL@0.1m(ref)=0.4381
[ZSON3 EVAL] 31/1000 scene=5cdEh9F2hJL.basis episode=2 target=chair success=1 spl=0.7187 reason=object_found steps=26 runtime=11.0s SR=93.55% (29/31) mean_SPL=0.4984 SR@0.1m(ref)=83.87% SPL@0.1m(ref)=0.4471
[ZSON3 EVAL] 32/1000 scene=5cdEh9F2hJL.basis episode=3 target=sofa success=1 spl=0.7735 reason=object_found steps=39 runtime=27.8s SR=93.75% (30/32) mean_SPL=0.5070 SR@0.1m(ref)=84.38% SPL@0.1m(ref)=0.4573
[ZSON3 EVAL] 33/1000 scene=5cdEh9F2hJL.basis episode=4 target=tv_monitor success=0 spl=0.0000 reason=false_positive steps=26 runtime=17.2s SR=90.91% (30/33) mean_SPL=0.4916 SR@0.1m(ref)=81.82% SPL@0.1m(ref)=0.4435
[ZSON3 EVAL] 34/1000 scene=5cdEh9F2hJL.basis episode=5 target=chair success=1 spl=0.3954 reason=object_found steps=117 runtime=81.1s SR=91.18% (31/34) mean_SPL=0.4888 SR@0.1m(ref)=82.35% SPL@0.1m(ref)=0.4421
[ZSON3 EVAL] 35/1000 scene=5cdEh9F2hJL.basis episode=6 target=bed success=1 spl=0.0714 reason=object_found steps=254 runtime=147.3s SR=91.43% (32/35) mean_SPL=0.4769 SR@0.1m(ref)=80.00% SPL@0.1m(ref)=0.4294
[ZSON3 EVAL] 36/1000 scene=5cdEh9F2hJL.basis episode=7 target=sofa success=1 spl=0.4034 reason=object_found steps=114 runtime=72.7s SR=91.67% (33/36) mean_SPL=0.4748 SR@0.1m(ref)=80.56% SPL@0.1m(ref)=0.4287
[ZSON3 EVAL] 37/1000 scene=5cdEh9F2hJL.basis episode=8 target=sofa success=1 spl=0.7690 reason=object_found steps=83 runtime=61.5s SR=91.89% (34/37) mean_SPL=0.4828 SR@0.1m(ref)=81.08% SPL@0.1m(ref)=0.4379
[ZSON3 EVAL] 38/1000 scene=5cdEh9F2hJL.basis episode=9 target=plant success=0 spl=0.0000 reason=max_steps_reached steps=491 runtime=295.9s SR=89.47% (34/38) mean_SPL=0.4701 SR@0.1m(ref)=78.95% SPL@0.1m(ref)=0.4264
[ZSON3 EVAL] 39/1000 scene=5cdEh9F2hJL.basis episode=10 target=chair success=1 spl=0.4611 reason=object_found steps=119 runtime=88.4s SR=89.74% (35/39) mean_SPL=0.4699 SR@0.1m(ref)=79.49% SPL@0.1m(ref)=0.4273
[ZSON3 EVAL] 40/1000 scene=5cdEh9F2hJL.basis episode=11 target=plant success=1 spl=0.1592 reason=object_found steps=479 runtime=348.8s SR=90.00% (36/40) mean_SPL=0.4621 SR@0.1m(ref)=77.50% SPL@0.1m(ref)=0.4166
[ZSON3 EVAL] 41/1000 scene=5cdEh9F2hJL.basis episode=12 target=sofa success=1 spl=0.7132 reason=object_found steps=20 runtime=23.6s SR=90.24% (37/41) mean_SPL=0.4682 SR@0.1m(ref)=75.61% SPL@0.1m(ref)=0.4064
[ZSON3 EVAL] 42/1000 scene=5cdEh9F2hJL.basis episode=13 target=tv_monitor success=0 spl=0.0000 reason=false_positive steps=38 runtime=28.5s SR=88.10% (37/42) mean_SPL=0.4571 SR@0.1m(ref)=73.81% SPL@0.1m(ref)=0.3968
[ZSON3 EVAL] 43/1000 scene=5cdEh9F2hJL.basis episode=14 target=toilet success=0 spl=0.0000 reason=max_steps_reached steps=482 runtime=298.7s SR=86.05% (37/43) mean_SPL=0.4464 SR@0.1m(ref)=72.09% SPL@0.1m(ref)=0.3875
[ZSON3 EVAL] 44/1000 scene=5cdEh9F2hJL.basis episode=15 target=bed success=1 spl=0.7453 reason=object_found steps=79 runtime=44.2s SR=86.36% (38/44) mean_SPL=0.4532 SR@0.1m(ref)=72.73% SPL@0.1m(ref)=0.3957
[ZSON3 EVAL] 45/1000 scene=5cdEh9F2hJL.basis episode=16 target=tv_monitor success=0 spl=0.0000 reason=false_positive steps=189 runtime=126.6s SR=84.44% (38/45) mean_SPL=0.4432 SR@0.1m(ref)=71.11% SPL@0.1m(ref)=0.3869
[ZSON3 EVAL] 46/1000 scene=5cdEh9F2hJL.basis episode=17 target=toilet success=1 spl=0.3879 reason=object_found steps=267 runtime=118.1s SR=84.78% (39/46) mean_SPL=0.4420 SR@0.1m(ref)=69.57% SPL@0.1m(ref)=0.3785
[ZSON3 EVAL] 47/1000 scene=5cdEh9F2hJL.basis episode=18 target=plant success=1 spl=0.3206 reason=object_found steps=118 runtime=57.2s SR=85.11% (40/47) mean_SPL=0.4394 SR@0.1m(ref)=68.09% SPL@0.1m(ref)=0.3704
[ZSON3 EVAL] 48/1000 scene=5cdEh9F2hJL.basis episode=19 target=toilet success=1 spl=0.2550 reason=object_found steps=167 runtime=99.9s SR=85.42% (41/48) mean_SPL=0.4355 SR@0.1m(ref)=66.67% SPL@0.1m(ref)=0.3627
[ZSON3 EVAL] 49/1000 scene=5cdEh9F2hJL.basis episode=20 target=chair success=1 spl=0.3441 reason=object_found steps=181 runtime=76.8s SR=85.71% (42/49) mean_SPL=0.4337 SR@0.1m(ref)=67.35% SPL@0.1m(ref)=0.3623
[ZSON3 EVAL] 50/1000 scene=5cdEh9F2hJL.basis episode=21 target=toilet success=0 spl=0.0000 reason=max_steps_reached steps=486 runtime=407.6s SR=84.00% (42/50) mean_SPL=0.4250 SR@0.1m(ref)=66.00% SPL@0.1m(ref)=0.3551
[ZSON3 EVAL] 51/1000 scene=5cdEh9F2hJL.basis episode=22 target=bed success=1 spl=0.1772 reason=object_found steps=348 runtime=263.6s SR=84.31% (43/51) mean_SPL=0.4201 SR@0.1m(ref)=64.71% SPL@0.1m(ref)=0.3481
[ZSON3 EVAL] 52/1000 scene=5cdEh9F2hJL.basis episode=23 target=sofa success=1 spl=0.4575 reason=object_found steps=237 runtime=152.7s SR=84.62% (44/52) mean_SPL=0.4209 SR@0.1m(ref)=65.38% SPL@0.1m(ref)=0.3502
[ZSON3 EVAL] 53/1000 scene=5cdEh9F2hJL.basis episode=24 target=plant success=1 spl=0.4440 reason=object_found steps=93 runtime=70.4s SR=84.91% (45/53) mean_SPL=0.4213 SR@0.1m(ref)=66.04% SPL@0.1m(ref)=0.3520
[ZSON3 EVAL] 54/1000 scene=5cdEh9F2hJL.basis episode=25 target=plant success=1 spl=0.1584 reason=object_found steps=141 runtime=79.3s SR=85.19% (46/54) mean_SPL=0.4164 SR@0.1m(ref)=64.81% SPL@0.1m(ref)=0.3455
[ZSON3 EVAL] 55/1000 scene=5cdEh9F2hJL.basis episode=26 target=chair success=1 spl=0.3076 reason=object_found steps=111 runtime=73.7s SR=85.45% (47/55) mean_SPL=0.4144 SR@0.1m(ref)=65.45% SPL@0.1m(ref)=0.3448
[ZSON3 EVAL] 56/1000 scene=5cdEh9F2hJL.basis episode=27 target=bed success=1 spl=0.2295 reason=object_found steps=334 runtime=241.4s SR=85.71% (48/56) mean_SPL=0.4111 SR@0.1m(ref)=64.29% SPL@0.1m(ref)=0.3386
[ZSON3 EVAL] 57/1000 scene=6s7QHgap2fW.basis episode=0 target=sofa success=0 spl=0.0000 reason=max_steps_reached steps=499 runtime=252.8s SR=84.21% (48/57) mean_SPL=0.4039 SR@0.1m(ref)=63.16% SPL@0.1m(ref)=0.3327
[ZSON3 EVAL] 58/1000 scene=6s7QHgap2fW.basis episode=1 target=chair success=1 spl=0.2432 reason=object_found steps=235 runtime=132.9s SR=84.48% (49/58) mean_SPL=0.4012 SR@0.1m(ref)=63.79% SPL@0.1m(ref)=0.3311
[ZSON3 EVAL] 59/1000 scene=6s7QHgap2fW.basis episode=2 target=plant success=0 spl=0.0000 reason=max_steps_reached steps=464 runtime=192.2s SR=83.05% (49/59) mean_SPL=0.3944 SR@0.1m(ref)=62.71% SPL@0.1m(ref)=0.3255
[ZSON3 EVAL] 60/1000 scene=6s7QHgap2fW.basis episode=3 target=toilet success=0 spl=0.0000 reason=false_positive steps=136 runtime=83.3s SR=81.67% (49/60) mean_SPL=0.3878 SR@0.1m(ref)=61.67% SPL@0.1m(ref)=0.3201
[ZSON3 EVAL] 61/1000 scene=6s7QHgap2fW.basis episode=4 target=bed success=0 spl=0.0000 reason=false_positive steps=58 runtime=30.5s SR=80.33% (49/61) mean_SPL=0.3814 SR@0.1m(ref)=60.66% SPL@0.1m(ref)=0.3148
[ZSON3 EVAL] 62/1000 scene=6s7QHgap2fW.basis episode=5 target=sofa success=0 spl=0.0000 reason=max_steps_reached steps=495 runtime=337.8s SR=79.03% (49/62) mean_SPL=0.3753 SR@0.1m(ref)=59.68% SPL@0.1m(ref)=0.3098
[ZSON3 EVAL] 63/1000 scene=6s7QHgap2fW.basis episode=6 target=sofa success=1 spl=0.7269 reason=object_found steps=118 runtime=79.8s SR=79.37% (50/63) mean_SPL=0.3809 SR@0.1m(ref)=58.73% SPL@0.1m(ref)=0.3048
[ZSON3 EVAL] 64/1000 scene=6s7QHgap2fW.basis episode=7 target=bed success=0 spl=0.0000 reason=false_positive steps=27 runtime=16.1s SR=78.12% (50/64) mean_SPL=0.3749 SR@0.1m(ref)=57.81% SPL@0.1m(ref)=0.3001
[ZSON3 EVAL] 65/1000 scene=6s7QHgap2fW.basis episode=8 target=sofa success=0 spl=0.0000 reason=max_steps_reached steps=500 runtime=238.5s SR=76.92% (50/65) mean_SPL=0.3691 SR@0.1m(ref)=56.92% SPL@0.1m(ref)=0.2955
[ZSON3 EVAL] 66/1000 scene=6s7QHgap2fW.basis episode=9 target=plant success=1 spl=0.6863 reason=object_found steps=55 runtime=27.5s SR=77.27% (51/66) mean_SPL=0.3739 SR@0.1m(ref)=57.58% SPL@0.1m(ref)=0.3014
[ZSON3 EVAL] 67/1000 scene=6s7QHgap2fW.basis episode=10 target=tv_monitor success=0 spl=0.0000 reason=max_steps_reached steps=500 runtime=239.0s SR=76.12% (51/67) mean_SPL=0.3684 SR@0.1m(ref)=56.72% SPL@0.1m(ref)=0.2969
[ZSON3 EVAL] 68/1000 scene=6s7QHgap2fW.basis episode=11 target=bed success=1 spl=0.5489 reason=object_found steps=37 runtime=16.7s SR=76.47% (52/68) mean_SPL=0.3710 SR@0.1m(ref)=57.35% SPL@0.1m(ref)=0.3006
[ZSON3 EVAL] 69/1000 scene=6s7QHgap2fW.basis episode=12 target=toilet success=1 spl=0.6127 reason=object_found steps=372 runtime=196.3s SR=76.81% (53/69) mean_SPL=0.3745 SR@0.1m(ref)=56.52% SPL@0.1m(ref)=0.2962
[ZSON3 EVAL] 70/1000 scene=6s7QHgap2fW.basis episode=13 target=bed success=0 spl=0.0000 reason=false_positive steps=55 runtime=43.4s SR=75.71% (53/70) mean_SPL=0.3692 SR@0.1m(ref)=55.71% SPL@0.1m(ref)=0.2920
[ZSON3 EVAL] 71/1000 scene=6s7QHgap2fW.basis episode=14 target=tv_monitor success=0 spl=0.0000 reason=max_steps_reached steps=500 runtime=341.3s SR=74.65% (53/71) mean_SPL=0.3640 SR@0.1m(ref)=54.93% SPL@0.1m(ref)=0.2879
[ZSON3 EVAL] 72/1000 scene=6s7QHgap2fW.basis episode=15 target=tv_monitor success=0 spl=0.0000 reason=max_steps_reached steps=490 runtime=283.2s SR=73.61% (53/72) mean_SPL=0.3589 SR@0.1m(ref)=54.17% SPL@0.1m(ref)=0.2839
[ZSON3 EVAL] 73/1000 scene=6s7QHgap2fW.basis episode=16 target=bed success=0 spl=0.0000 reason=false_positive steps=53 runtime=40.6s SR=72.60% (53/73) mean_SPL=0.3540 SR@0.1m(ref)=53.42% SPL@0.1m(ref)=0.2800
[ZSON3 EVAL] 74/1000 scene=6s7QHgap2fW.basis episode=17 target=tv_monitor success=0 spl=0.0000 reason=max_steps_reached steps=495 runtime=294.2s SR=71.62% (53/74) mean_SPL=0.3492 SR@0.1m(ref)=52.70% SPL@0.1m(ref)=0.2762
[ZSON3 EVAL] 75/1000 scene=6s7QHgap2fW.basis episode=18 target=plant success=1 spl=0.2555 reason=object_found steps=122 runtime=60.9s SR=72.00% (54/75) mean_SPL=0.3480 SR@0.1m(ref)=53.33% SPL@0.1m(ref)=0.2759
[ZSON3 EVAL] 76/1000 scene=6s7QHgap2fW.basis episode=19 target=plant success=1 spl=0.8687 reason=object_found steps=55 runtime=28.4s SR=72.37% (55/76) mean_SPL=0.3548 SR@0.1m(ref)=53.95% SPL@0.1m(ref)=0.2837
[ZSON3 EVAL] 77/1000 scene=6s7QHgap2fW.basis episode=20 target=plant success=1 spl=0.7444 reason=object_found steps=138 runtime=78.4s SR=72.73% (56/77) mean_SPL=0.3599 SR@0.1m(ref)=53.25% SPL@0.1m(ref)=0.2801
[ZSON3 EVAL] 78/1000 scene=6s7QHgap2fW.basis episode=21 target=chair success=1 spl=0.3685 reason=object_found steps=150 runtime=83.2s SR=73.08% (57/78) mean_SPL=0.3600 SR@0.1m(ref)=53.85% SPL@0.1m(ref)=0.2812
[ZSON3 EVAL] 79/1000 scene=6s7QHgap2fW.basis episode=22 target=toilet success=1 spl=0.4916 reason=robot_stuck steps=393 runtime=153.8s SR=73.42% (58/79) mean_SPL=0.3617 SR@0.1m(ref)=53.16% SPL@0.1m(ref)=0.2776
[ZSON3 EVAL] 80/1000 scene=6s7QHgap2fW.basis episode=23 target=toilet success=0 spl=0.0000 reason=max_steps_reached steps=494 runtime=361.2s SR=72.50% (58/80) mean_SPL=0.3571 SR@0.1m(ref)=52.50% SPL@0.1m(ref)=0.2742
[ZSON3 EVAL] 81/1000 scene=6s7QHgap2fW.basis episode=24 target=sofa success=1 spl=0.7853 reason=object_found steps=160 runtime=117.2s SR=72.84% (59/81) mean_SPL=0.3624 SR@0.1m(ref)=51.85% SPL@0.1m(ref)=0.2708
[ZSON3 EVAL] 82/1000 scene=6s7QHgap2fW.basis episode=25 target=toilet success=1 spl=0.2302 reason=object_found steps=444 runtime=177.3s SR=73.17% (60/82) mean_SPL=0.3608 SR@0.1m(ref)=51.22% SPL@0.1m(ref)=0.2675
[ZSON3 EVAL] 83/1000 scene=6s7QHgap2fW.basis episode=26 target=chair success=1 spl=0.8009 reason=object_found steps=47 runtime=30.0s SR=73.49% (61/83) mean_SPL=0.3661 SR@0.1m(ref)=50.60% SPL@0.1m(ref)=0.2643
[ZSON3 EVAL] 84/1000 scene=6s7QHgap2fW.basis episode=27 target=tv_monitor success=0 spl=0.0000 reason=max_steps_reached steps=499 runtime=324.2s SR=72.62% (61/84) mean_SPL=0.3618 SR@0.1m(ref)=50.00% SPL@0.1m(ref)=0.2611
[ZSON3 EVAL] 85/1000 scene=7MXmsvcQjpJ.basis episode=0 target=chair success=0 spl=0.0000 reason=max_steps_reached steps=495 runtime=263.8s SR=71.76% (61/85) mean_SPL=0.3575 SR@0.1m(ref)=49.41% SPL@0.1m(ref)=0.2580
[ZSON3 EVAL] 86/1000 scene=7MXmsvcQjpJ.basis episode=1 target=sofa success=1 spl=0.5128 reason=object_found steps=138 runtime=163.1s SR=72.09% (62/86) mean_SPL=0.3593 SR@0.1m(ref)=50.00% SPL@0.1m(ref)=0.2610
[ZSON3 EVAL] 87/1000 scene=7MXmsvcQjpJ.basis episode=2 target=bed success=1 spl=0.6668 reason=object_found steps=75 runtime=38.9s SR=72.41% (63/87) mean_SPL=0.3628 SR@0.1m(ref)=49.43% SPL@0.1m(ref)=0.2580
[ZSON3 EVAL] 88/1000 scene=7MXmsvcQjpJ.basis episode=3 target=chair success=1 spl=0.2908 reason=object_found steps=158 runtime=99.0s SR=72.73% (64/88) mean_SPL=0.3620 SR@0.1m(ref)=48.86% SPL@0.1m(ref)=0.2551
[ZSON3 EVAL] 89/1000 scene=7MXmsvcQjpJ.basis episode=4 target=sofa success=1 spl=0.6135 reason=object_found steps=381 runtime=154.7s SR=73.03% (65/89) mean_SPL=0.3648 SR@0.1m(ref)=48.31% SPL@0.1m(ref)=0.2522
[ZSON3 EVAL] 90/1000 scene=7MXmsvcQjpJ.basis episode=5 target=plant success=0 spl=0.0000 reason=robot_stuck steps=378 runtime=207.2s SR=72.22% (65/90) mean_SPL=0.3608 SR@0.1m(ref)=47.78% SPL@0.1m(ref)=0.2494
[ZSON3 EVAL] 91/1000 scene=7MXmsvcQjpJ.basis episode=6 target=toilet success=1 spl=0.8587 reason=object_found steps=68 runtime=50.6s SR=72.53% (66/91) mean_SPL=0.3663 SR@0.1m(ref)=48.35% SPL@0.1m(ref)=0.2561
[ZSON3 EVAL] 92/1000 scene=7MXmsvcQjpJ.basis episode=7 target=sofa success=1 spl=0.3408 reason=object_found steps=77 runtime=36.8s SR=72.83% (67/92) mean_SPL=0.3660 SR@0.1m(ref)=48.91% SPL@0.1m(ref)=0.2570
[ZSON3 EVAL] 93/1000 scene=7MXmsvcQjpJ.basis episode=8 target=toilet success=1 spl=0.6643 reason=object_found steps=105 runtime=66.8s SR=73.12% (68/93) mean_SPL=0.3692 SR@0.1m(ref)=49.46% SPL@0.1m(ref)=0.2614
[ZSON3 EVAL] 94/1000 scene=7MXmsvcQjpJ.basis episode=9 target=chair success=1 spl=0.6717 reason=object_found steps=14 runtime=7.1s SR=73.40% (69/94) mean_SPL=0.3724 SR@0.1m(ref)=48.94% SPL@0.1m(ref)=0.2586
[ZSON3 EVAL] 95/1000 scene=7MXmsvcQjpJ.basis episode=10 target=chair success=0 spl=0.0000 reason=false_positive steps=12 runtime=8.4s SR=72.63% (69/95) mean_SPL=0.3685 SR@0.1m(ref)=48.42% SPL@0.1m(ref)=0.2559
[ZSON3 EVAL] 96/1000 scene=7MXmsvcQjpJ.basis episode=11 target=bed success=1 spl=0.4666 reason=object_found steps=76 runtime=34.6s SR=72.92% (70/96) mean_SPL=0.3695 SR@0.1m(ref)=47.92% SPL@0.1m(ref)=0.2532
[ZSON3 EVAL] 97/1000 scene=7MXmsvcQjpJ.basis episode=12 target=sofa success=0 spl=0.0000 reason=max_steps_reached steps=485 runtime=270.8s SR=72.16% (70/97) mean_SPL=0.3657 SR@0.1m(ref)=47.42% SPL@0.1m(ref)=0.2506
[ZSON3 EVAL] 98/1000 scene=7MXmsvcQjpJ.basis episode=13 target=bed success=1 spl=0.3773 reason=object_found steps=124 runtime=52.6s SR=72.45% (71/98) mean_SPL=0.3658 SR@0.1m(ref)=46.94% SPL@0.1m(ref)=0.2481
[ZSON3 EVAL] 99/1000 scene=7MXmsvcQjpJ.basis episode=14 target=plant success=0 spl=0.0000 reason=max_steps_reached steps=495 runtime=294.9s SR=71.72% (71/99) mean_SPL=0.3621 SR@0.1m(ref)=46.46% SPL@0.1m(ref)=0.2456
[ZSON3 EVAL] 100/1000 scene=7MXmsvcQjpJ.basis episode=15 target=bed success=1 spl=0.5382 reason=object_found steps=62 runtime=31.0s SR=72.00% (72/100) mean_SPL=0.3639 SR@0.1m(ref)=46.00% SPL@0.1m(ref)=0.2431
[ZSON3 EVAL] 101/1000 scene=7MXmsvcQjpJ.basis episode=16 target=bed success=1 spl=0.4462 reason=object_found steps=108 runtime=42.6s SR=72.28% (73/101) mean_SPL=0.3647 SR@0.1m(ref)=45.54% SPL@0.1m(ref)=0.2407
[ZSON3 EVAL] 102/1000 scene=7MXmsvcQjpJ.basis episode=17 target=chair success=0 spl=0.0000 reason=false_positive steps=219 runtime=90.7s SR=71.57% (73/102) mean_SPL=0.3611 SR@0.1m(ref)=45.10% SPL@0.1m(ref)=0.2383
[ZSON3 EVAL] 103/1000 scene=7MXmsvcQjpJ.basis episode=18 target=sofa success=0 spl=0.0000 reason=max_steps_reached steps=483 runtime=272.7s SR=70.87% (73/103) mean_SPL=0.3576 SR@0.1m(ref)=44.66% SPL@0.1m(ref)=0.2360
[ZSON3 EVAL] 104/1000 scene=7MXmsvcQjpJ.basis episode=19 target=toilet success=0 spl=0.0000 reason=robot_stuck steps=396 runtime=368.1s SR=70.19% (73/104) mean_SPL=0.3542 SR@0.1m(ref)=44.23% SPL@0.1m(ref)=0.2337
[ZSON3 EVAL] 105/1000 scene=7MXmsvcQjpJ.basis episode=20 target=plant success=0 spl=0.0000 reason=max_steps_reached steps=495 runtime=311.0s SR=69.52% (73/105) mean_SPL=0.3508 SR@0.1m(ref)=43.81% SPL@0.1m(ref)=0.2315
[ZSON3 EVAL] 106/1000 scene=7MXmsvcQjpJ.basis episode=21 target=toilet success=1 spl=0.7397 reason=object_found steps=341 runtime=197.6s SR=69.81% (74/106) mean_SPL=0.3545 SR@0.1m(ref)=44.34% SPL@0.1m(ref)=0.2363
[ZSON3 EVAL] 107/1000 scene=7MXmsvcQjpJ.basis episode=22 target=chair success=1 spl=0.5557 reason=object_found steps=49 runtime=23.4s SR=70.09% (75/107) mean_SPL=0.3564 SR@0.1m(ref)=43.93% SPL@0.1m(ref)=0.2341
[ZSON3 EVAL] 108/1000 scene=7MXmsvcQjpJ.basis episode=23 target=plant success=0 spl=0.0000 reason=max_steps_reached steps=497 runtime=339.5s SR=69.44% (75/108) mean_SPL=0.3531 SR@0.1m(ref)=43.52% SPL@0.1m(ref)=0.2319
[ZSON3 EVAL] 109/1000 scene=7MXmsvcQjpJ.basis episode=24 target=toilet success=1 spl=0.1759 reason=object_found steps=179 runtime=112.6s SR=69.72% (76/109) mean_SPL=0.3514 SR@0.1m(ref)=44.04% SPL@0.1m(ref)=0.2314
[ZSON3 EVAL] 110/1000 scene=7MXmsvcQjpJ.basis episode=25 target=sofa success=0 spl=0.0000 reason=max_steps_reached steps=494 runtime=270.0s SR=69.09% (76/110) mean_SPL=0.3482 SR@0.1m(ref)=43.64% SPL@0.1m(ref)=0.2293
[ZSON3 EVAL] 111/1000 scene=7MXmsvcQjpJ.basis episode=26 target=plant success=0 spl=0.0000 reason=max_steps_reached steps=490 runtime=348.8s SR=68.47% (76/111) mean_SPL=0.3451 SR@0.1m(ref)=43.24% SPL@0.1m(ref)=0.2273
[ZSON3 EVAL] 112/1000 scene=7MXmsvcQjpJ.basis episode=27 target=plant success=0 spl=0.0000 reason=max_steps_reached steps=494 runtime=369.4s SR=67.86% (76/112) mean_SPL=0.3420 SR@0.1m(ref)=42.86% SPL@0.1m(ref)=0.2252
[ZSON3 EVAL] 113/1000 scene=BAbdmeyTvMZ.basis episode=0 target=chair success=1 spl=0.7639 reason=object_found steps=51 runtime=30.4s SR=68.14% (77/113) mean_SPL=0.3458 SR@0.1m(ref)=42.48% SPL@0.1m(ref)=0.2232
[ZSON3 EVAL] 114/1000 scene=BAbdmeyTvMZ.basis episode=1 target=tv_monitor success=0 spl=0.0000 reason=max_steps_reached steps=491 runtime=463.5s SR=67.54% (77/114) mean_SPL=0.3427 SR@0.1m(ref)=42.11% SPL@0.1m(ref)=0.2213
[ZSON3 EVAL] 115/1000 scene=BAbdmeyTvMZ.basis episode=2 target=bed success=1 spl=0.2612 reason=object_found steps=128 runtime=107.1s SR=67.83% (78/115) mean_SPL=0.3420 SR@0.1m(ref)=41.74% SPL@0.1m(ref)=0.2194
[ZSON3 EVAL] 116/1000 scene=BAbdmeyTvMZ.basis episode=3 target=bed success=1 spl=0.1647 reason=object_found steps=270 runtime=245.0s SR=68.10% (79/116) mean_SPL=0.3405 SR@0.1m(ref)=41.38% SPL@0.1m(ref)=0.2175
[ZSON3 EVAL] 117/1000 scene=BAbdmeyTvMZ.basis episode=4 target=bed success=0 spl=0.0000 reason=robot_stuck steps=236 runtime=223.1s SR=67.52% (79/117) mean_SPL=0.3376 SR@0.1m(ref)=41.03% SPL@0.1m(ref)=0.2156
[ZSON3 EVAL] 118/1000 scene=BAbdmeyTvMZ.basis episode=5 target=toilet success=0 spl=0.0000 reason=max_steps_reached steps=494 runtime=378.5s SR=66.95% (79/118) mean_SPL=0.3347 SR@0.1m(ref)=40.68% SPL@0.1m(ref)=0.2138
[ZSON3 EVAL] 119/1000 scene=BAbdmeyTvMZ.basis episode=6 target=chair success=1 spl=0.4021 reason=object_found steps=65 runtime=59.1s SR=67.23% (80/119) mean_SPL=0.3353 SR@0.1m(ref)=40.34% SPL@0.1m(ref)=0.2120
[ZSON3 EVAL] 120/1000 scene=BAbdmeyTvMZ.basis episode=7 target=sofa success=0 spl=0.0000 reason=false_positive steps=12 runtime=6.4s SR=66.67% (80/120) mean_SPL=0.3325 SR@0.1m(ref)=40.00% SPL@0.1m(ref)=0.2102
[ZSON3 EVAL] 121/1000 scene=BAbdmeyTvMZ.basis episode=8 target=sofa success=1 spl=0.8140 reason=object_found steps=91 runtime=58.0s SR=66.94% (81/121) mean_SPL=0.3365 SR@0.1m(ref)=39.67% SPL@0.1m(ref)=0.2085
[ZSON3 EVAL] 122/1000 scene=BAbdmeyTvMZ.basis episode=9 target=tv_monitor success=1 spl=0.2833 reason=object_found steps=482 runtime=416.1s SR=67.21% (82/122) mean_SPL=0.3360 SR@0.1m(ref)=39.34% SPL@0.1m(ref)=0.2068
[ZSON3 EVAL] 123/1000 scene=BAbdmeyTvMZ.basis episode=10 target=sofa success=1 spl=0.2483 reason=object_found steps=74 runtime=45.5s SR=67.48% (83/123) mean_SPL=0.3353 SR@0.1m(ref)=39.02% SPL@0.1m(ref)=0.2051
[ZSON3 EVAL] 124/1000 scene=BAbdmeyTvMZ.basis episode=11 target=chair success=1 spl=0.6375 reason=object_found steps=63 runtime=34.6s SR=67.74% (84/124) mean_SPL=0.3378 SR@0.1m(ref)=38.71% SPL@0.1m(ref)=0.2034
[ZSON3 EVAL] 125/1000 scene=BAbdmeyTvMZ.basis episode=12 target=sofa success=1 spl=0.5727 reason=object_found steps=55 runtime=37.1s SR=68.00% (85/125) mean_SPL=0.3396 SR@0.1m(ref)=38.40% SPL@0.1m(ref)=0.2018
[ZSON3 EVAL] 126/1000 scene=BAbdmeyTvMZ.basis episode=13 target=bed success=1 spl=0.0801 reason=object_found steps=403 runtime=326.2s SR=68.25% (86/126) mean_SPL=0.3376 SR@0.1m(ref)=38.10% SPL@0.1m(ref)=0.2002
[ZSON3 EVAL] 127/1000 scene=BAbdmeyTvMZ.basis episode=14 target=sofa success=1 spl=0.5611 reason=object_found steps=110 runtime=56.1s SR=68.50% (87/127) mean_SPL=0.3393 SR@0.1m(ref)=37.80% SPL@0.1m(ref)=0.1986
[ZSON3 EVAL] 128/1000 scene=BAbdmeyTvMZ.basis episode=15 target=toilet success=1 spl=0.2751 reason=object_found steps=117 runtime=70.9s SR=68.75% (88/128) mean_SPL=0.3388 SR@0.1m(ref)=37.50% SPL@0.1m(ref)=0.1971
[ZSON3 EVAL] 129/1000 scene=BAbdmeyTvMZ.basis episode=16 target=toilet success=1 spl=0.1981 reason=object_found steps=209 runtime=165.7s SR=68.99% (89/129) mean_SPL=0.3377 SR@0.1m(ref)=37.21% SPL@0.1m(ref)=0.1955
[ZSON3 EVAL] 130/1000 scene=BAbdmeyTvMZ.basis episode=17 target=chair success=1 spl=0.1221 reason=object_found steps=91 runtime=65.3s SR=69.23% (90/130) mean_SPL=0.3361 SR@0.1m(ref)=36.92% SPL@0.1m(ref)=0.1940
[ZSON3 EVAL] 131/1000 scene=BAbdmeyTvMZ.basis episode=18 target=sofa success=0 spl=0.0000 reason=false_positive steps=54 runtime=32.4s SR=68.70% (90/131) mean_SPL=0.3335 SR@0.1m(ref)=36.64% SPL@0.1m(ref)=0.1926
[ZSON3 EVAL] 132/1000 scene=BAbdmeyTvMZ.basis episode=19 target=bed success=1 spl=0.2063 reason=object_found steps=331 runtime=338.2s SR=68.94% (91/132) mean_SPL=0.3326 SR@0.1m(ref)=36.36% SPL@0.1m(ref)=0.1911
[ZSON3 EVAL] 133/1000 scene=BAbdmeyTvMZ.basis episode=20 target=chair success=1 spl=0.5187 reason=object_found steps=24 runtime=16.2s SR=69.17% (92/133) mean_SPL=0.3340 SR@0.1m(ref)=36.09% SPL@0.1m(ref)=0.1897
[ZSON3 EVAL] 134/1000 scene=BAbdmeyTvMZ.basis episode=21 target=toilet success=1 spl=0.0650 reason=object_found steps=484 runtime=296.9s SR=69.40% (93/134) mean_SPL=0.3319 SR@0.1m(ref)=35.82% SPL@0.1m(ref)=0.1883
[ZSON3 EVAL] 135/1000 scene=BAbdmeyTvMZ.basis episode=22 target=bed success=1 spl=0.1984 reason=object_found steps=93 runtime=64.9s SR=69.63% (94/135) mean_SPL=0.3310 SR@0.1m(ref)=35.56% SPL@0.1m(ref)=0.1869
[ZSON3 EVAL] 136/1000 scene=BAbdmeyTvMZ.basis episode=23 target=tv_monitor success=0 spl=0.0000 reason=max_steps_reached steps=480 runtime=400.0s SR=69.12% (94/136) mean_SPL=0.3285 SR@0.1m(ref)=35.29% SPL@0.1m(ref)=0.1855
[ZSON3 EVAL] 137/1000 scene=BAbdmeyTvMZ.basis episode=24 target=chair success=1 spl=0.7488 reason=object_found steps=30 runtime=24.3s SR=69.34% (95/137) mean_SPL=0.3316 SR@0.1m(ref)=35.04% SPL@0.1m(ref)=0.1841
[ZSON3 EVAL] 138/1000 scene=BAbdmeyTvMZ.basis episode=25 target=toilet success=0 spl=0.0000 reason=max_steps_reached steps=500 runtime=368.9s SR=68.84% (95/138) mean_SPL=0.3292 SR@0.1m(ref)=34.78% SPL@0.1m(ref)=0.1828
[ZSON3 EVAL] 139/1000 scene=BAbdmeyTvMZ.basis episode=26 target=tv_monitor success=0 spl=0.0000 reason=max_steps_reached steps=494 runtime=425.7s SR=68.35% (95/139) mean_SPL=0.3268 SR@0.1m(ref)=34.53% SPL@0.1m(ref)=0.1815
[ZSON3 EVAL] 140/1000 scene=BAbdmeyTvMZ.basis episode=27 target=toilet success=0 spl=0.0000 reason=no_frontiers steps=219 runtime=157.3s SR=67.86% (95/140) mean_SPL=0.3245 SR@0.1m(ref)=34.29% SPL@0.1m(ref)=0.1802
[ZSON3 EVAL] 141/1000 scene=CrMo8WxCyVb.basis episode=0 target=plant success=0 spl=0.0000 reason=max_steps_reached steps=500 runtime=384.6s SR=67.38% (95/141) mean_SPL=0.3222 SR@0.1m(ref)=34.04% SPL@0.1m(ref)=0.1789
[ZSON3 EVAL] 142/1000 scene=CrMo8WxCyVb.basis episode=1 target=toilet success=0 spl=0.0000 reason=max_steps_reached steps=498 runtime=408.1s SR=66.90% (95/142) mean_SPL=0.3199 SR@0.1m(ref)=33.80% SPL@0.1m(ref)=0.1776
[ZSON3 EVAL] 143/1000 scene=CrMo8WxCyVb.basis episode=2 target=sofa success=1 spl=0.8121 reason=object_found steps=45 runtime=33.2s SR=67.13% (96/143) mean_SPL=0.3234 SR@0.1m(ref)=33.57% SPL@0.1m(ref)=0.1764
[ZSON3 EVAL] 144/1000 scene=CrMo8WxCyVb.basis episode=3 target=plant success=1 spl=0.2662 reason=object_found steps=432 runtime=409.2s SR=67.36% (97/144) mean_SPL=0.3230 SR@0.1m(ref)=34.03% SPL@0.1m(ref)=0.1770
[ZSON3 EVAL] 145/1000 scene=CrMo8WxCyVb.basis episode=4 target=toilet success=1 spl=0.0929 reason=object_found steps=404 runtime=408.5s SR=67.59% (98/145) mean_SPL=0.3214 SR@0.1m(ref)=33.79% SPL@0.1m(ref)=0.1758
[ZSON3 EVAL] 146/1000 scene=CrMo8WxCyVb.basis episode=5 target=toilet success=1 spl=0.2556 reason=object_found steps=139 runtime=87.2s SR=67.81% (99/146) mean_SPL=0.3209 SR@0.1m(ref)=33.56% SPL@0.1m(ref)=0.1746
[ZSON3 EVAL] 147/1000 scene=CrMo8WxCyVb.basis episode=6 target=plant success=0 spl=0.0000 reason=max_steps_reached steps=489 runtime=371.0s SR=67.35% (99/147) mean_SPL=0.3187 SR@0.1m(ref)=33.33% SPL@0.1m(ref)=0.1734
[ZSON3 EVAL] 148/1000 scene=CrMo8WxCyVb.basis episode=7 target=chair success=1 spl=0.3364 reason=object_found steps=242 runtime=212.9s SR=67.57% (100/148) mean_SPL=0.3189 SR@0.1m(ref)=33.78% SPL@0.1m(ref)=0.1745
[ZSON3 EVAL] 149/1000 scene=CrMo8WxCyVb.basis episode=8 target=bed success=1 spl=0.7588 reason=object_found steps=69 runtime=191.2s SR=67.79% (101/149) mean_SPL=0.3218 SR@0.1m(ref)=34.23% SPL@0.1m(ref)=0.1784
[ZSON3 EVAL] 150/1000 scene=CrMo8WxCyVb.basis episode=9 target=plant success=0 spl=0.0000 reason=max_steps_reached steps=498 runtime=399.5s SR=67.33% (101/150) mean_SPL=0.3197 SR@0.1m(ref)=34.00% SPL@0.1m(ref)=0.1772
[ZSON3 EVAL] 151/1000 scene=CrMo8WxCyVb.basis episode=10 target=toilet success=1 spl=0.6045 reason=object_found steps=90 runtime=44.8s SR=67.55% (102/151) mean_SPL=0.3216 SR@0.1m(ref)=33.77% SPL@0.1m(ref)=0.1761
[ZSON3 EVAL] 152/1000 scene=CrMo8WxCyVb.basis episode=11 target=plant success=1 spl=0.2411 reason=object_found steps=424 runtime=374.5s SR=67.76% (103/152) mean_SPL=0.3210 SR@0.1m(ref)=34.21% SPL@0.1m(ref)=0.1765
[ZSON3 EVAL] 153/1000 scene=CrMo8WxCyVb.basis episode=12 target=plant success=0 spl=0.0000 reason=max_steps_reached steps=496 runtime=419.8s SR=67.32% (103/153) mean_SPL=0.3189 SR@0.1m(ref)=33.99% SPL@0.1m(ref)=0.1753
[ZSON3 EVAL] 154/1000 scene=CrMo8WxCyVb.basis episode=13 target=sofa success=0 spl=0.0000 reason=false_positive steps=190 runtime=126.6s SR=66.88% (103/154) mean_SPL=0.3169 SR@0.1m(ref)=33.77% SPL@0.1m(ref)=0.1742
[ZSON3 EVAL] 155/1000 scene=CrMo8WxCyVb.basis episode=14 target=toilet success=1 spl=0.4187 reason=object_found steps=93 runtime=57.8s SR=67.10% (104/155) mean_SPL=0.3175 SR@0.1m(ref)=33.55% SPL@0.1m(ref)=0.1731
[ZSON3 EVAL] 156/1000 scene=CrMo8WxCyVb.basis episode=15 target=sofa success=0 spl=0.0000 reason=false_positive steps=119 runtime=148.5s SR=66.67% (104/156) mean_SPL=0.3155 SR@0.1m(ref)=33.33% SPL@0.1m(ref)=0.1720
[ZSON3 EVAL] 157/1000 scene=CrMo8WxCyVb.basis episode=16 target=toilet success=1 spl=0.5380 reason=object_found steps=61 runtime=32.0s SR=66.88% (105/157) mean_SPL=0.3169 SR@0.1m(ref)=33.76% SPL@0.1m(ref)=0.1743
[ZSON3 EVAL] 158/1000 scene=CrMo8WxCyVb.basis episode=17 target=chair success=1 spl=0.1008 reason=object_found steps=372 runtime=375.8s SR=67.09% (106/158) mean_SPL=0.3155 SR@0.1m(ref)=34.18% SPL@0.1m(ref)=0.1738
[ZSON3 EVAL] 159/1000 scene=CrMo8WxCyVb.basis episode=18 target=sofa success=0 spl=0.0000 reason=false_positive steps=35 runtime=22.5s SR=66.67% (106/159) mean_SPL=0.3135 SR@0.1m(ref)=33.96% SPL@0.1m(ref)=0.1727
[ZSON3 EVAL] 160/1000 scene=CrMo8WxCyVb.basis episode=19 target=bed success=0 spl=0.0000 reason=false_positive steps=81 runtime=40.7s SR=66.25% (106/160) mean_SPL=0.3116 SR@0.1m(ref)=33.75% SPL@0.1m(ref)=0.1717
[ZSON3 EVAL] 161/1000 scene=CrMo8WxCyVb.basis episode=20 target=sofa success=1 spl=0.0602 reason=object_found steps=146 runtime=96.7s SR=66.46% (107/161) mean_SPL=0.3100 SR@0.1m(ref)=33.54% SPL@0.1m(ref)=0.1706
[ZSON3 EVAL] 162/1000 scene=CrMo8WxCyVb.basis episode=21 target=chair success=1 spl=0.3130 reason=object_found steps=174 runtime=154.0s SR=66.67% (108/162) mean_SPL=0.3100 SR@0.1m(ref)=33.95% SPL@0.1m(ref)=0.1715
[ZSON3 EVAL] 163/1000 scene=CrMo8WxCyVb.basis episode=22 target=bed success=1 spl=0.5265 reason=object_found steps=56 runtime=42.3s SR=66.87% (109/163) mean_SPL=0.3114 SR@0.1m(ref)=34.36% SPL@0.1m(ref)=0.1737
[ZSON3 EVAL] 164/1000 scene=CrMo8WxCyVb.basis episode=23 target=bed success=1 spl=0.4335 reason=object_found steps=130 runtime=238.9s SR=67.07% (110/164) mean_SPL=0.3121 SR@0.1m(ref)=34.76% SPL@0.1m(ref)=0.1752
[ZSON3 EVAL] 165/1000 scene=CrMo8WxCyVb.basis episode=24 target=bed success=1 spl=0.2356 reason=object_found steps=52 runtime=46.3s SR=67.27% (111/165) mean_SPL=0.3116 SR@0.1m(ref)=35.15% SPL@0.1m(ref)=0.1756
[ZSON3 EVAL] 166/1000 scene=CrMo8WxCyVb.basis episode=25 target=chair success=1 spl=0.2654 reason=object_found steps=223 runtime=241.0s SR=67.47% (112/166) mean_SPL=0.3114 SR@0.1m(ref)=35.54% SPL@0.1m(ref)=0.1762
[ZSON3 EVAL] 167/1000 scene=CrMo8WxCyVb.basis episode=26 target=chair success=1 spl=0.2329 reason=object_found steps=468 runtime=501.3s SR=67.66% (113/167) mean_SPL=0.3109 SR@0.1m(ref)=35.93% SPL@0.1m(ref)=0.1765
[ZSON3 EVAL] 168/1000 scene=CrMo8WxCyVb.basis episode=27 target=bed success=1 spl=0.3463 reason=object_found steps=38 runtime=35.9s SR=67.86% (114/168) mean_SPL=0.3111 SR@0.1m(ref)=36.31% SPL@0.1m(ref)=0.1775
[ZSON3 EVAL] 169/1000 scene=DYehNKdT76V.basis episode=0 target=plant success=0 spl=0.0000 reason=max_steps_reached steps=500 runtime=334.5s SR=67.46% (114/169) mean_SPL=0.3093 SR@0.1m(ref)=36.09% SPL@0.1m(ref)=0.1765
[ZSON3 EVAL] 170/1000 scene=DYehNKdT76V.basis episode=1 target=chair success=1 spl=0.7453 reason=object_found steps=163 runtime=109.8s SR=67.65% (115/170) mean_SPL=0.3118 SR@0.1m(ref)=36.47% SPL@0.1m(ref)=0.1798
[ZSON3 EVAL] 171/1000 scene=DYehNKdT76V.basis episode=2 target=sofa success=1 spl=0.4844 reason=object_found steps=122 runtime=81.3s SR=67.84% (116/171) mean_SPL=0.3128 SR@0.1m(ref)=36.26% SPL@0.1m(ref)=0.1787
[ZSON3 EVAL] 172/1000 scene=DYehNKdT76V.basis episode=3 target=sofa success=0 spl=0.0000 reason=false_positive steps=189 runtime=108.1s SR=67.44% (116/172) mean_SPL=0.3110 SR@0.1m(ref)=36.05% SPL@0.1m(ref)=0.1777
[ZSON3 EVAL] 173/1000 scene=DYehNKdT76V.basis episode=4 target=plant success=1 spl=0.7158 reason=object_found steps=84 runtime=50.4s SR=67.63% (117/173) mean_SPL=0.3134 SR@0.1m(ref)=35.84% SPL@0.1m(ref)=0.1767
[ZSON3 EVAL] 174/1000 scene=DYehNKdT76V.basis episode=5 target=plant success=1 spl=0.4801 reason=object_found steps=123 runtime=76.1s SR=67.82% (118/174) mean_SPL=0.3143 SR@0.1m(ref)=35.63% SPL@0.1m(ref)=0.1757
[ZSON3 EVAL] 175/1000 scene=DYehNKdT76V.basis episode=6 target=chair success=1 spl=0.6017 reason=object_found steps=389 runtime=237.3s SR=68.00% (119/175) mean_SPL=0.3160 SR@0.1m(ref)=36.00% SPL@0.1m(ref)=0.1781
[ZSON3 EVAL] 176/1000 scene=DYehNKdT76V.basis episode=7 target=plant success=0 spl=0.0000 reason=max_steps_reached steps=493 runtime=300.0s SR=67.61% (119/176) mean_SPL=0.3142 SR@0.1m(ref)=35.80% SPL@0.1m(ref)=0.1771
[ZSON3 EVAL] 177/1000 scene=DYehNKdT76V.basis episode=8 target=toilet success=1 spl=0.7014 reason=object_found steps=47 runtime=27.3s SR=67.80% (120/177) mean_SPL=0.3164 SR@0.1m(ref)=36.16% SPL@0.1m(ref)=0.1800
[ZSON3 EVAL] 178/1000 scene=DYehNKdT76V.basis episode=9 target=chair success=1 spl=0.6526 reason=object_found steps=410 runtime=223.3s SR=67.98% (121/178) mean_SPL=0.3182 SR@0.1m(ref)=36.52% SPL@0.1m(ref)=0.1827
[ZSON3 EVAL] 179/1000 scene=DYehNKdT76V.basis episode=10 target=bed success=1 spl=0.4933 reason=object_found steps=326 runtime=185.1s SR=68.16% (122/179) mean_SPL=0.3192 SR@0.1m(ref)=36.31% SPL@0.1m(ref)=0.1817
[ZSON3 EVAL] 180/1000 scene=DYehNKdT76V.basis episode=11 target=plant success=1 spl=0.5354 reason=object_found steps=180 runtime=109.5s SR=68.33% (123/180) mean_SPL=0.3204 SR@0.1m(ref)=36.11% SPL@0.1m(ref)=0.1807
[ZSON3 EVAL] 181/1000 scene=DYehNKdT76V.basis episode=12 target=sofa success=0 spl=0.0000 reason=false_positive steps=60 runtime=44.0s SR=67.96% (123/181) mean_SPL=0.3187 SR@0.1m(ref)=35.91% SPL@0.1m(ref)=0.1797
[ZSON3 EVAL] 182/1000 scene=DYehNKdT76V.basis episode=13 target=sofa success=0 spl=0.0000 reason=false_positive steps=138 runtime=83.6s SR=67.58% (123/182) mean_SPL=0.3169 SR@0.1m(ref)=35.71% SPL@0.1m(ref)=0.1787
[ZSON3 EVAL] 183/1000 scene=DYehNKdT76V.basis episode=14 target=bed success=0 spl=0.0000 reason=max_steps_reached steps=497 runtime=330.8s SR=67.21% (123/183) mean_SPL=0.3152 SR@0.1m(ref)=35.52% SPL@0.1m(ref)=0.1777
[ZSON3 EVAL] 184/1000 scene=DYehNKdT76V.basis episode=15 target=toilet success=1 spl=0.0971 reason=object_found steps=426 runtime=266.5s SR=67.39% (124/184) mean_SPL=0.3140 SR@0.1m(ref)=35.87% SPL@0.1m(ref)=0.1773
[ZSON3 EVAL] 185/1000 scene=DYehNKdT76V.basis episode=16 target=bed success=1 spl=0.1764 reason=object_found steps=349 runtime=290.4s SR=67.57% (125/185) mean_SPL=0.3132 SR@0.1m(ref)=35.68% SPL@0.1m(ref)=0.1763
[ZSON3 EVAL] 186/1000 scene=DYehNKdT76V.basis episode=17 target=chair success=1 spl=0.5603 reason=object_found steps=49 runtime=28.9s SR=67.74% (126/186) mean_SPL=0.3146 SR@0.1m(ref)=35.48% SPL@0.1m(ref)=0.1754
[ZSON3 EVAL] 187/1000 scene=DYehNKdT76V.basis episode=18 target=toilet success=1 spl=0.7740 reason=object_found steps=235 runtime=123.9s SR=67.91% (127/187) mean_SPL=0.3170 SR@0.1m(ref)=35.29% SPL@0.1m(ref)=0.1744
[ZSON3 EVAL] 188/1000 scene=DYehNKdT76V.basis episode=19 target=toilet success=1 spl=0.4831 reason=object_found steps=232 runtime=116.5s SR=68.09% (128/188) mean_SPL=0.3179 SR@0.1m(ref)=35.11% SPL@0.1m(ref)=0.1735
[ZSON3 EVAL] 189/1000 scene=DYehNKdT76V.basis episode=20 target=toilet success=1 spl=0.4745 reason=object_found steps=150 runtime=80.9s SR=68.25% (129/189) mean_SPL=0.3187 SR@0.1m(ref)=35.45% SPL@0.1m(ref)=0.1751
[ZSON3 EVAL] 190/1000 scene=DYehNKdT76V.basis episode=21 target=toilet success=1 spl=0.1817 reason=max_steps_reached steps=500 runtime=303.4s SR=68.42% (130/190) mean_SPL=0.3180 SR@0.1m(ref)=35.26% SPL@0.1m(ref)=0.1742
[ZSON3 EVAL] 191/1000 scene=DYehNKdT76V.basis episode=22 target=chair success=1 spl=0.7614 reason=object_found steps=64 runtime=25.0s SR=68.59% (131/191) mean_SPL=0.3203 SR@0.1m(ref)=35.60% SPL@0.1m(ref)=0.1772
[ZSON3 EVAL] 192/1000 scene=DYehNKdT76V.basis episode=23 target=sofa success=1 spl=0.3065 reason=object_found steps=72 runtime=43.2s SR=68.75% (132/192) mean_SPL=0.3203 SR@0.1m(ref)=35.42% SPL@0.1m(ref)=0.1763
[ZSON3 EVAL] 193/1000 scene=DYehNKdT76V.basis episode=24 target=plant success=0 spl=0.0000 reason=max_steps_reached steps=492 runtime=322.1s SR=68.39% (132/193) mean_SPL=0.3186 SR@0.1m(ref)=35.23% SPL@0.1m(ref)=0.1754
[ZSON3 EVAL] 194/1000 scene=DYehNKdT76V.basis episode=25 target=sofa success=1 spl=0.4071 reason=object_found steps=40 runtime=27.7s SR=68.56% (133/194) mean_SPL=0.3191 SR@0.1m(ref)=35.05% SPL@0.1m(ref)=0.1745
[ZSON3 EVAL] 195/1000 scene=DYehNKdT76V.basis episode=26 target=bed success=0 spl=0.0000 reason=max_steps_reached steps=493 runtime=312.6s SR=68.21% (133/195) mean_SPL=0.3174 SR@0.1m(ref)=34.87% SPL@0.1m(ref)=0.1736
[ZSON3 EVAL] 196/1000 scene=DYehNKdT76V.basis episode=27 target=chair success=1 spl=0.3279 reason=object_found steps=169 runtime=106.8s SR=68.37% (134/196) mean_SPL=0.3175 SR@0.1m(ref)=34.69% SPL@0.1m(ref)=0.1727
[ZSON3 EVAL] 197/1000 scene=Dd4bFSTQ8gi.basis episode=0 target=chair success=1 spl=0.4117 reason=object_found steps=109 runtime=73.7s SR=68.53% (135/197) mean_SPL=0.3180 SR@0.1m(ref)=35.03% SPL@0.1m(ref)=0.1739
[ZSON3 EVAL] 198/1000 scene=Dd4bFSTQ8gi.basis episode=1 target=chair success=0 spl=0.0000 reason=false_positive steps=25 runtime=22.7s SR=68.18% (135/198) mean_SPL=0.3164 SR@0.1m(ref)=34.85% SPL@0.1m(ref)=0.1731
[ZSON3 EVAL] 199/1000 scene=Dd4bFSTQ8gi.basis episode=2 target=plant success=1 spl=0.5144 reason=object_found steps=100 runtime=74.6s SR=68.34% (136/199) mean_SPL=0.3174 SR@0.1m(ref)=34.67% SPL@0.1m(ref)=0.1722
[ZSON3 EVAL] 200/1000 scene=Dd4bFSTQ8gi.basis episode=3 target=toilet success=0 spl=0.0000 reason=max_steps_reached steps=493 runtime=384.7s SR=68.00% (136/200) mean_SPL=0.3158 SR@0.1m(ref)=34.50% SPL@0.1m(ref)=0.1713
[ZSON3 EVAL] 201/1000 scene=Dd4bFSTQ8gi.basis episode=4 target=plant success=1 spl=0.7333 reason=object_found steps=27 runtime=13.8s SR=68.16% (137/201) mean_SPL=0.3178 SR@0.1m(ref)=34.83% SPL@0.1m(ref)=0.1741
[ZSON3 EVAL] 202/1000 scene=Dd4bFSTQ8gi.basis episode=5 target=bed success=1 spl=0.6525 reason=object_found steps=151 runtime=118.2s SR=68.32% (138/202) mean_SPL=0.3195 SR@0.1m(ref)=35.15% SPL@0.1m(ref)=0.1765
[ZSON3 EVAL] 203/1000 scene=Dd4bFSTQ8gi.basis episode=6 target=chair success=0 spl=0.0000 reason=false_positive steps=48 runtime=34.5s SR=67.98% (138/203) mean_SPL=0.3179 SR@0.1m(ref)=34.98% SPL@0.1m(ref)=0.1756
[ZSON3 EVAL] 204/1000 scene=Dd4bFSTQ8gi.basis episode=7 target=sofa success=1 spl=0.2128 reason=object_found steps=72 runtime=53.4s SR=68.14% (139/204) mean_SPL=0.3174 SR@0.1m(ref)=34.80% SPL@0.1m(ref)=0.1748
[ZSON3 EVAL] 205/1000 scene=Dd4bFSTQ8gi.basis episode=8 target=chair success=0 spl=0.0000 reason=false_positive steps=47 runtime=31.4s SR=67.80% (139/205) mean_SPL=0.3159 SR@0.1m(ref)=34.63% SPL@0.1m(ref)=0.1739
[ZSON3 EVAL] 206/1000 scene=Dd4bFSTQ8gi.basis episode=9 target=toilet success=1 spl=0.1867 reason=object_found steps=307 runtime=342.3s SR=67.96% (140/206) mean_SPL=0.3152 SR@0.1m(ref)=34.95% SPL@0.1m(ref)=0.1740
[ZSON3 EVAL] 207/1000 scene=Dd4bFSTQ8gi.basis episode=10 target=toilet success=1 spl=0.2272 reason=object_found steps=390 runtime=275.9s SR=68.12% (141/207) mean_SPL=0.3148 SR@0.1m(ref)=35.27% SPL@0.1m(ref)=0.1742
[ZSON3 EVAL] 208/1000 scene=Dd4bFSTQ8gi.basis episode=11 target=bed success=1 spl=0.5603 reason=object_found steps=152 runtime=107.8s SR=68.27% (142/208) mean_SPL=0.3160 SR@0.1m(ref)=35.58% SPL@0.1m(ref)=0.1761
[ZSON3 EVAL] 209/1000 scene=Dd4bFSTQ8gi.basis episode=12 target=plant success=1 spl=0.2727 reason=object_found steps=56 runtime=33.0s SR=68.42% (143/209) mean_SPL=0.3158 SR@0.1m(ref)=35.89% SPL@0.1m(ref)=0.1765
[ZSON3 EVAL] 210/1000 scene=Dd4bFSTQ8gi.basis episode=13 target=plant success=1 spl=0.5961 reason=object_found steps=65 runtime=56.2s SR=68.57% (144/210) mean_SPL=0.3171 SR@0.1m(ref)=36.19% SPL@0.1m(ref)=0.1785
[ZSON3 EVAL] 211/1000 scene=Dd4bFSTQ8gi.basis episode=14 target=sofa success=0 spl=0.0000 reason=false_positive steps=24 runtime=12.9s SR=68.25% (144/211) mean_SPL=0.3156 SR@0.1m(ref)=36.02% SPL@0.1m(ref)=0.1777
[ZSON3 EVAL] 212/1000 scene=Dd4bFSTQ8gi.basis episode=15 target=sofa success=1 spl=0.2000 reason=object_found steps=80 runtime=59.8s SR=68.40% (145/212) mean_SPL=0.3151 SR@0.1m(ref)=35.85% SPL@0.1m(ref)=0.1769
[ZSON3 EVAL] 213/1000 scene=Dd4bFSTQ8gi.basis episode=16 target=plant success=1 spl=0.3585 reason=object_found steps=102 runtime=79.5s SR=68.54% (146/213) mean_SPL=0.3153 SR@0.1m(ref)=35.68% SPL@0.1m(ref)=0.1760
[ZSON3 EVAL] 214/1000 scene=Dd4bFSTQ8gi.basis episode=17 target=bed success=1 spl=0.1121 reason=object_found steps=259 runtime=195.9s SR=68.69% (147/214) mean_SPL=0.3143 SR@0.1m(ref)=35.98% SPL@0.1m(ref)=0.1757
[ZSON3 EVAL] 215/1000 scene=Dd4bFSTQ8gi.basis episode=18 target=toilet success=1 spl=0.2366 reason=object_found steps=205 runtime=172.6s SR=68.84% (148/215) mean_SPL=0.3140 SR@0.1m(ref)=36.28% SPL@0.1m(ref)=0.1760
[ZSON3 EVAL] 216/1000 scene=Dd4bFSTQ8gi.basis episode=19 target=chair success=1 spl=0.4013 reason=object_found steps=85 runtime=56.1s SR=68.98% (149/216) mean_SPL=0.3144 SR@0.1m(ref)=36.57% SPL@0.1m(ref)=0.1771
[ZSON3 EVAL] 217/1000 scene=Dd4bFSTQ8gi.basis episode=20 target=bed success=1 spl=0.6362 reason=object_found steps=134 runtime=91.8s SR=69.12% (150/217) mean_SPL=0.3158 SR@0.1m(ref)=36.87% SPL@0.1m(ref)=0.1792
[ZSON3 EVAL] 218/1000 scene=Dd4bFSTQ8gi.basis episode=21 target=plant success=1 spl=0.6871 reason=object_found steps=20 runtime=9.6s SR=69.27% (151/218) mean_SPL=0.3176 SR@0.1m(ref)=37.16% SPL@0.1m(ref)=0.1815
[ZSON3 EVAL] 219/1000 scene=Dd4bFSTQ8gi.basis episode=22 target=sofa success=1 spl=0.3814 reason=object_found steps=43 runtime=27.7s SR=69.41% (152/219) mean_SPL=0.3178 SR@0.1m(ref)=36.99% SPL@0.1m(ref)=0.1807
[ZSON3 EVAL] 220/1000 scene=Dd4bFSTQ8gi.basis episode=23 target=toilet success=1 spl=0.7187 reason=object_found steps=216 runtime=178.0s SR=69.55% (153/220) mean_SPL=0.3197 SR@0.1m(ref)=37.27% SPL@0.1m(ref)=0.1831
[ZSON3 EVAL] 221/1000 scene=Dd4bFSTQ8gi.basis episode=24 target=toilet success=1 spl=0.1369 reason=object_found steps=429 runtime=320.4s SR=69.68% (154/221) mean_SPL=0.3188 SR@0.1m(ref)=37.56% SPL@0.1m(ref)=0.1829
[ZSON3 EVAL] 222/1000 scene=Dd4bFSTQ8gi.basis episode=25 target=sofa success=1 spl=0.6525 reason=object_found steps=22 runtime=16.5s SR=69.82% (155/222) mean_SPL=0.3203 SR@0.1m(ref)=37.84% SPL@0.1m(ref)=0.1850
[ZSON3 EVAL] 223/1000 scene=Dd4bFSTQ8gi.basis episode=26 target=chair success=0 spl=0.0000 reason=false_positive steps=370 runtime=267.6s SR=69.51% (155/223) mean_SPL=0.3189 SR@0.1m(ref)=37.67% SPL@0.1m(ref)=0.1842
[ZSON3 EVAL] 224/1000 scene=Dd4bFSTQ8gi.basis episode=27 target=sofa success=0 spl=0.0000 reason=false_positive steps=241 runtime=189.0s SR=69.20% (155/224) mean_SPL=0.3175 SR@0.1m(ref)=37.50% SPL@0.1m(ref)=0.1834
[ZSON3 EVAL] 225/1000 scene=GLAQ4DNUx5U.basis episode=0 target=toilet success=1 spl=0.1808 reason=object_found steps=449 runtime=293.5s SR=69.33% (156/225) mean_SPL=0.3169 SR@0.1m(ref)=37.78% SPL@0.1m(ref)=0.1834
[ZSON3 EVAL] 226/1000 scene=GLAQ4DNUx5U.basis episode=1 target=sofa success=1 spl=0.7125 reason=object_found steps=93 runtime=73.9s SR=69.47% (157/226) mean_SPL=0.3186 SR@0.1m(ref)=38.05% SPL@0.1m(ref)=0.1857
[ZSON3 EVAL] 227/1000 scene=GLAQ4DNUx5U.basis episode=2 target=bed success=1 spl=0.7293 reason=object_found steps=62 runtime=35.2s SR=69.60% (158/227) mean_SPL=0.3204 SR@0.1m(ref)=38.33% SPL@0.1m(ref)=0.1881
[ZSON3 EVAL] 228/1000 scene=GLAQ4DNUx5U.basis episode=3 target=tv_monitor success=1 spl=0.7502 reason=object_found steps=179 runtime=125.5s SR=69.74% (159/228) mean_SPL=0.3223 SR@0.1m(ref)=38.60% SPL@0.1m(ref)=0.1906
[ZSON3 EVAL] 229/1000 scene=GLAQ4DNUx5U.basis episode=4 target=plant success=0 spl=0.0000 reason=max_steps_reached steps=494 runtime=306.8s SR=69.43% (159/229) mean_SPL=0.3209 SR@0.1m(ref)=38.43% SPL@0.1m(ref)=0.1897
[ZSON3 EVAL] 230/1000 scene=GLAQ4DNUx5U.basis episode=5 target=toilet success=1 spl=0.2677 reason=object_found steps=430 runtime=279.3s SR=69.57% (160/230) mean_SPL=0.3207 SR@0.1m(ref)=38.70% SPL@0.1m(ref)=0.1901
[ZSON3 EVAL] 231/1000 scene=GLAQ4DNUx5U.basis episode=6 target=sofa success=1 spl=0.3552 reason=object_found steps=76 runtime=65.7s SR=69.70% (161/231) mean_SPL=0.3208 SR@0.1m(ref)=38.96% SPL@0.1m(ref)=0.1908
[ZSON3 EVAL] 232/1000 scene=GLAQ4DNUx5U.basis episode=7 target=toilet success=1 spl=0.4509 reason=object_found steps=140 runtime=157.3s SR=69.83% (162/232) mean_SPL=0.3214 SR@0.1m(ref)=39.22% SPL@0.1m(ref)=0.1919
[ZSON3 EVAL] 233/1000 scene=GLAQ4DNUx5U.basis episode=8 target=bed success=1 spl=0.3012 reason=object_found steps=242 runtime=177.6s SR=69.96% (163/233) mean_SPL=0.3213 SR@0.1m(ref)=39.48% SPL@0.1m(ref)=0.1924
[ZSON3 EVAL] 234/1000 scene=GLAQ4DNUx5U.basis episode=9 target=tv_monitor success=1 spl=0.6389 reason=object_found steps=41 runtime=27.8s SR=70.09% (164/234) mean_SPL=0.3227 SR@0.1m(ref)=39.74% SPL@0.1m(ref)=0.1943
[ZSON3 EVAL] 235/1000 scene=GLAQ4DNUx5U.basis episode=10 target=sofa success=1 spl=0.6787 reason=object_found steps=54 runtime=41.8s SR=70.21% (165/235) mean_SPL=0.3242 SR@0.1m(ref)=40.00% SPL@0.1m(ref)=0.1963
[ZSON3 EVAL] 236/1000 scene=GLAQ4DNUx5U.basis episode=11 target=sofa success=1 spl=0.2580 reason=object_found steps=227 runtime=157.6s SR=70.34% (166/236) mean_SPL=0.3239 SR@0.1m(ref)=40.25% SPL@0.1m(ref)=0.1966
[ZSON3 EVAL] 237/1000 scene=GLAQ4DNUx5U.basis episode=12 target=tv_monitor success=1 spl=0.4906 reason=object_found steps=246 runtime=145.6s SR=70.46% (167/237) mean_SPL=0.3246 SR@0.1m(ref)=40.51% SPL@0.1m(ref)=0.1978
[ZSON3 EVAL] 238/1000 scene=GLAQ4DNUx5U.basis episode=13 target=toilet success=0 spl=0.0000 reason=max_steps_reached steps=496 runtime=295.1s SR=70.17% (167/238) mean_SPL=0.3232 SR@0.1m(ref)=40.34% SPL@0.1m(ref)=0.1970
[ZSON3 EVAL] 239/1000 scene=GLAQ4DNUx5U.basis episode=14 target=plant success=0 spl=0.0000 reason=max_steps_reached steps=477 runtime=326.4s SR=69.87% (167/239) mean_SPL=0.3219 SR@0.1m(ref)=40.17% SPL@0.1m(ref)=0.1962
[ZSON3 EVAL] 240/1000 scene=GLAQ4DNUx5U.basis episode=15 target=bed success=0 spl=0.0000 reason=max_steps_reached steps=499 runtime=324.9s SR=69.58% (167/240) mean_SPL=0.3205 SR@0.1m(ref)=40.00% SPL@0.1m(ref)=0.1954
[ZSON3 EVAL] 241/1000 scene=GLAQ4DNUx5U.basis episode=16 target=chair success=1 spl=0.5077 reason=object_found steps=118 runtime=50.9s SR=69.71% (168/241) mean_SPL=0.3213 SR@0.1m(ref)=40.25% SPL@0.1m(ref)=0.1967
[ZSON3 EVAL] 242/1000 scene=GLAQ4DNUx5U.basis episode=17 target=bed success=1 spl=0.2897 reason=object_found steps=213 runtime=217.1s SR=69.83% (169/242) mean_SPL=0.3212 SR@0.1m(ref)=40.50% SPL@0.1m(ref)=0.1971
[ZSON3 EVAL] 243/1000 scene=GLAQ4DNUx5U.basis episode=18 target=chair success=1 spl=0.7939 reason=object_found steps=38 runtime=25.9s SR=69.96% (170/243) mean_SPL=0.3231 SR@0.1m(ref)=40.74% SPL@0.1m(ref)=0.1995
[ZSON3 EVAL] 244/1000 scene=GLAQ4DNUx5U.basis episode=19 target=plant success=0 spl=0.0000 reason=max_steps_reached steps=497 runtime=348.3s SR=69.67% (170/244) mean_SPL=0.3218 SR@0.1m(ref)=40.57% SPL@0.1m(ref)=0.1987
[ZSON3 EVAL] 245/1000 scene=GLAQ4DNUx5U.basis episode=20 target=plant success=1 spl=0.2466 reason=object_found steps=310 runtime=203.6s SR=69.80% (171/245) mean_SPL=0.3215 SR@0.1m(ref)=40.82% SPL@0.1m(ref)=0.1989
[ZSON3 EVAL] 246/1000 scene=GLAQ4DNUx5U.basis episode=21 target=chair success=1 spl=0.8370 reason=object_found steps=40 runtime=18.9s SR=69.92% (172/246) mean_SPL=0.3236 SR@0.1m(ref)=41.06% SPL@0.1m(ref)=0.2015
[ZSON3 EVAL] 247/1000 scene=GLAQ4DNUx5U.basis episode=22 target=chair success=0 spl=0.0000 reason=false_positive steps=155 runtime=89.9s SR=69.64% (172/247) mean_SPL=0.3223 SR@0.1m(ref)=40.89% SPL@0.1m(ref)=0.2007
[ZSON3 EVAL] 248/1000 scene=GLAQ4DNUx5U.basis episode=23 target=tv_monitor success=1 spl=0.4867 reason=object_found steps=113 runtime=78.1s SR=69.76% (173/248) mean_SPL=0.3229 SR@0.1m(ref)=41.13% SPL@0.1m(ref)=0.2018
[ZSON3 EVAL] 249/1000 scene=GLAQ4DNUx5U.basis episode=24 target=chair success=1 spl=0.5070 reason=object_found steps=91 runtime=59.4s SR=69.88% (174/249) mean_SPL=0.3237 SR@0.1m(ref)=41.37% SPL@0.1m(ref)=0.2030
[ZSON3 EVAL] 250/1000 scene=GLAQ4DNUx5U.basis episode=25 target=toilet success=1 spl=0.1108 reason=object_found steps=300 runtime=179.6s SR=70.00% (175/250) mean_SPL=0.3228 SR@0.1m(ref)=41.60% SPL@0.1m(ref)=0.2027
[ZSON3 EVAL] 251/1000 scene=GLAQ4DNUx5U.basis episode=26 target=sofa success=1 spl=0.6865 reason=object_found steps=134 runtime=80.6s SR=70.12% (176/251) mean_SPL=0.3243 SR@0.1m(ref)=41.83% SPL@0.1m(ref)=0.2046
[ZSON3 EVAL] 252/1000 scene=GLAQ4DNUx5U.basis episode=27 target=plant success=1 spl=0.3454 reason=object_found steps=342 runtime=210.7s SR=70.24% (177/252) mean_SPL=0.3244 SR@0.1m(ref)=42.06% SPL@0.1m(ref)=0.2052
[ZSON3 EVAL] 253/1000 scene=HY1NcmCgn3n.basis episode=0 target=plant success=0 spl=0.0000 reason=false_positive steps=463 runtime=236.2s SR=69.96% (177/253) mean_SPL=0.3231 SR@0.1m(ref)=41.90% SPL@0.1m(ref)=0.2044
[ZSON3 EVAL] 254/1000 scene=HY1NcmCgn3n.basis episode=1 target=plant success=0 spl=0.0000 reason=false_positive steps=434 runtime=443.9s SR=69.69% (177/254) mean_SPL=0.3218 SR@0.1m(ref)=41.73% SPL@0.1m(ref)=0.2035
[ZSON3 EVAL] 255/1000 scene=HY1NcmCgn3n.basis episode=2 target=plant success=0 spl=0.0000 reason=max_steps_reached steps=500 runtime=261.4s SR=69.41% (177/255) mean_SPL=0.3206 SR@0.1m(ref)=41.57% SPL@0.1m(ref)=0.2028
[ZSON3 EVAL] 256/1000 scene=HY1NcmCgn3n.basis episode=3 target=plant success=0 spl=0.0000 reason=false_positive steps=115 runtime=84.8s SR=69.14% (177/256) mean_SPL=0.3193 SR@0.1m(ref)=41.41% SPL@0.1m(ref)=0.2020
[ZSON3 EVAL] 257/1000 scene=HY1NcmCgn3n.basis episode=4 target=plant success=0 spl=0.0000 reason=max_steps_reached steps=499 runtime=314.7s SR=68.87% (177/257) mean_SPL=0.3181 SR@0.1m(ref)=41.25% SPL@0.1m(ref)=0.2012
[ZSON3 EVAL] 258/1000 scene=HY1NcmCgn3n.basis episode=5 target=plant success=1 spl=0.1121 reason=object_found steps=411 runtime=367.7s SR=68.99% (178/258) mean_SPL=0.3173 SR@0.1m(ref)=41.47% SPL@0.1m(ref)=0.2008
[ZSON3 EVAL] 259/1000 scene=HY1NcmCgn3n.basis episode=6 target=plant success=1 spl=1.0000 reason=object_found steps=29 runtime=24.7s SR=69.11% (179/259) mean_SPL=0.3199 SR@0.1m(ref)=41.31% SPL@0.1m(ref)=0.2001
[ZSON3 EVAL] 260/1000 scene=HY1NcmCgn3n.basis episode=7 target=plant success=0 spl=0.0000 reason=false_positive steps=179 runtime=107.7s SR=68.85% (179/260) mean_SPL=0.3187 SR@0.1m(ref)=41.15% SPL@0.1m(ref)=0.1993
[ZSON3 EVAL] 261/1000 scene=HY1NcmCgn3n.basis episode=8 target=plant success=0 spl=0.0000 reason=max_steps_reached steps=500 runtime=577.7s SR=68.58% (179/261) mean_SPL=0.3174 SR@0.1m(ref)=41.00% SPL@0.1m(ref)=0.1985
[ZSON3 EVAL] 262/1000 scene=HY1NcmCgn3n.basis episode=9 target=tv_monitor success=0 spl=0.0000 reason=max_steps_reached steps=500 runtime=640.5s SR=68.32% (179/262) mean_SPL=0.3162 SR@0.1m(ref)=40.84% SPL@0.1m(ref)=0.1978
[ZSON3 EVAL] 263/1000 scene=HY1NcmCgn3n.basis episode=10 target=tv_monitor success=0 spl=0.0000 reason=max_steps_reached steps=496 runtime=759.1s SR=68.06% (179/263) mean_SPL=0.3150 SR@0.1m(ref)=40.68% SPL@0.1m(ref)=0.1970
[ZSON3 EVAL] 264/1000 scene=HY1NcmCgn3n.basis episode=11 target=tv_monitor success=0 spl=0.0000 reason=max_steps_reached steps=500 runtime=482.1s SR=67.80% (179/264) mean_SPL=0.3138 SR@0.1m(ref)=40.53% SPL@0.1m(ref)=0.1963
[ZSON3 EVAL] 265/1000 scene=HY1NcmCgn3n.basis episode=12 target=tv_monitor success=0 spl=0.0000 reason=max_steps_reached steps=493 runtime=540.2s SR=67.55% (179/265) mean_SPL=0.3127 SR@0.1m(ref)=40.38% SPL@0.1m(ref)=0.1955
[ZSON3 EVAL] 266/1000 scene=HY1NcmCgn3n.basis episode=13 target=tv_monitor success=0 spl=0.0000 reason=max_steps_reached steps=500 runtime=521.6s SR=67.29% (179/266) mean_SPL=0.3115 SR@0.1m(ref)=40.23% SPL@0.1m(ref)=0.1948
[ZSON3 EVAL] 267/1000 scene=HY1NcmCgn3n.basis episode=14 target=tv_monitor success=0 spl=0.0000 reason=max_steps_reached steps=496 runtime=542.9s SR=67.04% (179/267) mean_SPL=0.3103 SR@0.1m(ref)=40.07% SPL@0.1m(ref)=0.1941
[ZSON3 EVAL] 268/1000 scene=HY1NcmCgn3n.basis episode=15 target=tv_monitor success=0 spl=0.0000 reason=max_steps_reached steps=499 runtime=449.2s SR=66.79% (179/268) mean_SPL=0.3092 SR@0.1m(ref)=39.93% SPL@0.1m(ref)=0.1933
[ZSON3 EVAL] 269/1000 scene=HY1NcmCgn3n.basis episode=16 target=tv_monitor success=0 spl=0.0000 reason=max_steps_reached steps=500 runtime=396.3s SR=66.54% (179/269) mean_SPL=0.3080 SR@0.1m(ref)=39.78% SPL@0.1m(ref)=0.1926
[ZSON3 EVAL] 270/1000 scene=HY1NcmCgn3n.basis episode=17 target=tv_monitor success=0 spl=0.0000 reason=max_steps_reached steps=500 runtime=572.0s SR=66.30% (179/270) mean_SPL=0.3069 SR@0.1m(ref)=39.63% SPL@0.1m(ref)=0.1919
[ZSON3 EVAL] 271/1000 scene=HY1NcmCgn3n.basis episode=18 target=chair success=1 spl=0.6573 reason=object_found steps=109 runtime=72.2s SR=66.42% (180/271) mean_SPL=0.3082 SR@0.1m(ref)=39.85% SPL@0.1m(ref)=0.1936
[ZSON3 EVAL] 272/1000 scene=HY1NcmCgn3n.basis episode=19 target=chair success=1 spl=0.6279 reason=robot_stuck steps=248 runtime=89.1s SR=66.54% (181/272) mean_SPL=0.3093 SR@0.1m(ref)=40.07% SPL@0.1m(ref)=0.1952
[ZSON3 EVAL] 273/1000 scene=HY1NcmCgn3n.basis episode=20 target=chair success=1 spl=0.2656 reason=object_found steps=69 runtime=39.4s SR=66.67% (182/273) mean_SPL=0.3092 SR@0.1m(ref)=40.29% SPL@0.1m(ref)=0.1955
[ZSON3 EVAL] 274/1000 scene=HY1NcmCgn3n.basis episode=21 target=chair success=1 spl=0.3470 reason=object_found steps=97 runtime=36.9s SR=66.79% (183/274) mean_SPL=0.3093 SR@0.1m(ref)=40.51% SPL@0.1m(ref)=0.1960
[ZSON3 EVAL] 275/1000 scene=HY1NcmCgn3n.basis episode=22 target=chair success=1 spl=0.6370 reason=object_found steps=41 runtime=23.2s SR=66.91% (184/275) mean_SPL=0.3105 SR@0.1m(ref)=40.73% SPL@0.1m(ref)=0.1976
[ZSON3 EVAL] 276/1000 scene=HY1NcmCgn3n.basis episode=23 target=chair success=1 spl=0.5949 reason=object_found steps=109 runtime=83.7s SR=67.03% (185/276) mean_SPL=0.3115 SR@0.1m(ref)=40.94% SPL@0.1m(ref)=0.1991
[ZSON3 EVAL] 277/1000 scene=HY1NcmCgn3n.basis episode=24 target=chair success=1 spl=0.7830 reason=object_found steps=42 runtime=20.7s SR=67.15% (186/277) mean_SPL=0.3132 SR@0.1m(ref)=41.16% SPL@0.1m(ref)=0.2012
[ZSON3 EVAL] 278/1000 scene=HY1NcmCgn3n.basis episode=25 target=chair success=1 spl=0.8375 reason=object_found steps=69 runtime=41.8s SR=67.27% (187/278) mean_SPL=0.3151 SR@0.1m(ref)=41.37% SPL@0.1m(ref)=0.2035
[ZSON3 EVAL] 279/1000 scene=HY1NcmCgn3n.basis episode=26 target=chair success=1 spl=0.4671 reason=object_found steps=45 runtime=36.8s SR=67.38% (188/279) mean_SPL=0.3157 SR@0.1m(ref)=41.58% SPL@0.1m(ref)=0.2044
[ZSON3 EVAL] 280/1000 scene=LT9Jq6dN3Ea.basis episode=0 target=tv_monitor success=1 spl=0.4180 reason=object_found steps=147 runtime=92.7s SR=67.50% (189/280) mean_SPL=0.3160 SR@0.1m(ref)=41.43% SPL@0.1m(ref)=0.2037
[ZSON3 EVAL] 281/1000 scene=LT9Jq6dN3Ea.basis episode=1 target=tv_monitor success=1 spl=0.7673 reason=object_found steps=50 runtime=28.7s SR=67.62% (190/281) mean_SPL=0.3176 SR@0.1m(ref)=41.64% SPL@0.1m(ref)=0.2057
[ZSON3 EVAL] 282/1000 scene=LT9Jq6dN3Ea.basis episode=2 target=chair success=1 spl=0.5089 reason=object_found steps=170 runtime=92.2s SR=67.73% (191/282) mean_SPL=0.3183 SR@0.1m(ref)=41.49% SPL@0.1m(ref)=0.2050
[ZSON3 EVAL] 283/1000 scene=LT9Jq6dN3Ea.basis episode=3 target=toilet success=1 spl=0.1300 reason=object_found steps=370 runtime=280.8s SR=67.84% (192/283) mean_SPL=0.3176 SR@0.1m(ref)=41.70% SPL@0.1m(ref)=0.2047
[ZSON3 EVAL] 284/1000 scene=LT9Jq6dN3Ea.basis episode=4 target=sofa success=1 spl=0.4115 reason=object_found steps=115 runtime=123.4s SR=67.96% (193/284) mean_SPL=0.3180 SR@0.1m(ref)=41.55% SPL@0.1m(ref)=0.2040
[ZSON3 EVAL] 285/1000 scene=LT9Jq6dN3Ea.basis episode=5 target=tv_monitor success=1 spl=0.5862 reason=object_found steps=105 runtime=68.0s SR=68.07% (194/285) mean_SPL=0.3189 SR@0.1m(ref)=41.40% SPL@0.1m(ref)=0.2033
[ZSON3 EVAL] 286/1000 scene=LT9Jq6dN3Ea.basis episode=6 target=chair success=1 spl=0.6194 reason=object_found steps=60 runtime=31.8s SR=68.18% (195/286) mean_SPL=0.3200 SR@0.1m(ref)=41.61% SPL@0.1m(ref)=0.2047
[ZSON3 EVAL] 287/1000 scene=LT9Jq6dN3Ea.basis episode=7 target=bed success=1 spl=0.2449 reason=object_found steps=120 runtime=57.6s SR=68.29% (196/287) mean_SPL=0.3197 SR@0.1m(ref)=41.81% SPL@0.1m(ref)=0.2049
[ZSON3 EVAL] 288/1000 scene=LT9Jq6dN3Ea.basis episode=8 target=plant success=1 spl=0.4090 reason=object_found steps=175 runtime=114.2s SR=68.40% (197/288) mean_SPL=0.3200 SR@0.1m(ref)=42.01% SPL@0.1m(ref)=0.2056
[ZSON3 EVAL] 289/1000 scene=LT9Jq6dN3Ea.basis episode=9 target=sofa success=1 spl=0.2091 reason=object_found steps=458 runtime=295.8s SR=68.51% (198/289) mean_SPL=0.3196 SR@0.1m(ref)=42.21% SPL@0.1m(ref)=0.2056
[ZSON3 EVAL] 290/1000 scene=LT9Jq6dN3Ea.basis episode=10 target=chair success=1 spl=0.3789 reason=object_found steps=185 runtime=104.8s SR=68.62% (199/290) mean_SPL=0.3198 SR@0.1m(ref)=42.41% SPL@0.1m(ref)=0.2062
[ZSON3 EVAL] 291/1000 scene=LT9Jq6dN3Ea.basis episode=11 target=chair success=1 spl=0.3138 reason=object_found steps=105 runtime=60.8s SR=68.73% (200/291) mean_SPL=0.3198 SR@0.1m(ref)=42.61% SPL@0.1m(ref)=0.2065
[ZSON3 EVAL] 292/1000 scene=LT9Jq6dN3Ea.basis episode=12 target=plant success=1 spl=0.5119 reason=object_found steps=44 runtime=27.8s SR=68.84% (201/292) mean_SPL=0.3205 SR@0.1m(ref)=42.47% SPL@0.1m(ref)=0.2058
[ZSON3 EVAL] 293/1000 scene=LT9Jq6dN3Ea.basis episode=13 target=sofa success=0 spl=0.0000 reason=max_steps_reached steps=490 runtime=269.1s SR=68.60% (201/293) mean_SPL=0.3194 SR@0.1m(ref)=42.32% SPL@0.1m(ref)=0.2051
[ZSON3 EVAL] 294/1000 scene=LT9Jq6dN3Ea.basis episode=14 target=bed success=1 spl=0.6397 reason=object_found steps=52 runtime=23.8s SR=68.71% (202/294) mean_SPL=0.3205 SR@0.1m(ref)=42.52% SPL@0.1m(ref)=0.2066
[ZSON3 EVAL] 295/1000 scene=LT9Jq6dN3Ea.basis episode=15 target=toilet success=0 spl=0.0000 reason=max_steps_reached steps=498 runtime=278.7s SR=68.47% (202/295) mean_SPL=0.3194 SR@0.1m(ref)=42.37% SPL@0.1m(ref)=0.2059
[ZSON3 EVAL] 296/1000 scene=LT9Jq6dN3Ea.basis episode=16 target=tv_monitor success=1 spl=0.3375 reason=object_found steps=120 runtime=88.4s SR=68.58% (203/296) mean_SPL=0.3194 SR@0.1m(ref)=42.57% SPL@0.1m(ref)=0.2064
[ZSON3 EVAL] 297/1000 scene=LT9Jq6dN3Ea.basis episode=17 target=plant success=1 spl=0.6164 reason=object_found steps=39 runtime=33.7s SR=68.69% (204/297) mean_SPL=0.3204 SR@0.1m(ref)=42.42% SPL@0.1m(ref)=0.2057
[ZSON3 EVAL] 298/1000 scene=LT9Jq6dN3Ea.basis episode=18 target=toilet success=1 spl=0.2474 reason=object_found steps=163 runtime=110.3s SR=68.79% (205/298) mean_SPL=0.3202 SR@0.1m(ref)=42.28% SPL@0.1m(ref)=0.2050
[ZSON3 EVAL] 299/1000 scene=LT9Jq6dN3Ea.basis episode=19 target=chair success=1 spl=0.6714 reason=object_found steps=65 runtime=42.7s SR=68.90% (206/299) mean_SPL=0.3214 SR@0.1m(ref)=42.14% SPL@0.1m(ref)=0.2043
[ZSON3 EVAL] 300/1000 scene=LT9Jq6dN3Ea.basis episode=20 target=plant success=1 spl=0.7154 reason=object_found steps=22 runtime=12.0s SR=69.00% (207/300) mean_SPL=0.3227 SR@0.1m(ref)=42.00% SPL@0.1m(ref)=0.2036
[ZSON3 EVAL] 301/1000 scene=LT9Jq6dN3Ea.basis episode=21 target=sofa success=1 spl=0.5858 reason=object_found steps=122 runtime=64.2s SR=69.10% (208/301) mean_SPL=0.3236 SR@0.1m(ref)=42.19% SPL@0.1m(ref)=0.2049
[ZSON3 EVAL] 302/1000 scene=LT9Jq6dN3Ea.basis episode=22 target=bed success=1 spl=0.2841 reason=object_found steps=76 runtime=56.2s SR=69.21% (209/302) mean_SPL=0.3234 SR@0.1m(ref)=42.38% SPL@0.1m(ref)=0.2051
[ZSON3 EVAL] 303/1000 scene=LT9Jq6dN3Ea.basis episode=23 target=toilet success=0 spl=0.0000 reason=max_steps_reached steps=500 runtime=514.6s SR=68.98% (209/303) mean_SPL=0.3224 SR@0.1m(ref)=42.24% SPL@0.1m(ref)=0.2045
[ZSON3 EVAL] 304/1000 scene=LT9Jq6dN3Ea.basis episode=24 target=plant success=1 spl=0.8876 reason=object_found steps=23 runtime=17.0s SR=69.08% (210/304) mean_SPL=0.3242 SR@0.1m(ref)=42.11% SPL@0.1m(ref)=0.2038
[ZSON3 EVAL] 305/1000 scene=LT9Jq6dN3Ea.basis episode=25 target=sofa success=0 spl=0.0000 reason=false_positive steps=122 runtime=86.8s SR=68.85% (210/305) mean_SPL=0.3232 SR@0.1m(ref)=41.97% SPL@0.1m(ref)=0.2031
[ZSON3 EVAL] 306/1000 scene=LT9Jq6dN3Ea.basis episode=26 target=bed success=1 spl=0.5769 reason=object_found steps=202 runtime=124.8s SR=68.95% (211/306) mean_SPL=0.3240 SR@0.1m(ref)=42.16% SPL@0.1m(ref)=0.2043
[ZSON3 EVAL] 307/1000 scene=LT9Jq6dN3Ea.basis episode=27 target=toilet success=1 spl=0.1849 reason=object_found steps=363 runtime=325.9s SR=69.06% (212/307) mean_SPL=0.3235 SR@0.1m(ref)=42.35% SPL@0.1m(ref)=0.2043
[ZSON3 EVAL] 308/1000 scene=MHPLjHsuG27.basis episode=0 target=toilet success=1 spl=0.1892 reason=object_found steps=308 runtime=139.0s SR=69.16% (213/308) mean_SPL=0.3231 SR@0.1m(ref)=42.53% SPL@0.1m(ref)=0.2042
[ZSON3 EVAL] 309/1000 scene=MHPLjHsuG27.basis episode=1 target=bed success=0 spl=0.0000 reason=max_steps_reached steps=494 runtime=262.3s SR=68.93% (213/309) mean_SPL=0.3221 SR@0.1m(ref)=42.39% SPL@0.1m(ref)=0.2036
[ZSON3 EVAL] 310/1000 scene=MHPLjHsuG27.basis episode=2 target=tv_monitor success=1 spl=0.1901 reason=object_found steps=137 runtime=82.1s SR=69.03% (214/310) mean_SPL=0.3216 SR@0.1m(ref)=42.58% SPL@0.1m(ref)=0.2035
[ZSON3 EVAL] 311/1000 scene=MHPLjHsuG27.basis episode=3 target=tv_monitor success=0 spl=0.0000 reason=max_steps_reached steps=493 runtime=325.3s SR=68.81% (214/311) mean_SPL=0.3206 SR@0.1m(ref)=42.44% SPL@0.1m(ref)=0.2029
[ZSON3 EVAL] 312/1000 scene=MHPLjHsuG27.basis episode=4 target=toilet success=1 spl=0.4050 reason=object_found steps=166 runtime=100.8s SR=68.91% (215/312) mean_SPL=0.3209 SR@0.1m(ref)=42.63% SPL@0.1m(ref)=0.2035
[ZSON3 EVAL] 313/1000 scene=MHPLjHsuG27.basis episode=5 target=sofa success=1 spl=0.1258 reason=object_found steps=325 runtime=219.1s SR=69.01% (216/313) mean_SPL=0.3202 SR@0.1m(ref)=42.49% SPL@0.1m(ref)=0.2029
[ZSON3 EVAL] 314/1000 scene=MHPLjHsuG27.basis episode=6 target=plant success=0 spl=0.0000 reason=max_steps_reached steps=493 runtime=254.2s SR=68.79% (216/314) mean_SPL=0.3192 SR@0.1m(ref)=42.36% SPL@0.1m(ref)=0.2022
[ZSON3 EVAL] 315/1000 scene=MHPLjHsuG27.basis episode=7 target=chair success=1 spl=0.5782 reason=object_found steps=48 runtime=31.4s SR=68.89% (217/315) mean_SPL=0.3200 SR@0.1m(ref)=42.54% SPL@0.1m(ref)=0.2034
[ZSON3 EVAL] 316/1000 scene=MHPLjHsuG27.basis episode=8 target=sofa success=0 spl=0.0000 reason=max_steps_reached steps=484 runtime=306.8s SR=68.67% (217/316) mean_SPL=0.3190 SR@0.1m(ref)=42.41% SPL@0.1m(ref)=0.2028
[ZSON3 EVAL] 317/1000 scene=MHPLjHsuG27.basis episode=9 target=toilet success=1 spl=0.3842 reason=object_found steps=99 runtime=61.2s SR=68.77% (218/317) mean_SPL=0.3192 SR@0.1m(ref)=42.59% SPL@0.1m(ref)=0.2033
[ZSON3 EVAL] 318/1000 scene=MHPLjHsuG27.basis episode=10 target=chair success=1 spl=0.6819 reason=object_found steps=52 runtime=38.1s SR=68.87% (219/318) mean_SPL=0.3204 SR@0.1m(ref)=42.77% SPL@0.1m(ref)=0.2048
[ZSON3 EVAL] 319/1000 scene=MHPLjHsuG27.basis episode=11 target=plant success=0 spl=0.0000 reason=false_positive steps=362 runtime=191.3s SR=68.65% (219/319) mean_SPL=0.3194 SR@0.1m(ref)=42.63% SPL@0.1m(ref)=0.2042
[ZSON3 EVAL] 320/1000 scene=MHPLjHsuG27.basis episode=12 target=chair success=1 spl=0.6965 reason=object_found steps=40 runtime=32.8s SR=68.75% (220/320) mean_SPL=0.3206 SR@0.1m(ref)=42.81% SPL@0.1m(ref)=0.2057
[ZSON3 EVAL] 321/1000 scene=MHPLjHsuG27.basis episode=13 target=sofa success=1 spl=0.2894 reason=object_found steps=122 runtime=64.9s SR=68.85% (221/321) mean_SPL=0.3205 SR@0.1m(ref)=42.99% SPL@0.1m(ref)=0.2060
[ZSON3 EVAL] 322/1000 scene=MHPLjHsuG27.basis episode=14 target=bed success=1 spl=0.5681 reason=object_found steps=68 runtime=53.1s SR=68.94% (222/322) mean_SPL=0.3212 SR@0.1m(ref)=42.86% SPL@0.1m(ref)=0.2054
[ZSON3 EVAL] 323/1000 scene=MHPLjHsuG27.basis episode=15 target=sofa success=0 spl=0.0000 reason=max_steps_reached steps=491 runtime=375.5s SR=68.73% (222/323) mean_SPL=0.3202 SR@0.1m(ref)=42.72% SPL@0.1m(ref)=0.2047
[ZSON3 EVAL] 324/1000 scene=MHPLjHsuG27.basis episode=16 target=tv_monitor success=1 spl=0.6589 reason=object_found steps=84 runtime=58.9s SR=68.83% (223/324) mean_SPL=0.3213 SR@0.1m(ref)=42.90% SPL@0.1m(ref)=0.2061
[ZSON3 EVAL] 325/1000 scene=MHPLjHsuG27.basis episode=17 target=tv_monitor success=0 spl=0.0000 reason=max_steps_reached steps=482 runtime=303.5s SR=68.62% (223/325) mean_SPL=0.3203 SR@0.1m(ref)=42.77% SPL@0.1m(ref)=0.2055
[ZSON3 EVAL] 326/1000 scene=MHPLjHsuG27.basis episode=18 target=tv_monitor success=0 spl=0.0000 reason=max_steps_reached steps=481 runtime=322.7s SR=68.40% (223/326) mean_SPL=0.3193 SR@0.1m(ref)=42.64% SPL@0.1m(ref)=0.2049
[ZSON3 EVAL] 327/1000 scene=MHPLjHsuG27.basis episode=19 target=plant success=0 spl=0.0000 reason=false_positive steps=160 runtime=103.1s SR=68.20% (223/327) mean_SPL=0.3183 SR@0.1m(ref)=42.51% SPL@0.1m(ref)=0.2042
[ZSON3 EVAL] 328/1000 scene=MHPLjHsuG27.basis episode=20 target=toilet success=0 spl=0.0000 reason=max_steps_reached steps=484 runtime=261.5s SR=67.99% (223/328) mean_SPL=0.3174 SR@0.1m(ref)=42.38% SPL@0.1m(ref)=0.2036
[ZSON3 EVAL] 329/1000 scene=MHPLjHsuG27.basis episode=21 target=plant success=0 spl=0.0000 reason=max_steps_reached steps=500 runtime=255.7s SR=67.78% (223/329) mean_SPL=0.3164 SR@0.1m(ref)=42.25% SPL@0.1m(ref)=0.2030
[ZSON3 EVAL] 330/1000 scene=MHPLjHsuG27.basis episode=22 target=sofa success=1 spl=0.1390 reason=object_found steps=392 runtime=345.8s SR=67.88% (224/330) mean_SPL=0.3159 SR@0.1m(ref)=42.12% SPL@0.1m(ref)=0.2024
[ZSON3 EVAL] 331/1000 scene=MHPLjHsuG27.basis episode=23 target=chair success=1 spl=0.5399 reason=object_found steps=129 runtime=72.8s SR=67.98% (225/331) mean_SPL=0.3165 SR@0.1m(ref)=42.30% SPL@0.1m(ref)=0.2034
[ZSON3 EVAL] 332/1000 scene=MHPLjHsuG27.basis episode=24 target=bed success=0 spl=0.0000 reason=max_steps_reached steps=497 runtime=259.5s SR=67.77% (225/332) mean_SPL=0.3156 SR@0.1m(ref)=42.17% SPL@0.1m(ref)=0.2028
[ZSON3 EVAL] 333/1000 scene=MHPLjHsuG27.basis episode=25 target=bed success=0 spl=0.0000 reason=false_positive steps=19 runtime=20.8s SR=67.57% (225/333) mean_SPL=0.3146 SR@0.1m(ref)=42.04% SPL@0.1m(ref)=0.2022
[ZSON3 EVAL] 334/1000 scene=MHPLjHsuG27.basis episode=26 target=bed success=0 spl=0.0000 reason=false_positive steps=16 runtime=13.5s SR=67.37% (225/334) mean_SPL=0.3137 SR@0.1m(ref)=41.92% SPL@0.1m(ref)=0.2016
[ZSON3 EVAL] 335/1000 scene=MHPLjHsuG27.basis episode=27 target=chair success=1 spl=0.3343 reason=object_found steps=97 runtime=131.8s SR=67.46% (226/335) mean_SPL=0.3138 SR@0.1m(ref)=41.79% SPL@0.1m(ref)=0.2010
[ZSON3 EVAL] 336/1000 scene=Nfvxx8J5NCo.basis episode=0 target=sofa success=1 spl=0.6817 reason=object_found steps=118 runtime=82.6s SR=67.56% (227/336) mean_SPL=0.3148 SR@0.1m(ref)=41.67% SPL@0.1m(ref)=0.2004
[ZSON3 EVAL] 337/1000 scene=Nfvxx8J5NCo.basis episode=1 target=tv_monitor success=1 spl=0.4648 reason=object_found steps=35 runtime=21.6s SR=67.66% (228/337) mean_SPL=0.3153 SR@0.1m(ref)=41.54% SPL@0.1m(ref)=0.1998
[ZSON3 EVAL] 338/1000 scene=Nfvxx8J5NCo.basis episode=2 target=toilet success=0 spl=0.0000 reason=max_steps_reached steps=499 runtime=333.9s SR=67.46% (228/338) mean_SPL=0.3144 SR@0.1m(ref)=41.42% SPL@0.1m(ref)=0.1992
[ZSON3 EVAL] 339/1000 scene=Nfvxx8J5NCo.basis episode=3 target=sofa success=1 spl=0.4856 reason=object_found steps=49 runtime=29.7s SR=67.55% (229/339) mean_SPL=0.3149 SR@0.1m(ref)=41.30% SPL@0.1m(ref)=0.1986
[ZSON3 EVAL] 340/1000 scene=Nfvxx8J5NCo.basis episode=4 target=sofa success=1 spl=0.3929 reason=object_found steps=201 runtime=98.0s SR=67.65% (230/340) mean_SPL=0.3151 SR@0.1m(ref)=41.18% SPL@0.1m(ref)=0.1980
[ZSON3 EVAL] 341/1000 scene=Nfvxx8J5NCo.basis episode=5 target=toilet success=1 spl=0.5821 reason=object_found steps=35 runtime=20.1s SR=67.74% (231/341) mean_SPL=0.3159 SR@0.1m(ref)=41.06% SPL@0.1m(ref)=0.1974
[ZSON3 EVAL] 342/1000 scene=Nfvxx8J5NCo.basis episode=6 target=bed success=1 spl=0.6513 reason=object_found steps=65 runtime=28.3s SR=67.84% (232/342) mean_SPL=0.3169 SR@0.1m(ref)=40.94% SPL@0.1m(ref)=0.1969
[ZSON3 EVAL] 343/1000 scene=Nfvxx8J5NCo.basis episode=7 target=bed success=1 spl=0.3262 reason=object_found steps=104 runtime=70.8s SR=67.93% (233/343) mean_SPL=0.3169 SR@0.1m(ref)=40.82% SPL@0.1m(ref)=0.1963
[ZSON3 EVAL] 344/1000 scene=Nfvxx8J5NCo.basis episode=8 target=tv_monitor success=1 spl=0.3098 reason=object_found steps=176 runtime=125.9s SR=68.02% (234/344) mean_SPL=0.3169 SR@0.1m(ref)=40.70% SPL@0.1m(ref)=0.1957
[ZSON3 EVAL] 345/1000 scene=Nfvxx8J5NCo.basis episode=9 target=chair success=1 spl=1.0000 reason=object_found steps=30 runtime=19.1s SR=68.12% (235/345) mean_SPL=0.3188 SR@0.1m(ref)=40.58% SPL@0.1m(ref)=0.1951
[ZSON3 EVAL] 346/1000 scene=Nfvxx8J5NCo.basis episode=10 target=tv_monitor success=1 spl=0.2843 reason=object_found steps=231 runtime=146.0s SR=68.21% (236/346) mean_SPL=0.3187 SR@0.1m(ref)=40.46% SPL@0.1m(ref)=0.1946
[ZSON3 EVAL] 347/1000 scene=Nfvxx8J5NCo.basis episode=11 target=bed success=1 spl=0.1647 reason=object_found steps=204 runtime=115.5s SR=68.30% (237/347) mean_SPL=0.3183 SR@0.1m(ref)=40.35% SPL@0.1m(ref)=0.1940
[ZSON3 EVAL] 348/1000 scene=Nfvxx8J5NCo.basis episode=12 target=toilet success=0 spl=0.0000 reason=max_steps_reached steps=496 runtime=280.7s SR=68.10% (237/348) mean_SPL=0.3174 SR@0.1m(ref)=40.23% SPL@0.1m(ref)=0.1935
[ZSON3 EVAL] 349/1000 scene=Nfvxx8J5NCo.basis episode=13 target=tv_monitor success=1 spl=0.3728 reason=object_found steps=188 runtime=105.7s SR=68.19% (238/349) mean_SPL=0.3175 SR@0.1m(ref)=40.11% SPL@0.1m(ref)=0.1929
[ZSON3 EVAL] 350/1000 scene=Nfvxx8J5NCo.basis episode=14 target=toilet success=0 spl=0.0000 reason=max_steps_reached steps=492 runtime=322.1s SR=68.00% (238/350) mean_SPL=0.3166 SR@0.1m(ref)=40.00% SPL@0.1m(ref)=0.1924
[ZSON3 EVAL] 351/1000 scene=Nfvxx8J5NCo.basis episode=15 target=sofa success=1 spl=0.7587 reason=object_found steps=26 runtime=17.1s SR=68.09% (239/351) mean_SPL=0.3179 SR@0.1m(ref)=39.89% SPL@0.1m(ref)=0.1918
[ZSON3 EVAL] 352/1000 scene=Nfvxx8J5NCo.basis episode=16 target=sofa success=1 spl=0.4887 reason=object_found steps=162 runtime=91.8s SR=68.18% (240/352) mean_SPL=0.3184 SR@0.1m(ref)=39.77% SPL@0.1m(ref)=0.1913
[ZSON3 EVAL] 353/1000 scene=Nfvxx8J5NCo.basis episode=17 target=bed success=1 spl=0.4906 reason=object_found steps=100 runtime=58.6s SR=68.27% (241/353) mean_SPL=0.3189 SR@0.1m(ref)=39.66% SPL@0.1m(ref)=0.1907
[ZSON3 EVAL] 354/1000 scene=Nfvxx8J5NCo.basis episode=18 target=chair success=1 spl=0.3010 reason=object_found steps=118 runtime=67.0s SR=68.36% (242/354) mean_SPL=0.3188 SR@0.1m(ref)=39.55% SPL@0.1m(ref)=0.1902
[ZSON3 EVAL] 355/1000 scene=Nfvxx8J5NCo.basis episode=19 target=bed success=1 spl=0.6911 reason=object_found steps=34 runtime=19.9s SR=68.45% (243/355) mean_SPL=0.3199 SR@0.1m(ref)=39.72% SPL@0.1m(ref)=0.1916
[ZSON3 EVAL] 356/1000 scene=Nfvxx8J5NCo.basis episode=20 target=toilet success=0 spl=0.0000 reason=max_steps_reached steps=494 runtime=354.1s SR=68.26% (243/356) mean_SPL=0.3190 SR@0.1m(ref)=39.61% SPL@0.1m(ref)=0.1911
[ZSON3 EVAL] 357/1000 scene=Nfvxx8J5NCo.basis episode=21 target=chair success=1 spl=0.5491 reason=object_found steps=94 runtime=47.1s SR=68.35% (244/357) mean_SPL=0.3196 SR@0.1m(ref)=39.50% SPL@0.1m(ref)=0.1905
[ZSON3 EVAL] 358/1000 scene=Nfvxx8J5NCo.basis episode=22 target=tv_monitor success=1 spl=0.7202 reason=object_found steps=24 runtime=14.2s SR=68.44% (245/358) mean_SPL=0.3207 SR@0.1m(ref)=39.39% SPL@0.1m(ref)=0.1900
[ZSON3 EVAL] 359/1000 scene=Nfvxx8J5NCo.basis episode=23 target=bed success=1 spl=0.7865 reason=object_found steps=61 runtime=32.1s SR=68.52% (246/359) mean_SPL=0.3220 SR@0.1m(ref)=39.55% SPL@0.1m(ref)=0.1917
[ZSON3 EVAL] 360/1000 scene=Nfvxx8J5NCo.basis episode=24 target=chair success=1 spl=0.4572 reason=object_found steps=66 runtime=43.7s SR=68.61% (247/360) mean_SPL=0.3224 SR@0.1m(ref)=39.44% SPL@0.1m(ref)=0.1911
[ZSON3 EVAL] 361/1000 scene=Nfvxx8J5NCo.basis episode=25 target=chair success=1 spl=0.5108 reason=object_found steps=80 runtime=50.3s SR=68.70% (248/361) mean_SPL=0.3229 SR@0.1m(ref)=39.34% SPL@0.1m(ref)=0.1906
[ZSON3 EVAL] 362/1000 scene=Nfvxx8J5NCo.basis episode=26 target=tv_monitor success=1 spl=0.6241 reason=object_found steps=74 runtime=32.3s SR=68.78% (249/362) mean_SPL=0.3238 SR@0.1m(ref)=39.23% SPL@0.1m(ref)=0.1901
[ZSON3 EVAL] 363/1000 scene=Nfvxx8J5NCo.basis episode=27 target=sofa success=1 spl=0.7832 reason=object_found steps=45 runtime=25.0s SR=68.87% (250/363) mean_SPL=0.3250 SR@0.1m(ref)=39.12% SPL@0.1m(ref)=0.1895
[ZSON3 EVAL] 364/1000 scene=QaLdnwvtxbs.basis episode=0 target=bed success=1 spl=0.4797 reason=object_found steps=116 runtime=148.0s SR=68.96% (251/364) mean_SPL=0.3255 SR@0.1m(ref)=39.01% SPL@0.1m(ref)=0.1890
[ZSON3 EVAL] 365/1000 scene=QaLdnwvtxbs.basis episode=1 target=sofa success=1 spl=0.7681 reason=object_found steps=57 runtime=25.3s SR=69.04% (252/365) mean_SPL=0.3267 SR@0.1m(ref)=38.90% SPL@0.1m(ref)=0.1885
[ZSON3 EVAL] 366/1000 scene=QaLdnwvtxbs.basis episode=2 target=sofa success=1 spl=0.6161 reason=object_found steps=80 runtime=37.2s SR=69.13% (253/366) mean_SPL=0.3275 SR@0.1m(ref)=38.80% SPL@0.1m(ref)=0.1880
[ZSON3 EVAL] 367/1000 scene=QaLdnwvtxbs.basis episode=3 target=tv_monitor success=1 spl=0.4640 reason=object_found steps=39 runtime=23.6s SR=69.21% (254/367) mean_SPL=0.3278 SR@0.1m(ref)=38.69% SPL@0.1m(ref)=0.1875
[ZSON3 EVAL] 368/1000 scene=QaLdnwvtxbs.basis episode=4 target=sofa success=1 spl=0.2267 reason=object_found steps=136 runtime=84.4s SR=69.29% (255/368) mean_SPL=0.3276 SR@0.1m(ref)=38.59% SPL@0.1m(ref)=0.1870
[ZSON3 EVAL] 369/1000 scene=QaLdnwvtxbs.basis episode=5 target=bed success=1 spl=0.0859 reason=object_found steps=298 runtime=170.1s SR=69.38% (256/369) mean_SPL=0.3269 SR@0.1m(ref)=38.48% SPL@0.1m(ref)=0.1865
[ZSON3 EVAL] 370/1000 scene=QaLdnwvtxbs.basis episode=6 target=chair success=1 spl=0.3662 reason=object_found steps=159 runtime=83.5s SR=69.46% (257/370) mean_SPL=0.3270 SR@0.1m(ref)=38.38% SPL@0.1m(ref)=0.1860
[ZSON3 EVAL] 371/1000 scene=QaLdnwvtxbs.basis episode=7 target=toilet success=1 spl=0.4448 reason=object_found steps=143 runtime=102.1s SR=69.54% (258/371) mean_SPL=0.3273 SR@0.1m(ref)=38.27% SPL@0.1m(ref)=0.1855
[ZSON3 EVAL] 372/1000 scene=QaLdnwvtxbs.basis episode=8 target=bed success=1 spl=0.4736 reason=object_found steps=136 runtime=78.1s SR=69.62% (259/372) mean_SPL=0.3277 SR@0.1m(ref)=38.17% SPL@0.1m(ref)=0.1850
[ZSON3 EVAL] 373/1000 scene=QaLdnwvtxbs.basis episode=9 target=sofa success=1 spl=0.4990 reason=object_found steps=62 runtime=29.1s SR=69.71% (260/373) mean_SPL=0.3282 SR@0.1m(ref)=38.07% SPL@0.1m(ref)=0.1845
[ZSON3 EVAL] 374/1000 scene=QaLdnwvtxbs.basis episode=10 target=toilet success=1 spl=0.2287 reason=object_found steps=301 runtime=197.4s SR=69.79% (261/374) mean_SPL=0.3279 SR@0.1m(ref)=37.97% SPL@0.1m(ref)=0.1840
[ZSON3 EVAL] 375/1000 scene=QaLdnwvtxbs.basis episode=11 target=tv_monitor success=1 spl=0.2182 reason=object_found steps=102 runtime=60.1s SR=69.87% (262/375) mean_SPL=0.3276 SR@0.1m(ref)=37.87% SPL@0.1m(ref)=0.1835
[ZSON3 EVAL] 376/1000 scene=QaLdnwvtxbs.basis episode=12 target=toilet success=1 spl=0.5292 reason=object_found steps=141 runtime=91.7s SR=69.95% (263/376) mean_SPL=0.3282 SR@0.1m(ref)=37.77% SPL@0.1m(ref)=0.1830
[ZSON3 EVAL] 377/1000 scene=QaLdnwvtxbs.basis episode=13 target=sofa success=1 spl=0.5468 reason=object_found steps=89 runtime=49.5s SR=70.03% (264/377) mean_SPL=0.3287 SR@0.1m(ref)=37.67% SPL@0.1m(ref)=0.1825
[ZSON3 EVAL] 378/1000 scene=QaLdnwvtxbs.basis episode=14 target=bed success=1 spl=0.9059 reason=object_found steps=57 runtime=33.0s SR=70.11% (265/378) mean_SPL=0.3303 SR@0.1m(ref)=37.57% SPL@0.1m(ref)=0.1820
[ZSON3 EVAL] 379/1000 scene=QaLdnwvtxbs.basis episode=15 target=chair success=1 spl=0.2070 reason=object_found steps=121 runtime=66.0s SR=70.18% (266/379) mean_SPL=0.3299 SR@0.1m(ref)=37.47% SPL@0.1m(ref)=0.1815
[ZSON3 EVAL] 380/1000 scene=QaLdnwvtxbs.basis episode=16 target=toilet success=1 spl=0.4928 reason=object_found steps=212 runtime=133.4s SR=70.26% (267/380) mean_SPL=0.3304 SR@0.1m(ref)=37.37% SPL@0.1m(ref)=0.1811
[ZSON3 EVAL] 381/1000 scene=QaLdnwvtxbs.basis episode=17 target=tv_monitor success=1 spl=0.7344 reason=object_found steps=64 runtime=54.3s SR=70.34% (268/381) mean_SPL=0.3314 SR@0.1m(ref)=37.27% SPL@0.1m(ref)=0.1806
[ZSON3 EVAL] 382/1000 scene=QaLdnwvtxbs.basis episode=18 target=sofa success=1 spl=0.7203 reason=object_found steps=73 runtime=37.7s SR=70.42% (269/382) mean_SPL=0.3324 SR@0.1m(ref)=37.17% SPL@0.1m(ref)=0.1801
[ZSON3 EVAL] 383/1000 scene=QaLdnwvtxbs.basis episode=19 target=tv_monitor success=1 spl=0.1647 reason=object_found steps=281 runtime=189.3s SR=70.50% (270/383) mean_SPL=0.3320 SR@0.1m(ref)=37.08% SPL@0.1m(ref)=0.1796
[ZSON3 EVAL] 384/1000 scene=QaLdnwvtxbs.basis episode=20 target=chair success=1 spl=0.7143 reason=object_found steps=51 runtime=34.4s SR=70.57% (271/384) mean_SPL=0.3330 SR@0.1m(ref)=36.98% SPL@0.1m(ref)=0.1792
[ZSON3 EVAL] 385/1000 scene=QaLdnwvtxbs.basis episode=21 target=chair success=1 spl=0.6730 reason=object_found steps=57 runtime=34.7s SR=70.65% (272/385) mean_SPL=0.3339 SR@0.1m(ref)=36.88% SPL@0.1m(ref)=0.1787
[ZSON3 EVAL] 386/1000 scene=QaLdnwvtxbs.basis episode=22 target=toilet success=1 spl=0.3897 reason=object_found steps=158 runtime=101.0s SR=70.73% (273/386) mean_SPL=0.3340 SR@0.1m(ref)=36.79% SPL@0.1m(ref)=0.1782
[ZSON3 EVAL] 387/1000 scene=QaLdnwvtxbs.basis episode=23 target=bed success=1 spl=0.6444 reason=object_found steps=114 runtime=58.1s SR=70.80% (274/387) mean_SPL=0.3348 SR@0.1m(ref)=36.69% SPL@0.1m(ref)=0.1778
[ZSON3 EVAL] 388/1000 scene=QaLdnwvtxbs.basis episode=24 target=chair success=1 spl=0.5432 reason=object_found steps=35 runtime=17.8s SR=70.88% (275/388) mean_SPL=0.3354 SR@0.1m(ref)=36.60% SPL@0.1m(ref)=0.1773
[ZSON3 EVAL] 389/1000 scene=QaLdnwvtxbs.basis episode=25 target=tv_monitor success=1 spl=0.5339 reason=object_found steps=60 runtime=99.3s SR=70.95% (276/389) mean_SPL=0.3359 SR@0.1m(ref)=36.50% SPL@0.1m(ref)=0.1769
[ZSON3 EVAL] 390/1000 scene=QaLdnwvtxbs.basis episode=26 target=toilet success=1 spl=0.8285 reason=object_found steps=95 runtime=66.9s SR=71.03% (277/390) mean_SPL=0.3371 SR@0.1m(ref)=36.41% SPL@0.1m(ref)=0.1764
[ZSON3 EVAL] 391/1000 scene=QaLdnwvtxbs.basis episode=27 target=tv_monitor success=0 spl=0.0000 reason=false_positive steps=70 runtime=45.8s SR=70.84% (277/391) mean_SPL=0.3363 SR@0.1m(ref)=36.32% SPL@0.1m(ref)=0.1760
[ZSON3 EVAL] 392/1000 scene=TEEsavR23oF.basis episode=0 target=toilet success=0 spl=0.0000 reason=max_steps_reached steps=489 runtime=605.5s SR=70.66% (277/392) mean_SPL=0.3354 SR@0.1m(ref)=36.22% SPL@0.1m(ref)=0.1755
[ZSON3 EVAL] 393/1000 scene=TEEsavR23oF.basis episode=1 target=bed success=1 spl=0.2817 reason=object_found steps=255 runtime=179.4s SR=70.74% (278/393) mean_SPL=0.3353 SR@0.1m(ref)=36.13% SPL@0.1m(ref)=0.1751
[ZSON3 EVAL] 394/1000 scene=TEEsavR23oF.basis episode=2 target=sofa success=1 spl=0.4689 reason=object_found steps=159 runtime=95.4s SR=70.81% (279/394) mean_SPL=0.3356 SR@0.1m(ref)=36.04% SPL@0.1m(ref)=0.1746
[ZSON3 EVAL] 395/1000 scene=TEEsavR23oF.basis episode=3 target=bed success=0 spl=0.0000 reason=max_steps_reached steps=498 runtime=535.8s SR=70.63% (279/395) mean_SPL=0.3348 SR@0.1m(ref)=35.95% SPL@0.1m(ref)=0.1742
[ZSON3 EVAL] 396/1000 scene=TEEsavR23oF.basis episode=4 target=bed success=0 spl=0.0000 reason=max_steps_reached steps=493 runtime=300.4s SR=70.45% (279/396) mean_SPL=0.3339 SR@0.1m(ref)=35.86% SPL@0.1m(ref)=0.1737
[ZSON3 EVAL] 397/1000 scene=TEEsavR23oF.basis episode=5 target=chair success=1 spl=0.6665 reason=object_found steps=38 runtime=21.9s SR=70.53% (280/397) mean_SPL=0.3348 SR@0.1m(ref)=35.77% SPL@0.1m(ref)=0.1733
[ZSON3 EVAL] 398/1000 scene=TEEsavR23oF.basis episode=6 target=tv_monitor success=1 spl=0.7413 reason=object_found steps=76 runtime=49.1s SR=70.60% (281/398) mean_SPL=0.3358 SR@0.1m(ref)=35.93% SPL@0.1m(ref)=0.1747
[ZSON3 EVAL] 399/1000 scene=TEEsavR23oF.basis episode=7 target=bed success=1 spl=0.1989 reason=object_found steps=232 runtime=174.8s SR=70.68% (282/399) mean_SPL=0.3354 SR@0.1m(ref)=35.84% SPL@0.1m(ref)=0.1743
[ZSON3 EVAL] 400/1000 scene=TEEsavR23oF.basis episode=8 target=sofa success=1 spl=0.5938 reason=object_found steps=76 runtime=52.9s SR=70.75% (283/400) mean_SPL=0.3361 SR@0.1m(ref)=35.75% SPL@0.1m(ref)=0.1739
[ZSON3 EVAL] 401/1000 scene=TEEsavR23oF.basis episode=9 target=sofa success=1 spl=0.6553 reason=object_found steps=75 runtime=45.5s SR=70.82% (284/401) mean_SPL=0.3369 SR@0.1m(ref)=35.66% SPL@0.1m(ref)=0.1734
[ZSON3 EVAL] 402/1000 scene=TEEsavR23oF.basis episode=10 target=tv_monitor success=0 spl=0.0000 reason=max_steps_reached steps=494 runtime=880.4s SR=70.65% (284/402) mean_SPL=0.3360 SR@0.1m(ref)=35.57% SPL@0.1m(ref)=0.1730
[ZSON3 EVAL] 403/1000 scene=TEEsavR23oF.basis episode=11 target=chair success=0 spl=0.0000 reason=false_positive steps=89 runtime=68.6s SR=70.47% (284/403) mean_SPL=0.3352 SR@0.1m(ref)=35.48% SPL@0.1m(ref)=0.1726
[ZSON3 EVAL] 404/1000 scene=TEEsavR23oF.basis episode=12 target=chair success=1 spl=0.7127 reason=object_found steps=45 runtime=26.3s SR=70.54% (285/404) mean_SPL=0.3361 SR@0.1m(ref)=35.40% SPL@0.1m(ref)=0.1721
[ZSON3 EVAL] 405/1000 scene=TEEsavR23oF.basis episode=13 target=toilet success=0 spl=0.0000 reason=max_steps_reached steps=499 runtime=617.2s SR=70.37% (285/405) mean_SPL=0.3353 SR@0.1m(ref)=35.31% SPL@0.1m(ref)=0.1717
[ZSON3 EVAL] 406/1000 scene=TEEsavR23oF.basis episode=14 target=plant success=0 spl=0.0000 reason=max_steps_reached steps=499 runtime=795.1s SR=70.20% (285/406) mean_SPL=0.3345 SR@0.1m(ref)=35.22% SPL@0.1m(ref)=0.1713
[ZSON3 EVAL] 407/1000 scene=TEEsavR23oF.basis episode=15 target=toilet success=0 spl=0.0000 reason=max_steps_reached steps=496 runtime=1406.6s SR=70.02% (285/407) mean_SPL=0.3337 SR@0.1m(ref)=35.14% SPL@0.1m(ref)=0.1709
[ZSON3 EVAL] 408/1000 scene=TEEsavR23oF.basis episode=16 target=plant success=0 spl=0.0000 reason=max_steps_reached steps=494 runtime=1063.1s SR=69.85% (285/408) mean_SPL=0.3328 SR@0.1m(ref)=35.05% SPL@0.1m(ref)=0.1705
[ZSON3 EVAL] 409/1000 scene=TEEsavR23oF.basis episode=17 target=chair success=1 spl=0.1118 reason=object_found steps=76 runtime=57.1s SR=69.93% (286/409) mean_SPL=0.3323 SR@0.1m(ref)=34.96% SPL@0.1m(ref)=0.1700
[ZSON3 EVAL] 410/1000 scene=TEEsavR23oF.basis episode=18 target=plant success=0 spl=0.0000 reason=max_steps_reached steps=486 runtime=909.2s SR=69.76% (286/410) mean_SPL=0.3315 SR@0.1m(ref)=34.88% SPL@0.1m(ref)=0.1696
[ZSON3 EVAL] 411/1000 scene=TEEsavR23oF.basis episode=19 target=plant success=1 spl=0.7255 reason=object_found steps=73 runtime=41.1s SR=69.83% (287/411) mean_SPL=0.3325 SR@0.1m(ref)=34.79% SPL@0.1m(ref)=0.1692
[ZSON3 EVAL] 412/1000 scene=TEEsavR23oF.basis episode=20 target=plant success=1 spl=0.6143 reason=object_found steps=83 runtime=57.8s SR=69.90% (288/412) mean_SPL=0.3331 SR@0.1m(ref)=34.71% SPL@0.1m(ref)=0.1688
[ZSON3 EVAL] 413/1000 scene=TEEsavR23oF.basis episode=21 target=tv_monitor success=1 spl=0.7771 reason=object_found steps=48 runtime=27.3s SR=69.98% (289/413) mean_SPL=0.3342 SR@0.1m(ref)=34.87% SPL@0.1m(ref)=0.1703
[ZSON3 EVAL] 414/1000 scene=TEEsavR23oF.basis episode=22 target=sofa success=1 spl=0.4650 reason=object_found steps=159 runtime=111.3s SR=70.05% (290/414) mean_SPL=0.3345 SR@0.1m(ref)=34.78% SPL@0.1m(ref)=0.1699
[ZSON3 EVAL] 415/1000 scene=TEEsavR23oF.basis episode=23 target=bed success=0 spl=0.0000 reason=max_steps_reached steps=497 runtime=752.2s SR=69.88% (290/415) mean_SPL=0.3337 SR@0.1m(ref)=34.70% SPL@0.1m(ref)=0.1694
[ZSON3 EVAL] 416/1000 scene=TEEsavR23oF.basis episode=24 target=tv_monitor success=1 spl=0.2075 reason=object_found steps=492 runtime=595.4s SR=69.95% (291/416) mean_SPL=0.3334 SR@0.1m(ref)=34.86% SPL@0.1m(ref)=0.1695
[ZSON3 EVAL] 417/1000 scene=TEEsavR23oF.basis episode=25 target=toilet success=1 spl=0.0844 reason=max_steps_reached steps=500 runtime=376.5s SR=70.02% (292/417) mean_SPL=0.3328 SR@0.1m(ref)=34.77% SPL@0.1m(ref)=0.1691
[ZSON3 EVAL] 418/1000 scene=TEEsavR23oF.basis episode=26 target=chair success=0 spl=0.0000 reason=false_positive steps=29 runtime=27.3s SR=69.86% (292/418) mean_SPL=0.3320 SR@0.1m(ref)=34.69% SPL@0.1m(ref)=0.1687
[ZSON3 EVAL] 419/1000 scene=TEEsavR23oF.basis episode=27 target=toilet success=1 spl=0.2033 reason=object_found steps=239 runtime=124.7s SR=69.93% (293/419) mean_SPL=0.3317 SR@0.1m(ref)=34.61% SPL@0.1m(ref)=0.1683
[ZSON3 EVAL] 420/1000 scene=VBzV5z6i1WS.basis episode=0 target=toilet success=1 spl=0.5050 reason=object_found steps=233 runtime=168.8s SR=70.00% (294/420) mean_SPL=0.3321 SR@0.1m(ref)=34.76% SPL@0.1m(ref)=0.1691
[ZSON3 EVAL] 421/1000 scene=VBzV5z6i1WS.basis episode=1 target=sofa success=0 spl=0.0000 reason=false_positive steps=43 runtime=40.3s SR=69.83% (294/421) mean_SPL=0.3313 SR@0.1m(ref)=34.68% SPL@0.1m(ref)=0.1687
[ZSON3 EVAL] 422/1000 scene=VBzV5z6i1WS.basis episode=2 target=tv_monitor success=1 spl=0.2678 reason=object_found steps=168 runtime=117.6s SR=69.91% (295/422) mean_SPL=0.3312 SR@0.1m(ref)=34.60% SPL@0.1m(ref)=0.1683
[ZSON3 EVAL] 423/1000 scene=VBzV5z6i1WS.basis episode=3 target=tv_monitor success=1 spl=0.2709 reason=object_found steps=119 runtime=114.2s SR=69.98% (296/423) mean_SPL=0.3311 SR@0.1m(ref)=34.75% SPL@0.1m(ref)=0.1686
[ZSON3 EVAL] 424/1000 scene=VBzV5z6i1WS.basis episode=4 target=toilet success=1 spl=0.0610 reason=object_found steps=372 runtime=336.7s SR=70.05% (297/424) mean_SPL=0.3304 SR@0.1m(ref)=34.91% SPL@0.1m(ref)=0.1683
[ZSON3 EVAL] 425/1000 scene=VBzV5z6i1WS.basis episode=5 target=bed success=1 spl=0.6924 reason=object_found steps=103 runtime=63.7s SR=70.12% (298/425) mean_SPL=0.3313 SR@0.1m(ref)=35.06% SPL@0.1m(ref)=0.1695
[ZSON3 EVAL] 426/1000 scene=VBzV5z6i1WS.basis episode=6 target=chair success=1 spl=0.6157 reason=object_found steps=51 runtime=32.1s SR=70.19% (299/426) mean_SPL=0.3319 SR@0.1m(ref)=35.21% SPL@0.1m(ref)=0.1706
[ZSON3 EVAL] 427/1000 scene=VBzV5z6i1WS.basis episode=7 target=bed success=1 spl=0.7956 reason=object_found steps=47 runtime=27.4s SR=70.26% (300/427) mean_SPL=0.3330 SR@0.1m(ref)=35.36% SPL@0.1m(ref)=0.1721
[ZSON3 EVAL] 428/1000 scene=VBzV5z6i1WS.basis episode=8 target=plant success=1 spl=0.4699 reason=object_found steps=148 runtime=114.3s SR=70.33% (301/428) mean_SPL=0.3333 SR@0.1m(ref)=35.51% SPL@0.1m(ref)=0.1728
[ZSON3 EVAL] 429/1000 scene=VBzV5z6i1WS.basis episode=9 target=toilet success=0 spl=0.0000 reason=max_steps_reached steps=497 runtime=498.5s SR=70.16% (301/429) mean_SPL=0.3326 SR@0.1m(ref)=35.43% SPL@0.1m(ref)=0.1724
[ZSON3 EVAL] 430/1000 scene=VBzV5z6i1WS.basis episode=10 target=plant success=1 spl=0.6355 reason=object_found steps=24 runtime=16.1s SR=70.23% (302/430) mean_SPL=0.3333 SR@0.1m(ref)=35.35% SPL@0.1m(ref)=0.1720
[ZSON3 EVAL] 431/1000 scene=VBzV5z6i1WS.basis episode=11 target=plant success=1 spl=0.7917 reason=object_found steps=37 runtime=30.3s SR=70.30% (303/431) mean_SPL=0.3343 SR@0.1m(ref)=35.50% SPL@0.1m(ref)=0.1734
[ZSON3 EVAL] 432/1000 scene=VBzV5z6i1WS.basis episode=12 target=sofa success=0 spl=0.0000 reason=false_positive steps=92 runtime=59.0s SR=70.14% (303/432) mean_SPL=0.3336 SR@0.1m(ref)=35.42% SPL@0.1m(ref)=0.1730
[ZSON3 EVAL] 433/1000 scene=VBzV5z6i1WS.basis episode=13 target=chair success=1 spl=0.4683 reason=object_found steps=30 runtime=22.0s SR=70.21% (304/433) mean_SPL=0.3339 SR@0.1m(ref)=35.57% SPL@0.1m(ref)=0.1737
[ZSON3 EVAL] 434/1000 scene=VBzV5z6i1WS.basis episode=14 target=tv_monitor success=1 spl=0.2290 reason=object_found steps=119 runtime=104.3s SR=70.28% (305/434) mean_SPL=0.3336 SR@0.1m(ref)=35.71% SPL@0.1m(ref)=0.1738
[ZSON3 EVAL] 435/1000 scene=VBzV5z6i1WS.basis episode=15 target=chair success=1 spl=0.3942 reason=object_found steps=74 runtime=25.9s SR=70.34% (306/435) mean_SPL=0.3338 SR@0.1m(ref)=35.86% SPL@0.1m(ref)=0.1743
[ZSON3 EVAL] 436/1000 scene=VBzV5z6i1WS.basis episode=16 target=sofa success=0 spl=0.0000 reason=false_positive steps=38 runtime=31.6s SR=70.18% (306/436) mean_SPL=0.3330 SR@0.1m(ref)=35.78% SPL@0.1m(ref)=0.1739
[ZSON3 EVAL] 437/1000 scene=VBzV5z6i1WS.basis episode=17 target=bed success=1 spl=0.4059 reason=object_found steps=106 runtime=82.9s SR=70.25% (307/437) mean_SPL=0.3332 SR@0.1m(ref)=35.93% SPL@0.1m(ref)=0.1744
[ZSON3 EVAL] 438/1000 scene=VBzV5z6i1WS.basis episode=18 target=bed success=1 spl=0.5174 reason=object_found steps=145 runtime=98.6s SR=70.32% (308/438) mean_SPL=0.3336 SR@0.1m(ref)=36.07% SPL@0.1m(ref)=0.1752
[ZSON3 EVAL] 439/1000 scene=VBzV5z6i1WS.basis episode=19 target=chair success=1 spl=0.3937 reason=object_found steps=60 runtime=37.0s SR=70.39% (309/439) mean_SPL=0.3337 SR@0.1m(ref)=36.22% SPL@0.1m(ref)=0.1757
[ZSON3 EVAL] 440/1000 scene=VBzV5z6i1WS.basis episode=20 target=toilet success=1 spl=0.8068 reason=object_found steps=51 runtime=38.0s SR=70.45% (310/440) mean_SPL=0.3348 SR@0.1m(ref)=36.36% SPL@0.1m(ref)=0.1772
[ZSON3 EVAL] 441/1000 scene=VBzV5z6i1WS.basis episode=21 target=tv_monitor success=1 spl=0.0940 reason=object_found steps=204 runtime=186.7s SR=70.52% (311/441) mean_SPL=0.3343 SR@0.1m(ref)=36.51% SPL@0.1m(ref)=0.1770
[ZSON3 EVAL] 442/1000 scene=VBzV5z6i1WS.basis episode=22 target=plant success=0 spl=0.0000 reason=false_positive steps=253 runtime=165.6s SR=70.36% (311/442) mean_SPL=0.3335 SR@0.1m(ref)=36.43% SPL@0.1m(ref)=0.1766
[ZSON3 EVAL] 443/1000 scene=VBzV5z6i1WS.basis episode=23 target=bed success=1 spl=0.3103 reason=object_found steps=88 runtime=63.4s SR=70.43% (312/443) mean_SPL=0.3334 SR@0.1m(ref)=36.57% SPL@0.1m(ref)=0.1769
[ZSON3 EVAL] 444/1000 scene=VBzV5z6i1WS.basis episode=24 target=sofa success=1 spl=0.7044 reason=object_found steps=53 runtime=35.8s SR=70.50% (313/444) mean_SPL=0.3343 SR@0.1m(ref)=36.49% SPL@0.1m(ref)=0.1765
[ZSON3 EVAL] 445/1000 scene=VBzV5z6i1WS.basis episode=25 target=chair success=1 spl=0.6697 reason=object_found steps=34 runtime=24.1s SR=70.56% (314/445) mean_SPL=0.3350 SR@0.1m(ref)=36.40% SPL@0.1m(ref)=0.1761
[ZSON3 EVAL] 446/1000 scene=VBzV5z6i1WS.basis episode=26 target=sofa success=0 spl=0.0000 reason=false_positive steps=156 runtime=109.5s SR=70.40% (314/446) mean_SPL=0.3343 SR@0.1m(ref)=36.32% SPL@0.1m(ref)=0.1757
[ZSON3 EVAL] 447/1000 scene=VBzV5z6i1WS.basis episode=27 target=tv_monitor success=1 spl=0.2798 reason=object_found steps=74 runtime=45.6s SR=70.47% (315/447) mean_SPL=0.3342 SR@0.1m(ref)=36.47% SPL@0.1m(ref)=0.1759
[ZSON3 EVAL] 448/1000 scene=XB4GS9ShBRE.basis episode=0 target=plant success=1 spl=0.7514 reason=object_found steps=52 runtime=41.5s SR=70.54% (316/448) mean_SPL=0.3351 SR@0.1m(ref)=36.61% SPL@0.1m(ref)=0.1772
[ZSON3 EVAL] 449/1000 scene=XB4GS9ShBRE.basis episode=1 target=bed success=1 spl=0.5284 reason=object_found steps=94 runtime=55.8s SR=70.60% (317/449) mean_SPL=0.3355 SR@0.1m(ref)=36.75% SPL@0.1m(ref)=0.1780
[ZSON3 EVAL] 450/1000 scene=XB4GS9ShBRE.basis episode=2 target=sofa success=0 spl=0.0000 reason=false_positive steps=90 runtime=40.6s SR=70.44% (317/450) mean_SPL=0.3348 SR@0.1m(ref)=36.67% SPL@0.1m(ref)=0.1776
[ZSON3 EVAL] 451/1000 scene=XB4GS9ShBRE.basis episode=3 target=tv_monitor success=0 spl=0.0000 reason=max_steps_reached steps=494 runtime=278.5s SR=70.29% (317/451) mean_SPL=0.3340 SR@0.1m(ref)=36.59% SPL@0.1m(ref)=0.1772
[ZSON3 EVAL] 452/1000 scene=XB4GS9ShBRE.basis episode=4 target=toilet success=0 spl=0.0000 reason=false_positive steps=303 runtime=157.7s SR=70.13% (317/452) mean_SPL=0.3333 SR@0.1m(ref)=36.50% SPL@0.1m(ref)=0.1768
[ZSON3 EVAL] 453/1000 scene=XB4GS9ShBRE.basis episode=5 target=tv_monitor success=1 spl=0.1703 reason=object_found steps=277 runtime=178.5s SR=70.20% (318/453) mean_SPL=0.3329 SR@0.1m(ref)=36.64% SPL@0.1m(ref)=0.1768
[ZSON3 EVAL] 454/1000 scene=XB4GS9ShBRE.basis episode=6 target=sofa success=1 spl=0.7614 reason=object_found steps=65 runtime=33.8s SR=70.26% (319/454) mean_SPL=0.3339 SR@0.1m(ref)=36.78% SPL@0.1m(ref)=0.1781
[ZSON3 EVAL] 455/1000 scene=XB4GS9ShBRE.basis episode=7 target=toilet success=0 spl=0.0000 reason=max_steps_reached steps=490 runtime=305.1s SR=70.11% (319/455) mean_SPL=0.3331 SR@0.1m(ref)=36.70% SPL@0.1m(ref)=0.1777
[ZSON3 EVAL] 456/1000 scene=XB4GS9ShBRE.basis episode=8 target=bed success=1 spl=0.6713 reason=object_found steps=44 runtime=22.7s SR=70.18% (320/456) mean_SPL=0.3339 SR@0.1m(ref)=36.84% SPL@0.1m(ref)=0.1788
[ZSON3 EVAL] 457/1000 scene=XB4GS9ShBRE.basis episode=9 target=toilet success=0 spl=0.0000 reason=max_steps_reached steps=500 runtime=316.6s SR=70.02% (320/457) mean_SPL=0.3332 SR@0.1m(ref)=36.76% SPL@0.1m(ref)=0.1784
[ZSON3 EVAL] 458/1000 scene=XB4GS9ShBRE.basis episode=10 target=bed success=1 spl=1.0000 reason=object_found steps=25 runtime=12.7s SR=70.09% (321/458) mean_SPL=0.3346 SR@0.1m(ref)=36.68% SPL@0.1m(ref)=0.1780
[ZSON3 EVAL] 459/1000 scene=XB4GS9ShBRE.basis episode=11 target=tv_monitor success=0 spl=0.0000 reason=max_steps_reached steps=485 runtime=270.6s SR=69.93% (321/459) mean_SPL=0.3339 SR@0.1m(ref)=36.60% SPL@0.1m(ref)=0.1776
[ZSON3 EVAL] 460/1000 scene=XB4GS9ShBRE.basis episode=12 target=toilet success=0 spl=0.0000 reason=max_steps_reached steps=488 runtime=261.6s SR=69.78% (321/460) mean_SPL=0.3332 SR@0.1m(ref)=36.52% SPL@0.1m(ref)=0.1772
[ZSON3 EVAL] 461/1000 scene=XB4GS9ShBRE.basis episode=13 target=sofa success=1 spl=0.3076 reason=object_found steps=104 runtime=54.1s SR=69.85% (322/461) mean_SPL=0.3331 SR@0.1m(ref)=36.66% SPL@0.1m(ref)=0.1775
[ZSON3 EVAL] 462/1000 scene=XB4GS9ShBRE.basis episode=14 target=tv_monitor success=1 spl=0.3972 reason=object_found steps=78 runtime=46.3s SR=69.91% (323/462) mean_SPL=0.3332 SR@0.1m(ref)=36.80% SPL@0.1m(ref)=0.1780
[ZSON3 EVAL] 463/1000 scene=XB4GS9ShBRE.basis episode=15 target=bed success=1 spl=0.3962 reason=object_found steps=62 runtime=36.6s SR=69.98% (324/463) mean_SPL=0.3334 SR@0.1m(ref)=36.93% SPL@0.1m(ref)=0.1784
[ZSON3 EVAL] 464/1000 scene=XB4GS9ShBRE.basis episode=16 target=sofa success=0 spl=0.0000 reason=false_positive steps=67 runtime=29.8s SR=69.83% (324/464) mean_SPL=0.3327 SR@0.1m(ref)=36.85% SPL@0.1m(ref)=0.1780
[ZSON3 EVAL] 465/1000 scene=XB4GS9ShBRE.basis episode=17 target=chair success=1 spl=0.2683 reason=object_found steps=132 runtime=156.9s SR=69.89% (325/465) mean_SPL=0.3325 SR@0.1m(ref)=36.99% SPL@0.1m(ref)=0.1782
[ZSON3 EVAL] 466/1000 scene=XB4GS9ShBRE.basis episode=18 target=plant success=1 spl=0.2288 reason=object_found steps=128 runtime=75.0s SR=69.96% (326/466) mean_SPL=0.3323 SR@0.1m(ref)=37.12% SPL@0.1m(ref)=0.1784
[ZSON3 EVAL] 467/1000 scene=XB4GS9ShBRE.basis episode=19 target=chair success=1 spl=0.6725 reason=object_found steps=104 runtime=54.9s SR=70.02% (327/467) mean_SPL=0.3330 SR@0.1m(ref)=37.26% SPL@0.1m(ref)=0.1794
[ZSON3 EVAL] 468/1000 scene=XB4GS9ShBRE.basis episode=20 target=tv_monitor success=1 spl=0.7554 reason=object_found steps=77 runtime=56.5s SR=70.09% (328/468) mean_SPL=0.3339 SR@0.1m(ref)=37.18% SPL@0.1m(ref)=0.1790
[ZSON3 EVAL] 469/1000 scene=XB4GS9ShBRE.basis episode=21 target=plant success=1 spl=0.1921 reason=object_found steps=235 runtime=129.9s SR=70.15% (329/469) mean_SPL=0.3336 SR@0.1m(ref)=37.31% SPL@0.1m(ref)=0.1791
[ZSON3 EVAL] 470/1000 scene=XB4GS9ShBRE.basis episode=22 target=bed success=1 spl=0.4191 reason=object_found steps=32 runtime=30.9s SR=70.21% (330/470) mean_SPL=0.3338 SR@0.1m(ref)=37.45% SPL@0.1m(ref)=0.1796
[ZSON3 EVAL] 471/1000 scene=XB4GS9ShBRE.basis episode=23 target=sofa success=1 spl=0.7034 reason=object_found steps=112 runtime=57.2s SR=70.28% (331/471) mean_SPL=0.3346 SR@0.1m(ref)=37.58% SPL@0.1m(ref)=0.1807
[ZSON3 EVAL] 472/1000 scene=XB4GS9ShBRE.basis episode=24 target=plant success=1 spl=0.0900 reason=object_found steps=299 runtime=150.7s SR=70.34% (332/472) mean_SPL=0.3341 SR@0.1m(ref)=37.50% SPL@0.1m(ref)=0.1803
[ZSON3 EVAL] 473/1000 scene=XB4GS9ShBRE.basis episode=25 target=chair success=1 spl=0.6156 reason=object_found steps=52 runtime=36.2s SR=70.40% (333/473) mean_SPL=0.3347 SR@0.1m(ref)=37.42% SPL@0.1m(ref)=0.1799
[ZSON3 EVAL] 474/1000 scene=XB4GS9ShBRE.basis episode=26 target=chair success=1 spl=0.4213 reason=object_found steps=46 runtime=34.7s SR=70.46% (334/474) mean_SPL=0.3349 SR@0.1m(ref)=37.55% SPL@0.1m(ref)=0.1804
[ZSON3 EVAL] 475/1000 scene=XB4GS9ShBRE.basis episode=27 target=toilet success=0 spl=0.0000 reason=max_steps_reached steps=487 runtime=255.8s SR=70.32% (334/475) mean_SPL=0.3341 SR@0.1m(ref)=37.47% SPL@0.1m(ref)=0.1800
[ZSON3 EVAL] 476/1000 scene=a8BtkwhxdRV.basis episode=0 target=sofa success=1 spl=0.2728 reason=object_found steps=113 runtime=81.9s SR=70.38% (335/476) mean_SPL=0.3340 SR@0.1m(ref)=37.61% SPL@0.1m(ref)=0.1802
[ZSON3 EVAL] 477/1000 scene=a8BtkwhxdRV.basis episode=1 target=chair success=1 spl=0.0550 reason=object_found steps=385 runtime=260.7s SR=70.44% (336/477) mean_SPL=0.3334 SR@0.1m(ref)=37.53% SPL@0.1m(ref)=0.1799
[ZSON3 EVAL] 478/1000 scene=a8BtkwhxdRV.basis episode=2 target=sofa success=1 spl=0.1927 reason=object_found steps=120 runtime=73.1s SR=70.50% (337/478) mean_SPL=0.3331 SR@0.1m(ref)=37.66% SPL@0.1m(ref)=0.1799
[ZSON3 EVAL] 479/1000 scene=a8BtkwhxdRV.basis episode=3 target=toilet success=1 spl=0.5297 reason=object_found steps=55 runtime=29.3s SR=70.56% (338/479) mean_SPL=0.3336 SR@0.1m(ref)=37.58% SPL@0.1m(ref)=0.1795
[ZSON3 EVAL] 480/1000 scene=a8BtkwhxdRV.basis episode=4 target=plant success=1 spl=0.2822 reason=object_found steps=106 runtime=87.7s SR=70.62% (339/480) mean_SPL=0.3334 SR@0.1m(ref)=37.71% SPL@0.1m(ref)=0.1797
[ZSON3 EVAL] 481/1000 scene=a8BtkwhxdRV.basis episode=5 target=tv_monitor success=1 spl=0.6853 reason=object_found steps=79 runtime=41.1s SR=70.69% (340/481) mean_SPL=0.3342 SR@0.1m(ref)=37.63% SPL@0.1m(ref)=0.1794
[ZSON3 EVAL] 482/1000 scene=a8BtkwhxdRV.basis episode=6 target=tv_monitor success=1 spl=0.1236 reason=object_found steps=112 runtime=68.2s SR=70.75% (341/482) mean_SPL=0.3337 SR@0.1m(ref)=37.55% SPL@0.1m(ref)=0.1790
[ZSON3 EVAL] 483/1000 scene=a8BtkwhxdRV.basis episode=7 target=tv_monitor success=1 spl=0.8043 reason=object_found steps=33 runtime=20.1s SR=70.81% (342/483) mean_SPL=0.3347 SR@0.1m(ref)=37.47% SPL@0.1m(ref)=0.1786
[ZSON3 EVAL] 484/1000 scene=a8BtkwhxdRV.basis episode=8 target=tv_monitor success=0 spl=0.0000 reason=max_steps_reached steps=496 runtime=331.9s SR=70.66% (342/484) mean_SPL=0.3340 SR@0.1m(ref)=37.40% SPL@0.1m(ref)=0.1782
[ZSON3 EVAL] 485/1000 scene=a8BtkwhxdRV.basis episode=9 target=chair success=1 spl=0.4593 reason=object_found steps=46 runtime=34.2s SR=70.72% (343/485) mean_SPL=0.3343 SR@0.1m(ref)=37.32% SPL@0.1m(ref)=0.1779
[ZSON3 EVAL] 486/1000 scene=a8BtkwhxdRV.basis episode=10 target=sofa success=1 spl=0.6851 reason=object_found steps=34 runtime=14.5s SR=70.78% (344/486) mean_SPL=0.3350 SR@0.1m(ref)=37.45% SPL@0.1m(ref)=0.1789
[ZSON3 EVAL] 487/1000 scene=a8BtkwhxdRV.basis episode=11 target=plant success=1 spl=0.8453 reason=object_found steps=19 runtime=24.2s SR=70.84% (345/487) mean_SPL=0.3360 SR@0.1m(ref)=37.58% SPL@0.1m(ref)=0.1803
[ZSON3 EVAL] 488/1000 scene=a8BtkwhxdRV.basis episode=12 target=bed success=1 spl=0.5224 reason=object_found steps=144 runtime=128.4s SR=70.90% (346/488) mean_SPL=0.3364 SR@0.1m(ref)=37.70% SPL@0.1m(ref)=0.1810
[ZSON3 EVAL] 489/1000 scene=a8BtkwhxdRV.basis episode=13 target=chair success=1 spl=0.4194 reason=object_found steps=26 runtime=17.9s SR=70.96% (347/489) mean_SPL=0.3366 SR@0.1m(ref)=37.83% SPL@0.1m(ref)=0.1815
[ZSON3 EVAL] 490/1000 scene=a8BtkwhxdRV.basis episode=14 target=toilet success=0 spl=0.0000 reason=max_steps_reached steps=479 runtime=258.1s SR=70.82% (347/490) mean_SPL=0.3359 SR@0.1m(ref)=37.76% SPL@0.1m(ref)=0.1811
[ZSON3 EVAL] 491/1000 scene=a8BtkwhxdRV.basis episode=15 target=bed success=1 spl=0.7542 reason=object_found steps=30 runtime=11.4s SR=70.88% (348/491) mean_SPL=0.3368 SR@0.1m(ref)=37.68% SPL@0.1m(ref)=0.1807
[ZSON3 EVAL] 492/1000 scene=a8BtkwhxdRV.basis episode=16 target=bed success=1 spl=0.3548 reason=object_found steps=178 runtime=156.8s SR=70.93% (349/492) mean_SPL=0.3368 SR@0.1m(ref)=37.80% SPL@0.1m(ref)=0.1811
[ZSON3 EVAL] 493/1000 scene=a8BtkwhxdRV.basis episode=17 target=toilet success=0 spl=0.0000 reason=robot_stuck steps=259 runtime=80.6s SR=70.79% (349/493) mean_SPL=0.3361 SR@0.1m(ref)=37.73% SPL@0.1m(ref)=0.1807
[ZSON3 EVAL] 494/1000 scene=a8BtkwhxdRV.basis episode=18 target=bed success=1 spl=0.2523 reason=object_found steps=304 runtime=247.6s SR=70.85% (350/494) mean_SPL=0.3359 SR@0.1m(ref)=37.85% SPL@0.1m(ref)=0.1809
[ZSON3 EVAL] 495/1000 scene=a8BtkwhxdRV.basis episode=19 target=chair success=1 spl=0.0902 reason=object_found steps=155 runtime=91.1s SR=70.91% (351/495) mean_SPL=0.3355 SR@0.1m(ref)=37.78% SPL@0.1m(ref)=0.1805
[ZSON3 EVAL] 496/1000 scene=a8BtkwhxdRV.basis episode=20 target=sofa success=1 spl=0.2660 reason=object_found steps=129 runtime=90.3s SR=70.97% (352/496) mean_SPL=0.3353 SR@0.1m(ref)=37.90% SPL@0.1m(ref)=0.1807
[ZSON3 EVAL] 497/1000 scene=a8BtkwhxdRV.basis episode=21 target=tv_monitor success=0 spl=0.0000 reason=max_steps_reached steps=490 runtime=315.8s SR=70.82% (352/497) mean_SPL=0.3346 SR@0.1m(ref)=37.83% SPL@0.1m(ref)=0.1803
[ZSON3 EVAL] 498/1000 scene=a8BtkwhxdRV.basis episode=22 target=plant success=1 spl=0.5742 reason=object_found steps=93 runtime=71.3s SR=70.88% (353/498) mean_SPL=0.3351 SR@0.1m(ref)=37.95% SPL@0.1m(ref)=0.1811
[ZSON3 EVAL] 499/1000 scene=a8BtkwhxdRV.basis episode=23 target=bed success=1 spl=0.6994 reason=object_found steps=47 runtime=30.3s SR=70.94% (354/499) mean_SPL=0.3358 SR@0.1m(ref)=38.08% SPL@0.1m(ref)=0.1821
[ZSON3 EVAL] 500/1000 scene=a8BtkwhxdRV.basis episode=24 target=toilet success=0 spl=0.0000 reason=max_steps_reached steps=493 runtime=325.4s SR=70.80% (354/500) mean_SPL=0.3352 SR@0.1m(ref)=38.00% SPL@0.1m(ref)=0.1818
[ZSON3 EVAL] 501/1000 scene=a8BtkwhxdRV.basis episode=25 target=toilet success=1 spl=0.8538 reason=object_found steps=48 runtime=24.9s SR=70.86% (355/501) mean_SPL=0.3362 SR@0.1m(ref)=37.92% SPL@0.1m(ref)=0.1814
[ZSON3 EVAL] 502/1000 scene=a8BtkwhxdRV.basis episode=26 target=plant success=1 spl=0.4687 reason=object_found steps=124 runtime=78.9s SR=70.92% (356/502) mean_SPL=0.3365 SR@0.1m(ref)=38.05% SPL@0.1m(ref)=0.1820
[ZSON3 EVAL] 503/1000 scene=a8BtkwhxdRV.basis episode=27 target=plant success=1 spl=0.7020 reason=object_found steps=104 runtime=67.6s SR=70.97% (357/503) mean_SPL=0.3372 SR@0.1m(ref)=38.17% SPL@0.1m(ref)=0.1830
[ZSON3 EVAL] 504/1000 scene=bCPU9suPUw9.basis episode=0 target=chair success=1 spl=0.5249 reason=object_found steps=52 runtime=38.1s SR=71.03% (358/504) mean_SPL=0.3376 SR@0.1m(ref)=38.29% SPL@0.1m(ref)=0.1837
[ZSON3 EVAL] 505/1000 scene=bCPU9suPUw9.basis episode=1 target=bed success=0 spl=0.0000 reason=false_positive steps=92 runtime=61.3s SR=70.89% (358/505) mean_SPL=0.3369 SR@0.1m(ref)=38.22% SPL@0.1m(ref)=0.1833
[ZSON3 EVAL] 506/1000 scene=bCPU9suPUw9.basis episode=2 target=toilet success=0 spl=0.0000 reason=max_steps_reached steps=485 runtime=260.8s SR=70.75% (358/506) mean_SPL=0.3362 SR@0.1m(ref)=38.14% SPL@0.1m(ref)=0.1830
[ZSON3 EVAL] 507/1000 scene=bCPU9suPUw9.basis episode=3 target=bed success=1 spl=0.5567 reason=object_found steps=36 runtime=19.8s SR=70.81% (359/507) mean_SPL=0.3367 SR@0.1m(ref)=38.26% SPL@0.1m(ref)=0.1837
[ZSON3 EVAL] 508/1000 scene=bCPU9suPUw9.basis episode=4 target=bed success=1 spl=0.2765 reason=object_found steps=324 runtime=164.2s SR=70.87% (360/508) mean_SPL=0.3366 SR@0.1m(ref)=38.19% SPL@0.1m(ref)=0.1833
[ZSON3 EVAL] 509/1000 scene=bCPU9suPUw9.basis episode=5 target=chair success=1 spl=0.5326 reason=object_found steps=38 runtime=37.8s SR=70.92% (361/509) mean_SPL=0.3369 SR@0.1m(ref)=38.31% SPL@0.1m(ref)=0.1840
[ZSON3 EVAL] 510/1000 scene=bCPU9suPUw9.basis episode=6 target=sofa success=1 spl=0.7798 reason=object_found steps=68 runtime=40.9s SR=70.98% (362/510) mean_SPL=0.3378 SR@0.1m(ref)=38.24% SPL@0.1m(ref)=0.1837
[ZSON3 EVAL] 511/1000 scene=bCPU9suPUw9.basis episode=7 target=chair success=1 spl=0.6949 reason=object_found steps=201 runtime=65.9s SR=71.04% (363/511) mean_SPL=0.3385 SR@0.1m(ref)=38.16% SPL@0.1m(ref)=0.1833
[ZSON3 EVAL] 512/1000 scene=bCPU9suPUw9.basis episode=8 target=chair success=0 spl=0.0000 reason=false_positive steps=28 runtime=13.0s SR=70.90% (363/512) mean_SPL=0.3378 SR@0.1m(ref)=38.09% SPL@0.1m(ref)=0.1830
[ZSON3 EVAL] 513/1000 scene=bCPU9suPUw9.basis episode=9 target=bed success=1 spl=0.7028 reason=object_found steps=66 runtime=32.5s SR=70.96% (364/513) mean_SPL=0.3386 SR@0.1m(ref)=38.01% SPL@0.1m(ref)=0.1826
[ZSON3 EVAL] 514/1000 scene=bCPU9suPUw9.basis episode=10 target=toilet success=1 spl=0.4721 reason=object_found steps=212 runtime=112.2s SR=71.01% (365/514) mean_SPL=0.3388 SR@0.1m(ref)=37.94% SPL@0.1m(ref)=0.1822
[ZSON3 EVAL] 515/1000 scene=bCPU9suPUw9.basis episode=11 target=plant success=1 spl=0.3846 reason=object_found steps=150 runtime=118.1s SR=71.07% (366/515) mean_SPL=0.3389 SR@0.1m(ref)=38.06% SPL@0.1m(ref)=0.1826
[ZSON3 EVAL] 516/1000 scene=bCPU9suPUw9.basis episode=12 target=bed success=1 spl=0.8343 reason=object_found steps=42 runtime=28.4s SR=71.12% (367/516) mean_SPL=0.3399 SR@0.1m(ref)=37.98% SPL@0.1m(ref)=0.1823
[ZSON3 EVAL] 517/1000 scene=bCPU9suPUw9.basis episode=13 target=plant success=1 spl=0.8133 reason=object_found steps=80 runtime=62.0s SR=71.18% (368/517) mean_SPL=0.3408 SR@0.1m(ref)=38.10% SPL@0.1m(ref)=0.1835
[ZSON3 EVAL] 518/1000 scene=bCPU9suPUw9.basis episode=14 target=toilet success=1 spl=0.5997 reason=object_found steps=110 runtime=56.5s SR=71.24% (369/518) mean_SPL=0.3413 SR@0.1m(ref)=38.22% SPL@0.1m(ref)=0.1843
[ZSON3 EVAL] 519/1000 scene=bCPU9suPUw9.basis episode=15 target=sofa success=1 spl=0.3867 reason=object_found steps=93 runtime=61.4s SR=71.29% (370/519) mean_SPL=0.3414 SR@0.1m(ref)=38.34% SPL@0.1m(ref)=0.1847
[ZSON3 EVAL] 520/1000 scene=bCPU9suPUw9.basis episode=16 target=sofa success=1 spl=0.6143 reason=object_found steps=64 runtime=46.6s SR=71.35% (371/520) mean_SPL=0.3419 SR@0.1m(ref)=38.46% SPL@0.1m(ref)=0.1855
[ZSON3 EVAL] 521/1000 scene=bCPU9suPUw9.basis episode=17 target=plant success=1 spl=0.6588 reason=object_found steps=86 runtime=59.8s SR=71.40% (372/521) mean_SPL=0.3425 SR@0.1m(ref)=38.58% SPL@0.1m(ref)=0.1864
[ZSON3 EVAL] 522/1000 scene=bCPU9suPUw9.basis episode=18 target=sofa success=0 spl=0.0000 reason=max_steps_reached steps=490 runtime=252.5s SR=71.26% (372/522) mean_SPL=0.3418 SR@0.1m(ref)=38.51% SPL@0.1m(ref)=0.1861
[ZSON3 EVAL] 523/1000 scene=bCPU9suPUw9.basis episode=19 target=plant success=1 spl=0.5893 reason=object_found steps=84 runtime=61.2s SR=71.32% (373/523) mean_SPL=0.3423 SR@0.1m(ref)=38.43% SPL@0.1m(ref)=0.1857
[ZSON3 EVAL] 524/1000 scene=bCPU9suPUw9.basis episode=20 target=sofa success=1 spl=0.7473 reason=object_found steps=39 runtime=29.7s SR=71.37% (374/524) mean_SPL=0.3431 SR@0.1m(ref)=38.55% SPL@0.1m(ref)=0.1868
[ZSON3 EVAL] 525/1000 scene=bCPU9suPUw9.basis episode=21 target=sofa success=0 spl=0.0000 reason=max_steps_reached steps=492 runtime=224.3s SR=71.24% (374/525) mean_SPL=0.3424 SR@0.1m(ref)=38.48% SPL@0.1m(ref)=0.1864
[ZSON3 EVAL] 526/1000 scene=bCPU9suPUw9.basis episode=22 target=toilet success=0 spl=0.0000 reason=no_frontiers steps=411 runtime=199.3s SR=71.10% (374/526) mean_SPL=0.3418 SR@0.1m(ref)=38.40% SPL@0.1m(ref)=0.1861
[ZSON3 EVAL] 527/1000 scene=bCPU9suPUw9.basis episode=23 target=chair success=1 spl=0.5229 reason=object_found steps=41 runtime=20.0s SR=71.16% (375/527) mean_SPL=0.3421 SR@0.1m(ref)=38.52% SPL@0.1m(ref)=0.1867
[ZSON3 EVAL] 528/1000 scene=bCPU9suPUw9.basis episode=24 target=plant success=1 spl=0.3677 reason=object_found steps=155 runtime=85.6s SR=71.21% (376/528) mean_SPL=0.3422 SR@0.1m(ref)=38.64% SPL@0.1m(ref)=0.1871
[ZSON3 EVAL] 529/1000 scene=bCPU9suPUw9.basis episode=25 target=chair success=1 spl=0.3330 reason=object_found steps=48 runtime=60.6s SR=71.27% (377/529) mean_SPL=0.3422 SR@0.1m(ref)=38.75% SPL@0.1m(ref)=0.1873
[ZSON3 EVAL] 530/1000 scene=bCPU9suPUw9.basis episode=26 target=toilet success=1 spl=0.4473 reason=object_found steps=262 runtime=114.3s SR=71.32% (378/530) mean_SPL=0.3424 SR@0.1m(ref)=38.68% SPL@0.1m(ref)=0.1870
[ZSON3 EVAL] 531/1000 scene=bCPU9suPUw9.basis episode=27 target=bed success=1 spl=0.3380 reason=object_found steps=97 runtime=47.1s SR=71.37% (379/531) mean_SPL=0.3424 SR@0.1m(ref)=38.79% SPL@0.1m(ref)=0.1873
[ZSON3 EVAL] 532/1000 scene=bxsVRursffK.basis episode=0 target=bed success=1 spl=0.6689 reason=object_found steps=134 runtime=51.7s SR=71.43% (380/532) mean_SPL=0.3430 SR@0.1m(ref)=38.91% SPL@0.1m(ref)=0.1882
[ZSON3 EVAL] 533/1000 scene=bxsVRursffK.basis episode=1 target=sofa success=1 spl=0.8222 reason=object_found steps=36 runtime=36.0s SR=71.48% (381/533) mean_SPL=0.3439 SR@0.1m(ref)=39.02% SPL@0.1m(ref)=0.1894
[ZSON3 EVAL] 534/1000 scene=bxsVRursffK.basis episode=2 target=bed success=1 spl=0.6278 reason=object_found steps=92 runtime=54.5s SR=71.54% (382/534) mean_SPL=0.3444 SR@0.1m(ref)=38.95% SPL@0.1m(ref)=0.1890
[ZSON3 EVAL] 535/1000 scene=bxsVRursffK.basis episode=3 target=toilet success=1 spl=0.2373 reason=object_found steps=234 runtime=161.9s SR=71.59% (383/535) mean_SPL=0.3442 SR@0.1m(ref)=39.07% SPL@0.1m(ref)=0.1891
[ZSON3 EVAL] 536/1000 scene=bxsVRursffK.basis episode=4 target=plant success=0 spl=0.0000 reason=max_steps_reached steps=488 runtime=273.7s SR=71.46% (383/536) mean_SPL=0.3436 SR@0.1m(ref)=38.99% SPL@0.1m(ref)=0.1887
[ZSON3 EVAL] 537/1000 scene=bxsVRursffK.basis episode=5 target=chair success=1 spl=0.3732 reason=object_found steps=112 runtime=64.5s SR=71.51% (384/537) mean_SPL=0.3436 SR@0.1m(ref)=39.11% SPL@0.1m(ref)=0.1891
[ZSON3 EVAL] 538/1000 scene=bxsVRursffK.basis episode=6 target=plant success=1 spl=0.5820 reason=object_found steps=90 runtime=54.1s SR=71.56% (385/538) mean_SPL=0.3441 SR@0.1m(ref)=39.22% SPL@0.1m(ref)=0.1898
[ZSON3 EVAL] 539/1000 scene=bxsVRursffK.basis episode=7 target=chair success=0 spl=0.0000 reason=false_positive steps=438 runtime=298.3s SR=71.43% (385/539) mean_SPL=0.3434 SR@0.1m(ref)=39.15% SPL@0.1m(ref)=0.1895
[ZSON3 EVAL] 540/1000 scene=bxsVRursffK.basis episode=8 target=chair success=0 spl=0.0000 reason=false_positive steps=289 runtime=168.3s SR=71.30% (385/540) mean_SPL=0.3428 SR@0.1m(ref)=39.07% SPL@0.1m(ref)=0.1891
[ZSON3 EVAL] 541/1000 scene=bxsVRursffK.basis episode=9 target=toilet success=1 spl=0.1782 reason=object_found steps=227 runtime=117.7s SR=71.35% (386/541) mean_SPL=0.3425 SR@0.1m(ref)=39.19% SPL@0.1m(ref)=0.1891
[ZSON3 EVAL] 542/1000 scene=bxsVRursffK.basis episode=10 target=toilet success=0 spl=0.0000 reason=max_steps_reached steps=495 runtime=255.8s SR=71.22% (386/542) mean_SPL=0.3418 SR@0.1m(ref)=39.11% SPL@0.1m(ref)=0.1887
[ZSON3 EVAL] 543/1000 scene=bxsVRursffK.basis episode=11 target=plant success=1 spl=0.4943 reason=object_found steps=181 runtime=103.1s SR=71.27% (387/543) mean_SPL=0.3421 SR@0.1m(ref)=39.23% SPL@0.1m(ref)=0.1893
[ZSON3 EVAL] 544/1000 scene=bxsVRursffK.basis episode=12 target=sofa success=1 spl=0.7725 reason=object_found steps=37 runtime=28.8s SR=71.32% (388/544) mean_SPL=0.3429 SR@0.1m(ref)=39.34% SPL@0.1m(ref)=0.1904
[ZSON3 EVAL] 545/1000 scene=bxsVRursffK.basis episode=13 target=bed success=1 spl=0.6794 reason=object_found steps=39 runtime=18.4s SR=71.38% (389/545) mean_SPL=0.3435 SR@0.1m(ref)=39.45% SPL@0.1m(ref)=0.1913
[ZSON3 EVAL] 546/1000 scene=bxsVRursffK.basis episode=14 target=toilet success=1 spl=0.1800 reason=object_found steps=88 runtime=51.4s SR=71.43% (390/546) mean_SPL=0.3432 SR@0.1m(ref)=39.56% SPL@0.1m(ref)=0.1913
[ZSON3 EVAL] 547/1000 scene=bxsVRursffK.basis episode=15 target=sofa success=1 spl=0.7513 reason=object_found steps=27 runtime=32.3s SR=71.48% (391/547) mean_SPL=0.3440 SR@0.1m(ref)=39.67% SPL@0.1m(ref)=0.1923
[ZSON3 EVAL] 548/1000 scene=bxsVRursffK.basis episode=16 target=bed success=1 spl=0.6921 reason=object_found steps=53 runtime=24.6s SR=71.53% (392/548) mean_SPL=0.3446 SR@0.1m(ref)=39.78% SPL@0.1m(ref)=0.1932
[ZSON3 EVAL] 549/1000 scene=bxsVRursffK.basis episode=17 target=chair success=1 spl=0.4601 reason=object_found steps=45 runtime=28.3s SR=71.58% (393/549) mean_SPL=0.3448 SR@0.1m(ref)=39.89% SPL@0.1m(ref)=0.1937
[ZSON3 EVAL] 550/1000 scene=bxsVRursffK.basis episode=18 target=plant success=1 spl=0.2465 reason=object_found steps=176 runtime=92.9s SR=71.64% (394/550) mean_SPL=0.3446 SR@0.1m(ref)=40.00% SPL@0.1m(ref)=0.1938
[ZSON3 EVAL] 551/1000 scene=bxsVRursffK.basis episode=19 target=sofa success=0 spl=0.0000 reason=false_positive steps=24 runtime=22.1s SR=71.51% (394/551) mean_SPL=0.3440 SR@0.1m(ref)=39.93% SPL@0.1m(ref)=0.1934
[ZSON3 EVAL] 552/1000 scene=bxsVRursffK.basis episode=20 target=chair success=0 spl=0.0000 reason=false_positive steps=258 runtime=143.7s SR=71.38% (394/552) mean_SPL=0.3434 SR@0.1m(ref)=39.86% SPL@0.1m(ref)=0.1931
[ZSON3 EVAL] 553/1000 scene=bxsVRursffK.basis episode=21 target=plant success=1 spl=0.1719 reason=object_found steps=445 runtime=290.0s SR=71.43% (395/553) mean_SPL=0.3431 SR@0.1m(ref)=39.96% SPL@0.1m(ref)=0.1930
[ZSON3 EVAL] 554/1000 scene=bxsVRursffK.basis episode=22 target=toilet success=1 spl=0.4070 reason=object_found steps=106 runtime=60.4s SR=71.48% (396/554) mean_SPL=0.3432 SR@0.1m(ref)=39.89% SPL@0.1m(ref)=0.1927
[ZSON3 EVAL] 555/1000 scene=bxsVRursffK.basis episode=23 target=bed success=1 spl=0.3464 reason=object_found steps=35 runtime=23.5s SR=71.53% (397/555) mean_SPL=0.3432 SR@0.1m(ref)=40.00% SPL@0.1m(ref)=0.1930
[ZSON3 EVAL] 556/1000 scene=bxsVRursffK.basis episode=24 target=sofa success=1 spl=0.7572 reason=object_found steps=46 runtime=40.3s SR=71.58% (398/556) mean_SPL=0.3440 SR@0.1m(ref)=40.11% SPL@0.1m(ref)=0.1940
[ZSON3 EVAL] 557/1000 scene=bxsVRursffK.basis episode=25 target=bed success=1 spl=0.4442 reason=object_found steps=105 runtime=52.2s SR=71.63% (399/557) mean_SPL=0.3441 SR@0.1m(ref)=40.04% SPL@0.1m(ref)=0.1936
[ZSON3 EVAL] 558/1000 scene=bxsVRursffK.basis episode=26 target=sofa success=1 spl=0.6464 reason=object_found steps=49 runtime=47.6s SR=71.68% (400/558) mean_SPL=0.3447 SR@0.1m(ref)=40.14% SPL@0.1m(ref)=0.1944
[ZSON3 EVAL] 559/1000 scene=bxsVRursffK.basis episode=27 target=chair success=0 spl=0.0000 reason=max_steps_reached steps=476 runtime=262.0s SR=71.56% (400/559) mean_SPL=0.3441 SR@0.1m(ref)=40.07% SPL@0.1m(ref)=0.1941
[ZSON3 EVAL] 560/1000 scene=cvZr5TUy5C5.basis episode=0 target=tv_monitor success=1 spl=0.3304 reason=object_found steps=109 runtime=68.2s SR=71.61% (401/560) mean_SPL=0.3440 SR@0.1m(ref)=40.00% SPL@0.1m(ref)=0.1937
[ZSON3 EVAL] 561/1000 scene=cvZr5TUy5C5.basis episode=1 target=tv_monitor success=1 spl=0.2085 reason=object_found steps=267 runtime=188.5s SR=71.66% (402/561) mean_SPL=0.3438 SR@0.1m(ref)=39.93% SPL@0.1m(ref)=0.1934
[ZSON3 EVAL] 562/1000 scene=cvZr5TUy5C5.basis episode=2 target=tv_monitor success=1 spl=0.3190 reason=object_found steps=114 runtime=75.5s SR=71.71% (403/562) mean_SPL=0.3438 SR@0.1m(ref)=40.04% SPL@0.1m(ref)=0.1936
[ZSON3 EVAL] 563/1000 scene=cvZr5TUy5C5.basis episode=3 target=chair success=1 spl=0.2295 reason=object_found steps=368 runtime=512.3s SR=71.76% (404/563) mean_SPL=0.3435 SR@0.1m(ref)=40.14% SPL@0.1m(ref)=0.1937
[ZSON3 EVAL] 564/1000 scene=cvZr5TUy5C5.basis episode=4 target=bed success=0 spl=0.0000 reason=false_positive steps=31 runtime=18.0s SR=71.63% (404/564) mean_SPL=0.3429 SR@0.1m(ref)=40.07% SPL@0.1m(ref)=0.1933
[ZSON3 EVAL] 565/1000 scene=cvZr5TUy5C5.basis episode=5 target=tv_monitor success=1 spl=0.1145 reason=object_found steps=135 runtime=90.9s SR=71.68% (405/565) mean_SPL=0.3425 SR@0.1m(ref)=40.00% SPL@0.1m(ref)=0.1930
[ZSON3 EVAL] 566/1000 scene=cvZr5TUy5C5.basis episode=6 target=sofa success=1 spl=0.3318 reason=object_found steps=74 runtime=54.4s SR=71.73% (406/566) mean_SPL=0.3425 SR@0.1m(ref)=40.11% SPL@0.1m(ref)=0.1932
[ZSON3 EVAL] 567/1000 scene=cvZr5TUy5C5.basis episode=7 target=sofa success=1 spl=0.3853 reason=object_found steps=96 runtime=80.5s SR=71.78% (407/567) mean_SPL=0.3426 SR@0.1m(ref)=40.21% SPL@0.1m(ref)=0.1936
[ZSON3 EVAL] 568/1000 scene=cvZr5TUy5C5.basis episode=8 target=chair success=0 spl=0.0000 reason=max_steps_reached steps=495 runtime=713.7s SR=71.65% (407/568) mean_SPL=0.3420 SR@0.1m(ref)=40.14% SPL@0.1m(ref)=0.1932
[ZSON3 EVAL] 569/1000 scene=cvZr5TUy5C5.basis episode=9 target=toilet success=1 spl=0.6544 reason=object_found steps=32 runtime=17.1s SR=71.70% (408/569) mean_SPL=0.3425 SR@0.1m(ref)=40.07% SPL@0.1m(ref)=0.1929
[ZSON3 EVAL] 570/1000 scene=cvZr5TUy5C5.basis episode=10 target=tv_monitor success=1 spl=0.1696 reason=object_found steps=101 runtime=66.1s SR=71.75% (409/570) mean_SPL=0.3422 SR@0.1m(ref)=40.00% SPL@0.1m(ref)=0.1926
[ZSON3 EVAL] 571/1000 scene=cvZr5TUy5C5.basis episode=11 target=plant success=1 spl=0.5967 reason=object_found steps=86 runtime=62.6s SR=71.80% (410/571) mean_SPL=0.3427 SR@0.1m(ref)=40.11% SPL@0.1m(ref)=0.1933
[ZSON3 EVAL] 572/1000 scene=cvZr5TUy5C5.basis episode=12 target=bed success=1 spl=0.4686 reason=object_found steps=20 runtime=18.7s SR=71.85% (411/572) mean_SPL=0.3429 SR@0.1m(ref)=40.21% SPL@0.1m(ref)=0.1938
[ZSON3 EVAL] 573/1000 scene=cvZr5TUy5C5.basis episode=13 target=chair success=0 spl=0.0000 reason=max_steps_reached steps=496 runtime=816.3s SR=71.73% (411/573) mean_SPL=0.3423 SR@0.1m(ref)=40.14% SPL@0.1m(ref)=0.1934
[ZSON3 EVAL] 574/1000 scene=cvZr5TUy5C5.basis episode=14 target=sofa success=1 spl=0.8121 reason=object_found steps=79 runtime=55.0s SR=71.78% (412/574) mean_SPL=0.3431 SR@0.1m(ref)=40.24% SPL@0.1m(ref)=0.1945
[ZSON3 EVAL] 575/1000 scene=cvZr5TUy5C5.basis episode=15 target=bed success=1 spl=0.4212 reason=object_found steps=42 runtime=32.0s SR=71.83% (413/575) mean_SPL=0.3433 SR@0.1m(ref)=40.35% SPL@0.1m(ref)=0.1949
[ZSON3 EVAL] 576/1000 scene=cvZr5TUy5C5.basis episode=16 target=plant success=0 spl=0.0000 reason=false_positive steps=119 runtime=83.3s SR=71.70% (413/576) mean_SPL=0.3427 SR@0.1m(ref)=40.28% SPL@0.1m(ref)=0.1946
[ZSON3 EVAL] 577/1000 scene=cvZr5TUy5C5.basis episode=17 target=toilet success=1 spl=0.2928 reason=object_found steps=259 runtime=276.6s SR=71.75% (414/577) mean_SPL=0.3426 SR@0.1m(ref)=40.38% SPL@0.1m(ref)=0.1947
[ZSON3 EVAL] 578/1000 scene=cvZr5TUy5C5.basis episode=18 target=sofa success=1 spl=0.3359 reason=object_found steps=105 runtime=65.1s SR=71.80% (415/578) mean_SPL=0.3426 SR@0.1m(ref)=40.48% SPL@0.1m(ref)=0.1950
[ZSON3 EVAL] 579/1000 scene=cvZr5TUy5C5.basis episode=19 target=plant success=1 spl=0.4632 reason=object_found steps=128 runtime=107.9s SR=71.85% (416/579) mean_SPL=0.3428 SR@0.1m(ref)=40.41% SPL@0.1m(ref)=0.1946
[ZSON3 EVAL] 580/1000 scene=cvZr5TUy5C5.basis episode=20 target=bed success=1 spl=0.4451 reason=object_found steps=21 runtime=10.9s SR=71.90% (417/580) mean_SPL=0.3429 SR@0.1m(ref)=40.52% SPL@0.1m(ref)=0.1951
[ZSON3 EVAL] 581/1000 scene=cvZr5TUy5C5.basis episode=21 target=toilet success=1 spl=0.2344 reason=object_found steps=128 runtime=78.2s SR=71.94% (418/581) mean_SPL=0.3428 SR@0.1m(ref)=40.62% SPL@0.1m(ref)=0.1951
[ZSON3 EVAL] 582/1000 scene=cvZr5TUy5C5.basis episode=22 target=chair success=1 spl=0.3802 reason=object_found steps=72 runtime=50.0s SR=71.99% (419/582) mean_SPL=0.3428 SR@0.1m(ref)=40.55% SPL@0.1m(ref)=0.1948
[ZSON3 EVAL] 583/1000 scene=cvZr5TUy5C5.basis episode=23 target=chair success=1 spl=0.2211 reason=object_found steps=63 runtime=47.7s SR=72.04% (420/583) mean_SPL=0.3426 SR@0.1m(ref)=40.65% SPL@0.1m(ref)=0.1948
[ZSON3 EVAL] 584/1000 scene=cvZr5TUy5C5.basis episode=24 target=plant success=0 spl=0.0000 reason=false_positive steps=266 runtime=127.3s SR=71.92% (420/584) mean_SPL=0.3420 SR@0.1m(ref)=40.58% SPL@0.1m(ref)=0.1945
[ZSON3 EVAL] 585/1000 scene=cvZr5TUy5C5.basis episode=25 target=toilet success=1 spl=0.1674 reason=object_found steps=320 runtime=214.7s SR=71.97% (421/585) mean_SPL=0.3417 SR@0.1m(ref)=40.51% SPL@0.1m(ref)=0.1942
[ZSON3 EVAL] 586/1000 scene=cvZr5TUy5C5.basis episode=26 target=plant success=1 spl=0.3086 reason=object_found steps=139 runtime=121.1s SR=72.01% (422/586) mean_SPL=0.3417 SR@0.1m(ref)=40.61% SPL@0.1m(ref)=0.1944
[ZSON3 EVAL] 587/1000 scene=cvZr5TUy5C5.basis episode=27 target=bed success=1 spl=0.7655 reason=object_found steps=27 runtime=16.6s SR=72.06% (423/587) mean_SPL=0.3424 SR@0.1m(ref)=40.72% SPL@0.1m(ref)=0.1953
[ZSON3 EVAL] 588/1000 scene=eF36g7L6Z9M.basis episode=0 target=plant success=0 spl=0.0000 reason=max_steps_reached steps=499 runtime=362.0s SR=71.94% (423/588) mean_SPL=0.3418 SR@0.1m(ref)=40.65% SPL@0.1m(ref)=0.1950
[ZSON3 EVAL] 589/1000 scene=eF36g7L6Z9M.basis episode=1 target=tv_monitor success=0 spl=0.0000 reason=no_frontiers steps=90 runtime=38.1s SR=71.82% (423/589) mean_SPL=0.3412 SR@0.1m(ref)=40.58% SPL@0.1m(ref)=0.1947
[ZSON3 EVAL] 590/1000 scene=eF36g7L6Z9M.basis episode=2 target=bed success=1 spl=0.1529 reason=object_found steps=265 runtime=143.6s SR=71.86% (424/590) mean_SPL=0.3409 SR@0.1m(ref)=40.68% SPL@0.1m(ref)=0.1946
[ZSON3 EVAL] 591/1000 scene=eF36g7L6Z9M.basis episode=3 target=bed success=0 spl=0.0000 reason=false_positive steps=276 runtime=472.0s SR=71.74% (424/591) mean_SPL=0.3403 SR@0.1m(ref)=40.61% SPL@0.1m(ref)=0.1943
[ZSON3 EVAL] 592/1000 scene=eF36g7L6Z9M.basis episode=4 target=toilet success=1 spl=0.2086 reason=object_found steps=215 runtime=218.5s SR=71.79% (425/592) mean_SPL=0.3401 SR@0.1m(ref)=40.54% SPL@0.1m(ref)=0.1939
[ZSON3 EVAL] 593/1000 scene=eF36g7L6Z9M.basis episode=5 target=tv_monitor success=1 spl=0.3197 reason=robot_stuck steps=381 runtime=185.2s SR=71.84% (426/593) mean_SPL=0.3401 SR@0.1m(ref)=40.47% SPL@0.1m(ref)=0.1936
[ZSON3 EVAL] 594/1000 scene=eF36g7L6Z9M.basis episode=6 target=sofa success=0 spl=0.0000 reason=false_positive steps=36 runtime=16.7s SR=71.72% (426/594) mean_SPL=0.3395 SR@0.1m(ref)=40.40% SPL@0.1m(ref)=0.1933
[ZSON3 EVAL] 595/1000 scene=eF36g7L6Z9M.basis episode=7 target=bed success=1 spl=0.2036 reason=object_found steps=268 runtime=186.8s SR=71.76% (427/595) mean_SPL=0.3393 SR@0.1m(ref)=40.34% SPL@0.1m(ref)=0.1930
[ZSON3 EVAL] 596/1000 scene=eF36g7L6Z9M.basis episode=8 target=plant success=0 spl=0.0000 reason=false_positive steps=340 runtime=198.5s SR=71.64% (427/596) mean_SPL=0.3387 SR@0.1m(ref)=40.27% SPL@0.1m(ref)=0.1926
[ZSON3 EVAL] 597/1000 scene=eF36g7L6Z9M.basis episode=9 target=sofa success=0 spl=0.0000 reason=false_positive steps=7 runtime=6.8s SR=71.52% (427/597) mean_SPL=0.3381 SR@0.1m(ref)=40.20% SPL@0.1m(ref)=0.1923
[ZSON3 EVAL] 598/1000 scene=eF36g7L6Z9M.basis episode=10 target=plant success=1 spl=0.4098 reason=object_found steps=381 runtime=414.2s SR=71.57% (428/598) mean_SPL=0.3383 SR@0.1m(ref)=40.13% SPL@0.1m(ref)=0.1920
[ZSON3 EVAL] 599/1000 scene=eF36g7L6Z9M.basis episode=11 target=sofa success=1 spl=0.6353 reason=object_found steps=60 runtime=54.9s SR=71.62% (429/599) mean_SPL=0.3388 SR@0.1m(ref)=40.07% SPL@0.1m(ref)=0.1917
[ZSON3 EVAL] 600/1000 scene=eF36g7L6Z9M.basis episode=12 target=chair success=1 spl=0.7218 reason=object_found steps=49 runtime=31.1s SR=71.67% (430/600) mean_SPL=0.3394 SR@0.1m(ref)=40.00% SPL@0.1m(ref)=0.1914
[ZSON3 EVAL] 601/1000 scene=eF36g7L6Z9M.basis episode=13 target=chair success=1 spl=0.8310 reason=object_found steps=106 runtime=61.5s SR=71.71% (431/601) mean_SPL=0.3402 SR@0.1m(ref)=40.10% SPL@0.1m(ref)=0.1924
[ZSON3 EVAL] 602/1000 scene=eF36g7L6Z9M.basis episode=14 target=chair success=1 spl=0.9467 reason=object_found steps=64 runtime=31.6s SR=71.76% (432/602) mean_SPL=0.3412 SR@0.1m(ref)=40.03% SPL@0.1m(ref)=0.1921
[ZSON3 EVAL] 603/1000 scene=eF36g7L6Z9M.basis episode=15 target=sofa success=0 spl=0.0000 reason=false_positive steps=117 runtime=60.8s SR=71.64% (432/603) mean_SPL=0.3407 SR@0.1m(ref)=39.97% SPL@0.1m(ref)=0.1918
[ZSON3 EVAL] 604/1000 scene=eF36g7L6Z9M.basis episode=16 target=sofa success=1 spl=0.7123 reason=object_found steps=65 runtime=54.2s SR=71.69% (433/604) mean_SPL=0.3413 SR@0.1m(ref)=39.90% SPL@0.1m(ref)=0.1915
[ZSON3 EVAL] 605/1000 scene=eF36g7L6Z9M.basis episode=17 target=chair success=1 spl=0.4820 reason=object_found steps=175 runtime=104.9s SR=71.74% (434/605) mean_SPL=0.3415 SR@0.1m(ref)=39.83% SPL@0.1m(ref)=0.1912
[ZSON3 EVAL] 606/1000 scene=eF36g7L6Z9M.basis episode=18 target=toilet success=0 spl=0.0000 reason=max_steps_reached steps=500 runtime=1151.0s SR=71.62% (434/606) mean_SPL=0.3409 SR@0.1m(ref)=39.77% SPL@0.1m(ref)=0.1908
[ZSON3 EVAL] 607/1000 scene=eF36g7L6Z9M.basis episode=19 target=toilet success=0 spl=0.0000 reason=max_steps_reached steps=500 runtime=606.7s SR=71.50% (434/607) mean_SPL=0.3404 SR@0.1m(ref)=39.70% SPL@0.1m(ref)=0.1905
[ZSON3 EVAL] 608/1000 scene=eF36g7L6Z9M.basis episode=20 target=bed success=0 spl=0.0000 reason=robot_stuck steps=225 runtime=99.1s SR=71.38% (434/608) mean_SPL=0.3398 SR@0.1m(ref)=39.64% SPL@0.1m(ref)=0.1902
[ZSON3 EVAL] 609/1000 scene=eF36g7L6Z9M.basis episode=21 target=tv_monitor success=0 spl=0.0000 reason=max_steps_reached steps=482 runtime=270.5s SR=71.26% (434/609) mean_SPL=0.3393 SR@0.1m(ref)=39.57% SPL@0.1m(ref)=0.1899
[ZSON3 EVAL] 610/1000 scene=eF36g7L6Z9M.basis episode=22 target=toilet success=0 spl=0.0000 reason=max_steps_reached steps=500 runtime=1353.8s SR=71.15% (434/610) mean_SPL=0.3387 SR@0.1m(ref)=39.51% SPL@0.1m(ref)=0.1896
[ZSON3 EVAL] 611/1000 scene=eF36g7L6Z9M.basis episode=23 target=plant success=1 spl=0.3239 reason=object_found steps=154 runtime=76.0s SR=71.19% (435/611) mean_SPL=0.3387 SR@0.1m(ref)=39.44% SPL@0.1m(ref)=0.1893
[ZSON3 EVAL] 612/1000 scene=eF36g7L6Z9M.basis episode=24 target=plant success=1 spl=0.2114 reason=object_found steps=334 runtime=171.5s SR=71.24% (436/612) mean_SPL=0.3385 SR@0.1m(ref)=39.38% SPL@0.1m(ref)=0.1890
[ZSON3 EVAL] 613/1000 scene=eF36g7L6Z9M.basis episode=25 target=chair success=1 spl=0.1727 reason=object_found steps=185 runtime=105.6s SR=71.29% (437/613) mean_SPL=0.3382 SR@0.1m(ref)=39.48% SPL@0.1m(ref)=0.1889
[ZSON3 EVAL] 614/1000 scene=eF36g7L6Z9M.basis episode=26 target=toilet success=1 spl=0.8988 reason=object_found steps=195 runtime=113.1s SR=71.34% (438/614) mean_SPL=0.3391 SR@0.1m(ref)=39.41% SPL@0.1m(ref)=0.1886
[ZSON3 EVAL] 615/1000 scene=eF36g7L6Z9M.basis episode=27 target=bed success=0 spl=0.0000 reason=max_steps_reached steps=500 runtime=1050.5s SR=71.22% (438/615) mean_SPL=0.3386 SR@0.1m(ref)=39.35% SPL@0.1m(ref)=0.1883
[ZSON3 EVAL] 616/1000 scene=h1zeeAwLh9Z.basis episode=0 target=bed success=1 spl=0.6778 reason=object_found steps=86 runtime=33.9s SR=71.27% (439/616) mean_SPL=0.3391 SR@0.1m(ref)=39.29% SPL@0.1m(ref)=0.1880
[ZSON3 EVAL] 617/1000 scene=h1zeeAwLh9Z.basis episode=1 target=tv_monitor success=1 spl=0.3603 reason=object_found steps=166 runtime=171.6s SR=71.31% (440/617) mean_SPL=0.3391 SR@0.1m(ref)=39.22% SPL@0.1m(ref)=0.1877
[ZSON3 EVAL] 618/1000 scene=h1zeeAwLh9Z.basis episode=2 target=toilet success=0 spl=0.0000 reason=max_steps_reached steps=492 runtime=330.2s SR=71.20% (440/618) mean_SPL=0.3386 SR@0.1m(ref)=39.16% SPL@0.1m(ref)=0.1874
[ZSON3 EVAL] 619/1000 scene=h1zeeAwLh9Z.basis episode=3 target=sofa success=1 spl=0.0749 reason=object_found steps=270 runtime=194.0s SR=71.24% (441/619) mean_SPL=0.3382 SR@0.1m(ref)=39.10% SPL@0.1m(ref)=0.1871
[ZSON3 EVAL] 620/1000 scene=h1zeeAwLh9Z.basis episode=4 target=tv_monitor success=1 spl=0.3617 reason=object_found steps=190 runtime=120.5s SR=71.29% (442/620) mean_SPL=0.3382 SR@0.1m(ref)=39.03% SPL@0.1m(ref)=0.1868
[ZSON3 EVAL] 621/1000 scene=h1zeeAwLh9Z.basis episode=5 target=bed success=1 spl=0.6388 reason=object_found steps=149 runtime=70.3s SR=71.34% (443/621) mean_SPL=0.3387 SR@0.1m(ref)=38.97% SPL@0.1m(ref)=0.1865
[ZSON3 EVAL] 622/1000 scene=h1zeeAwLh9Z.basis episode=6 target=plant success=1 spl=0.5756 reason=object_found steps=54 runtime=33.2s SR=71.38% (444/622) mean_SPL=0.3391 SR@0.1m(ref)=39.07% SPL@0.1m(ref)=0.1871
[ZSON3 EVAL] 623/1000 scene=h1zeeAwLh9Z.basis episode=7 target=plant success=1 spl=0.3553 reason=object_found steps=172 runtime=123.1s SR=71.43% (445/623) mean_SPL=0.3391 SR@0.1m(ref)=39.17% SPL@0.1m(ref)=0.1874
[ZSON3 EVAL] 624/1000 scene=h1zeeAwLh9Z.basis episode=8 target=plant success=1 spl=0.3649 reason=object_found steps=105 runtime=80.0s SR=71.47% (446/624) mean_SPL=0.3391 SR@0.1m(ref)=39.26% SPL@0.1m(ref)=0.1877
[ZSON3 EVAL] 625/1000 scene=h1zeeAwLh9Z.basis episode=9 target=bed success=1 spl=0.1992 reason=object_found steps=82 runtime=56.5s SR=71.52% (447/625) mean_SPL=0.3389 SR@0.1m(ref)=39.20% SPL@0.1m(ref)=0.1874
[ZSON3 EVAL] 626/1000 scene=h1zeeAwLh9Z.basis episode=10 target=sofa success=1 spl=0.5744 reason=object_found steps=63 runtime=51.4s SR=71.57% (448/626) mean_SPL=0.3393 SR@0.1m(ref)=39.14% SPL@0.1m(ref)=0.1871
[ZSON3 EVAL] 627/1000 scene=h1zeeAwLh9Z.basis episode=11 target=toilet success=0 spl=0.0000 reason=max_steps_reached steps=497 runtime=256.7s SR=71.45% (448/627) mean_SPL=0.3388 SR@0.1m(ref)=39.07% SPL@0.1m(ref)=0.1868
[ZSON3 EVAL] 628/1000 scene=h1zeeAwLh9Z.basis episode=12 target=plant success=1 spl=0.4838 reason=object_found steps=82 runtime=44.1s SR=71.50% (449/628) mean_SPL=0.3390 SR@0.1m(ref)=39.17% SPL@0.1m(ref)=0.1873
[ZSON3 EVAL] 629/1000 scene=h1zeeAwLh9Z.basis episode=13 target=chair success=0 spl=0.0000 reason=false_positive steps=21 runtime=14.7s SR=71.38% (449/629) mean_SPL=0.3384 SR@0.1m(ref)=39.11% SPL@0.1m(ref)=0.1870
[ZSON3 EVAL] 630/1000 scene=h1zeeAwLh9Z.basis episode=14 target=chair success=1 spl=0.7806 reason=object_found steps=21 runtime=13.2s SR=71.43% (450/630) mean_SPL=0.3391 SR@0.1m(ref)=39.05% SPL@0.1m(ref)=0.1867
[ZSON3 EVAL] 631/1000 scene=h1zeeAwLh9Z.basis episode=15 target=tv_monitor success=1 spl=0.4059 reason=object_found steps=171 runtime=111.2s SR=71.47% (451/631) mean_SPL=0.3393 SR@0.1m(ref)=38.99% SPL@0.1m(ref)=0.1864
[ZSON3 EVAL] 632/1000 scene=h1zeeAwLh9Z.basis episode=16 target=toilet success=0 spl=0.0000 reason=max_steps_reached steps=495 runtime=260.4s SR=71.36% (451/632) mean_SPL=0.3387 SR@0.1m(ref)=38.92% SPL@0.1m(ref)=0.1861
[ZSON3 EVAL] 633/1000 scene=h1zeeAwLh9Z.basis episode=17 target=chair success=1 spl=0.2705 reason=object_found steps=84 runtime=46.3s SR=71.41% (452/633) mean_SPL=0.3386 SR@0.1m(ref)=38.86% SPL@0.1m(ref)=0.1858
[ZSON3 EVAL] 634/1000 scene=h1zeeAwLh9Z.basis episode=18 target=sofa success=1 spl=0.3906 reason=object_found steps=212 runtime=117.7s SR=71.45% (453/634) mean_SPL=0.3387 SR@0.1m(ref)=38.80% SPL@0.1m(ref)=0.1855
[ZSON3 EVAL] 635/1000 scene=h1zeeAwLh9Z.basis episode=19 target=toilet success=0 spl=0.0000 reason=max_steps_reached steps=500 runtime=409.0s SR=71.34% (453/635) mean_SPL=0.3382 SR@0.1m(ref)=38.74% SPL@0.1m(ref)=0.1852
[ZSON3 EVAL] 636/1000 scene=h1zeeAwLh9Z.basis episode=20 target=sofa success=1 spl=0.4175 reason=object_found steps=295 runtime=194.1s SR=71.38% (454/636) mean_SPL=0.3383 SR@0.1m(ref)=38.68% SPL@0.1m(ref)=0.1849
[ZSON3 EVAL] 637/1000 scene=h1zeeAwLh9Z.basis episode=21 target=sofa success=1 spl=0.4018 reason=object_found steps=119 runtime=74.9s SR=71.43% (455/637) mean_SPL=0.3384 SR@0.1m(ref)=38.62% SPL@0.1m(ref)=0.1846
[ZSON3 EVAL] 638/1000 scene=h1zeeAwLh9Z.basis episode=22 target=plant success=1 spl=0.3557 reason=object_found steps=157 runtime=93.3s SR=71.47% (456/638) mean_SPL=0.3384 SR@0.1m(ref)=38.71% SPL@0.1m(ref)=0.1849
[ZSON3 EVAL] 639/1000 scene=h1zeeAwLh9Z.basis episode=23 target=chair success=1 spl=0.6711 reason=object_found steps=117 runtime=144.4s SR=71.52% (457/639) mean_SPL=0.3389 SR@0.1m(ref)=38.65% SPL@0.1m(ref)=0.1846
[ZSON3 EVAL] 640/1000 scene=h1zeeAwLh9Z.basis episode=24 target=chair success=0 spl=0.0000 reason=false_positive steps=121 runtime=64.4s SR=71.41% (457/640) mean_SPL=0.3384 SR@0.1m(ref)=38.59% SPL@0.1m(ref)=0.1843
[ZSON3 EVAL] 641/1000 scene=h1zeeAwLh9Z.basis episode=25 target=tv_monitor success=1 spl=0.3312 reason=object_found steps=234 runtime=141.3s SR=71.45% (458/641) mean_SPL=0.3384 SR@0.1m(ref)=38.53% SPL@0.1m(ref)=0.1840
[ZSON3 EVAL] 642/1000 scene=h1zeeAwLh9Z.basis episode=26 target=toilet success=0 spl=0.0000 reason=max_steps_reached steps=484 runtime=328.7s SR=71.34% (458/642) mean_SPL=0.3379 SR@0.1m(ref)=38.47% SPL@0.1m(ref)=0.1837
[ZSON3 EVAL] 643/1000 scene=h1zeeAwLh9Z.basis episode=27 target=bed success=1 spl=0.4017 reason=object_found steps=126 runtime=64.2s SR=71.38% (459/643) mean_SPL=0.3380 SR@0.1m(ref)=38.41% SPL@0.1m(ref)=0.1834
[ZSON3 EVAL] 644/1000 scene=k1cupFYWXJ6.basis episode=0 target=sofa success=0 spl=0.0000 reason=max_steps_reached steps=490 runtime=290.0s SR=71.27% (459/644) mean_SPL=0.3374 SR@0.1m(ref)=38.35% SPL@0.1m(ref)=0.1832
[ZSON3 EVAL] 645/1000 scene=k1cupFYWXJ6.basis episode=1 target=sofa success=0 spl=0.0000 reason=max_steps_reached steps=460 runtime=126.7s SR=71.16% (459/645) mean_SPL=0.3369 SR@0.1m(ref)=38.29% SPL@0.1m(ref)=0.1829
[ZSON3 EVAL] 646/1000 scene=k1cupFYWXJ6.basis episode=2 target=sofa success=0 spl=0.0000 reason=max_steps_reached steps=483 runtime=263.9s SR=71.05% (459/646) mean_SPL=0.3364 SR@0.1m(ref)=38.24% SPL@0.1m(ref)=0.1826
[ZSON3 EVAL] 647/1000 scene=k1cupFYWXJ6.basis episode=3 target=sofa success=0 spl=0.0000 reason=false_positive steps=45 runtime=25.6s SR=70.94% (459/647) mean_SPL=0.3359 SR@0.1m(ref)=38.18% SPL@0.1m(ref)=0.1823
[ZSON3 EVAL] 648/1000 scene=k1cupFYWXJ6.basis episode=4 target=sofa success=0 spl=0.0000 reason=max_steps_reached steps=500 runtime=300.7s SR=70.83% (459/648) mean_SPL=0.3354 SR@0.1m(ref)=38.12% SPL@0.1m(ref)=0.1820
[ZSON3 EVAL] 649/1000 scene=k1cupFYWXJ6.basis episode=5 target=sofa success=0 spl=0.0000 reason=max_steps_reached steps=494 runtime=400.3s SR=70.72% (459/649) mean_SPL=0.3348 SR@0.1m(ref)=38.06% SPL@0.1m(ref)=0.1818
[ZSON3 EVAL] 650/1000 scene=k1cupFYWXJ6.basis episode=6 target=sofa success=0 spl=0.0000 reason=false_positive steps=139 runtime=39.5s SR=70.62% (459/650) mean_SPL=0.3343 SR@0.1m(ref)=38.00% SPL@0.1m(ref)=0.1815
[ZSON3 EVAL] 651/1000 scene=k1cupFYWXJ6.basis episode=7 target=sofa success=0 spl=0.0000 reason=max_steps_reached steps=500 runtime=283.0s SR=70.51% (459/651) mean_SPL=0.3338 SR@0.1m(ref)=37.94% SPL@0.1m(ref)=0.1812
[ZSON3 EVAL] 652/1000 scene=k1cupFYWXJ6.basis episode=8 target=sofa success=0 spl=0.0000 reason=max_steps_reached steps=491 runtime=268.5s SR=70.40% (459/652) mean_SPL=0.3333 SR@0.1m(ref)=37.88% SPL@0.1m(ref)=0.1809
[ZSON3 EVAL] 653/1000 scene=k1cupFYWXJ6.basis episode=9 target=chair success=1 spl=0.4946 reason=object_found steps=34 runtime=20.8s SR=70.44% (460/653) mean_SPL=0.3335 SR@0.1m(ref)=37.83% SPL@0.1m(ref)=0.1806
[ZSON3 EVAL] 654/1000 scene=k1cupFYWXJ6.basis episode=10 target=chair success=1 spl=0.6848 reason=object_found steps=43 runtime=30.5s SR=70.49% (461/654) mean_SPL=0.3341 SR@0.1m(ref)=37.77% SPL@0.1m(ref)=0.1804
[ZSON3 EVAL] 655/1000 scene=k1cupFYWXJ6.basis episode=11 target=chair success=1 spl=0.4595 reason=object_found steps=56 runtime=26.9s SR=70.53% (462/655) mean_SPL=0.3343 SR@0.1m(ref)=37.86% SPL@0.1m(ref)=0.1808
[ZSON3 EVAL] 656/1000 scene=k1cupFYWXJ6.basis episode=12 target=chair success=0 spl=0.0000 reason=max_steps_reached steps=498 runtime=300.1s SR=70.43% (462/656) mean_SPL=0.3338 SR@0.1m(ref)=37.80% SPL@0.1m(ref)=0.1805
[ZSON3 EVAL] 657/1000 scene=k1cupFYWXJ6.basis episode=13 target=chair success=1 spl=0.6035 reason=object_found steps=22 runtime=13.6s SR=70.47% (463/657) mean_SPL=0.3342 SR@0.1m(ref)=37.90% SPL@0.1m(ref)=0.1812
[ZSON3 EVAL] 658/1000 scene=k1cupFYWXJ6.basis episode=14 target=chair success=1 spl=0.4937 reason=object_found steps=28 runtime=19.3s SR=70.52% (464/658) mean_SPL=0.3344 SR@0.1m(ref)=37.84% SPL@0.1m(ref)=0.1809
[ZSON3 EVAL] 659/1000 scene=k1cupFYWXJ6.basis episode=15 target=chair success=1 spl=0.8970 reason=object_found steps=37 runtime=20.1s SR=70.56% (465/659) mean_SPL=0.3353 SR@0.1m(ref)=37.94% SPL@0.1m(ref)=0.1820
[ZSON3 EVAL] 660/1000 scene=k1cupFYWXJ6.basis episode=16 target=chair success=1 spl=0.0772 reason=object_found steps=459 runtime=356.5s SR=70.61% (466/660) mean_SPL=0.3349 SR@0.1m(ref)=38.03% SPL@0.1m(ref)=0.1818
[ZSON3 EVAL] 661/1000 scene=k1cupFYWXJ6.basis episode=17 target=chair success=1 spl=0.0911 reason=object_found steps=296 runtime=235.5s SR=70.65% (467/661) mean_SPL=0.3345 SR@0.1m(ref)=38.12% SPL@0.1m(ref)=0.1817
[ZSON3 EVAL] 662/1000 scene=k1cupFYWXJ6.basis episode=18 target=plant success=1 spl=0.2924 reason=object_found steps=60 runtime=37.2s SR=70.69% (468/662) mean_SPL=0.3344 SR@0.1m(ref)=38.07% SPL@0.1m(ref)=0.1814
[ZSON3 EVAL] 663/1000 scene=k1cupFYWXJ6.basis episode=19 target=plant success=1 spl=0.1806 reason=object_found steps=183 runtime=72.1s SR=70.74% (469/663) mean_SPL=0.3342 SR@0.1m(ref)=38.01% SPL@0.1m(ref)=0.1811
[ZSON3 EVAL] 664/1000 scene=k1cupFYWXJ6.basis episode=20 target=plant success=1 spl=0.4993 reason=object_found steps=37 runtime=17.8s SR=70.78% (470/664) mean_SPL=0.3345 SR@0.1m(ref)=37.95% SPL@0.1m(ref)=0.1809
[ZSON3 EVAL] 665/1000 scene=k1cupFYWXJ6.basis episode=21 target=plant success=1 spl=0.1124 reason=object_found steps=126 runtime=68.3s SR=70.83% (471/665) mean_SPL=0.3341 SR@0.1m(ref)=38.05% SPL@0.1m(ref)=0.1807
[ZSON3 EVAL] 666/1000 scene=k1cupFYWXJ6.basis episode=22 target=plant success=1 spl=0.1098 reason=object_found steps=298 runtime=103.2s SR=70.87% (472/666) mean_SPL=0.3338 SR@0.1m(ref)=38.14% SPL@0.1m(ref)=0.1806
[ZSON3 EVAL] 667/1000 scene=k1cupFYWXJ6.basis episode=23 target=plant success=1 spl=0.1127 reason=object_found steps=141 runtime=77.8s SR=70.91% (473/667) mean_SPL=0.3335 SR@0.1m(ref)=38.23% SPL@0.1m(ref)=0.1805
[ZSON3 EVAL] 668/1000 scene=k1cupFYWXJ6.basis episode=24 target=plant success=1 spl=0.1694 reason=object_found steps=184 runtime=72.0s SR=70.96% (474/668) mean_SPL=0.3332 SR@0.1m(ref)=38.32% SPL@0.1m(ref)=0.1805
[ZSON3 EVAL] 669/1000 scene=k1cupFYWXJ6.basis episode=25 target=plant success=1 spl=0.5437 reason=object_found steps=12 runtime=10.2s SR=71.00% (475/669) mean_SPL=0.3335 SR@0.1m(ref)=38.27% SPL@0.1m(ref)=0.1803
[ZSON3 EVAL] 670/1000 scene=k1cupFYWXJ6.basis episode=26 target=plant success=1 spl=0.2364 reason=object_found steps=64 runtime=41.4s SR=71.04% (476/670) mean_SPL=0.3334 SR@0.1m(ref)=38.21% SPL@0.1m(ref)=0.1800
[ZSON3 EVAL] 671/1000 scene=mL8ThkuaVTM.basis episode=0 target=toilet success=1 spl=0.2378 reason=object_found steps=176 runtime=78.4s SR=71.09% (477/671) mean_SPL=0.3332 SR@0.1m(ref)=38.30% SPL@0.1m(ref)=0.1801
[ZSON3 EVAL] 672/1000 scene=mL8ThkuaVTM.basis episode=1 target=chair success=1 spl=0.8135 reason=object_found steps=33 runtime=19.4s SR=71.13% (478/672) mean_SPL=0.3340 SR@0.1m(ref)=38.39% SPL@0.1m(ref)=0.1810
[ZSON3 EVAL] 673/1000 scene=mL8ThkuaVTM.basis episode=2 target=bed success=1 spl=0.6010 reason=object_found steps=96 runtime=39.1s SR=71.17% (479/673) mean_SPL=0.3344 SR@0.1m(ref)=38.34% SPL@0.1m(ref)=0.1807
[ZSON3 EVAL] 674/1000 scene=mL8ThkuaVTM.basis episode=3 target=plant success=0 spl=0.0000 reason=false_positive steps=20 runtime=8.9s SR=71.07% (479/674) mean_SPL=0.3339 SR@0.1m(ref)=38.28% SPL@0.1m(ref)=0.1805
[ZSON3 EVAL] 675/1000 scene=mL8ThkuaVTM.basis episode=4 target=sofa success=1 spl=0.7031 reason=object_found steps=77 runtime=39.8s SR=71.11% (480/675) mean_SPL=0.3344 SR@0.1m(ref)=38.22% SPL@0.1m(ref)=0.1802
[ZSON3 EVAL] 676/1000 scene=mL8ThkuaVTM.basis episode=5 target=toilet success=1 spl=0.5765 reason=object_found steps=39 runtime=17.6s SR=71.15% (481/676) mean_SPL=0.3348 SR@0.1m(ref)=38.31% SPL@0.1m(ref)=0.1808
[ZSON3 EVAL] 677/1000 scene=mL8ThkuaVTM.basis episode=6 target=toilet success=1 spl=0.6784 reason=object_found steps=61 runtime=35.2s SR=71.20% (482/677) mean_SPL=0.3353 SR@0.1m(ref)=38.40% SPL@0.1m(ref)=0.1815
[ZSON3 EVAL] 678/1000 scene=mL8ThkuaVTM.basis episode=7 target=toilet success=1 spl=0.4207 reason=object_found steps=86 runtime=37.3s SR=71.24% (483/678) mean_SPL=0.3354 SR@0.1m(ref)=38.35% SPL@0.1m(ref)=0.1813
[ZSON3 EVAL] 679/1000 scene=mL8ThkuaVTM.basis episode=8 target=bed success=1 spl=0.7091 reason=object_found steps=112 runtime=45.1s SR=71.28% (484/679) mean_SPL=0.3359 SR@0.1m(ref)=38.29% SPL@0.1m(ref)=0.1810
[ZSON3 EVAL] 680/1000 scene=mL8ThkuaVTM.basis episode=9 target=toilet success=1 spl=0.7192 reason=object_found steps=91 runtime=45.8s SR=71.32% (485/680) mean_SPL=0.3365 SR@0.1m(ref)=38.38% SPL@0.1m(ref)=0.1818
[ZSON3 EVAL] 681/1000 scene=mL8ThkuaVTM.basis episode=10 target=sofa success=0 spl=0.0000 reason=max_steps_reached steps=500 runtime=234.5s SR=71.22% (485/681) mean_SPL=0.3360 SR@0.1m(ref)=38.33% SPL@0.1m(ref)=0.1815
[ZSON3 EVAL] 682/1000 scene=mL8ThkuaVTM.basis episode=11 target=plant success=1 spl=0.8425 reason=object_found steps=74 runtime=33.8s SR=71.26% (486/682) mean_SPL=0.3368 SR@0.1m(ref)=38.42% SPL@0.1m(ref)=0.1825
[ZSON3 EVAL] 683/1000 scene=mL8ThkuaVTM.basis episode=12 target=chair success=1 spl=0.6623 reason=object_found steps=46 runtime=29.0s SR=71.30% (487/683) mean_SPL=0.3372 SR@0.1m(ref)=38.51% SPL@0.1m(ref)=0.1832
[ZSON3 EVAL] 684/1000 scene=mL8ThkuaVTM.basis episode=13 target=chair success=1 spl=0.5658 reason=object_found steps=57 runtime=39.5s SR=71.35% (488/684) mean_SPL=0.3376 SR@0.1m(ref)=38.60% SPL@0.1m(ref)=0.1838
[ZSON3 EVAL] 685/1000 scene=mL8ThkuaVTM.basis episode=14 target=plant success=1 spl=0.8181 reason=object_found steps=54 runtime=25.8s SR=71.39% (489/685) mean_SPL=0.3383 SR@0.1m(ref)=38.54% SPL@0.1m(ref)=0.1835
[ZSON3 EVAL] 686/1000 scene=mL8ThkuaVTM.basis episode=15 target=bed success=1 spl=0.3983 reason=object_found steps=174 runtime=53.1s SR=71.43% (490/686) mean_SPL=0.3384 SR@0.1m(ref)=38.48% SPL@0.1m(ref)=0.1832
[ZSON3 EVAL] 687/1000 scene=mL8ThkuaVTM.basis episode=16 target=plant success=1 spl=0.7774 reason=object_found steps=71 runtime=33.1s SR=71.47% (491/687) mean_SPL=0.3390 SR@0.1m(ref)=38.43% SPL@0.1m(ref)=0.1829
[ZSON3 EVAL] 688/1000 scene=mL8ThkuaVTM.basis episode=17 target=sofa success=1 spl=0.4375 reason=object_found steps=116 runtime=53.1s SR=71.51% (492/688) mean_SPL=0.3391 SR@0.1m(ref)=38.37% SPL@0.1m(ref)=0.1827
[ZSON3 EVAL] 689/1000 scene=mL8ThkuaVTM.basis episode=18 target=bed success=1 spl=0.6010 reason=object_found steps=137 runtime=64.0s SR=71.55% (493/689) mean_SPL=0.3395 SR@0.1m(ref)=38.32% SPL@0.1m(ref)=0.1824
[ZSON3 EVAL] 690/1000 scene=mL8ThkuaVTM.basis episode=19 target=bed success=1 spl=0.5239 reason=object_found steps=117 runtime=51.6s SR=71.59% (494/690) mean_SPL=0.3398 SR@0.1m(ref)=38.26% SPL@0.1m(ref)=0.1822
[ZSON3 EVAL] 691/1000 scene=mL8ThkuaVTM.basis episode=20 target=sofa success=1 spl=0.2044 reason=object_found steps=453 runtime=199.7s SR=71.64% (495/691) mean_SPL=0.3396 SR@0.1m(ref)=38.21% SPL@0.1m(ref)=0.1819
[ZSON3 EVAL] 692/1000 scene=mL8ThkuaVTM.basis episode=21 target=plant success=1 spl=0.4290 reason=object_found steps=157 runtime=62.4s SR=71.68% (496/692) mean_SPL=0.3397 SR@0.1m(ref)=38.29% SPL@0.1m(ref)=0.1822
[ZSON3 EVAL] 693/1000 scene=mL8ThkuaVTM.basis episode=22 target=bed success=1 spl=0.4508 reason=object_found steps=97 runtime=39.7s SR=71.72% (497/693) mean_SPL=0.3399 SR@0.1m(ref)=38.24% SPL@0.1m(ref)=0.1820
[ZSON3 EVAL] 694/1000 scene=mL8ThkuaVTM.basis episode=23 target=plant success=1 spl=0.2075 reason=object_found steps=208 runtime=123.4s SR=71.76% (498/694) mean_SPL=0.3397 SR@0.1m(ref)=38.33% SPL@0.1m(ref)=0.1820
[ZSON3 EVAL] 695/1000 scene=mL8ThkuaVTM.basis episode=24 target=toilet success=0 spl=0.0000 reason=no_frontiers steps=431 runtime=190.3s SR=71.65% (498/695) mean_SPL=0.3392 SR@0.1m(ref)=38.27% SPL@0.1m(ref)=0.1818
[ZSON3 EVAL] 696/1000 scene=mL8ThkuaVTM.basis episode=25 target=chair success=1 spl=0.6150 reason=object_found steps=60 runtime=29.1s SR=71.70% (499/696) mean_SPL=0.3396 SR@0.1m(ref)=38.36% SPL@0.1m(ref)=0.1824
[ZSON3 EVAL] 697/1000 scene=mL8ThkuaVTM.basis episode=26 target=chair success=1 spl=0.8119 reason=object_found steps=42 runtime=24.2s SR=71.74% (500/697) mean_SPL=0.3403 SR@0.1m(ref)=38.45% SPL@0.1m(ref)=0.1833
[ZSON3 EVAL] 698/1000 scene=mL8ThkuaVTM.basis episode=27 target=sofa success=1 spl=0.4903 reason=object_found steps=150 runtime=57.5s SR=71.78% (501/698) mean_SPL=0.3405 SR@0.1m(ref)=38.40% SPL@0.1m(ref)=0.1830
[ZSON3 EVAL] 699/1000 scene=mv2HUxq3B53.basis episode=0 target=sofa success=1 spl=0.5038 reason=object_found steps=125 runtime=110.1s SR=71.82% (502/699) mean_SPL=0.3407 SR@0.1m(ref)=38.48% SPL@0.1m(ref)=0.1835
[ZSON3 EVAL] 700/1000 scene=mv2HUxq3B53.basis episode=1 target=chair success=1 spl=0.3666 reason=object_found steps=56 runtime=44.4s SR=71.86% (503/700) mean_SPL=0.3408 SR@0.1m(ref)=38.57% SPL@0.1m(ref)=0.1837
[ZSON3 EVAL] 701/1000 scene=mv2HUxq3B53.basis episode=2 target=bed success=0 spl=0.0000 reason=robot_stuck steps=390 runtime=385.5s SR=71.75% (503/701) mean_SPL=0.3403 SR@0.1m(ref)=38.52% SPL@0.1m(ref)=0.1835
[ZSON3 EVAL] 702/1000 scene=mv2HUxq3B53.basis episode=3 target=bed success=1 spl=0.3647 reason=object_found steps=109 runtime=60.0s SR=71.79% (504/702) mean_SPL=0.3403 SR@0.1m(ref)=38.60% SPL@0.1m(ref)=0.1837
[ZSON3 EVAL] 703/1000 scene=mv2HUxq3B53.basis episode=4 target=bed success=1 spl=0.6862 reason=object_found steps=73 runtime=39.4s SR=71.83% (505/703) mean_SPL=0.3408 SR@0.1m(ref)=38.69% SPL@0.1m(ref)=0.1845
[ZSON3 EVAL] 704/1000 scene=mv2HUxq3B53.basis episode=5 target=sofa success=1 spl=0.5820 reason=object_found steps=162 runtime=166.0s SR=71.88% (506/704) mean_SPL=0.3411 SR@0.1m(ref)=38.78% SPL@0.1m(ref)=0.1850
[ZSON3 EVAL] 705/1000 scene=mv2HUxq3B53.basis episode=6 target=chair success=0 spl=0.0000 reason=false_positive steps=166 runtime=93.4s SR=71.77% (506/705) mean_SPL=0.3407 SR@0.1m(ref)=38.72% SPL@0.1m(ref)=0.1848
[ZSON3 EVAL] 706/1000 scene=mv2HUxq3B53.basis episode=7 target=plant success=1 spl=0.1264 reason=object_found steps=253 runtime=222.2s SR=71.81% (507/706) mean_SPL=0.3404 SR@0.1m(ref)=38.81% SPL@0.1m(ref)=0.1847
[ZSON3 EVAL] 707/1000 scene=mv2HUxq3B53.basis episode=8 target=toilet success=0 spl=0.0000 reason=max_steps_reached steps=493 runtime=622.2s SR=71.71% (507/707) mean_SPL=0.3399 SR@0.1m(ref)=38.76% SPL@0.1m(ref)=0.1844
[ZSON3 EVAL] 708/1000 scene=mv2HUxq3B53.basis episode=9 target=plant success=1 spl=0.2518 reason=object_found steps=335 runtime=443.9s SR=71.75% (508/708) mean_SPL=0.3398 SR@0.1m(ref)=38.84% SPL@0.1m(ref)=0.1845
[ZSON3 EVAL] 709/1000 scene=mv2HUxq3B53.basis episode=10 target=toilet success=0 spl=0.0000 reason=max_steps_reached steps=494 runtime=414.5s SR=71.65% (508/709) mean_SPL=0.3393 SR@0.1m(ref)=38.79% SPL@0.1m(ref)=0.1842
[ZSON3 EVAL] 710/1000 scene=mv2HUxq3B53.basis episode=11 target=chair success=0 spl=0.0000 reason=false_positive steps=54 runtime=30.0s SR=71.55% (508/710) mean_SPL=0.3388 SR@0.1m(ref)=38.73% SPL@0.1m(ref)=0.1840
[ZSON3 EVAL] 711/1000 scene=mv2HUxq3B53.basis episode=12 target=bed success=1 spl=0.3499 reason=object_found steps=73 runtime=133.2s SR=71.59% (509/711) mean_SPL=0.3388 SR@0.1m(ref)=38.82% SPL@0.1m(ref)=0.1842
[ZSON3 EVAL] 712/1000 scene=mv2HUxq3B53.basis episode=13 target=tv_monitor success=0 spl=0.0000 reason=false_positive steps=166 runtime=120.2s SR=71.49% (509/712) mean_SPL=0.3383 SR@0.1m(ref)=38.76% SPL@0.1m(ref)=0.1840
[ZSON3 EVAL] 713/1000 scene=mv2HUxq3B53.basis episode=14 target=chair success=1 spl=0.6360 reason=object_found steps=24 runtime=15.7s SR=71.53% (510/713) mean_SPL=0.3388 SR@0.1m(ref)=38.85% SPL@0.1m(ref)=0.1846
[ZSON3 EVAL] 714/1000 scene=mv2HUxq3B53.basis episode=15 target=toilet success=1 spl=0.6568 reason=object_found steps=102 runtime=88.2s SR=71.57% (511/714) mean_SPL=0.3392 SR@0.1m(ref)=38.94% SPL@0.1m(ref)=0.1853
[ZSON3 EVAL] 715/1000 scene=mv2HUxq3B53.basis episode=16 target=sofa success=1 spl=0.5132 reason=object_found steps=128 runtime=87.7s SR=71.61% (512/715) mean_SPL=0.3394 SR@0.1m(ref)=38.88% SPL@0.1m(ref)=0.1850
[ZSON3 EVAL] 716/1000 scene=mv2HUxq3B53.basis episode=17 target=sofa success=1 spl=0.8262 reason=object_found steps=30 runtime=30.4s SR=71.65% (513/716) mean_SPL=0.3401 SR@0.1m(ref)=38.97% SPL@0.1m(ref)=0.1859
[ZSON3 EVAL] 717/1000 scene=mv2HUxq3B53.basis episode=18 target=chair success=1 spl=0.8584 reason=object_found steps=63 runtime=37.6s SR=71.69% (514/717) mean_SPL=0.3408 SR@0.1m(ref)=39.05% SPL@0.1m(ref)=0.1868
[ZSON3 EVAL] 718/1000 scene=mv2HUxq3B53.basis episode=19 target=plant success=1 spl=0.3236 reason=object_found steps=52 runtime=35.0s SR=71.73% (515/718) mean_SPL=0.3408 SR@0.1m(ref)=39.14% SPL@0.1m(ref)=0.1870
[ZSON3 EVAL] 719/1000 scene=mv2HUxq3B53.basis episode=20 target=plant success=1 spl=0.1032 reason=object_found steps=433 runtime=466.0s SR=71.77% (516/719) mean_SPL=0.3405 SR@0.1m(ref)=39.22% SPL@0.1m(ref)=0.1869
[ZSON3 EVAL] 720/1000 scene=mv2HUxq3B53.basis episode=21 target=bed success=1 spl=0.1123 reason=object_found steps=124 runtime=160.7s SR=71.81% (517/720) mean_SPL=0.3402 SR@0.1m(ref)=39.31% SPL@0.1m(ref)=0.1868
[ZSON3 EVAL] 721/1000 scene=mv2HUxq3B53.basis episode=22 target=tv_monitor success=0 spl=0.0000 reason=false_positive steps=36 runtime=27.7s SR=71.71% (517/721) mean_SPL=0.3397 SR@0.1m(ref)=39.25% SPL@0.1m(ref)=0.1865
[ZSON3 EVAL] 722/1000 scene=mv2HUxq3B53.basis episode=23 target=tv_monitor success=0 spl=0.0000 reason=false_positive steps=16 runtime=8.2s SR=71.61% (517/722) mean_SPL=0.3392 SR@0.1m(ref)=39.20% SPL@0.1m(ref)=0.1863
[ZSON3 EVAL] 723/1000 scene=mv2HUxq3B53.basis episode=24 target=toilet success=1 spl=0.8390 reason=object_found steps=88 runtime=59.5s SR=71.65% (518/723) mean_SPL=0.3399 SR@0.1m(ref)=39.28% SPL@0.1m(ref)=0.1872
[ZSON3 EVAL] 724/1000 scene=mv2HUxq3B53.basis episode=25 target=toilet success=0 spl=0.0000 reason=false_positive steps=404 runtime=438.9s SR=71.55% (518/724) mean_SPL=0.3395 SR@0.1m(ref)=39.23% SPL@0.1m(ref)=0.1869
[ZSON3 EVAL] 725/1000 scene=mv2HUxq3B53.basis episode=26 target=tv_monitor success=1 spl=0.3798 reason=object_found steps=89 runtime=54.2s SR=71.59% (519/725) mean_SPL=0.3395 SR@0.1m(ref)=39.31% SPL@0.1m(ref)=0.1872
[ZSON3 EVAL] 726/1000 scene=mv2HUxq3B53.basis episode=27 target=plant success=0 spl=0.0000 reason=max_steps_reached steps=500 runtime=769.7s SR=71.49% (519/726) mean_SPL=0.3390 SR@0.1m(ref)=39.26% SPL@0.1m(ref)=0.1869
[ZSON3 EVAL] 727/1000 scene=p53SfW6mjZe.basis episode=0 target=toilet success=1 spl=0.3461 reason=object_found steps=87 runtime=42.0s SR=71.53% (520/727) mean_SPL=0.3390 SR@0.1m(ref)=39.20% SPL@0.1m(ref)=0.1867
[ZSON3 EVAL] 728/1000 scene=p53SfW6mjZe.basis episode=1 target=bed success=1 spl=0.3033 reason=object_found steps=185 runtime=136.7s SR=71.57% (521/728) mean_SPL=0.3390 SR@0.1m(ref)=39.29% SPL@0.1m(ref)=0.1868
[ZSON3 EVAL] 729/1000 scene=p53SfW6mjZe.basis episode=2 target=toilet success=1 spl=0.8684 reason=object_found steps=74 runtime=37.1s SR=71.60% (522/729) mean_SPL=0.3397 SR@0.1m(ref)=39.23% SPL@0.1m(ref)=0.1866
[ZSON3 EVAL] 730/1000 scene=p53SfW6mjZe.basis episode=3 target=sofa success=1 spl=0.4344 reason=object_found steps=319 runtime=193.4s SR=71.64% (523/730) mean_SPL=0.3399 SR@0.1m(ref)=39.32% SPL@0.1m(ref)=0.1869
[ZSON3 EVAL] 731/1000 scene=p53SfW6mjZe.basis episode=4 target=chair success=1 spl=0.6514 reason=object_found steps=111 runtime=63.1s SR=71.68% (524/731) mean_SPL=0.3403 SR@0.1m(ref)=39.40% SPL@0.1m(ref)=0.1876
[ZSON3 EVAL] 732/1000 scene=p53SfW6mjZe.basis episode=5 target=chair success=1 spl=0.5842 reason=object_found steps=258 runtime=309.3s SR=71.72% (525/732) mean_SPL=0.3406 SR@0.1m(ref)=39.48% SPL@0.1m(ref)=0.1881
[ZSON3 EVAL] 733/1000 scene=p53SfW6mjZe.basis episode=6 target=chair success=0 spl=0.0000 reason=false_positive steps=24 runtime=13.3s SR=71.62% (525/733) mean_SPL=0.3402 SR@0.1m(ref)=39.43% SPL@0.1m(ref)=0.1878
[ZSON3 EVAL] 734/1000 scene=p53SfW6mjZe.basis episode=7 target=tv_monitor success=0 spl=0.0000 reason=max_steps_reached steps=492 runtime=683.0s SR=71.53% (525/734) mean_SPL=0.3397 SR@0.1m(ref)=39.37% SPL@0.1m(ref)=0.1876
[ZSON3 EVAL] 735/1000 scene=p53SfW6mjZe.basis episode=8 target=toilet success=0 spl=0.0000 reason=max_steps_reached steps=500 runtime=654.5s SR=71.43% (525/735) mean_SPL=0.3392 SR@0.1m(ref)=39.32% SPL@0.1m(ref)=0.1873
[ZSON3 EVAL] 736/1000 scene=p53SfW6mjZe.basis episode=9 target=toilet success=1 spl=0.8246 reason=object_found steps=129 runtime=75.4s SR=71.47% (526/736) mean_SPL=0.3399 SR@0.1m(ref)=39.27% SPL@0.1m(ref)=0.1871
[ZSON3 EVAL] 737/1000 scene=p53SfW6mjZe.basis episode=10 target=bed success=1 spl=0.8466 reason=object_found steps=29 runtime=21.9s SR=71.51% (527/737) mean_SPL=0.3406 SR@0.1m(ref)=39.35% SPL@0.1m(ref)=0.1880
[ZSON3 EVAL] 738/1000 scene=p53SfW6mjZe.basis episode=11 target=bed success=1 spl=0.2952 reason=object_found steps=285 runtime=292.8s SR=71.54% (528/738) mean_SPL=0.3405 SR@0.1m(ref)=39.43% SPL@0.1m(ref)=0.1881
[ZSON3 EVAL] 739/1000 scene=p53SfW6mjZe.basis episode=12 target=tv_monitor success=0 spl=0.0000 reason=max_steps_reached steps=483 runtime=372.4s SR=71.45% (528/739) mean_SPL=0.3400 SR@0.1m(ref)=39.38% SPL@0.1m(ref)=0.1879
[ZSON3 EVAL] 740/1000 scene=p53SfW6mjZe.basis episode=13 target=bed success=1 spl=0.6883 reason=object_found steps=107 runtime=57.0s SR=71.49% (529/740) mean_SPL=0.3405 SR@0.1m(ref)=39.46% SPL@0.1m(ref)=0.1885
[ZSON3 EVAL] 741/1000 scene=p53SfW6mjZe.basis episode=14 target=toilet success=1 spl=0.3084 reason=object_found steps=217 runtime=145.1s SR=71.52% (530/741) mean_SPL=0.3405 SR@0.1m(ref)=39.41% SPL@0.1m(ref)=0.1883
[ZSON3 EVAL] 742/1000 scene=p53SfW6mjZe.basis episode=15 target=bed success=1 spl=0.1541 reason=object_found steps=488 runtime=380.3s SR=71.56% (531/742) mean_SPL=0.3402 SR@0.1m(ref)=39.49% SPL@0.1m(ref)=0.1882
[ZSON3 EVAL] 743/1000 scene=p53SfW6mjZe.basis episode=16 target=sofa success=1 spl=0.3381 reason=object_found steps=253 runtime=272.3s SR=71.60% (532/743) mean_SPL=0.3402 SR@0.1m(ref)=39.57% SPL@0.1m(ref)=0.1884
[ZSON3 EVAL] 744/1000 scene=p53SfW6mjZe.basis episode=17 target=sofa success=0 spl=0.0000 reason=max_steps_reached steps=500 runtime=368.5s SR=71.51% (532/744) mean_SPL=0.3398 SR@0.1m(ref)=39.52% SPL@0.1m(ref)=0.1882
[ZSON3 EVAL] 745/1000 scene=p53SfW6mjZe.basis episode=18 target=chair success=0 spl=0.0000 reason=max_steps_reached steps=500 runtime=473.8s SR=71.41% (532/745) mean_SPL=0.3393 SR@0.1m(ref)=39.46% SPL@0.1m(ref)=0.1879
[ZSON3 EVAL] 746/1000 scene=p53SfW6mjZe.basis episode=19 target=tv_monitor success=0 spl=0.0000 reason=max_steps_reached steps=498 runtime=307.0s SR=71.31% (532/746) mean_SPL=0.3389 SR@0.1m(ref)=39.41% SPL@0.1m(ref)=0.1877
[ZSON3 EVAL] 747/1000 scene=p53SfW6mjZe.basis episode=20 target=sofa success=1 spl=0.5528 reason=object_found steps=98 runtime=54.8s SR=71.35% (533/747) mean_SPL=0.3391 SR@0.1m(ref)=39.36% SPL@0.1m(ref)=0.1874
[ZSON3 EVAL] 748/1000 scene=p53SfW6mjZe.basis episode=21 target=toilet success=0 spl=0.0000 reason=max_steps_reached steps=492 runtime=438.4s SR=71.26% (533/748) mean_SPL=0.3387 SR@0.1m(ref)=39.30% SPL@0.1m(ref)=0.1872
[ZSON3 EVAL] 749/1000 scene=p53SfW6mjZe.basis episode=22 target=tv_monitor success=0 spl=0.0000 reason=max_steps_reached steps=494 runtime=430.1s SR=71.16% (533/749) mean_SPL=0.3382 SR@0.1m(ref)=39.25% SPL@0.1m(ref)=0.1869
[ZSON3 EVAL] 750/1000 scene=p53SfW6mjZe.basis episode=23 target=tv_monitor success=0 spl=0.0000 reason=max_steps_reached steps=491 runtime=386.5s SR=71.07% (533/750) mean_SPL=0.3378 SR@0.1m(ref)=39.20% SPL@0.1m(ref)=0.1867
[ZSON3 EVAL] 751/1000 scene=p53SfW6mjZe.basis episode=24 target=tv_monitor success=0 spl=0.0000 reason=max_steps_reached steps=499 runtime=541.4s SR=70.97% (533/751) mean_SPL=0.3373 SR@0.1m(ref)=39.15% SPL@0.1m(ref)=0.1864
[ZSON3 EVAL] 752/1000 scene=p53SfW6mjZe.basis episode=25 target=chair success=0 spl=0.0000 reason=max_steps_reached steps=492 runtime=536.9s SR=70.88% (533/752) mean_SPL=0.3369 SR@0.1m(ref)=39.10% SPL@0.1m(ref)=0.1862
[ZSON3 EVAL] 753/1000 scene=p53SfW6mjZe.basis episode=26 target=sofa success=1 spl=0.6280 reason=object_found steps=183 runtime=107.4s SR=70.92% (534/753) mean_SPL=0.3373 SR@0.1m(ref)=39.04% SPL@0.1m(ref)=0.1859
[ZSON3 EVAL] 754/1000 scene=p53SfW6mjZe.basis episode=27 target=bed success=1 spl=0.6723 reason=object_found steps=59 runtime=33.5s SR=70.95% (535/754) mean_SPL=0.3377 SR@0.1m(ref)=38.99% SPL@0.1m(ref)=0.1857
[ZSON3 EVAL] 755/1000 scene=q3zU7Yy5E5s.basis episode=0 target=bed success=0 spl=0.0000 reason=false_positive steps=8 runtime=9.2s SR=70.86% (535/755) mean_SPL=0.3373 SR@0.1m(ref)=38.94% SPL@0.1m(ref)=0.1854
[ZSON3 EVAL] 756/1000 scene=q3zU7Yy5E5s.basis episode=1 target=bed success=0 spl=0.0000 reason=false_positive steps=79 runtime=34.3s SR=70.77% (535/756) mean_SPL=0.3368 SR@0.1m(ref)=38.89% SPL@0.1m(ref)=0.1852
[ZSON3 EVAL] 757/1000 scene=q3zU7Yy5E5s.basis episode=2 target=bed success=1 spl=0.6169 reason=object_found steps=51 runtime=31.8s SR=70.81% (536/757) mean_SPL=0.3372 SR@0.1m(ref)=38.97% SPL@0.1m(ref)=0.1858
[ZSON3 EVAL] 758/1000 scene=q3zU7Yy5E5s.basis episode=3 target=bed success=1 spl=0.5417 reason=object_found steps=125 runtime=65.3s SR=70.84% (537/758) mean_SPL=0.3375 SR@0.1m(ref)=38.92% SPL@0.1m(ref)=0.1855
[ZSON3 EVAL] 759/1000 scene=q3zU7Yy5E5s.basis episode=4 target=bed success=1 spl=0.6359 reason=object_found steps=31 runtime=15.4s SR=70.88% (538/759) mean_SPL=0.3379 SR@0.1m(ref)=39.00% SPL@0.1m(ref)=0.1861
[ZSON3 EVAL] 760/1000 scene=q3zU7Yy5E5s.basis episode=5 target=bed success=1 spl=0.3745 reason=object_found steps=207 runtime=173.6s SR=70.92% (539/760) mean_SPL=0.3379 SR@0.1m(ref)=39.08% SPL@0.1m(ref)=0.1864
[ZSON3 EVAL] 761/1000 scene=q3zU7Yy5E5s.basis episode=6 target=bed success=0 spl=0.0000 reason=false_positive steps=37 runtime=33.4s SR=70.83% (539/761) mean_SPL=0.3375 SR@0.1m(ref)=39.03% SPL@0.1m(ref)=0.1861
[ZSON3 EVAL] 762/1000 scene=q3zU7Yy5E5s.basis episode=7 target=toilet success=1 spl=0.3684 reason=object_found steps=105 runtime=60.3s SR=70.87% (540/762) mean_SPL=0.3375 SR@0.1m(ref)=38.98% SPL@0.1m(ref)=0.1859
[ZSON3 EVAL] 763/1000 scene=q3zU7Yy5E5s.basis episode=8 target=toilet success=1 spl=0.2139 reason=object_found steps=224 runtime=115.4s SR=70.90% (541/763) mean_SPL=0.3373 SR@0.1m(ref)=39.06% SPL@0.1m(ref)=0.1859
[ZSON3 EVAL] 764/1000 scene=q3zU7Yy5E5s.basis episode=9 target=toilet success=1 spl=0.6427 reason=object_found steps=74 runtime=42.8s SR=70.94% (542/764) mean_SPL=0.3377 SR@0.1m(ref)=39.14% SPL@0.1m(ref)=0.1865
[ZSON3 EVAL] 765/1000 scene=q3zU7Yy5E5s.basis episode=10 target=toilet success=1 spl=0.2600 reason=object_found steps=317 runtime=158.2s SR=70.98% (543/765) mean_SPL=0.3376 SR@0.1m(ref)=39.22% SPL@0.1m(ref)=0.1866
[ZSON3 EVAL] 766/1000 scene=q3zU7Yy5E5s.basis episode=11 target=toilet success=1 spl=0.2399 reason=object_found steps=151 runtime=100.7s SR=71.02% (544/766) mean_SPL=0.3375 SR@0.1m(ref)=39.30% SPL@0.1m(ref)=0.1867
[ZSON3 EVAL] 767/1000 scene=q3zU7Yy5E5s.basis episode=12 target=toilet success=1 spl=0.7842 reason=object_found steps=69 runtime=38.7s SR=71.06% (545/767) mean_SPL=0.3381 SR@0.1m(ref)=39.37% SPL@0.1m(ref)=0.1875
[ZSON3 EVAL] 768/1000 scene=q3zU7Yy5E5s.basis episode=13 target=toilet success=1 spl=0.1181 reason=object_found steps=181 runtime=90.3s SR=71.09% (546/768) mean_SPL=0.3378 SR@0.1m(ref)=39.45% SPL@0.1m(ref)=0.1874
[ZSON3 EVAL] 769/1000 scene=q3zU7Yy5E5s.basis episode=14 target=chair success=1 spl=0.5414 reason=object_found steps=191 runtime=102.9s SR=71.13% (547/769) mean_SPL=0.3381 SR@0.1m(ref)=39.53% SPL@0.1m(ref)=0.1878
[ZSON3 EVAL] 770/1000 scene=q3zU7Yy5E5s.basis episode=15 target=chair success=0 spl=0.0000 reason=false_positive steps=65 runtime=29.5s SR=71.04% (547/770) mean_SPL=0.3376 SR@0.1m(ref)=39.48% SPL@0.1m(ref)=0.1876
[ZSON3 EVAL] 771/1000 scene=q3zU7Yy5E5s.basis episode=16 target=chair success=1 spl=0.3870 reason=object_found steps=292 runtime=137.6s SR=71.08% (548/771) mean_SPL=0.3377 SR@0.1m(ref)=39.56% SPL@0.1m(ref)=0.1878
[ZSON3 EVAL] 772/1000 scene=q3zU7Yy5E5s.basis episode=17 target=chair success=1 spl=0.3863 reason=object_found steps=85 runtime=45.6s SR=71.11% (549/772) mean_SPL=0.3378 SR@0.1m(ref)=39.51% SPL@0.1m(ref)=0.1876
[ZSON3 EVAL] 773/1000 scene=q3zU7Yy5E5s.basis episode=18 target=chair success=1 spl=0.6889 reason=object_found steps=69 runtime=37.5s SR=71.15% (550/773) mean_SPL=0.3382 SR@0.1m(ref)=39.46% SPL@0.1m(ref)=0.1874
[ZSON3 EVAL] 774/1000 scene=q3zU7Yy5E5s.basis episode=19 target=chair success=1 spl=0.2179 reason=object_found steps=142 runtime=81.5s SR=71.19% (551/774) mean_SPL=0.3381 SR@0.1m(ref)=39.53% SPL@0.1m(ref)=0.1874
[ZSON3 EVAL] 775/1000 scene=q3zU7Yy5E5s.basis episode=20 target=chair success=1 spl=0.6851 reason=object_found steps=97 runtime=51.6s SR=71.23% (552/775) mean_SPL=0.3385 SR@0.1m(ref)=39.48% SPL@0.1m(ref)=0.1872
[ZSON3 EVAL] 776/1000 scene=q3zU7Yy5E5s.basis episode=21 target=sofa success=1 spl=0.3279 reason=object_found steps=182 runtime=115.2s SR=71.26% (553/776) mean_SPL=0.3385 SR@0.1m(ref)=39.56% SPL@0.1m(ref)=0.1873
[ZSON3 EVAL] 777/1000 scene=q3zU7Yy5E5s.basis episode=22 target=sofa success=1 spl=0.3836 reason=object_found steps=209 runtime=102.2s SR=71.30% (554/777) mean_SPL=0.3385 SR@0.1m(ref)=39.64% SPL@0.1m(ref)=0.1876
[ZSON3 EVAL] 778/1000 scene=q3zU7Yy5E5s.basis episode=23 target=sofa success=1 spl=0.4499 reason=object_found steps=70 runtime=37.5s SR=71.34% (555/778) mean_SPL=0.3387 SR@0.1m(ref)=39.72% SPL@0.1m(ref)=0.1879
[ZSON3 EVAL] 779/1000 scene=q3zU7Yy5E5s.basis episode=24 target=sofa success=1 spl=0.3987 reason=object_found steps=156 runtime=80.4s SR=71.37% (556/779) mean_SPL=0.3388 SR@0.1m(ref)=39.79% SPL@0.1m(ref)=0.1882
[ZSON3 EVAL] 780/1000 scene=q3zU7Yy5E5s.basis episode=25 target=sofa success=1 spl=0.3990 reason=object_found steps=279 runtime=142.4s SR=71.41% (557/780) mean_SPL=0.3388 SR@0.1m(ref)=39.87% SPL@0.1m(ref)=0.1885
[ZSON3 EVAL] 781/1000 scene=q3zU7Yy5E5s.basis episode=26 target=sofa success=1 spl=0.6319 reason=object_found steps=91 runtime=45.9s SR=71.45% (558/781) mean_SPL=0.3392 SR@0.1m(ref)=39.95% SPL@0.1m(ref)=0.1890
[ZSON3 EVAL] 782/1000 scene=q3zU7Yy5E5s.basis episode=27 target=sofa success=1 spl=0.6043 reason=object_found steps=103 runtime=58.4s SR=71.48% (559/782) mean_SPL=0.3396 SR@0.1m(ref)=40.03% SPL@0.1m(ref)=0.1896
[ZSON3 EVAL] 783/1000 scene=q5QZSEeHe5g.basis episode=0 target=sofa success=1 spl=0.1899 reason=object_found steps=75 runtime=62.4s SR=71.52% (560/783) mean_SPL=0.3394 SR@0.1m(ref)=39.97% SPL@0.1m(ref)=0.1893
[ZSON3 EVAL] 784/1000 scene=q5QZSEeHe5g.basis episode=1 target=bed success=0 spl=0.0000 reason=false_positive steps=231 runtime=221.1s SR=71.43% (560/784) mean_SPL=0.3389 SR@0.1m(ref)=39.92% SPL@0.1m(ref)=0.1891
[ZSON3 EVAL] 785/1000 scene=q5QZSEeHe5g.basis episode=2 target=chair success=0 spl=0.0000 reason=false_positive steps=27 runtime=19.0s SR=71.34% (560/785) mean_SPL=0.3385 SR@0.1m(ref)=39.87% SPL@0.1m(ref)=0.1888
[ZSON3 EVAL] 786/1000 scene=q5QZSEeHe5g.basis episode=3 target=bed success=0 spl=0.0000 reason=max_steps_reached steps=496 runtime=268.1s SR=71.25% (560/786) mean_SPL=0.3381 SR@0.1m(ref)=39.82% SPL@0.1m(ref)=0.1886
[ZSON3 EVAL] 787/1000 scene=q5QZSEeHe5g.basis episode=4 target=toilet success=0 spl=0.0000 reason=max_steps_reached steps=484 runtime=454.6s SR=71.16% (560/787) mean_SPL=0.3376 SR@0.1m(ref)=39.77% SPL@0.1m(ref)=0.1884
[ZSON3 EVAL] 788/1000 scene=q5QZSEeHe5g.basis episode=5 target=plant success=0 spl=0.0000 reason=max_steps_reached steps=498 runtime=308.5s SR=71.07% (560/788) mean_SPL=0.3372 SR@0.1m(ref)=39.72% SPL@0.1m(ref)=0.1881
[ZSON3 EVAL] 789/1000 scene=q5QZSEeHe5g.basis episode=6 target=chair success=0 spl=0.0000 reason=false_positive steps=41 runtime=12.6s SR=70.98% (560/789) mean_SPL=0.3368 SR@0.1m(ref)=39.67% SPL@0.1m(ref)=0.1879
[ZSON3 EVAL] 790/1000 scene=q5QZSEeHe5g.basis episode=7 target=plant success=0 spl=0.0000 reason=false_positive steps=188 runtime=130.4s SR=70.89% (560/790) mean_SPL=0.3364 SR@0.1m(ref)=39.62% SPL@0.1m(ref)=0.1876
[ZSON3 EVAL] 791/1000 scene=q5QZSEeHe5g.basis episode=8 target=toilet success=0 spl=0.0000 reason=max_steps_reached steps=489 runtime=363.9s SR=70.80% (560/791) mean_SPL=0.3359 SR@0.1m(ref)=39.57% SPL@0.1m(ref)=0.1874
[ZSON3 EVAL] 792/1000 scene=q5QZSEeHe5g.basis episode=9 target=plant success=0 spl=0.0000 reason=max_steps_reached steps=496 runtime=259.6s SR=70.71% (560/792) mean_SPL=0.3355 SR@0.1m(ref)=39.52% SPL@0.1m(ref)=0.1872
[ZSON3 EVAL] 793/1000 scene=q5QZSEeHe5g.basis episode=10 target=chair success=0 spl=0.0000 reason=false_positive steps=24 runtime=13.1s SR=70.62% (560/793) mean_SPL=0.3351 SR@0.1m(ref)=39.47% SPL@0.1m(ref)=0.1869
[ZSON3 EVAL] 794/1000 scene=q5QZSEeHe5g.basis episode=11 target=chair success=0 spl=0.0000 reason=false_positive steps=92 runtime=44.4s SR=70.53% (560/794) mean_SPL=0.3347 SR@0.1m(ref)=39.42% SPL@0.1m(ref)=0.1867
[ZSON3 EVAL] 795/1000 scene=q5QZSEeHe5g.basis episode=12 target=toilet success=1 spl=0.1603 reason=object_found steps=402 runtime=364.5s SR=70.57% (561/795) mean_SPL=0.3344 SR@0.1m(ref)=39.37% SPL@0.1m(ref)=0.1865
[ZSON3 EVAL] 796/1000 scene=q5QZSEeHe5g.basis episode=13 target=tv_monitor success=1 spl=0.2902 reason=object_found steps=325 runtime=267.8s SR=70.60% (562/796) mean_SPL=0.3344 SR@0.1m(ref)=39.32% SPL@0.1m(ref)=0.1862
[ZSON3 EVAL] 797/1000 scene=q5QZSEeHe5g.basis episode=14 target=toilet success=1 spl=0.2049 reason=object_found steps=447 runtime=332.6s SR=70.64% (563/797) mean_SPL=0.3342 SR@0.1m(ref)=39.27% SPL@0.1m(ref)=0.1860
[ZSON3 EVAL] 798/1000 scene=q5QZSEeHe5g.basis episode=15 target=tv_monitor success=0 spl=0.0000 reason=max_steps_reached steps=498 runtime=464.0s SR=70.55% (563/798) mean_SPL=0.3338 SR@0.1m(ref)=39.22% SPL@0.1m(ref)=0.1858
[ZSON3 EVAL] 799/1000 scene=q5QZSEeHe5g.basis episode=16 target=bed success=0 spl=0.0000 reason=false_positive steps=204 runtime=136.3s SR=70.46% (563/799) mean_SPL=0.3334 SR@0.1m(ref)=39.17% SPL@0.1m(ref)=0.1855
[ZSON3 EVAL] 800/1000 scene=q5QZSEeHe5g.basis episode=17 target=tv_monitor success=1 spl=0.1638 reason=object_found steps=160 runtime=203.3s SR=70.50% (564/800) mean_SPL=0.3332 SR@0.1m(ref)=39.12% SPL@0.1m(ref)=0.1853
[ZSON3 EVAL] 801/1000 scene=q5QZSEeHe5g.basis episode=18 target=sofa success=1 spl=0.3436 reason=object_found steps=146 runtime=100.8s SR=70.54% (565/801) mean_SPL=0.3332 SR@0.1m(ref)=39.08% SPL@0.1m(ref)=0.1851
[ZSON3 EVAL] 802/1000 scene=q5QZSEeHe5g.basis episode=19 target=tv_monitor success=1 spl=0.2298 reason=object_found steps=87 runtime=48.7s SR=70.57% (566/802) mean_SPL=0.3331 SR@0.1m(ref)=39.03% SPL@0.1m(ref)=0.1848
[ZSON3 EVAL] 803/1000 scene=q5QZSEeHe5g.basis episode=20 target=bed success=1 spl=0.2559 reason=object_found steps=252 runtime=171.9s SR=70.61% (567/803) mean_SPL=0.3330 SR@0.1m(ref)=38.98% SPL@0.1m(ref)=0.1846
[ZSON3 EVAL] 804/1000 scene=q5QZSEeHe5g.basis episode=21 target=sofa success=1 spl=0.6392 reason=object_found steps=197 runtime=112.6s SR=70.65% (568/804) mean_SPL=0.3334 SR@0.1m(ref)=38.93% SPL@0.1m(ref)=0.1844
[ZSON3 EVAL] 805/1000 scene=q5QZSEeHe5g.basis episode=22 target=tv_monitor success=1 spl=0.2141 reason=object_found steps=187 runtime=154.8s SR=70.68% (569/805) mean_SPL=0.3332 SR@0.1m(ref)=38.88% SPL@0.1m(ref)=0.1841
[ZSON3 EVAL] 806/1000 scene=q5QZSEeHe5g.basis episode=23 target=plant success=0 spl=0.0000 reason=max_steps_reached steps=499 runtime=283.8s SR=70.60% (569/806) mean_SPL=0.3328 SR@0.1m(ref)=38.83% SPL@0.1m(ref)=0.1839
[ZSON3 EVAL] 807/1000 scene=q5QZSEeHe5g.basis episode=24 target=sofa success=1 spl=0.5652 reason=object_found steps=39 runtime=19.9s SR=70.63% (570/807) mean_SPL=0.3331 SR@0.1m(ref)=38.79% SPL@0.1m(ref)=0.1837
[ZSON3 EVAL] 808/1000 scene=q5QZSEeHe5g.basis episode=25 target=bed success=1 spl=0.3661 reason=object_found steps=255 runtime=171.2s SR=70.67% (571/808) mean_SPL=0.3331 SR@0.1m(ref)=38.74% SPL@0.1m(ref)=0.1835
[ZSON3 EVAL] 809/1000 scene=q5QZSEeHe5g.basis episode=26 target=plant success=0 spl=0.0000 reason=false_positive steps=420 runtime=294.3s SR=70.58% (571/809) mean_SPL=0.3327 SR@0.1m(ref)=38.69% SPL@0.1m(ref)=0.1832
[ZSON3 EVAL] 810/1000 scene=q5QZSEeHe5g.basis episode=27 target=chair success=0 spl=0.0000 reason=false_positive steps=58 runtime=28.1s SR=70.49% (571/810) mean_SPL=0.3323 SR@0.1m(ref)=38.64% SPL@0.1m(ref)=0.1830
[ZSON3 EVAL] 811/1000 scene=qyAac8rV8Zk.basis episode=0 target=toilet success=1 spl=0.7596 reason=object_found steps=54 runtime=26.6s SR=70.53% (572/811) mean_SPL=0.3328 SR@0.1m(ref)=38.59% SPL@0.1m(ref)=0.1828
[ZSON3 EVAL] 812/1000 scene=qyAac8rV8Zk.basis episode=1 target=tv_monitor success=0 spl=0.0000 reason=max_steps_reached steps=498 runtime=336.1s SR=70.44% (572/812) mean_SPL=0.3324 SR@0.1m(ref)=38.55% SPL@0.1m(ref)=0.1826
[ZSON3 EVAL] 813/1000 scene=qyAac8rV8Zk.basis episode=2 target=bed success=1 spl=0.6177 reason=object_found steps=50 runtime=34.2s SR=70.48% (573/813) mean_SPL=0.3328 SR@0.1m(ref)=38.50% SPL@0.1m(ref)=0.1823
[ZSON3 EVAL] 814/1000 scene=qyAac8rV8Zk.basis episode=3 target=chair success=1 spl=0.2712 reason=object_found steps=89 runtime=49.5s SR=70.52% (574/814) mean_SPL=0.3327 SR@0.1m(ref)=38.57% SPL@0.1m(ref)=0.1824
[ZSON3 EVAL] 815/1000 scene=qyAac8rV8Zk.basis episode=4 target=tv_monitor success=1 spl=0.5768 reason=object_found steps=62 runtime=123.4s SR=70.55% (575/815) mean_SPL=0.3330 SR@0.1m(ref)=38.65% SPL@0.1m(ref)=0.1829
[ZSON3 EVAL] 816/1000 scene=qyAac8rV8Zk.basis episode=5 target=tv_monitor success=1 spl=0.0725 reason=object_found steps=211 runtime=114.7s SR=70.59% (576/816) mean_SPL=0.3327 SR@0.1m(ref)=38.73% SPL@0.1m(ref)=0.1828
[ZSON3 EVAL] 817/1000 scene=qyAac8rV8Zk.basis episode=6 target=chair success=1 spl=0.7056 reason=object_found steps=64 runtime=43.1s SR=70.62% (577/817) mean_SPL=0.3331 SR@0.1m(ref)=38.80% SPL@0.1m(ref)=0.1834
[ZSON3 EVAL] 818/1000 scene=qyAac8rV8Zk.basis episode=7 target=bed success=1 spl=0.4720 reason=object_found steps=44 runtime=34.4s SR=70.66% (578/818) mean_SPL=0.3333 SR@0.1m(ref)=38.75% SPL@0.1m(ref)=0.1832
[ZSON3 EVAL] 819/1000 scene=qyAac8rV8Zk.basis episode=8 target=bed success=1 spl=0.3230 reason=object_found steps=41 runtime=25.3s SR=70.70% (579/819) mean_SPL=0.3333 SR@0.1m(ref)=38.71% SPL@0.1m(ref)=0.1830
[ZSON3 EVAL] 820/1000 scene=qyAac8rV8Zk.basis episode=9 target=tv_monitor success=0 spl=0.0000 reason=max_steps_reached steps=499 runtime=299.2s SR=70.61% (579/820) mean_SPL=0.3329 SR@0.1m(ref)=38.66% SPL@0.1m(ref)=0.1828
[ZSON3 EVAL] 821/1000 scene=qyAac8rV8Zk.basis episode=10 target=toilet success=1 spl=0.3221 reason=object_found steps=146 runtime=86.6s SR=70.65% (580/821) mean_SPL=0.3329 SR@0.1m(ref)=38.61% SPL@0.1m(ref)=0.1825
[ZSON3 EVAL] 822/1000 scene=qyAac8rV8Zk.basis episode=11 target=toilet success=1 spl=0.8841 reason=object_found steps=51 runtime=23.1s SR=70.68% (581/822) mean_SPL=0.3335 SR@0.1m(ref)=38.56% SPL@0.1m(ref)=0.1823
[ZSON3 EVAL] 823/1000 scene=qyAac8rV8Zk.basis episode=12 target=chair success=1 spl=0.6612 reason=object_found steps=46 runtime=31.8s SR=70.72% (582/823) mean_SPL=0.3339 SR@0.1m(ref)=38.64% SPL@0.1m(ref)=0.1829
[ZSON3 EVAL] 824/1000 scene=qyAac8rV8Zk.basis episode=13 target=bed success=1 spl=0.7334 reason=object_found steps=25 runtime=27.3s SR=70.75% (583/824) mean_SPL=0.3344 SR@0.1m(ref)=38.59% SPL@0.1m(ref)=0.1827
[ZSON3 EVAL] 825/1000 scene=qyAac8rV8Zk.basis episode=14 target=sofa success=1 spl=0.1768 reason=object_found steps=88 runtime=53.1s SR=70.79% (584/825) mean_SPL=0.3342 SR@0.1m(ref)=38.67% SPL@0.1m(ref)=0.1827
[ZSON3 EVAL] 826/1000 scene=qyAac8rV8Zk.basis episode=15 target=tv_monitor success=0 spl=0.0000 reason=no_frontiers steps=294 runtime=122.0s SR=70.70% (584/826) mean_SPL=0.3338 SR@0.1m(ref)=38.62% SPL@0.1m(ref)=0.1824
[ZSON3 EVAL] 827/1000 scene=qyAac8rV8Zk.basis episode=16 target=sofa success=0 spl=0.0000 reason=false_positive steps=12 runtime=10.9s SR=70.62% (584/827) mean_SPL=0.3334 SR@0.1m(ref)=38.57% SPL@0.1m(ref)=0.1822
[ZSON3 EVAL] 828/1000 scene=qyAac8rV8Zk.basis episode=17 target=bed success=0 spl=0.0000 reason=max_steps_reached steps=464 runtime=176.7s SR=70.53% (584/828) mean_SPL=0.3330 SR@0.1m(ref)=38.53% SPL@0.1m(ref)=0.1820
[ZSON3 EVAL] 829/1000 scene=qyAac8rV8Zk.basis episode=18 target=chair success=1 spl=0.2594 reason=object_found steps=93 runtime=52.9s SR=70.57% (585/829) mean_SPL=0.3329 SR@0.1m(ref)=38.60% SPL@0.1m(ref)=0.1821
[ZSON3 EVAL] 830/1000 scene=qyAac8rV8Zk.basis episode=19 target=sofa success=0 spl=0.0000 reason=max_steps_reached steps=473 runtime=162.9s SR=70.48% (585/830) mean_SPL=0.3325 SR@0.1m(ref)=38.55% SPL@0.1m(ref)=0.1819
[ZSON3 EVAL] 831/1000 scene=qyAac8rV8Zk.basis episode=20 target=sofa success=1 spl=0.6909 reason=object_found steps=31 runtime=15.2s SR=70.52% (586/831) mean_SPL=0.3330 SR@0.1m(ref)=38.51% SPL@0.1m(ref)=0.1817
[ZSON3 EVAL] 832/1000 scene=qyAac8rV8Zk.basis episode=21 target=chair success=1 spl=0.6905 reason=object_found steps=34 runtime=24.0s SR=70.55% (587/832) mean_SPL=0.3334 SR@0.1m(ref)=38.58% SPL@0.1m(ref)=0.1823
[ZSON3 EVAL] 833/1000 scene=qyAac8rV8Zk.basis episode=22 target=sofa success=1 spl=0.4896 reason=object_found steps=25 runtime=15.7s SR=70.59% (588/833) mean_SPL=0.3336 SR@0.1m(ref)=38.54% SPL@0.1m(ref)=0.1821
[ZSON3 EVAL] 834/1000 scene=qyAac8rV8Zk.basis episode=23 target=toilet success=0 spl=0.0000 reason=max_steps_reached steps=487 runtime=313.1s SR=70.50% (588/834) mean_SPL=0.3332 SR@0.1m(ref)=38.49% SPL@0.1m(ref)=0.1818
[ZSON3 EVAL] 835/1000 scene=qyAac8rV8Zk.basis episode=24 target=sofa success=0 spl=0.0000 reason=false_positive steps=33 runtime=24.6s SR=70.42% (588/835) mean_SPL=0.3328 SR@0.1m(ref)=38.44% SPL@0.1m(ref)=0.1816
[ZSON3 EVAL] 836/1000 scene=qyAac8rV8Zk.basis episode=25 target=bed success=0 spl=0.0000 reason=robot_stuck steps=244 runtime=104.3s SR=70.33% (588/836) mean_SPL=0.3324 SR@0.1m(ref)=38.40% SPL@0.1m(ref)=0.1814
[ZSON3 EVAL] 837/1000 scene=qyAac8rV8Zk.basis episode=26 target=chair success=1 spl=0.2794 reason=object_found steps=72 runtime=44.0s SR=70.37% (589/837) mean_SPL=0.3323 SR@0.1m(ref)=38.35% SPL@0.1m(ref)=0.1812
[ZSON3 EVAL] 838/1000 scene=qyAac8rV8Zk.basis episode=27 target=toilet success=1 spl=0.6415 reason=object_found steps=104 runtime=31.6s SR=70.41% (590/838) mean_SPL=0.3327 SR@0.1m(ref)=38.31% SPL@0.1m(ref)=0.1810
[ZSON3 EVAL] 839/1000 scene=svBbv1Pavdk.basis episode=0 target=tv_monitor success=1 spl=0.8087 reason=object_found steps=26 runtime=26.9s SR=70.44% (591/839) mean_SPL=0.3332 SR@0.1m(ref)=38.38% SPL@0.1m(ref)=0.1817
[ZSON3 EVAL] 840/1000 scene=svBbv1Pavdk.basis episode=1 target=bed success=1 spl=0.2178 reason=object_found steps=169 runtime=123.2s SR=70.48% (592/840) mean_SPL=0.3331 SR@0.1m(ref)=38.45% SPL@0.1m(ref)=0.1818
[ZSON3 EVAL] 841/1000 scene=svBbv1Pavdk.basis episode=2 target=toilet success=0 spl=0.0000 reason=false_positive steps=421 runtime=339.7s SR=70.39% (592/841) mean_SPL=0.3327 SR@0.1m(ref)=38.41% SPL@0.1m(ref)=0.1815
[ZSON3 EVAL] 842/1000 scene=svBbv1Pavdk.basis episode=3 target=plant success=0 spl=0.0000 reason=false_positive steps=23 runtime=12.6s SR=70.31% (592/842) mean_SPL=0.3323 SR@0.1m(ref)=38.36% SPL@0.1m(ref)=0.1813
[ZSON3 EVAL] 843/1000 scene=svBbv1Pavdk.basis episode=4 target=tv_monitor success=1 spl=0.7196 reason=object_found steps=21 runtime=13.7s SR=70.34% (593/843) mean_SPL=0.3328 SR@0.1m(ref)=38.43% SPL@0.1m(ref)=0.1820
[ZSON3 EVAL] 844/1000 scene=svBbv1Pavdk.basis episode=5 target=plant success=1 spl=0.3387 reason=object_found steps=84 runtime=55.6s SR=70.38% (594/844) mean_SPL=0.3328 SR@0.1m(ref)=38.51% SPL@0.1m(ref)=0.1822
[ZSON3 EVAL] 845/1000 scene=svBbv1Pavdk.basis episode=6 target=chair success=1 spl=0.3428 reason=object_found steps=87 runtime=61.0s SR=70.41% (595/845) mean_SPL=0.3328 SR@0.1m(ref)=38.58% SPL@0.1m(ref)=0.1823
[ZSON3 EVAL] 846/1000 scene=svBbv1Pavdk.basis episode=7 target=bed success=1 spl=0.2000 reason=object_found steps=134 runtime=82.7s SR=70.45% (596/846) mean_SPL=0.3326 SR@0.1m(ref)=38.65% SPL@0.1m(ref)=0.1824
[ZSON3 EVAL] 847/1000 scene=svBbv1Pavdk.basis episode=8 target=plant success=0 spl=0.0000 reason=false_positive steps=43 runtime=18.7s SR=70.37% (596/847) mean_SPL=0.3322 SR@0.1m(ref)=38.61% SPL@0.1m(ref)=0.1821
[ZSON3 EVAL] 848/1000 scene=svBbv1Pavdk.basis episode=9 target=toilet success=1 spl=0.2868 reason=object_found steps=367 runtime=275.4s SR=70.40% (597/848) mean_SPL=0.3322 SR@0.1m(ref)=38.68% SPL@0.1m(ref)=0.1823
[ZSON3 EVAL] 849/1000 scene=svBbv1Pavdk.basis episode=10 target=tv_monitor success=1 spl=0.3855 reason=object_found steps=103 runtime=77.8s SR=70.44% (598/849) mean_SPL=0.3323 SR@0.1m(ref)=38.75% SPL@0.1m(ref)=0.1825
[ZSON3 EVAL] 850/1000 scene=svBbv1Pavdk.basis episode=11 target=bed success=1 spl=0.2302 reason=object_found steps=208 runtime=140.8s SR=70.47% (599/850) mean_SPL=0.3321 SR@0.1m(ref)=38.82% SPL@0.1m(ref)=0.1826
[ZSON3 EVAL] 851/1000 scene=svBbv1Pavdk.basis episode=12 target=sofa success=1 spl=0.4877 reason=object_found steps=102 runtime=61.6s SR=70.51% (600/851) mean_SPL=0.3323 SR@0.1m(ref)=38.90% SPL@0.1m(ref)=0.1829
[ZSON3 EVAL] 852/1000 scene=svBbv1Pavdk.basis episode=13 target=toilet success=1 spl=0.1968 reason=object_found steps=312 runtime=208.1s SR=70.54% (601/852) mean_SPL=0.3322 SR@0.1m(ref)=38.97% SPL@0.1m(ref)=0.1829
[ZSON3 EVAL] 853/1000 scene=svBbv1Pavdk.basis episode=14 target=chair success=0 spl=0.0000 reason=false_positive steps=220 runtime=75.9s SR=70.46% (601/853) mean_SPL=0.3318 SR@0.1m(ref)=38.92% SPL@0.1m(ref)=0.1827
[ZSON3 EVAL] 854/1000 scene=svBbv1Pavdk.basis episode=15 target=bed success=1 spl=0.1928 reason=object_found steps=223 runtime=181.5s SR=70.49% (602/854) mean_SPL=0.3316 SR@0.1m(ref)=38.99% SPL@0.1m(ref)=0.1827
[ZSON3 EVAL] 855/1000 scene=svBbv1Pavdk.basis episode=16 target=sofa success=1 spl=0.2892 reason=object_found steps=173 runtime=205.1s SR=70.53% (603/855) mean_SPL=0.3316 SR@0.1m(ref)=39.06% SPL@0.1m(ref)=0.1829
[ZSON3 EVAL] 856/1000 scene=svBbv1Pavdk.basis episode=17 target=sofa success=1 spl=0.1379 reason=object_found steps=148 runtime=96.2s SR=70.56% (604/856) mean_SPL=0.3313 SR@0.1m(ref)=39.14% SPL@0.1m(ref)=0.1828
[ZSON3 EVAL] 857/1000 scene=svBbv1Pavdk.basis episode=18 target=bed success=1 spl=0.2888 reason=object_found steps=123 runtime=88.1s SR=70.60% (605/857) mean_SPL=0.3313 SR@0.1m(ref)=39.21% SPL@0.1m(ref)=0.1829
[ZSON3 EVAL] 858/1000 scene=svBbv1Pavdk.basis episode=19 target=chair success=1 spl=0.4253 reason=object_found steps=199 runtime=96.9s SR=70.63% (606/858) mean_SPL=0.3314 SR@0.1m(ref)=39.28% SPL@0.1m(ref)=0.1832
[ZSON3 EVAL] 859/1000 scene=svBbv1Pavdk.basis episode=20 target=chair success=0 spl=0.0000 reason=max_steps_reached steps=479 runtime=153.3s SR=70.55% (606/859) mean_SPL=0.3310 SR@0.1m(ref)=39.23% SPL@0.1m(ref)=0.1830
[ZSON3 EVAL] 860/1000 scene=svBbv1Pavdk.basis episode=21 target=toilet success=0 spl=0.0000 reason=max_steps_reached steps=499 runtime=351.3s SR=70.47% (606/860) mean_SPL=0.3306 SR@0.1m(ref)=39.19% SPL@0.1m(ref)=0.1828
[ZSON3 EVAL] 861/1000 scene=svBbv1Pavdk.basis episode=22 target=sofa success=1 spl=0.1393 reason=object_found steps=145 runtime=105.0s SR=70.50% (607/861) mean_SPL=0.3304 SR@0.1m(ref)=39.26% SPL@0.1m(ref)=0.1827
[ZSON3 EVAL] 862/1000 scene=svBbv1Pavdk.basis episode=23 target=chair success=1 spl=0.6405 reason=object_found steps=42 runtime=34.3s SR=70.53% (608/862) mean_SPL=0.3308 SR@0.1m(ref)=39.33% SPL@0.1m(ref)=0.1833
[ZSON3 EVAL] 863/1000 scene=svBbv1Pavdk.basis episode=24 target=toilet success=1 spl=0.7960 reason=object_found steps=73 runtime=48.6s SR=70.57% (609/863) mean_SPL=0.3313 SR@0.1m(ref)=39.40% SPL@0.1m(ref)=0.1840
[ZSON3 EVAL] 864/1000 scene=svBbv1Pavdk.basis episode=25 target=plant success=0 spl=0.0000 reason=false_positive steps=25 runtime=11.5s SR=70.49% (609/864) mean_SPL=0.3309 SR@0.1m(ref)=39.35% SPL@0.1m(ref)=0.1838
[ZSON3 EVAL] 865/1000 scene=svBbv1Pavdk.basis episode=26 target=tv_monitor success=1 spl=0.1163 reason=object_found steps=89 runtime=75.4s SR=70.52% (610/865) mean_SPL=0.3307 SR@0.1m(ref)=39.42% SPL@0.1m(ref)=0.1837
[ZSON3 EVAL] 866/1000 scene=svBbv1Pavdk.basis episode=27 target=tv_monitor success=1 spl=0.1134 reason=object_found steps=231 runtime=137.3s SR=70.55% (611/866) mean_SPL=0.3304 SR@0.1m(ref)=39.49% SPL@0.1m(ref)=0.1836
[ZSON3 EVAL] 867/1000 scene=wcojb4TFT35.basis episode=0 target=tv_monitor success=1 spl=0.7186 reason=object_found steps=123 runtime=69.0s SR=70.59% (612/867) mean_SPL=0.3309 SR@0.1m(ref)=39.45% SPL@0.1m(ref)=0.1834
[ZSON3 EVAL] 868/1000 scene=wcojb4TFT35.basis episode=1 target=chair success=1 spl=0.6031 reason=object_found steps=24 runtime=14.4s SR=70.62% (613/868) mean_SPL=0.3312 SR@0.1m(ref)=39.40% SPL@0.1m(ref)=0.1832
[ZSON3 EVAL] 869/1000 scene=wcojb4TFT35.basis episode=2 target=sofa success=1 spl=0.1462 reason=object_found steps=187 runtime=113.4s SR=70.66% (614/869) mean_SPL=0.3310 SR@0.1m(ref)=39.36% SPL@0.1m(ref)=0.1830
[ZSON3 EVAL] 870/1000 scene=wcojb4TFT35.basis episode=3 target=plant success=0 spl=0.0000 reason=max_steps_reached steps=499 runtime=235.9s SR=70.57% (614/870) mean_SPL=0.3306 SR@0.1m(ref)=39.31% SPL@0.1m(ref)=0.1828
[ZSON3 EVAL] 871/1000 scene=wcojb4TFT35.basis episode=4 target=plant success=0 spl=0.0000 reason=max_steps_reached steps=485 runtime=364.0s SR=70.49% (614/871) mean_SPL=0.3302 SR@0.1m(ref)=39.27% SPL@0.1m(ref)=0.1826
[ZSON3 EVAL] 872/1000 scene=wcojb4TFT35.basis episode=5 target=toilet success=0 spl=0.0000 reason=max_steps_reached steps=481 runtime=285.1s SR=70.41% (614/872) mean_SPL=0.3298 SR@0.1m(ref)=39.22% SPL@0.1m(ref)=0.1823
[ZSON3 EVAL] 873/1000 scene=wcojb4TFT35.basis episode=6 target=bed success=1 spl=0.2249 reason=object_found steps=85 runtime=51.0s SR=70.45% (615/873) mean_SPL=0.3297 SR@0.1m(ref)=39.18% SPL@0.1m(ref)=0.1821
[ZSON3 EVAL] 874/1000 scene=wcojb4TFT35.basis episode=7 target=toilet success=0 spl=0.0000 reason=max_steps_reached steps=499 runtime=289.2s SR=70.37% (615/874) mean_SPL=0.3293 SR@0.1m(ref)=39.13% SPL@0.1m(ref)=0.1819
[ZSON3 EVAL] 875/1000 scene=wcojb4TFT35.basis episode=8 target=toilet success=1 spl=0.5677 reason=object_found steps=99 runtime=43.8s SR=70.40% (616/875) mean_SPL=0.3296 SR@0.1m(ref)=39.09% SPL@0.1m(ref)=0.1817
[ZSON3 EVAL] 876/1000 scene=wcojb4TFT35.basis episode=9 target=tv_monitor success=1 spl=0.8674 reason=object_found steps=61 runtime=32.4s SR=70.43% (617/876) mean_SPL=0.3302 SR@0.1m(ref)=39.04% SPL@0.1m(ref)=0.1815
[ZSON3 EVAL] 877/1000 scene=wcojb4TFT35.basis episode=10 target=plant success=0 spl=0.0000 reason=max_steps_reached steps=492 runtime=278.2s SR=70.35% (617/877) mean_SPL=0.3298 SR@0.1m(ref)=39.00% SPL@0.1m(ref)=0.1813
[ZSON3 EVAL] 878/1000 scene=wcojb4TFT35.basis episode=11 target=plant success=0 spl=0.0000 reason=max_steps_reached steps=488 runtime=266.3s SR=70.27% (617/878) mean_SPL=0.3295 SR@0.1m(ref)=38.95% SPL@0.1m(ref)=0.1811
[ZSON3 EVAL] 879/1000 scene=wcojb4TFT35.basis episode=12 target=chair success=0 spl=0.0000 reason=false_positive steps=63 runtime=187.9s SR=70.19% (617/879) mean_SPL=0.3291 SR@0.1m(ref)=38.91% SPL@0.1m(ref)=0.1809
[ZSON3 EVAL] 880/1000 scene=wcojb4TFT35.basis episode=13 target=plant success=0 spl=0.0000 reason=max_steps_reached steps=496 runtime=284.9s SR=70.11% (617/880) mean_SPL=0.3287 SR@0.1m(ref)=38.86% SPL@0.1m(ref)=0.1807
[ZSON3 EVAL] 881/1000 scene=wcojb4TFT35.basis episode=14 target=toilet success=1 spl=0.1369 reason=object_found steps=210 runtime=120.4s SR=70.15% (618/881) mean_SPL=0.3285 SR@0.1m(ref)=38.82% SPL@0.1m(ref)=0.1805
[ZSON3 EVAL] 882/1000 scene=wcojb4TFT35.basis episode=15 target=bed success=1 spl=0.2092 reason=object_found steps=75 runtime=41.2s SR=70.18% (619/882) mean_SPL=0.3284 SR@0.1m(ref)=38.78% SPL@0.1m(ref)=0.1803
[ZSON3 EVAL] 883/1000 scene=wcojb4TFT35.basis episode=16 target=bed success=1 spl=0.6712 reason=object_found steps=26 runtime=12.7s SR=70.22% (620/883) mean_SPL=0.3287 SR@0.1m(ref)=38.73% SPL@0.1m(ref)=0.1801
[ZSON3 EVAL] 884/1000 scene=wcojb4TFT35.basis episode=17 target=tv_monitor success=1 spl=0.7918 reason=object_found steps=30 runtime=10.6s SR=70.25% (621/884) mean_SPL=0.3293 SR@0.1m(ref)=38.69% SPL@0.1m(ref)=0.1799
[ZSON3 EVAL] 885/1000 scene=wcojb4TFT35.basis episode=18 target=tv_monitor success=1 spl=0.8356 reason=object_found steps=27 runtime=11.2s SR=70.28% (622/885) mean_SPL=0.3298 SR@0.1m(ref)=38.64% SPL@0.1m(ref)=0.1797
[ZSON3 EVAL] 886/1000 scene=wcojb4TFT35.basis episode=19 target=chair success=0 spl=0.0000 reason=false_positive steps=275 runtime=141.2s SR=70.20% (622/886) mean_SPL=0.3295 SR@0.1m(ref)=38.60% SPL@0.1m(ref)=0.1795
[ZSON3 EVAL] 887/1000 scene=wcojb4TFT35.basis episode=20 target=sofa success=1 spl=0.1528 reason=object_found steps=405 runtime=246.6s SR=70.24% (623/887) mean_SPL=0.3293 SR@0.1m(ref)=38.56% SPL@0.1m(ref)=0.1793
[ZSON3 EVAL] 888/1000 scene=wcojb4TFT35.basis episode=21 target=sofa success=1 spl=0.3181 reason=object_found steps=242 runtime=175.8s SR=70.27% (624/888) mean_SPL=0.3293 SR@0.1m(ref)=38.51% SPL@0.1m(ref)=0.1791
[ZSON3 EVAL] 889/1000 scene=wcojb4TFT35.basis episode=22 target=tv_monitor success=1 spl=0.3027 reason=object_found steps=235 runtime=160.9s SR=70.30% (625/889) mean_SPL=0.3292 SR@0.1m(ref)=38.47% SPL@0.1m(ref)=0.1789
[ZSON3 EVAL] 890/1000 scene=wcojb4TFT35.basis episode=23 target=bed success=1 spl=0.6835 reason=object_found steps=90 runtime=37.3s SR=70.34% (626/890) mean_SPL=0.3296 SR@0.1m(ref)=38.43% SPL@0.1m(ref)=0.1787
[ZSON3 EVAL] 891/1000 scene=wcojb4TFT35.basis episode=24 target=chair success=1 spl=0.6322 reason=object_found steps=55 runtime=37.5s SR=70.37% (627/891) mean_SPL=0.3300 SR@0.1m(ref)=38.50% SPL@0.1m(ref)=0.1792
[ZSON3 EVAL] 892/1000 scene=wcojb4TFT35.basis episode=25 target=sofa success=1 spl=0.2649 reason=object_found steps=133 runtime=78.6s SR=70.40% (628/892) mean_SPL=0.3299 SR@0.1m(ref)=38.45% SPL@0.1m(ref)=0.1790
[ZSON3 EVAL] 893/1000 scene=wcojb4TFT35.basis episode=26 target=chair success=1 spl=0.8095 reason=object_found steps=77 runtime=47.5s SR=70.44% (629/893) mean_SPL=0.3304 SR@0.1m(ref)=38.41% SPL@0.1m(ref)=0.1788
[ZSON3 EVAL] 894/1000 scene=wcojb4TFT35.basis episode=27 target=sofa success=0 spl=0.0000 reason=false_positive steps=25 runtime=15.6s SR=70.36% (629/894) mean_SPL=0.3301 SR@0.1m(ref)=38.37% SPL@0.1m(ref)=0.1786
[ZSON3 EVAL] 895/1000 scene=y9hTuugGdiq.basis episode=0 target=chair success=1 spl=0.4318 reason=object_found steps=104 runtime=135.9s SR=70.39% (630/895) mean_SPL=0.3302 SR@0.1m(ref)=38.32% SPL@0.1m(ref)=0.1784
[ZSON3 EVAL] 896/1000 scene=y9hTuugGdiq.basis episode=1 target=tv_monitor success=1 spl=0.5667 reason=object_found steps=77 runtime=65.5s SR=70.42% (631/896) mean_SPL=0.3304 SR@0.1m(ref)=38.39% SPL@0.1m(ref)=0.1788
[ZSON3 EVAL] 897/1000 scene=y9hTuugGdiq.basis episode=2 target=tv_monitor success=1 spl=0.8615 reason=object_found steps=46 runtime=26.9s SR=70.46% (632/897) mean_SPL=0.3310 SR@0.1m(ref)=38.46% SPL@0.1m(ref)=0.1796
[ZSON3 EVAL] 898/1000 scene=y9hTuugGdiq.basis episode=3 target=toilet success=0 spl=0.0000 reason=max_steps_reached steps=497 runtime=537.9s SR=70.38% (632/898) mean_SPL=0.3307 SR@0.1m(ref)=38.42% SPL@0.1m(ref)=0.1794
[ZSON3 EVAL] 899/1000 scene=y9hTuugGdiq.basis episode=4 target=sofa success=1 spl=0.2177 reason=object_found steps=469 runtime=354.1s SR=70.41% (633/899) mean_SPL=0.3305 SR@0.1m(ref)=38.49% SPL@0.1m(ref)=0.1794
[ZSON3 EVAL] 900/1000 scene=y9hTuugGdiq.basis episode=5 target=sofa success=1 spl=0.2654 reason=object_found steps=133 runtime=68.8s SR=70.44% (634/900) mean_SPL=0.3305 SR@0.1m(ref)=38.56% SPL@0.1m(ref)=0.1795
[ZSON3 EVAL] 901/1000 scene=y9hTuugGdiq.basis episode=6 target=plant success=0 spl=0.0000 reason=max_steps_reached steps=486 runtime=307.3s SR=70.37% (634/901) mean_SPL=0.3301 SR@0.1m(ref)=38.51% SPL@0.1m(ref)=0.1793
[ZSON3 EVAL] 902/1000 scene=y9hTuugGdiq.basis episode=7 target=sofa success=1 spl=0.5841 reason=object_found steps=390 runtime=229.3s SR=70.40% (635/902) mean_SPL=0.3304 SR@0.1m(ref)=38.58% SPL@0.1m(ref)=0.1798
[ZSON3 EVAL] 903/1000 scene=y9hTuugGdiq.basis episode=8 target=bed success=1 spl=1.0000 reason=object_found steps=40 runtime=18.6s SR=70.43% (636/903) mean_SPL=0.3311 SR@0.1m(ref)=38.54% SPL@0.1m(ref)=0.1796
[ZSON3 EVAL] 904/1000 scene=y9hTuugGdiq.basis episode=9 target=sofa success=1 spl=0.3078 reason=object_found steps=246 runtime=142.4s SR=70.46% (637/904) mean_SPL=0.3311 SR@0.1m(ref)=38.61% SPL@0.1m(ref)=0.1797
[ZSON3 EVAL] 905/1000 scene=y9hTuugGdiq.basis episode=10 target=toilet success=1 spl=0.3564 reason=object_found steps=171 runtime=124.3s SR=70.50% (638/905) mean_SPL=0.3311 SR@0.1m(ref)=38.67% SPL@0.1m(ref)=0.1799
[ZSON3 EVAL] 906/1000 scene=y9hTuugGdiq.basis episode=11 target=sofa success=1 spl=0.1073 reason=object_found steps=244 runtime=121.9s SR=70.53% (639/906) mean_SPL=0.3309 SR@0.1m(ref)=38.74% SPL@0.1m(ref)=0.1798
[ZSON3 EVAL] 907/1000 scene=y9hTuugGdiq.basis episode=12 target=toilet success=1 spl=0.0338 reason=object_found steps=362 runtime=285.3s SR=70.56% (640/907) mean_SPL=0.3306 SR@0.1m(ref)=38.81% SPL@0.1m(ref)=0.1796
[ZSON3 EVAL] 908/1000 scene=y9hTuugGdiq.basis episode=13 target=toilet success=1 spl=0.0973 reason=object_found steps=299 runtime=206.4s SR=70.59% (641/908) mean_SPL=0.3303 SR@0.1m(ref)=38.88% SPL@0.1m(ref)=0.1796
[ZSON3 EVAL] 909/1000 scene=y9hTuugGdiq.basis episode=14 target=bed success=1 spl=0.3782 reason=object_found steps=182 runtime=142.0s SR=70.63% (642/909) mean_SPL=0.3303 SR@0.1m(ref)=38.94% SPL@0.1m(ref)=0.1798
[ZSON3 EVAL] 910/1000 scene=y9hTuugGdiq.basis episode=15 target=tv_monitor success=1 spl=0.1475 reason=object_found steps=275 runtime=184.4s SR=70.66% (643/910) mean_SPL=0.3301 SR@0.1m(ref)=39.01% SPL@0.1m(ref)=0.1797
[ZSON3 EVAL] 911/1000 scene=y9hTuugGdiq.basis episode=16 target=chair success=1 spl=0.2444 reason=object_found steps=134 runtime=125.5s SR=70.69% (644/911) mean_SPL=0.3301 SR@0.1m(ref)=39.08% SPL@0.1m(ref)=0.1798
[ZSON3 EVAL] 912/1000 scene=y9hTuugGdiq.basis episode=17 target=chair success=1 spl=0.5425 reason=object_found steps=91 runtime=66.8s SR=70.72% (645/912) mean_SPL=0.3303 SR@0.1m(ref)=39.14% SPL@0.1m(ref)=0.1802
[ZSON3 EVAL] 913/1000 scene=y9hTuugGdiq.basis episode=18 target=toilet success=1 spl=0.1600 reason=object_found steps=385 runtime=306.1s SR=70.76% (646/913) mean_SPL=0.3301 SR@0.1m(ref)=39.10% SPL@0.1m(ref)=0.1800
[ZSON3 EVAL] 914/1000 scene=y9hTuugGdiq.basis episode=19 target=plant success=0 spl=0.0000 reason=false_positive steps=128 runtime=91.4s SR=70.68% (646/914) mean_SPL=0.3297 SR@0.1m(ref)=39.06% SPL@0.1m(ref)=0.1798
[ZSON3 EVAL] 915/1000 scene=y9hTuugGdiq.basis episode=20 target=tv_monitor success=1 spl=0.6376 reason=object_found steps=198 runtime=128.0s SR=70.71% (647/915) mean_SPL=0.3301 SR@0.1m(ref)=39.13% SPL@0.1m(ref)=0.1803
[ZSON3 EVAL] 916/1000 scene=y9hTuugGdiq.basis episode=21 target=chair success=1 spl=0.7083 reason=object_found steps=52 runtime=39.7s SR=70.74% (648/916) mean_SPL=0.3305 SR@0.1m(ref)=39.19% SPL@0.1m(ref)=0.1809
[ZSON3 EVAL] 917/1000 scene=y9hTuugGdiq.basis episode=22 target=bed success=0 spl=0.0000 reason=false_positive steps=121 runtime=73.1s SR=70.67% (648/917) mean_SPL=0.3301 SR@0.1m(ref)=39.15% SPL@0.1m(ref)=0.1807
[ZSON3 EVAL] 918/1000 scene=y9hTuugGdiq.basis episode=23 target=tv_monitor success=1 spl=0.7653 reason=object_found steps=185 runtime=138.4s SR=70.70% (649/918) mean_SPL=0.3306 SR@0.1m(ref)=39.22% SPL@0.1m(ref)=0.1813
[ZSON3 EVAL] 919/1000 scene=y9hTuugGdiq.basis episode=24 target=plant success=0 spl=0.0000 reason=false_positive steps=124 runtime=92.5s SR=70.62% (649/919) mean_SPL=0.3302 SR@0.1m(ref)=39.17% SPL@0.1m(ref)=0.1811
[ZSON3 EVAL] 920/1000 scene=y9hTuugGdiq.basis episode=25 target=bed success=1 spl=0.3742 reason=object_found steps=130 runtime=100.1s SR=70.65% (650/920) mean_SPL=0.3303 SR@0.1m(ref)=39.24% SPL@0.1m(ref)=0.1813
[ZSON3 EVAL] 921/1000 scene=y9hTuugGdiq.basis episode=26 target=chair success=1 spl=0.7150 reason=object_found steps=107 runtime=78.4s SR=70.68% (651/921) mean_SPL=0.3307 SR@0.1m(ref)=39.31% SPL@0.1m(ref)=0.1819
[ZSON3 EVAL] 922/1000 scene=y9hTuugGdiq.basis episode=27 target=plant success=0 spl=0.0000 reason=false_positive steps=284 runtime=200.7s SR=70.61% (651/922) mean_SPL=0.3303 SR@0.1m(ref)=39.26% SPL@0.1m(ref)=0.1817
[ZSON3 EVAL] 923/1000 scene=yr17PDCnDDW.basis episode=0 target=plant success=1 spl=0.2238 reason=object_found steps=138 runtime=140.8s SR=70.64% (652/923) mean_SPL=0.3302 SR@0.1m(ref)=39.33% SPL@0.1m(ref)=0.1818
[ZSON3 EVAL] 924/1000 scene=yr17PDCnDDW.basis episode=1 target=plant success=1 spl=0.3002 reason=object_found steps=169 runtime=277.1s SR=70.67% (653/924) mean_SPL=0.3302 SR@0.1m(ref)=39.39% SPL@0.1m(ref)=0.1819
[ZSON3 EVAL] 925/1000 scene=yr17PDCnDDW.basis episode=2 target=plant success=1 spl=0.2079 reason=object_found steps=103 runtime=215.9s SR=70.70% (654/925) mean_SPL=0.3301 SR@0.1m(ref)=39.35% SPL@0.1m(ref)=0.1817
[ZSON3 EVAL] 926/1000 scene=yr17PDCnDDW.basis episode=3 target=plant success=1 spl=0.8668 reason=object_found steps=22 runtime=17.3s SR=70.73% (655/926) mean_SPL=0.3306 SR@0.1m(ref)=39.42% SPL@0.1m(ref)=0.1824
[ZSON3 EVAL] 927/1000 scene=yr17PDCnDDW.basis episode=4 target=plant success=1 spl=0.8474 reason=object_found steps=23 runtime=21.8s SR=70.77% (656/927) mean_SPL=0.3312 SR@0.1m(ref)=39.48% SPL@0.1m(ref)=0.1832
[ZSON3 EVAL] 928/1000 scene=yr17PDCnDDW.basis episode=5 target=plant success=1 spl=0.2681 reason=object_found steps=45 runtime=55.6s SR=70.80% (657/928) mean_SPL=0.3311 SR@0.1m(ref)=39.55% SPL@0.1m(ref)=0.1833
[ZSON3 EVAL] 929/1000 scene=yr17PDCnDDW.basis episode=6 target=plant success=1 spl=0.1710 reason=object_found steps=175 runtime=241.1s SR=70.83% (658/929) mean_SPL=0.3310 SR@0.1m(ref)=39.61% SPL@0.1m(ref)=0.1832
[ZSON3 EVAL] 930/1000 scene=yr17PDCnDDW.basis episode=7 target=chair success=1 spl=0.1973 reason=object_found steps=134 runtime=221.6s SR=70.86% (659/930) mean_SPL=0.3308 SR@0.1m(ref)=39.68% SPL@0.1m(ref)=0.1833
[ZSON3 EVAL] 931/1000 scene=yr17PDCnDDW.basis episode=8 target=chair success=1 spl=0.1512 reason=object_found steps=216 runtime=357.8s SR=70.89% (660/931) mean_SPL=0.3306 SR@0.1m(ref)=39.74% SPL@0.1m(ref)=0.1832
[ZSON3 EVAL] 932/1000 scene=yr17PDCnDDW.basis episode=9 target=chair success=1 spl=0.4776 reason=object_found steps=37 runtime=62.4s SR=70.92% (661/932) mean_SPL=0.3308 SR@0.1m(ref)=39.81% SPL@0.1m(ref)=0.1835
[ZSON3 EVAL] 933/1000 scene=yr17PDCnDDW.basis episode=10 target=chair success=1 spl=0.3632 reason=object_found steps=81 runtime=103.8s SR=70.95% (662/933) mean_SPL=0.3308 SR@0.1m(ref)=39.76% SPL@0.1m(ref)=0.1833
[ZSON3 EVAL] 934/1000 scene=yr17PDCnDDW.basis episode=11 target=chair success=1 spl=0.5587 reason=object_found steps=20 runtime=20.0s SR=70.99% (663/934) mean_SPL=0.3311 SR@0.1m(ref)=39.72% SPL@0.1m(ref)=0.1831
[ZSON3 EVAL] 935/1000 scene=yr17PDCnDDW.basis episode=12 target=chair success=1 spl=0.2033 reason=object_found steps=120 runtime=113.7s SR=71.02% (664/935) mean_SPL=0.3309 SR@0.1m(ref)=39.79% SPL@0.1m(ref)=0.1832
[ZSON3 EVAL] 936/1000 scene=yr17PDCnDDW.basis episode=13 target=chair success=1 spl=0.1348 reason=object_found steps=111 runtime=132.5s SR=71.05% (665/936) mean_SPL=0.3307 SR@0.1m(ref)=39.85% SPL@0.1m(ref)=0.1831
[ZSON3 EVAL] 937/1000 scene=yr17PDCnDDW.basis episode=14 target=sofa success=1 spl=0.4215 reason=object_found steps=205 runtime=347.6s SR=71.08% (666/937) mean_SPL=0.3308 SR@0.1m(ref)=39.81% SPL@0.1m(ref)=0.1829
[ZSON3 EVAL] 938/1000 scene=yr17PDCnDDW.basis episode=15 target=sofa success=0 spl=0.0000 reason=max_steps_reached steps=498 runtime=1143.9s SR=71.00% (666/938) mean_SPL=0.3305 SR@0.1m(ref)=39.77% SPL@0.1m(ref)=0.1827
[ZSON3 EVAL] 939/1000 scene=yr17PDCnDDW.basis episode=16 target=sofa success=1 spl=0.5568 reason=object_found steps=237 runtime=188.3s SR=71.03% (667/939) mean_SPL=0.3307 SR@0.1m(ref)=39.72% SPL@0.1m(ref)=0.1825
[ZSON3 EVAL] 940/1000 scene=yr17PDCnDDW.basis episode=17 target=sofa success=0 spl=0.0000 reason=false_positive steps=199 runtime=332.5s SR=70.96% (667/940) mean_SPL=0.3304 SR@0.1m(ref)=39.68% SPL@0.1m(ref)=0.1823
[ZSON3 EVAL] 941/1000 scene=yr17PDCnDDW.basis episode=18 target=sofa success=0 spl=0.0000 reason=false_positive steps=148 runtime=288.2s SR=70.88% (667/941) mean_SPL=0.3300 SR@0.1m(ref)=39.64% SPL@0.1m(ref)=0.1821
[ZSON3 EVAL] 942/1000 scene=yr17PDCnDDW.basis episode=19 target=sofa success=0 spl=0.0000 reason=false_positive steps=121 runtime=377.8s SR=70.81% (667/942) mean_SPL=0.3296 SR@0.1m(ref)=39.60% SPL@0.1m(ref)=0.1819
[ZSON3 EVAL] 943/1000 scene=yr17PDCnDDW.basis episode=20 target=sofa success=1 spl=0.1049 reason=object_found steps=419 runtime=1031.3s SR=70.84% (668/943) mean_SPL=0.3294 SR@0.1m(ref)=39.55% SPL@0.1m(ref)=0.1818
[ZSON3 EVAL] 944/1000 scene=yr17PDCnDDW.basis episode=21 target=tv_monitor success=0 spl=0.0000 reason=max_steps_reached steps=500 runtime=1331.7s SR=70.76% (668/944) mean_SPL=0.3291 SR@0.1m(ref)=39.51% SPL@0.1m(ref)=0.1816
[ZSON3 EVAL] 945/1000 scene=yr17PDCnDDW.basis episode=22 target=tv_monitor success=0 spl=0.0000 reason=max_steps_reached steps=495 runtime=1508.9s SR=70.69% (668/945) mean_SPL=0.3287 SR@0.1m(ref)=39.47% SPL@0.1m(ref)=0.1814
[ZSON3 EVAL] 946/1000 scene=yr17PDCnDDW.basis episode=23 target=tv_monitor success=0 spl=0.0000 reason=max_steps_reached steps=500 runtime=1612.9s SR=70.61% (668/946) mean_SPL=0.3284 SR@0.1m(ref)=39.43% SPL@0.1m(ref)=0.1812
[ZSON3 EVAL] 947/1000 scene=yr17PDCnDDW.basis episode=24 target=tv_monitor success=0 spl=0.0000 reason=max_steps_reached steps=500 runtime=1034.0s SR=70.54% (668/947) mean_SPL=0.3280 SR@0.1m(ref)=39.39% SPL@0.1m(ref)=0.1810
[ZSON3 EVAL] 948/1000 scene=yr17PDCnDDW.basis episode=25 target=tv_monitor success=0 spl=0.0000 reason=max_steps_reached steps=500 runtime=1347.5s SR=70.46% (668/948) mean_SPL=0.3277 SR@0.1m(ref)=39.35% SPL@0.1m(ref)=0.1808
[ZSON3 EVAL] 949/1000 scene=yr17PDCnDDW.basis episode=26 target=tv_monitor success=0 spl=0.0000 reason=max_steps_reached steps=500 runtime=1133.0s SR=70.39% (668/949) mean_SPL=0.3273 SR@0.1m(ref)=39.30% SPL@0.1m(ref)=0.1806
[ZSON3 EVAL] 950/1000 scene=yr17PDCnDDW.basis episode=27 target=tv_monitor success=0 spl=0.0000 reason=false_positive steps=321 runtime=629.9s SR=70.32% (668/950) mean_SPL=0.3270 SR@0.1m(ref)=39.26% SPL@0.1m(ref)=0.1804
[ZSON3 EVAL] 951/1000 scene=ziup5kvtCCR.basis episode=0 target=plant success=0 spl=0.0000 reason=max_steps_reached steps=497 runtime=314.8s SR=70.24% (668/951) mean_SPL=0.3266 SR@0.1m(ref)=39.22% SPL@0.1m(ref)=0.1802
[ZSON3 EVAL] 952/1000 scene=ziup5kvtCCR.basis episode=1 target=toilet success=1 spl=0.0986 reason=object_found steps=180 runtime=102.2s SR=70.27% (669/952) mean_SPL=0.3264 SR@0.1m(ref)=39.29% SPL@0.1m(ref)=0.1801
[ZSON3 EVAL] 953/1000 scene=ziup5kvtCCR.basis episode=2 target=bed success=1 spl=0.2132 reason=object_found steps=223 runtime=145.0s SR=70.30% (670/953) mean_SPL=0.3263 SR@0.1m(ref)=39.35% SPL@0.1m(ref)=0.1802
[ZSON3 EVAL] 954/1000 scene=ziup5kvtCCR.basis episode=3 target=tv_monitor success=0 spl=0.0000 reason=max_steps_reached steps=496 runtime=277.2s SR=70.23% (670/954) mean_SPL=0.3259 SR@0.1m(ref)=39.31% SPL@0.1m(ref)=0.1800
[ZSON3 EVAL] 955/1000 scene=ziup5kvtCCR.basis episode=4 target=sofa success=0 spl=0.0000 reason=false_positive steps=132 runtime=74.8s SR=70.16% (670/955) mean_SPL=0.3256 SR@0.1m(ref)=39.27% SPL@0.1m(ref)=0.1798
[ZSON3 EVAL] 956/1000 scene=ziup5kvtCCR.basis episode=5 target=bed success=1 spl=0.3307 reason=object_found steps=136 runtime=94.0s SR=70.19% (671/956) mean_SPL=0.3256 SR@0.1m(ref)=39.33% SPL@0.1m(ref)=0.1800
[ZSON3 EVAL] 957/1000 scene=ziup5kvtCCR.basis episode=6 target=tv_monitor success=1 spl=0.6505 reason=object_found steps=132 runtime=60.7s SR=70.22% (672/957) mean_SPL=0.3259 SR@0.1m(ref)=39.39% SPL@0.1m(ref)=0.1804
[ZSON3 EVAL] 958/1000 scene=ziup5kvtCCR.basis episode=7 target=toilet success=1 spl=0.5606 reason=object_found steps=219 runtime=123.2s SR=70.25% (673/958) mean_SPL=0.3262 SR@0.1m(ref)=39.46% SPL@0.1m(ref)=0.1808
[ZSON3 EVAL] 959/1000 scene=ziup5kvtCCR.basis episode=8 target=chair success=1 spl=0.6029 reason=object_found steps=57 runtime=27.6s SR=70.28% (674/959) mean_SPL=0.3265 SR@0.1m(ref)=39.52% SPL@0.1m(ref)=0.1813
[ZSON3 EVAL] 960/1000 scene=ziup5kvtCCR.basis episode=9 target=tv_monitor success=1 spl=0.0586 reason=object_found steps=321 runtime=230.9s SR=70.31% (675/960) mean_SPL=0.3262 SR@0.1m(ref)=39.58% SPL@0.1m(ref)=0.1812
[ZSON3 EVAL] 961/1000 scene=ziup5kvtCCR.basis episode=10 target=sofa success=0 spl=0.0000 reason=max_steps_reached steps=495 runtime=265.2s SR=70.24% (675/961) mean_SPL=0.3259 SR@0.1m(ref)=39.54% SPL@0.1m(ref)=0.1810
[ZSON3 EVAL] 962/1000 scene=ziup5kvtCCR.basis episode=11 target=plant success=1 spl=0.6156 reason=object_found steps=81 runtime=47.8s SR=70.27% (676/962) mean_SPL=0.3262 SR@0.1m(ref)=39.60% SPL@0.1m(ref)=0.1814
[ZSON3 EVAL] 963/1000 scene=ziup5kvtCCR.basis episode=12 target=chair success=1 spl=0.4088 reason=object_found steps=114 runtime=62.6s SR=70.30% (677/963) mean_SPL=0.3262 SR@0.1m(ref)=39.67% SPL@0.1m(ref)=0.1817
[ZSON3 EVAL] 964/1000 scene=ziup5kvtCCR.basis episode=13 target=chair success=1 spl=1.0000 reason=object_found steps=35 runtime=19.0s SR=70.33% (678/964) mean_SPL=0.3269 SR@0.1m(ref)=39.63% SPL@0.1m(ref)=0.1815
[ZSON3 EVAL] 965/1000 scene=ziup5kvtCCR.basis episode=14 target=bed success=1 spl=0.5145 reason=object_found steps=31 runtime=19.3s SR=70.36% (679/965) mean_SPL=0.3271 SR@0.1m(ref)=39.69% SPL@0.1m(ref)=0.1818
[ZSON3 EVAL] 966/1000 scene=ziup5kvtCCR.basis episode=15 target=sofa success=0 spl=0.0000 reason=false_positive steps=234 runtime=139.6s SR=70.29% (679/966) mean_SPL=0.3268 SR@0.1m(ref)=39.65% SPL@0.1m(ref)=0.1816
[ZSON3 EVAL] 967/1000 scene=ziup5kvtCCR.basis episode=16 target=chair success=1 spl=0.6971 reason=object_found steps=76 runtime=36.4s SR=70.32% (680/967) mean_SPL=0.3272 SR@0.1m(ref)=39.71% SPL@0.1m(ref)=0.1822
[ZSON3 EVAL] 968/1000 scene=ziup5kvtCCR.basis episode=17 target=bed success=1 spl=0.1580 reason=object_found steps=358 runtime=221.3s SR=70.35% (681/968) mean_SPL=0.3270 SR@0.1m(ref)=39.77% SPL@0.1m(ref)=0.1821
[ZSON3 EVAL] 969/1000 scene=ziup5kvtCCR.basis episode=18 target=tv_monitor success=1 spl=0.4047 reason=object_found steps=57 runtime=33.5s SR=70.38% (682/969) mean_SPL=0.3271 SR@0.1m(ref)=39.83% SPL@0.1m(ref)=0.1824
[ZSON3 EVAL] 970/1000 scene=ziup5kvtCCR.basis episode=19 target=sofa success=1 spl=0.8491 reason=object_found steps=50 runtime=28.5s SR=70.41% (683/970) mean_SPL=0.3276 SR@0.1m(ref)=39.90% SPL@0.1m(ref)=0.1830
[ZSON3 EVAL] 971/1000 scene=ziup5kvtCCR.basis episode=20 target=plant success=1 spl=0.2509 reason=object_found steps=170 runtime=88.8s SR=70.44% (684/971) mean_SPL=0.3275 SR@0.1m(ref)=39.96% SPL@0.1m(ref)=0.1831
[ZSON3 EVAL] 972/1000 scene=ziup5kvtCCR.basis episode=21 target=sofa success=1 spl=0.8082 reason=object_found steps=38 runtime=22.1s SR=70.47% (685/972) mean_SPL=0.3280 SR@0.1m(ref)=40.02% SPL@0.1m(ref)=0.1838
[ZSON3 EVAL] 973/1000 scene=ziup5kvtCCR.basis episode=22 target=chair success=1 spl=0.4938 reason=object_found steps=113 runtime=59.1s SR=70.50% (686/973) mean_SPL=0.3282 SR@0.1m(ref)=40.08% SPL@0.1m(ref)=0.1841
[ZSON3 EVAL] 974/1000 scene=ziup5kvtCCR.basis episode=23 target=bed success=1 spl=0.3502 reason=object_found steps=116 runtime=66.9s SR=70.53% (687/974) mean_SPL=0.3282 SR@0.1m(ref)=40.14% SPL@0.1m(ref)=0.1842
[ZSON3 EVAL] 975/1000 scene=ziup5kvtCCR.basis episode=24 target=toilet success=1 spl=0.1475 reason=object_found steps=347 runtime=293.5s SR=70.56% (688/975) mean_SPL=0.3280 SR@0.1m(ref)=40.21% SPL@0.1m(ref)=0.1842
[ZSON3 EVAL] 976/1000 scene=ziup5kvtCCR.basis episode=25 target=toilet success=1 spl=0.8638 reason=object_found steps=107 runtime=81.0s SR=70.59% (689/976) mean_SPL=0.3286 SR@0.1m(ref)=40.27% SPL@0.1m(ref)=0.1849
[ZSON3 EVAL] 977/1000 scene=ziup5kvtCCR.basis episode=26 target=plant success=1 spl=0.9261 reason=object_found steps=91 runtime=37.2s SR=70.62% (690/977) mean_SPL=0.3292 SR@0.1m(ref)=40.23% SPL@0.1m(ref)=0.1847
[ZSON3 EVAL] 978/1000 scene=ziup5kvtCCR.basis episode=27 target=toilet success=1 spl=0.8965 reason=object_found steps=93 runtime=60.3s SR=70.65% (691/978) mean_SPL=0.3298 SR@0.1m(ref)=40.29% SPL@0.1m(ref)=0.1854
[ZSON3 EVAL] 979/1000 scene=zt1RVoi7PcG.basis episode=0 target=chair success=1 spl=0.4482 reason=object_found steps=84 runtime=55.7s SR=70.68% (692/979) mean_SPL=0.3299 SR@0.1m(ref)=40.25% SPL@0.1m(ref)=0.1853
[ZSON3 EVAL] 980/1000 scene=zt1RVoi7PcG.basis episode=1 target=bed success=1 spl=0.7187 reason=object_found steps=28 runtime=16.9s SR=70.71% (693/980) mean_SPL=0.3303 SR@0.1m(ref)=40.20% SPL@0.1m(ref)=0.1851
[ZSON3 EVAL] 981/1000 scene=zt1RVoi7PcG.basis episode=2 target=plant success=0 spl=0.0000 reason=max_steps_reached steps=496 runtime=452.6s SR=70.64% (693/981) mean_SPL=0.3300 SR@0.1m(ref)=40.16% SPL@0.1m(ref)=0.1849
[ZSON3 EVAL] 982/1000 scene=zt1RVoi7PcG.basis episode=3 target=bed success=1 spl=0.5185 reason=object_found steps=41 runtime=17.8s SR=70.67% (694/982) mean_SPL=0.3302 SR@0.1m(ref)=40.12% SPL@0.1m(ref)=0.1847
[ZSON3 EVAL] 983/1000 scene=zt1RVoi7PcG.basis episode=4 target=sofa success=1 spl=0.2578 reason=object_found steps=132 runtime=94.1s SR=70.70% (695/983) mean_SPL=0.3301 SR@0.1m(ref)=40.08% SPL@0.1m(ref)=0.1845
[ZSON3 EVAL] 984/1000 scene=zt1RVoi7PcG.basis episode=5 target=toilet success=1 spl=0.2510 reason=object_found steps=301 runtime=182.1s SR=70.73% (696/984) mean_SPL=0.3300 SR@0.1m(ref)=40.04% SPL@0.1m(ref)=0.1843
[ZSON3 EVAL] 985/1000 scene=zt1RVoi7PcG.basis episode=6 target=chair success=1 spl=0.3476 reason=object_found steps=117 runtime=115.6s SR=70.76% (697/985) mean_SPL=0.3300 SR@0.1m(ref)=40.00% SPL@0.1m(ref)=0.1841
[ZSON3 EVAL] 986/1000 scene=zt1RVoi7PcG.basis episode=7 target=plant success=0 spl=0.0000 reason=max_steps_reached steps=500 runtime=357.2s SR=70.69% (697/986) mean_SPL=0.3297 SR@0.1m(ref)=39.96% SPL@0.1m(ref)=0.1839
[ZSON3 EVAL] 987/1000 scene=zt1RVoi7PcG.basis episode=8 target=sofa success=1 spl=0.7727 reason=object_found steps=41 runtime=24.2s SR=70.72% (698/987) mean_SPL=0.3301 SR@0.1m(ref)=40.02% SPL@0.1m(ref)=0.1845
[ZSON3 EVAL] 988/1000 scene=zt1RVoi7PcG.basis episode=9 target=chair success=1 spl=0.0705 reason=object_found steps=197 runtime=186.9s SR=70.75% (699/988) mean_SPL=0.3299 SR@0.1m(ref)=39.98% SPL@0.1m(ref)=0.1844
[ZSON3 EVAL] 989/1000 scene=zt1RVoi7PcG.basis episode=10 target=sofa success=1 spl=0.6851 reason=object_found steps=56 runtime=46.4s SR=70.78% (700/989) mean_SPL=0.3302 SR@0.1m(ref)=39.94% SPL@0.1m(ref)=0.1842
[ZSON3 EVAL] 990/1000 scene=zt1RVoi7PcG.basis episode=11 target=tv_monitor success=1 spl=0.3008 reason=object_found steps=169 runtime=105.6s SR=70.81% (701/990) mean_SPL=0.3302 SR@0.1m(ref)=39.90% SPL@0.1m(ref)=0.1840
[ZSON3 EVAL] 991/1000 scene=zt1RVoi7PcG.basis episode=12 target=toilet success=0 spl=0.0000 reason=max_steps_reached steps=500 runtime=321.4s SR=70.74% (701/991) mean_SPL=0.3299 SR@0.1m(ref)=39.86% SPL@0.1m(ref)=0.1838
[ZSON3 EVAL] 992/1000 scene=zt1RVoi7PcG.basis episode=13 target=sofa success=1 spl=0.5645 reason=object_found steps=117 runtime=70.7s SR=70.77% (702/992) mean_SPL=0.3301 SR@0.1m(ref)=39.82% SPL@0.1m(ref)=0.1836
[ZSON3 EVAL] 993/1000 scene=zt1RVoi7PcG.basis episode=14 target=tv_monitor success=1 spl=0.7780 reason=object_found steps=56 runtime=31.4s SR=70.80% (703/993) mean_SPL=0.3306 SR@0.1m(ref)=39.78% SPL@0.1m(ref)=0.1834
[ZSON3 EVAL] 994/1000 scene=zt1RVoi7PcG.basis episode=15 target=bed success=1 spl=0.3312 reason=object_found steps=73 runtime=50.7s SR=70.82% (704/994) mean_SPL=0.3306 SR@0.1m(ref)=39.74% SPL@0.1m(ref)=0.1832
[ZSON3 EVAL] 995/1000 scene=zt1RVoi7PcG.basis episode=16 target=chair success=1 spl=0.6250 reason=object_found steps=84 runtime=58.8s SR=70.85% (705/995) mean_SPL=0.3309 SR@0.1m(ref)=39.70% SPL@0.1m(ref)=0.1831
[ZSON3 EVAL] 996/1000 scene=zt1RVoi7PcG.basis episode=17 target=tv_monitor success=0 spl=0.0000 reason=robot_stuck steps=268 runtime=145.1s SR=70.78% (705/996) mean_SPL=0.3305 SR@0.1m(ref)=39.66% SPL@0.1m(ref)=0.1829
[ZSON3 EVAL] 997/1000 scene=zt1RVoi7PcG.basis episode=18 target=sofa success=1 spl=0.1350 reason=object_found steps=183 runtime=143.8s SR=70.81% (706/997) mean_SPL=0.3303 SR@0.1m(ref)=39.62% SPL@0.1m(ref)=0.1827
[ZSON3 EVAL] 998/1000 scene=zt1RVoi7PcG.basis episode=19 target=plant success=0 spl=0.0000 reason=max_steps_reached steps=492 runtime=517.6s SR=70.74% (706/998) mean_SPL=0.3300 SR@0.1m(ref)=39.58% SPL@0.1m(ref)=0.1825
[ZSON3 EVAL] 999/1000 scene=zt1RVoi7PcG.basis episode=20 target=toilet success=1 spl=0.2608 reason=object_found steps=312 runtime=193.3s SR=70.77% (707/999) mean_SPL=0.3299 SR@0.1m(ref)=39.54% SPL@0.1m(ref)=0.1823
[ZSON3 EVAL] 1000/1000 scene=zt1RVoi7PcG.basis episode=21 target=tv_monitor success=1 spl=0.3128 reason=object_found steps=139 runtime=100.6s SR=70.80% (708/1000) mean_SPL=0.3299 SR@0.1m(ref)=39.50% SPL@0.1m(ref)=0.1821
[ZSON3 SUMMARY] episodes=1000 SR=70.80% SPL=0.3299 SR@0.1m(ref)=39.50% SPL@0.1m(ref)=0.1821 exceptions=0
