[ZSON3 LAUNCH] full_hm3dv1 run_id=openfrontier_base_sam3_full_hm3dv1_2000_seed20260727
[ZSON3 EVAL] start dataset=HM3Dv1-val seed=20260727 episodes=2000 mode=all resume_from=0 qwen_attention=unknown
[ZSON3 EVAL] 1/2000 scene=4ok3usBNeis.basis episode=0 target=bed success=1 spl=0.6188 reason=object_found steps=90 runtime=70.9s SR=100.00% (1/1) mean_SPL=0.6188 SR@0.1m(ref)=100.00% SPL@0.1m(ref)=0.6188
[ZSON3 EVAL] 2/2000 scene=4ok3usBNeis.basis episode=1 target=bed success=1 spl=0.7518 reason=object_found steps=33 runtime=25.2s SR=100.00% (2/2) mean_SPL=0.6853 SR@0.1m(ref)=100.00% SPL@0.1m(ref)=0.6853
[ZSON3 EVAL] 3/2000 scene=4ok3usBNeis.basis episode=2 target=bed success=1 spl=0.5740 reason=object_found steps=84 runtime=51.8s SR=100.00% (3/3) mean_SPL=0.6482 SR@0.1m(ref)=100.00% SPL@0.1m(ref)=0.6482
[ZSON3 EVAL] 4/2000 scene=4ok3usBNeis.basis episode=3 target=toilet success=1 spl=0.6400 reason=object_found steps=96 runtime=43.1s SR=100.00% (4/4) mean_SPL=0.6461 SR@0.1m(ref)=100.00% SPL@0.1m(ref)=0.6461
[ZSON3 EVAL] 5/2000 scene=4ok3usBNeis.basis episode=4 target=chair success=1 spl=0.7282 reason=object_found steps=61 runtime=39.2s SR=100.00% (5/5) mean_SPL=0.6625 SR@0.1m(ref)=100.00% SPL@0.1m(ref)=0.6625
[ZSON3 EVAL] 6/2000 scene=4ok3usBNeis.basis episode=5 target=toilet success=0 spl=0.0000 reason=false_positive steps=92 runtime=43.6s SR=83.33% (5/6) mean_SPL=0.5521 SR@0.1m(ref)=83.33% SPL@0.1m(ref)=0.5521
[ZSON3 EVAL] 7/2000 scene=4ok3usBNeis.basis episode=6 target=toilet success=1 spl=0.3697 reason=object_found steps=176 runtime=108.9s SR=85.71% (6/7) mean_SPL=0.5261 SR@0.1m(ref)=85.71% SPL@0.1m(ref)=0.5261
[ZSON3 EVAL] 8/2000 scene=4ok3usBNeis.basis episode=7 target=chair success=0 spl=0.0000 reason=false_positive steps=60 runtime=31.1s SR=75.00% (6/8) mean_SPL=0.4603 SR@0.1m(ref)=75.00% SPL@0.1m(ref)=0.4603
[ZSON3 EVAL] 9/2000 scene=4ok3usBNeis.basis episode=8 target=bed success=1 spl=0.7372 reason=object_found steps=57 runtime=38.2s SR=77.78% (7/9) mean_SPL=0.4911 SR@0.1m(ref)=77.78% SPL@0.1m(ref)=0.4911
[ZSON3 EVAL] 10/2000 scene=4ok3usBNeis.basis episode=9 target=bed success=1 spl=0.4810 reason=object_found steps=123 runtime=82.2s SR=80.00% (8/10) mean_SPL=0.4901 SR@0.1m(ref)=80.00% SPL@0.1m(ref)=0.4901
[ZSON3 EVAL] 11/2000 scene=4ok3usBNeis.basis episode=10 target=sofa success=1 spl=0.6818 reason=object_found steps=87 runtime=53.9s SR=81.82% (9/11) mean_SPL=0.5075 SR@0.1m(ref)=81.82% SPL@0.1m(ref)=0.5075
[ZSON3 EVAL] 12/2000 scene=4ok3usBNeis.basis episode=11 target=sofa success=1 spl=0.3539 reason=object_found steps=117 runtime=60.7s SR=83.33% (10/12) mean_SPL=0.4947 SR@0.1m(ref)=83.33% SPL@0.1m(ref)=0.4947
[ZSON3 EVAL] 13/2000 scene=4ok3usBNeis.basis episode=12 target=toilet success=1 spl=0.5021 reason=object_found steps=79 runtime=34.1s SR=84.62% (11/13) mean_SPL=0.4953 SR@0.1m(ref)=84.62% SPL@0.1m(ref)=0.4953
[ZSON3 EVAL] 14/2000 scene=4ok3usBNeis.basis episode=13 target=toilet success=0 spl=0.0000 reason=false_positive steps=44 runtime=24.8s SR=78.57% (11/14) mean_SPL=0.4599 SR@0.1m(ref)=78.57% SPL@0.1m(ref)=0.4599
[ZSON3 EVAL] 15/2000 scene=4ok3usBNeis.basis episode=14 target=tv_monitor success=0 spl=0.0000 reason=max_steps_reached steps=493 runtime=260.7s SR=73.33% (11/15) mean_SPL=0.4292 SR@0.1m(ref)=73.33% SPL@0.1m(ref)=0.4292
[ZSON3 EVAL] 16/2000 scene=4ok3usBNeis.basis episode=15 target=sofa success=1 spl=0.2942 reason=object_found steps=338 runtime=179.1s SR=75.00% (12/16) mean_SPL=0.4208 SR@0.1m(ref)=75.00% SPL@0.1m(ref)=0.4208
[ZSON3 EVAL] 17/2000 scene=4ok3usBNeis.basis episode=16 target=sofa success=1 spl=0.8779 reason=object_found steps=67 runtime=44.9s SR=76.47% (13/17) mean_SPL=0.4477 SR@0.1m(ref)=76.47% SPL@0.1m(ref)=0.4477
[ZSON3 EVAL] 18/2000 scene=4ok3usBNeis.basis episode=17 target=toilet success=0 spl=0.0000 reason=false_positive steps=54 runtime=29.0s SR=72.22% (13/18) mean_SPL=0.4228 SR@0.1m(ref)=72.22% SPL@0.1m(ref)=0.4228
[ZSON3 EVAL] 19/2000 scene=4ok3usBNeis.basis episode=18 target=sofa success=1 spl=0.3761 reason=object_found steps=159 runtime=67.8s SR=73.68% (14/19) mean_SPL=0.4204 SR@0.1m(ref)=73.68% SPL@0.1m(ref)=0.4204
[ZSON3 EVAL] 20/2000 scene=4ok3usBNeis.basis episode=19 target=sofa success=1 spl=0.1753 reason=object_found steps=185 runtime=109.0s SR=75.00% (15/20) mean_SPL=0.4081 SR@0.1m(ref)=75.00% SPL@0.1m(ref)=0.4081
[ZSON3 EVAL] 21/2000 scene=4ok3usBNeis.basis episode=20 target=chair success=1 spl=0.7333 reason=object_found steps=69 runtime=39.3s SR=76.19% (16/21) mean_SPL=0.4236 SR@0.1m(ref)=76.19% SPL@0.1m(ref)=0.4236
[ZSON3 EVAL] 22/2000 scene=4ok3usBNeis.basis episode=21 target=tv_monitor success=0 spl=0.0000 reason=false_positive steps=262 runtime=142.1s SR=72.73% (16/22) mean_SPL=0.4043 SR@0.1m(ref)=72.73% SPL@0.1m(ref)=0.4043
[ZSON3 EVAL] 23/2000 scene=4ok3usBNeis.basis episode=22 target=chair success=1 spl=0.8360 reason=object_found steps=39 runtime=19.4s SR=73.91% (17/23) mean_SPL=0.4231 SR@0.1m(ref)=73.91% SPL@0.1m(ref)=0.4231
[ZSON3 EVAL] 24/2000 scene=4ok3usBNeis.basis episode=23 target=chair success=1 spl=0.5960 reason=object_found steps=146 runtime=75.9s SR=75.00% (18/24) mean_SPL=0.4303 SR@0.1m(ref)=75.00% SPL@0.1m(ref)=0.4303
[ZSON3 EVAL] 25/2000 scene=4ok3usBNeis.basis episode=24 target=tv_monitor success=1 spl=0.3123 reason=object_found steps=110 runtime=69.6s SR=76.00% (19/25) mean_SPL=0.4256 SR@0.1m(ref)=76.00% SPL@0.1m(ref)=0.4256
[ZSON3 EVAL] 26/2000 scene=4ok3usBNeis.basis episode=25 target=bed success=1 spl=0.3805 reason=object_found steps=73 runtime=55.8s SR=76.92% (20/26) mean_SPL=0.4238 SR@0.1m(ref)=76.92% SPL@0.1m(ref)=0.4238
[ZSON3 EVAL] 27/2000 scene=4ok3usBNeis.basis episode=26 target=bed success=1 spl=0.8106 reason=object_found steps=28 runtime=15.1s SR=77.78% (21/27) mean_SPL=0.4382 SR@0.1m(ref)=77.78% SPL@0.1m(ref)=0.4382
[ZSON3 EVAL] 28/2000 scene=4ok3usBNeis.basis episode=27 target=tv_monitor success=1 spl=0.1877 reason=object_found steps=138 runtime=81.0s SR=78.57% (22/28) mean_SPL=0.4292 SR@0.1m(ref)=78.57% SPL@0.1m(ref)=0.4292
[ZSON3 EVAL] 29/2000 scene=4ok3usBNeis.basis episode=28 target=sofa success=1 spl=0.4524 reason=object_found steps=60 runtime=31.2s SR=79.31% (23/29) mean_SPL=0.4300 SR@0.1m(ref)=79.31% SPL@0.1m(ref)=0.4300
[ZSON3 EVAL] 30/2000 scene=4ok3usBNeis.basis episode=29 target=tv_monitor success=1 spl=0.6044 reason=object_found steps=96 runtime=63.9s SR=80.00% (24/30) mean_SPL=0.4358 SR@0.1m(ref)=80.00% SPL@0.1m(ref)=0.4358
[ZSON3 EVAL] 31/2000 scene=4ok3usBNeis.basis episode=30 target=bed success=1 spl=0.7587 reason=object_found steps=92 runtime=55.8s SR=80.65% (25/31) mean_SPL=0.4463 SR@0.1m(ref)=80.65% SPL@0.1m(ref)=0.4463
[ZSON3 EVAL] 32/2000 scene=4ok3usBNeis.basis episode=31 target=chair success=1 spl=0.4347 reason=object_found steps=82 runtime=34.7s SR=81.25% (26/32) mean_SPL=0.4459 SR@0.1m(ref)=81.25% SPL@0.1m(ref)=0.4459
[ZSON3 EVAL] 33/2000 scene=4ok3usBNeis.basis episode=32 target=chair success=1 spl=0.7064 reason=object_found steps=100 runtime=56.8s SR=81.82% (27/33) mean_SPL=0.4538 SR@0.1m(ref)=81.82% SPL@0.1m(ref)=0.4538
[ZSON3 EVAL] 34/2000 scene=4ok3usBNeis.basis episode=33 target=tv_monitor success=0 spl=0.0000 reason=max_steps_reached steps=484 runtime=245.6s SR=79.41% (27/34) mean_SPL=0.4404 SR@0.1m(ref)=79.41% SPL@0.1m(ref)=0.4404
[ZSON3 EVAL] 35/2000 scene=4ok3usBNeis.basis episode=34 target=sofa success=1 spl=0.5094 reason=object_found steps=142 runtime=91.8s SR=80.00% (28/35) mean_SPL=0.4424 SR@0.1m(ref)=80.00% SPL@0.1m(ref)=0.4424
[ZSON3 EVAL] 36/2000 scene=4ok3usBNeis.basis episode=35 target=sofa success=1 spl=0.5775 reason=object_found steps=83 runtime=121.1s SR=80.56% (29/36) mean_SPL=0.4462 SR@0.1m(ref)=80.56% SPL@0.1m(ref)=0.4462
[ZSON3 EVAL] 37/2000 scene=4ok3usBNeis.basis episode=36 target=chair success=1 spl=0.3303 reason=object_found steps=100 runtime=48.0s SR=81.08% (30/37) mean_SPL=0.4430 SR@0.1m(ref)=81.08% SPL@0.1m(ref)=0.4430
[ZSON3 EVAL] 38/2000 scene=4ok3usBNeis.basis episode=37 target=tv_monitor success=0 spl=0.0000 reason=max_steps_reached steps=495 runtime=220.8s SR=78.95% (30/38) mean_SPL=0.4314 SR@0.1m(ref)=78.95% SPL@0.1m(ref)=0.4314
[ZSON3 EVAL] 39/2000 scene=4ok3usBNeis.basis episode=38 target=toilet success=0 spl=0.0000 reason=false_positive steps=38 runtime=27.2s SR=76.92% (30/39) mean_SPL=0.4203 SR@0.1m(ref)=76.92% SPL@0.1m(ref)=0.4203
[ZSON3 EVAL] 40/2000 scene=4ok3usBNeis.basis episode=39 target=toilet success=0 spl=0.0000 reason=false_positive steps=43 runtime=22.0s SR=75.00% (30/40) mean_SPL=0.4098 SR@0.1m(ref)=75.00% SPL@0.1m(ref)=0.4098
[ZSON3 EVAL] 41/2000 scene=4ok3usBNeis.basis episode=40 target=toilet success=1 spl=0.2297 reason=object_found steps=317 runtime=190.3s SR=75.61% (31/41) mean_SPL=0.4054 SR@0.1m(ref)=75.61% SPL@0.1m(ref)=0.4054
[ZSON3 EVAL] 42/2000 scene=4ok3usBNeis.basis episode=41 target=toilet success=1 spl=0.2453 reason=object_found steps=242 runtime=169.2s SR=76.19% (32/42) mean_SPL=0.4016 SR@0.1m(ref)=76.19% SPL@0.1m(ref)=0.4016
[ZSON3 EVAL] 43/2000 scene=4ok3usBNeis.basis episode=42 target=bed success=1 spl=0.2141 reason=object_found steps=159 runtime=100.8s SR=76.74% (33/43) mean_SPL=0.3972 SR@0.1m(ref)=76.74% SPL@0.1m(ref)=0.3972
[ZSON3 EVAL] 44/2000 scene=4ok3usBNeis.basis episode=43 target=toilet success=1 spl=0.1062 reason=object_found steps=233 runtime=134.2s SR=77.27% (34/44) mean_SPL=0.3906 SR@0.1m(ref)=77.27% SPL@0.1m(ref)=0.3906
[ZSON3 EVAL] 45/2000 scene=4ok3usBNeis.basis episode=44 target=toilet success=0 spl=0.0000 reason=max_steps_reached steps=500 runtime=264.2s SR=75.56% (34/45) mean_SPL=0.3819 SR@0.1m(ref)=75.56% SPL@0.1m(ref)=0.3819
[ZSON3 EVAL] 46/2000 scene=4ok3usBNeis.basis episode=45 target=tv_monitor success=0 spl=0.0000 reason=max_steps_reached steps=499 runtime=247.8s SR=73.91% (34/46) mean_SPL=0.3736 SR@0.1m(ref)=73.91% SPL@0.1m(ref)=0.3736
[ZSON3 EVAL] 47/2000 scene=4ok3usBNeis.basis episode=46 target=chair success=0 spl=0.0000 reason=false_positive steps=167 runtime=116.5s SR=72.34% (34/47) mean_SPL=0.3657 SR@0.1m(ref)=72.34% SPL@0.1m(ref)=0.3657
[ZSON3 EVAL] 48/2000 scene=4ok3usBNeis.basis episode=47 target=chair success=0 spl=0.0000 reason=false_positive steps=25 runtime=15.7s SR=70.83% (34/48) mean_SPL=0.3581 SR@0.1m(ref)=70.83% SPL@0.1m(ref)=0.3581
[ZSON3 EVAL] 49/2000 scene=4ok3usBNeis.basis episode=48 target=bed success=1 spl=0.6440 reason=object_found steps=97 runtime=63.0s SR=71.43% (35/49) mean_SPL=0.3639 SR@0.1m(ref)=71.43% SPL@0.1m(ref)=0.3639
[ZSON3 EVAL] 50/2000 scene=4ok3usBNeis.basis episode=49 target=sofa success=1 spl=0.6524 reason=object_found steps=93 runtime=50.7s SR=72.00% (36/50) mean_SPL=0.3697 SR@0.1m(ref)=72.00% SPL@0.1m(ref)=0.3697
[ZSON3 EVAL] 51/2000 scene=4ok3usBNeis.basis episode=50 target=tv_monitor success=1 spl=0.8154 reason=object_found steps=98 runtime=50.9s SR=72.55% (37/51) mean_SPL=0.3784 SR@0.1m(ref)=72.55% SPL@0.1m(ref)=0.3784
[ZSON3 EVAL] 52/2000 scene=4ok3usBNeis.basis episode=51 target=bed success=1 spl=0.8745 reason=object_found steps=95 runtime=53.2s SR=73.08% (38/52) mean_SPL=0.3880 SR@0.1m(ref)=73.08% SPL@0.1m(ref)=0.3880
[ZSON3 EVAL] 53/2000 scene=4ok3usBNeis.basis episode=52 target=toilet success=1 spl=0.8243 reason=object_found steps=62 runtime=33.9s SR=73.58% (39/53) mean_SPL=0.3962 SR@0.1m(ref)=73.58% SPL@0.1m(ref)=0.3962
[ZSON3 EVAL] 54/2000 scene=4ok3usBNeis.basis episode=53 target=bed success=1 spl=0.7830 reason=object_found steps=87 runtime=46.8s SR=74.07% (40/54) mean_SPL=0.4034 SR@0.1m(ref)=74.07% SPL@0.1m(ref)=0.4034
[ZSON3 EVAL] 55/2000 scene=4ok3usBNeis.basis episode=54 target=toilet success=0 spl=0.0000 reason=false_positive steps=116 runtime=74.1s SR=72.73% (40/55) mean_SPL=0.3960 SR@0.1m(ref)=72.73% SPL@0.1m(ref)=0.3960
[ZSON3 EVAL] 56/2000 scene=4ok3usBNeis.basis episode=55 target=bed success=1 spl=0.7680 reason=object_found steps=69 runtime=42.8s SR=73.21% (41/56) mean_SPL=0.4027 SR@0.1m(ref)=73.21% SPL@0.1m(ref)=0.4027
[ZSON3 EVAL] 57/2000 scene=4ok3usBNeis.basis episode=56 target=sofa success=1 spl=0.7964 reason=object_found steps=67 runtime=44.3s SR=73.68% (42/57) mean_SPL=0.4096 SR@0.1m(ref)=73.68% SPL@0.1m(ref)=0.4096
[ZSON3 EVAL] 58/2000 scene=4ok3usBNeis.basis episode=57 target=bed success=1 spl=0.7563 reason=object_found steps=79 runtime=53.2s SR=74.14% (43/58) mean_SPL=0.4155 SR@0.1m(ref)=74.14% SPL@0.1m(ref)=0.4155
[ZSON3 EVAL] 59/2000 scene=4ok3usBNeis.basis episode=58 target=toilet success=0 spl=0.0000 reason=max_steps_reached steps=493 runtime=271.3s SR=72.88% (43/59) mean_SPL=0.4085 SR@0.1m(ref)=72.88% SPL@0.1m(ref)=0.4085
[ZSON3 EVAL] 60/2000 scene=4ok3usBNeis.basis episode=59 target=chair success=0 spl=0.0000 reason=false_positive steps=122 runtime=60.9s SR=71.67% (43/60) mean_SPL=0.4017 SR@0.1m(ref)=71.67% SPL@0.1m(ref)=0.4017
[ZSON3 EVAL] 61/2000 scene=4ok3usBNeis.basis episode=60 target=sofa success=1 spl=0.8650 reason=object_found steps=68 runtime=41.8s SR=72.13% (44/61) mean_SPL=0.4093 SR@0.1m(ref)=72.13% SPL@0.1m(ref)=0.4093
[ZSON3 EVAL] 62/2000 scene=4ok3usBNeis.basis episode=61 target=tv_monitor success=0 spl=0.0000 reason=max_steps_reached steps=488 runtime=254.5s SR=70.97% (44/62) mean_SPL=0.4027 SR@0.1m(ref)=70.97% SPL@0.1m(ref)=0.4027
[ZSON3 EVAL] 63/2000 scene=4ok3usBNeis.basis episode=62 target=bed success=1 spl=0.3429 reason=object_found steps=131 runtime=73.6s SR=71.43% (45/63) mean_SPL=0.4017 SR@0.1m(ref)=71.43% SPL@0.1m(ref)=0.4017
[ZSON3 EVAL] 64/2000 scene=4ok3usBNeis.basis episode=63 target=sofa success=0 spl=0.0000 reason=max_steps_reached steps=500 runtime=199.9s SR=70.31% (45/64) mean_SPL=0.3955 SR@0.1m(ref)=70.31% SPL@0.1m(ref)=0.3955
[ZSON3 EVAL] 65/2000 scene=4ok3usBNeis.basis episode=64 target=bed success=1 spl=0.7145 reason=object_found steps=92 runtime=59.8s SR=70.77% (46/65) mean_SPL=0.4004 SR@0.1m(ref)=70.77% SPL@0.1m(ref)=0.4004
[ZSON3 EVAL] 66/2000 scene=4ok3usBNeis.basis episode=65 target=sofa success=1 spl=0.3141 reason=object_found steps=159 runtime=90.6s SR=71.21% (47/66) mean_SPL=0.3991 SR@0.1m(ref)=71.21% SPL@0.1m(ref)=0.3991
[ZSON3 EVAL] 67/2000 scene=4ok3usBNeis.basis episode=66 target=chair success=1 spl=0.4874 reason=object_found steps=101 runtime=52.6s SR=71.64% (48/67) mean_SPL=0.4004 SR@0.1m(ref)=71.64% SPL@0.1m(ref)=0.4004
[ZSON3 EVAL] 68/2000 scene=4ok3usBNeis.basis episode=67 target=bed success=1 spl=0.6584 reason=object_found steps=137 runtime=83.0s SR=72.06% (49/68) mean_SPL=0.4042 SR@0.1m(ref)=72.06% SPL@0.1m(ref)=0.4042
[ZSON3 EVAL] 69/2000 scene=4ok3usBNeis.basis episode=68 target=sofa success=1 spl=0.5665 reason=object_found steps=68 runtime=40.4s SR=72.46% (50/69) mean_SPL=0.4065 SR@0.1m(ref)=72.46% SPL@0.1m(ref)=0.4065
[ZSON3 EVAL] 70/2000 scene=4ok3usBNeis.basis episode=69 target=toilet success=1 spl=0.1177 reason=object_found steps=241 runtime=150.1s SR=72.86% (51/70) mean_SPL=0.4024 SR@0.1m(ref)=72.86% SPL@0.1m(ref)=0.4024
[ZSON3 EVAL] 71/2000 scene=4ok3usBNeis.basis episode=70 target=bed success=1 spl=0.8709 reason=object_found steps=78 runtime=50.3s SR=73.24% (52/71) mean_SPL=0.4090 SR@0.1m(ref)=73.24% SPL@0.1m(ref)=0.4090
[ZSON3 EVAL] 72/2000 scene=4ok3usBNeis.basis episode=71 target=sofa success=0 spl=0.0000 reason=false_positive steps=68 runtime=41.5s SR=72.22% (52/72) mean_SPL=0.4033 SR@0.1m(ref)=72.22% SPL@0.1m(ref)=0.4033
[ZSON3 EVAL] 73/2000 scene=4ok3usBNeis.basis episode=72 target=tv_monitor success=1 spl=0.4982 reason=object_found steps=168 runtime=101.3s SR=72.60% (53/73) mean_SPL=0.4046 SR@0.1m(ref)=72.60% SPL@0.1m(ref)=0.4046
[ZSON3 EVAL] 74/2000 scene=4ok3usBNeis.basis episode=73 target=toilet success=1 spl=0.2820 reason=object_found steps=185 runtime=119.7s SR=72.97% (54/74) mean_SPL=0.4030 SR@0.1m(ref)=72.97% SPL@0.1m(ref)=0.4030
[ZSON3 EVAL] 75/2000 scene=4ok3usBNeis.basis episode=74 target=tv_monitor success=0 spl=0.0000 reason=max_steps_reached steps=493 runtime=280.4s SR=72.00% (54/75) mean_SPL=0.3976 SR@0.1m(ref)=72.00% SPL@0.1m(ref)=0.3976
[ZSON3 EVAL] 76/2000 scene=4ok3usBNeis.basis episode=75 target=sofa success=1 spl=0.7838 reason=object_found steps=93 runtime=57.9s SR=72.37% (55/76) mean_SPL=0.4027 SR@0.1m(ref)=72.37% SPL@0.1m(ref)=0.4027
[ZSON3 EVAL] 77/2000 scene=4ok3usBNeis.basis episode=76 target=toilet success=1 spl=0.5299 reason=object_found steps=85 runtime=46.8s SR=72.73% (56/77) mean_SPL=0.4043 SR@0.1m(ref)=72.73% SPL@0.1m(ref)=0.4043
[ZSON3 EVAL] 78/2000 scene=4ok3usBNeis.basis episode=77 target=sofa success=1 spl=0.5075 reason=object_found steps=96 runtime=56.6s SR=73.08% (57/78) mean_SPL=0.4056 SR@0.1m(ref)=73.08% SPL@0.1m(ref)=0.4056
[ZSON3 EVAL] 79/2000 scene=4ok3usBNeis.basis episode=78 target=bed success=1 spl=0.3725 reason=object_found steps=133 runtime=82.4s SR=73.42% (58/79) mean_SPL=0.4052 SR@0.1m(ref)=73.42% SPL@0.1m(ref)=0.4052
[ZSON3 EVAL] 80/2000 scene=4ok3usBNeis.basis episode=79 target=bed success=1 spl=0.4374 reason=object_found steps=80 runtime=61.3s SR=73.75% (59/80) mean_SPL=0.4056 SR@0.1m(ref)=73.75% SPL@0.1m(ref)=0.4056
[ZSON3 EVAL] 81/2000 scene=4ok3usBNeis.basis episode=80 target=toilet success=0 spl=0.0000 reason=max_steps_reached steps=496 runtime=243.4s SR=72.84% (59/81) mean_SPL=0.4006 SR@0.1m(ref)=72.84% SPL@0.1m(ref)=0.4006
[ZSON3 EVAL] 82/2000 scene=4ok3usBNeis.basis episode=81 target=chair success=1 spl=0.1601 reason=object_found steps=463 runtime=194.7s SR=73.17% (60/82) mean_SPL=0.3977 SR@0.1m(ref)=73.17% SPL@0.1m(ref)=0.3977
[ZSON3 EVAL] 83/2000 scene=4ok3usBNeis.basis episode=82 target=chair success=1 spl=0.7578 reason=object_found steps=43 runtime=22.1s SR=73.49% (61/83) mean_SPL=0.4020 SR@0.1m(ref)=73.49% SPL@0.1m(ref)=0.4020
[ZSON3 EVAL] 84/2000 scene=4ok3usBNeis.basis episode=83 target=chair success=0 spl=0.0000 reason=false_positive steps=28 runtime=14.0s SR=72.62% (61/84) mean_SPL=0.3972 SR@0.1m(ref)=72.62% SPL@0.1m(ref)=0.3972
[ZSON3 EVAL] 85/2000 scene=4ok3usBNeis.basis episode=84 target=bed success=1 spl=0.6192 reason=object_found steps=58 runtime=34.7s SR=72.94% (62/85) mean_SPL=0.3999 SR@0.1m(ref)=72.94% SPL@0.1m(ref)=0.3999
[ZSON3 EVAL] 86/2000 scene=4ok3usBNeis.basis episode=85 target=chair success=1 spl=0.8313 reason=object_found steps=52 runtime=21.4s SR=73.26% (63/86) mean_SPL=0.4049 SR@0.1m(ref)=73.26% SPL@0.1m(ref)=0.4049
[ZSON3 EVAL] 87/2000 scene=4ok3usBNeis.basis episode=86 target=tv_monitor success=0 spl=0.0000 reason=max_steps_reached steps=498 runtime=294.8s SR=72.41% (63/87) mean_SPL=0.4002 SR@0.1m(ref)=72.41% SPL@0.1m(ref)=0.4002
[ZSON3 EVAL] 88/2000 scene=4ok3usBNeis.basis episode=87 target=sofa success=1 spl=0.8624 reason=object_found steps=68 runtime=36.9s SR=72.73% (64/88) mean_SPL=0.4055 SR@0.1m(ref)=72.73% SPL@0.1m(ref)=0.4055
[ZSON3 EVAL] 89/2000 scene=4ok3usBNeis.basis episode=88 target=toilet success=1 spl=0.3802 reason=object_found steps=154 runtime=88.3s SR=73.03% (65/89) mean_SPL=0.4052 SR@0.1m(ref)=73.03% SPL@0.1m(ref)=0.4052
[ZSON3 EVAL] 90/2000 scene=4ok3usBNeis.basis episode=89 target=bed success=0 spl=0.0000 reason=false_positive steps=18 runtime=14.6s SR=72.22% (65/90) mean_SPL=0.4007 SR@0.1m(ref)=72.22% SPL@0.1m(ref)=0.4007
[ZSON3 EVAL] 91/2000 scene=4ok3usBNeis.basis episode=90 target=chair success=1 spl=0.3676 reason=object_found steps=219 runtime=136.2s SR=72.53% (66/91) mean_SPL=0.4003 SR@0.1m(ref)=72.53% SPL@0.1m(ref)=0.4003
[ZSON3 EVAL] 92/2000 scene=4ok3usBNeis.basis episode=91 target=tv_monitor success=0 spl=0.0000 reason=max_steps_reached steps=500 runtime=260.1s SR=71.74% (66/92) mean_SPL=0.3960 SR@0.1m(ref)=71.74% SPL@0.1m(ref)=0.3960
[ZSON3 EVAL] 93/2000 scene=4ok3usBNeis.basis episode=92 target=bed success=1 spl=0.7573 reason=object_found steps=70 runtime=45.4s SR=72.04% (67/93) mean_SPL=0.3999 SR@0.1m(ref)=72.04% SPL@0.1m(ref)=0.3999
[ZSON3 EVAL] 94/2000 scene=4ok3usBNeis.basis episode=93 target=tv_monitor success=0 spl=0.0000 reason=max_steps_reached steps=495 runtime=252.1s SR=71.28% (67/94) mean_SPL=0.3956 SR@0.1m(ref)=71.28% SPL@0.1m(ref)=0.3956
[ZSON3 EVAL] 95/2000 scene=4ok3usBNeis.basis episode=94 target=sofa success=1 spl=0.3540 reason=object_found steps=183 runtime=99.3s SR=71.58% (68/95) mean_SPL=0.3952 SR@0.1m(ref)=71.58% SPL@0.1m(ref)=0.3952
[ZSON3 EVAL] 96/2000 scene=4ok3usBNeis.basis episode=95 target=chair success=1 spl=0.8173 reason=object_found steps=28 runtime=17.0s SR=71.88% (69/96) mean_SPL=0.3996 SR@0.1m(ref)=71.88% SPL@0.1m(ref)=0.3996
[ZSON3 EVAL] 97/2000 scene=4ok3usBNeis.basis episode=96 target=tv_monitor success=1 spl=0.6627 reason=object_found steps=140 runtime=86.1s SR=72.16% (70/97) mean_SPL=0.4023 SR@0.1m(ref)=72.16% SPL@0.1m(ref)=0.4023
[ZSON3 EVAL] 98/2000 scene=4ok3usBNeis.basis episode=97 target=toilet success=1 spl=0.8523 reason=object_found steps=59 runtime=30.2s SR=72.45% (71/98) mean_SPL=0.4069 SR@0.1m(ref)=72.45% SPL@0.1m(ref)=0.4069
[ZSON3 EVAL] 99/2000 scene=4ok3usBNeis.basis episode=98 target=bed success=1 spl=0.5964 reason=object_found steps=80 runtime=52.4s SR=72.73% (72/99) mean_SPL=0.4088 SR@0.1m(ref)=72.73% SPL@0.1m(ref)=0.4088
[ZSON3 EVAL] 100/2000 scene=5cdEh9F2hJL.basis episode=0 target=tv_monitor success=0 spl=0.0000 reason=false_positive steps=274 runtime=241.6s SR=72.00% (72/100) mean_SPL=0.4047 SR@0.1m(ref)=72.00% SPL@0.1m(ref)=0.4047
[ZSON3 EVAL] 101/2000 scene=5cdEh9F2hJL.basis episode=1 target=sofa success=0 spl=0.0000 reason=false_positive steps=128 runtime=74.4s SR=71.29% (72/101) mean_SPL=0.4007 SR@0.1m(ref)=71.29% SPL@0.1m(ref)=0.4007
[ZSON3 EVAL] 102/2000 scene=5cdEh9F2hJL.basis episode=2 target=chair success=1 spl=0.3199 reason=object_found steps=128 runtime=77.4s SR=71.57% (73/102) mean_SPL=0.3999 SR@0.1m(ref)=71.57% SPL@0.1m(ref)=0.3999
[ZSON3 EVAL] 103/2000 scene=5cdEh9F2hJL.basis episode=3 target=tv_monitor success=0 spl=0.0000 reason=false_positive steps=92 runtime=50.7s SR=70.87% (73/103) mean_SPL=0.3960 SR@0.1m(ref)=70.87% SPL@0.1m(ref)=0.3960
[ZSON3 EVAL] 104/2000 scene=5cdEh9F2hJL.basis episode=4 target=chair success=1 spl=0.7667 reason=object_found steps=41 runtime=25.5s SR=71.15% (74/104) mean_SPL=0.3996 SR@0.1m(ref)=71.15% SPL@0.1m(ref)=0.3996
[ZSON3 EVAL] 105/2000 scene=5cdEh9F2hJL.basis episode=5 target=bed success=1 spl=0.7391 reason=object_found steps=65 runtime=30.6s SR=71.43% (75/105) mean_SPL=0.4028 SR@0.1m(ref)=71.43% SPL@0.1m(ref)=0.4028
[ZSON3 EVAL] 106/2000 scene=5cdEh9F2hJL.basis episode=6 target=bed success=1 spl=0.5479 reason=object_found steps=77 runtime=44.5s SR=71.70% (76/106) mean_SPL=0.4042 SR@0.1m(ref)=71.70% SPL@0.1m(ref)=0.4042
[ZSON3 EVAL] 107/2000 scene=5cdEh9F2hJL.basis episode=7 target=chair success=1 spl=0.7318 reason=object_found steps=37 runtime=27.8s SR=71.96% (77/107) mean_SPL=0.4072 SR@0.1m(ref)=71.96% SPL@0.1m(ref)=0.4072
[ZSON3 EVAL] 108/2000 scene=5cdEh9F2hJL.basis episode=8 target=sofa success=0 spl=0.0000 reason=false_positive steps=134 runtime=86.5s SR=71.30% (77/108) mean_SPL=0.4035 SR@0.1m(ref)=71.30% SPL@0.1m(ref)=0.4035
[ZSON3 EVAL] 109/2000 scene=5cdEh9F2hJL.basis episode=9 target=chair success=1 spl=0.7176 reason=object_found steps=25 runtime=20.7s SR=71.56% (78/109) mean_SPL=0.4063 SR@0.1m(ref)=71.56% SPL@0.1m(ref)=0.4063
[ZSON3 EVAL] 110/2000 scene=5cdEh9F2hJL.basis episode=10 target=sofa success=0 spl=0.0000 reason=false_positive steps=120 runtime=77.9s SR=70.91% (78/110) mean_SPL=0.4027 SR@0.1m(ref)=70.91% SPL@0.1m(ref)=0.4027
[ZSON3 EVAL] 111/2000 scene=5cdEh9F2hJL.basis episode=11 target=bed success=1 spl=0.5613 reason=object_found steps=41 runtime=34.8s SR=71.17% (79/111) mean_SPL=0.4041 SR@0.1m(ref)=71.17% SPL@0.1m(ref)=0.4041
[ZSON3 EVAL] 112/2000 scene=5cdEh9F2hJL.basis episode=12 target=tv_monitor success=0 spl=0.0000 reason=false_positive steps=297 runtime=205.8s SR=70.54% (79/112) mean_SPL=0.4005 SR@0.1m(ref)=70.54% SPL@0.1m(ref)=0.4005
[ZSON3 EVAL] 113/2000 scene=5cdEh9F2hJL.basis episode=13 target=sofa success=0 spl=0.0000 reason=false_positive steps=76 runtime=51.8s SR=69.91% (79/113) mean_SPL=0.3969 SR@0.1m(ref)=69.91% SPL@0.1m(ref)=0.3969
[ZSON3 EVAL] 114/2000 scene=5cdEh9F2hJL.basis episode=14 target=sofa success=0 spl=0.0000 reason=false_positive steps=18 runtime=10.0s SR=69.30% (79/114) mean_SPL=0.3934 SR@0.1m(ref)=69.30% SPL@0.1m(ref)=0.3934
[ZSON3 EVAL] 115/2000 scene=5cdEh9F2hJL.basis episode=15 target=toilet success=1 spl=0.2022 reason=object_found steps=237 runtime=183.0s SR=69.57% (80/115) mean_SPL=0.3918 SR@0.1m(ref)=69.57% SPL@0.1m(ref)=0.3918
[ZSON3 EVAL] 116/2000 scene=5cdEh9F2hJL.basis episode=16 target=sofa success=0 spl=0.0000 reason=false_positive steps=75 runtime=50.2s SR=68.97% (80/116) mean_SPL=0.3884 SR@0.1m(ref)=68.97% SPL@0.1m(ref)=0.3884
[ZSON3 EVAL] 117/2000 scene=5cdEh9F2hJL.basis episode=17 target=sofa success=0 spl=0.0000 reason=false_positive steps=39 runtime=31.3s SR=68.38% (80/117) mean_SPL=0.3851 SR@0.1m(ref)=68.38% SPL@0.1m(ref)=0.3851
[ZSON3 EVAL] 118/2000 scene=5cdEh9F2hJL.basis episode=18 target=tv_monitor success=0 spl=0.0000 reason=false_positive steps=173 runtime=118.6s SR=67.80% (80/118) mean_SPL=0.3818 SR@0.1m(ref)=67.80% SPL@0.1m(ref)=0.3818
[ZSON3 EVAL] 119/2000 scene=5cdEh9F2hJL.basis episode=19 target=chair success=1 spl=0.2689 reason=object_found steps=278 runtime=121.4s SR=68.07% (81/119) mean_SPL=0.3809 SR@0.1m(ref)=68.07% SPL@0.1m(ref)=0.3809
[ZSON3 EVAL] 120/2000 scene=5cdEh9F2hJL.basis episode=20 target=toilet success=1 spl=0.1998 reason=object_found steps=411 runtime=238.0s SR=68.33% (82/120) mean_SPL=0.3794 SR@0.1m(ref)=68.33% SPL@0.1m(ref)=0.3794
[ZSON3 EVAL] 121/2000 scene=5cdEh9F2hJL.basis episode=21 target=sofa success=0 spl=0.0000 reason=false_positive steps=361 runtime=236.5s SR=67.77% (82/121) mean_SPL=0.3762 SR@0.1m(ref)=67.77% SPL@0.1m(ref)=0.3762
[ZSON3 EVAL] 122/2000 scene=5cdEh9F2hJL.basis episode=22 target=bed success=1 spl=0.2654 reason=object_found steps=225 runtime=158.3s SR=68.03% (83/122) mean_SPL=0.3753 SR@0.1m(ref)=68.03% SPL@0.1m(ref)=0.3753
[ZSON3 EVAL] 123/2000 scene=5cdEh9F2hJL.basis episode=23 target=toilet success=1 spl=0.2084 reason=object_found steps=277 runtime=303.7s SR=68.29% (84/123) mean_SPL=0.3740 SR@0.1m(ref)=68.29% SPL@0.1m(ref)=0.3740
[ZSON3 EVAL] 124/2000 scene=5cdEh9F2hJL.basis episode=24 target=tv_monitor success=1 spl=0.7869 reason=object_found steps=176 runtime=94.6s SR=68.55% (85/124) mean_SPL=0.3773 SR@0.1m(ref)=68.55% SPL@0.1m(ref)=0.3773
[ZSON3 EVAL] 125/2000 scene=5cdEh9F2hJL.basis episode=25 target=sofa success=0 spl=0.0000 reason=false_positive steps=34 runtime=30.4s SR=68.00% (85/125) mean_SPL=0.3743 SR@0.1m(ref)=68.00% SPL@0.1m(ref)=0.3743
[ZSON3 EVAL] 126/2000 scene=5cdEh9F2hJL.basis episode=26 target=chair success=1 spl=0.8066 reason=object_found steps=117 runtime=54.5s SR=68.25% (86/126) mean_SPL=0.3777 SR@0.1m(ref)=68.25% SPL@0.1m(ref)=0.3777
[ZSON3 EVAL] 127/2000 scene=5cdEh9F2hJL.basis episode=27 target=bed success=0 spl=0.0000 reason=false_positive steps=56 runtime=31.3s SR=67.72% (86/127) mean_SPL=0.3747 SR@0.1m(ref)=67.72% SPL@0.1m(ref)=0.3747
[ZSON3 EVAL] 128/2000 scene=5cdEh9F2hJL.basis episode=28 target=tv_monitor success=0 spl=0.0000 reason=robot_stuck steps=252 runtime=97.4s SR=67.19% (86/128) mean_SPL=0.3718 SR@0.1m(ref)=67.19% SPL@0.1m(ref)=0.3718
[ZSON3 EVAL] 129/2000 scene=5cdEh9F2hJL.basis episode=29 target=sofa success=0 spl=0.0000 reason=false_positive steps=10 runtime=8.2s SR=66.67% (86/129) mean_SPL=0.3689 SR@0.1m(ref)=66.67% SPL@0.1m(ref)=0.3689
[ZSON3 EVAL] 130/2000 scene=5cdEh9F2hJL.basis episode=30 target=tv_monitor success=0 spl=0.0000 reason=false_positive steps=128 runtime=72.9s SR=66.15% (86/130) mean_SPL=0.3661 SR@0.1m(ref)=66.15% SPL@0.1m(ref)=0.3661
[ZSON3 EVAL] 131/2000 scene=5cdEh9F2hJL.basis episode=31 target=toilet success=1 spl=0.5622 reason=object_found steps=131 runtime=97.4s SR=66.41% (87/131) mean_SPL=0.3676 SR@0.1m(ref)=66.41% SPL@0.1m(ref)=0.3676
[ZSON3 EVAL] 132/2000 scene=5cdEh9F2hJL.basis episode=32 target=chair success=0 spl=0.0000 reason=false_positive steps=78 runtime=47.7s SR=65.91% (87/132) mean_SPL=0.3648 SR@0.1m(ref)=65.91% SPL@0.1m(ref)=0.3648
[ZSON3 EVAL] 133/2000 scene=5cdEh9F2hJL.basis episode=33 target=toilet success=1 spl=0.3689 reason=object_found steps=212 runtime=155.1s SR=66.17% (88/133) mean_SPL=0.3648 SR@0.1m(ref)=66.17% SPL@0.1m(ref)=0.3648
[ZSON3 EVAL] 134/2000 scene=5cdEh9F2hJL.basis episode=34 target=toilet success=0 spl=0.0000 reason=max_steps_reached steps=500 runtime=351.3s SR=65.67% (88/134) mean_SPL=0.3621 SR@0.1m(ref)=65.67% SPL@0.1m(ref)=0.3621
[ZSON3 EVAL] 135/2000 scene=5cdEh9F2hJL.basis episode=35 target=chair success=0 spl=0.0000 reason=false_positive steps=102 runtime=83.7s SR=65.19% (88/135) mean_SPL=0.3594 SR@0.1m(ref)=65.19% SPL@0.1m(ref)=0.3594
[ZSON3 EVAL] 136/2000 scene=5cdEh9F2hJL.basis episode=36 target=toilet success=1 spl=0.4040 reason=object_found steps=149 runtime=116.2s SR=65.44% (89/136) mean_SPL=0.3598 SR@0.1m(ref)=65.44% SPL@0.1m(ref)=0.3598
[ZSON3 EVAL] 137/2000 scene=5cdEh9F2hJL.basis episode=37 target=sofa success=0 spl=0.0000 reason=false_positive steps=94 runtime=58.5s SR=64.96% (89/137) mean_SPL=0.3571 SR@0.1m(ref)=64.96% SPL@0.1m(ref)=0.3571
[ZSON3 EVAL] 138/2000 scene=5cdEh9F2hJL.basis episode=38 target=bed success=1 spl=0.3760 reason=object_found steps=91 runtime=71.2s SR=65.22% (90/138) mean_SPL=0.3573 SR@0.1m(ref)=65.22% SPL@0.1m(ref)=0.3573
[ZSON3 EVAL] 139/2000 scene=5cdEh9F2hJL.basis episode=39 target=bed success=1 spl=0.5632 reason=object_found steps=109 runtime=88.2s SR=65.47% (91/139) mean_SPL=0.3587 SR@0.1m(ref)=65.47% SPL@0.1m(ref)=0.3587
[ZSON3 EVAL] 140/2000 scene=5cdEh9F2hJL.basis episode=40 target=chair success=1 spl=0.3029 reason=object_found steps=121 runtime=74.2s SR=65.71% (92/140) mean_SPL=0.3583 SR@0.1m(ref)=65.71% SPL@0.1m(ref)=0.3583
[ZSON3 EVAL] 141/2000 scene=5cdEh9F2hJL.basis episode=41 target=chair success=0 spl=0.0000 reason=false_positive steps=90 runtime=46.6s SR=65.25% (92/141) mean_SPL=0.3558 SR@0.1m(ref)=65.25% SPL@0.1m(ref)=0.3558
[ZSON3 EVAL] 142/2000 scene=5cdEh9F2hJL.basis episode=42 target=tv_monitor success=0 spl=0.0000 reason=false_positive steps=110 runtime=74.8s SR=64.79% (92/142) mean_SPL=0.3533 SR@0.1m(ref)=64.79% SPL@0.1m(ref)=0.3533
[ZSON3 EVAL] 143/2000 scene=5cdEh9F2hJL.basis episode=43 target=sofa success=0 spl=0.0000 reason=false_positive steps=53 runtime=26.0s SR=64.34% (92/143) mean_SPL=0.3508 SR@0.1m(ref)=64.34% SPL@0.1m(ref)=0.3508
[ZSON3 EVAL] 144/2000 scene=5cdEh9F2hJL.basis episode=44 target=sofa success=0 spl=0.0000 reason=false_positive steps=174 runtime=116.2s SR=63.89% (92/144) mean_SPL=0.3484 SR@0.1m(ref)=63.89% SPL@0.1m(ref)=0.3484
[ZSON3 EVAL] 145/2000 scene=5cdEh9F2hJL.basis episode=45 target=tv_monitor success=0 spl=0.0000 reason=false_positive steps=71 runtime=66.9s SR=63.45% (92/145) mean_SPL=0.3460 SR@0.1m(ref)=63.45% SPL@0.1m(ref)=0.3460
[ZSON3 EVAL] 146/2000 scene=5cdEh9F2hJL.basis episode=46 target=bed success=1 spl=0.1455 reason=object_found steps=435 runtime=378.4s SR=63.70% (93/146) mean_SPL=0.3446 SR@0.1m(ref)=63.70% SPL@0.1m(ref)=0.3446
[ZSON3 EVAL] 147/2000 scene=5cdEh9F2hJL.basis episode=47 target=chair success=1 spl=0.2732 reason=object_found steps=204 runtime=129.5s SR=63.95% (94/147) mean_SPL=0.3441 SR@0.1m(ref)=63.95% SPL@0.1m(ref)=0.3441
[ZSON3 EVAL] 148/2000 scene=5cdEh9F2hJL.basis episode=48 target=toilet success=1 spl=0.1895 reason=object_found steps=375 runtime=284.5s SR=64.19% (95/148) mean_SPL=0.3431 SR@0.1m(ref)=64.19% SPL@0.1m(ref)=0.3431
[ZSON3 EVAL] 149/2000 scene=5cdEh9F2hJL.basis episode=49 target=bed success=0 spl=0.0000 reason=false_positive steps=130 runtime=81.4s SR=63.76% (95/149) mean_SPL=0.3408 SR@0.1m(ref)=63.76% SPL@0.1m(ref)=0.3408
[ZSON3 EVAL] 150/2000 scene=5cdEh9F2hJL.basis episode=50 target=bed success=0 spl=0.0000 reason=false_positive steps=48 runtime=25.3s SR=63.33% (95/150) mean_SPL=0.3385 SR@0.1m(ref)=63.33% SPL@0.1m(ref)=0.3385
[ZSON3 EVAL] 151/2000 scene=5cdEh9F2hJL.basis episode=51 target=sofa success=0 spl=0.0000 reason=false_positive steps=11 runtime=11.3s SR=62.91% (95/151) mean_SPL=0.3363 SR@0.1m(ref)=62.91% SPL@0.1m(ref)=0.3363
[ZSON3 EVAL] 152/2000 scene=5cdEh9F2hJL.basis episode=52 target=chair success=1 spl=0.4053 reason=object_found steps=114 runtime=69.1s SR=63.16% (96/152) mean_SPL=0.3367 SR@0.1m(ref)=63.16% SPL@0.1m(ref)=0.3367
[ZSON3 EVAL] 153/2000 scene=5cdEh9F2hJL.basis episode=53 target=bed success=1 spl=0.1557 reason=object_found steps=253 runtime=247.9s SR=63.40% (97/153) mean_SPL=0.3355 SR@0.1m(ref)=63.40% SPL@0.1m(ref)=0.3355
[ZSON3 EVAL] 154/2000 scene=5cdEh9F2hJL.basis episode=54 target=bed success=1 spl=0.1488 reason=object_found steps=237 runtime=274.4s SR=63.64% (98/154) mean_SPL=0.3343 SR@0.1m(ref)=63.64% SPL@0.1m(ref)=0.3343
[ZSON3 EVAL] 155/2000 scene=5cdEh9F2hJL.basis episode=55 target=bed success=1 spl=0.1547 reason=object_found steps=328 runtime=215.9s SR=63.87% (99/155) mean_SPL=0.3332 SR@0.1m(ref)=63.87% SPL@0.1m(ref)=0.3332
[ZSON3 EVAL] 156/2000 scene=5cdEh9F2hJL.basis episode=56 target=chair success=1 spl=0.4446 reason=object_found steps=195 runtime=104.4s SR=64.10% (100/156) mean_SPL=0.3339 SR@0.1m(ref)=64.10% SPL@0.1m(ref)=0.3339
[ZSON3 EVAL] 157/2000 scene=5cdEh9F2hJL.basis episode=57 target=toilet success=1 spl=0.8389 reason=object_found steps=24 runtime=14.3s SR=64.33% (101/157) mean_SPL=0.3371 SR@0.1m(ref)=64.33% SPL@0.1m(ref)=0.3371
[ZSON3 EVAL] 158/2000 scene=5cdEh9F2hJL.basis episode=58 target=sofa success=0 spl=0.0000 reason=false_positive steps=8 runtime=17.5s SR=63.92% (101/158) mean_SPL=0.3350 SR@0.1m(ref)=63.92% SPL@0.1m(ref)=0.3350
[ZSON3 EVAL] 159/2000 scene=5cdEh9F2hJL.basis episode=59 target=tv_monitor success=0 spl=0.0000 reason=false_positive steps=268 runtime=138.3s SR=63.52% (101/159) mean_SPL=0.3329 SR@0.1m(ref)=63.52% SPL@0.1m(ref)=0.3329
[ZSON3 EVAL] 160/2000 scene=5cdEh9F2hJL.basis episode=60 target=chair success=1 spl=0.3286 reason=object_found steps=102 runtime=63.8s SR=63.75% (102/160) mean_SPL=0.3328 SR@0.1m(ref)=63.75% SPL@0.1m(ref)=0.3328
[ZSON3 EVAL] 161/2000 scene=5cdEh9F2hJL.basis episode=61 target=tv_monitor success=0 spl=0.0000 reason=false_positive steps=162 runtime=89.7s SR=63.35% (102/161) mean_SPL=0.3308 SR@0.1m(ref)=63.35% SPL@0.1m(ref)=0.3308
[ZSON3 EVAL] 162/2000 scene=5cdEh9F2hJL.basis episode=62 target=tv_monitor success=0 spl=0.0000 reason=false_positive steps=25 runtime=13.3s SR=62.96% (102/162) mean_SPL=0.3287 SR@0.1m(ref)=62.96% SPL@0.1m(ref)=0.3287
[ZSON3 EVAL] 163/2000 scene=5cdEh9F2hJL.basis episode=63 target=tv_monitor success=0 spl=0.0000 reason=false_positive steps=195 runtime=88.2s SR=62.58% (102/163) mean_SPL=0.3267 SR@0.1m(ref)=62.58% SPL@0.1m(ref)=0.3267
[ZSON3 EVAL] 164/2000 scene=5cdEh9F2hJL.basis episode=64 target=sofa success=0 spl=0.0000 reason=false_positive steps=215 runtime=140.4s SR=62.20% (102/164) mean_SPL=0.3247 SR@0.1m(ref)=62.20% SPL@0.1m(ref)=0.3247
[ZSON3 EVAL] 165/2000 scene=5cdEh9F2hJL.basis episode=65 target=tv_monitor success=0 spl=0.0000 reason=false_positive steps=117 runtime=73.7s SR=61.82% (102/165) mean_SPL=0.3227 SR@0.1m(ref)=61.82% SPL@0.1m(ref)=0.3227
[ZSON3 EVAL] 166/2000 scene=5cdEh9F2hJL.basis episode=66 target=toilet success=1 spl=0.2610 reason=object_found steps=289 runtime=209.4s SR=62.05% (103/166) mean_SPL=0.3224 SR@0.1m(ref)=62.05% SPL@0.1m(ref)=0.3224
[ZSON3 EVAL] 167/2000 scene=5cdEh9F2hJL.basis episode=67 target=toilet success=1 spl=0.3776 reason=max_steps_reached steps=500 runtime=399.2s SR=62.28% (104/167) mean_SPL=0.3227 SR@0.1m(ref)=62.28% SPL@0.1m(ref)=0.3227
[ZSON3 EVAL] 168/2000 scene=5cdEh9F2hJL.basis episode=68 target=sofa success=0 spl=0.0000 reason=false_positive steps=153 runtime=100.1s SR=61.90% (104/168) mean_SPL=0.3208 SR@0.1m(ref)=61.90% SPL@0.1m(ref)=0.3208
[ZSON3 EVAL] 169/2000 scene=5cdEh9F2hJL.basis episode=69 target=chair success=1 spl=0.4704 reason=object_found steps=244 runtime=116.7s SR=62.13% (105/169) mean_SPL=0.3217 SR@0.1m(ref)=62.13% SPL@0.1m(ref)=0.3217
[ZSON3 EVAL] 170/2000 scene=5cdEh9F2hJL.basis episode=70 target=tv_monitor success=0 spl=0.0000 reason=false_positive steps=322 runtime=254.1s SR=61.76% (105/170) mean_SPL=0.3198 SR@0.1m(ref)=61.76% SPL@0.1m(ref)=0.3198
[ZSON3 EVAL] 171/2000 scene=5cdEh9F2hJL.basis episode=71 target=toilet success=1 spl=0.4662 reason=object_found steps=127 runtime=76.4s SR=61.99% (106/171) mean_SPL=0.3206 SR@0.1m(ref)=61.99% SPL@0.1m(ref)=0.3206
[ZSON3 EVAL] 172/2000 scene=5cdEh9F2hJL.basis episode=72 target=tv_monitor success=0 spl=0.0000 reason=false_positive steps=248 runtime=188.0s SR=61.63% (106/172) mean_SPL=0.3188 SR@0.1m(ref)=61.63% SPL@0.1m(ref)=0.3188
[ZSON3 EVAL] 173/2000 scene=5cdEh9F2hJL.basis episode=73 target=tv_monitor success=0 spl=0.0000 reason=false_positive steps=95 runtime=63.1s SR=61.27% (106/173) mean_SPL=0.3169 SR@0.1m(ref)=61.27% SPL@0.1m(ref)=0.3169
[ZSON3 EVAL] 174/2000 scene=5cdEh9F2hJL.basis episode=74 target=chair success=1 spl=0.4695 reason=object_found steps=124 runtime=73.1s SR=61.49% (107/174) mean_SPL=0.3178 SR@0.1m(ref)=61.49% SPL@0.1m(ref)=0.3178
[ZSON3 EVAL] 175/2000 scene=5cdEh9F2hJL.basis episode=75 target=tv_monitor success=0 spl=0.0000 reason=false_positive steps=135 runtime=76.7s SR=61.14% (107/175) mean_SPL=0.3160 SR@0.1m(ref)=61.14% SPL@0.1m(ref)=0.3160
[ZSON3 EVAL] 176/2000 scene=5cdEh9F2hJL.basis episode=76 target=chair success=1 spl=0.1284 reason=object_found steps=266 runtime=186.4s SR=61.36% (108/176) mean_SPL=0.3149 SR@0.1m(ref)=61.36% SPL@0.1m(ref)=0.3149
[ZSON3 EVAL] 177/2000 scene=5cdEh9F2hJL.basis episode=77 target=sofa success=0 spl=0.0000 reason=false_positive steps=16 runtime=5.8s SR=61.02% (108/177) mean_SPL=0.3131 SR@0.1m(ref)=61.02% SPL@0.1m(ref)=0.3131
[ZSON3 EVAL] 178/2000 scene=5cdEh9F2hJL.basis episode=78 target=bed success=1 spl=0.1717 reason=object_found steps=330 runtime=237.0s SR=61.24% (109/178) mean_SPL=0.3124 SR@0.1m(ref)=61.24% SPL@0.1m(ref)=0.3124
[ZSON3 EVAL] 179/2000 scene=5cdEh9F2hJL.basis episode=79 target=bed success=1 spl=0.2090 reason=object_found steps=346 runtime=159.6s SR=61.45% (110/179) mean_SPL=0.3118 SR@0.1m(ref)=61.45% SPL@0.1m(ref)=0.3118
[ZSON3 EVAL] 180/2000 scene=5cdEh9F2hJL.basis episode=80 target=toilet success=1 spl=0.1901 reason=object_found steps=125 runtime=92.7s SR=61.67% (111/180) mean_SPL=0.3111 SR@0.1m(ref)=61.67% SPL@0.1m(ref)=0.3111
[ZSON3 EVAL] 181/2000 scene=5cdEh9F2hJL.basis episode=81 target=tv_monitor success=0 spl=0.0000 reason=false_positive steps=154 runtime=132.6s SR=61.33% (111/181) mean_SPL=0.3094 SR@0.1m(ref)=61.33% SPL@0.1m(ref)=0.3094
[ZSON3 EVAL] 182/2000 scene=5cdEh9F2hJL.basis episode=82 target=sofa success=1 spl=0.2635 reason=object_found steps=160 runtime=88.1s SR=61.54% (112/182) mean_SPL=0.3091 SR@0.1m(ref)=61.54% SPL@0.1m(ref)=0.3091
[ZSON3 EVAL] 183/2000 scene=5cdEh9F2hJL.basis episode=83 target=chair success=0 spl=0.0000 reason=false_positive steps=96 runtime=52.8s SR=61.20% (112/183) mean_SPL=0.3074 SR@0.1m(ref)=61.20% SPL@0.1m(ref)=0.3074
[ZSON3 EVAL] 184/2000 scene=5cdEh9F2hJL.basis episode=84 target=chair success=0 spl=0.0000 reason=false_positive steps=208 runtime=123.7s SR=60.87% (112/184) mean_SPL=0.3058 SR@0.1m(ref)=60.87% SPL@0.1m(ref)=0.3058
[ZSON3 EVAL] 185/2000 scene=5cdEh9F2hJL.basis episode=85 target=toilet success=1 spl=0.2035 reason=object_found steps=219 runtime=191.9s SR=61.08% (113/185) mean_SPL=0.3052 SR@0.1m(ref)=61.08% SPL@0.1m(ref)=0.3052
[ZSON3 EVAL] 186/2000 scene=5cdEh9F2hJL.basis episode=86 target=sofa success=0 spl=0.0000 reason=false_positive steps=13 runtime=11.0s SR=60.75% (113/186) mean_SPL=0.3036 SR@0.1m(ref)=60.75% SPL@0.1m(ref)=0.3036
[ZSON3 EVAL] 187/2000 scene=5cdEh9F2hJL.basis episode=87 target=tv_monitor success=0 spl=0.0000 reason=false_positive steps=167 runtime=107.3s SR=60.43% (113/187) mean_SPL=0.3019 SR@0.1m(ref)=60.43% SPL@0.1m(ref)=0.3019
[ZSON3 EVAL] 188/2000 scene=5cdEh9F2hJL.basis episode=88 target=toilet success=1 spl=0.3407 reason=object_found steps=170 runtime=230.8s SR=60.64% (114/188) mean_SPL=0.3022 SR@0.1m(ref)=60.64% SPL@0.1m(ref)=0.3022
[ZSON3 EVAL] 189/2000 scene=5cdEh9F2hJL.basis episode=89 target=sofa success=0 spl=0.0000 reason=false_positive steps=232 runtime=168.0s SR=60.32% (114/189) mean_SPL=0.3006 SR@0.1m(ref)=60.32% SPL@0.1m(ref)=0.3006
[ZSON3 EVAL] 190/2000 scene=5cdEh9F2hJL.basis episode=90 target=sofa success=0 spl=0.0000 reason=false_positive steps=13 runtime=21.5s SR=60.00% (114/190) mean_SPL=0.2990 SR@0.1m(ref)=60.00% SPL@0.1m(ref)=0.2990
[ZSON3 EVAL] 191/2000 scene=5cdEh9F2hJL.basis episode=91 target=sofa success=1 spl=0.4370 reason=object_found steps=190 runtime=94.0s SR=60.21% (115/191) mean_SPL=0.2997 SR@0.1m(ref)=60.21% SPL@0.1m(ref)=0.2997
[ZSON3 EVAL] 192/2000 scene=5cdEh9F2hJL.basis episode=92 target=chair success=1 spl=0.4948 reason=object_found steps=64 runtime=39.8s SR=60.42% (116/192) mean_SPL=0.3007 SR@0.1m(ref)=60.42% SPL@0.1m(ref)=0.3007
[ZSON3 EVAL] 193/2000 scene=5cdEh9F2hJL.basis episode=93 target=bed success=1 spl=0.1309 reason=object_found steps=268 runtime=163.4s SR=60.62% (117/193) mean_SPL=0.2998 SR@0.1m(ref)=60.62% SPL@0.1m(ref)=0.2998
[ZSON3 EVAL] 194/2000 scene=5cdEh9F2hJL.basis episode=94 target=chair success=1 spl=0.5545 reason=object_found steps=138 runtime=70.4s SR=60.82% (118/194) mean_SPL=0.3011 SR@0.1m(ref)=60.82% SPL@0.1m(ref)=0.3011
[ZSON3 EVAL] 195/2000 scene=5cdEh9F2hJL.basis episode=95 target=bed success=1 spl=0.1014 reason=object_found steps=438 runtime=302.7s SR=61.03% (119/195) mean_SPL=0.3001 SR@0.1m(ref)=61.03% SPL@0.1m(ref)=0.3001
[ZSON3 EVAL] 196/2000 scene=5cdEh9F2hJL.basis episode=96 target=toilet success=1 spl=0.3064 reason=object_found steps=142 runtime=94.2s SR=61.22% (120/196) mean_SPL=0.3002 SR@0.1m(ref)=61.22% SPL@0.1m(ref)=0.3002
[ZSON3 EVAL] 197/2000 scene=5cdEh9F2hJL.basis episode=97 target=bed success=1 spl=0.0899 reason=object_found steps=492 runtime=278.8s SR=61.42% (121/197) mean_SPL=0.2991 SR@0.1m(ref)=61.42% SPL@0.1m(ref)=0.2991
[ZSON3 EVAL] 198/2000 scene=5cdEh9F2hJL.basis episode=98 target=chair success=1 spl=0.5886 reason=object_found steps=58 runtime=35.6s SR=61.62% (122/198) mean_SPL=0.3005 SR@0.1m(ref)=61.62% SPL@0.1m(ref)=0.3005
[ZSON3 EVAL] 199/2000 scene=6s7QHgap2fW.basis episode=0 target=chair success=1 spl=0.3925 reason=object_found steps=218 runtime=88.6s SR=61.81% (123/199) mean_SPL=0.3010 SR@0.1m(ref)=61.81% SPL@0.1m(ref)=0.3010
[ZSON3 EVAL] 200/2000 scene=6s7QHgap2fW.basis episode=1 target=plant success=0 spl=0.0000 reason=false_positive steps=175 runtime=87.8s SR=61.50% (123/200) mean_SPL=0.2995 SR@0.1m(ref)=61.50% SPL@0.1m(ref)=0.2995
[ZSON3 EVAL] 201/2000 scene=6s7QHgap2fW.basis episode=2 target=toilet success=0 spl=0.0000 reason=max_steps_reached steps=500 runtime=495.2s SR=61.19% (123/201) mean_SPL=0.2980 SR@0.1m(ref)=61.19% SPL@0.1m(ref)=0.2980
[ZSON3 EVAL] 202/2000 scene=6s7QHgap2fW.basis episode=3 target=toilet success=0 spl=0.0000 reason=max_steps_reached steps=498 runtime=308.4s SR=60.89% (123/202) mean_SPL=0.2965 SR@0.1m(ref)=60.89% SPL@0.1m(ref)=0.2965
[ZSON3 EVAL] 203/2000 scene=6s7QHgap2fW.basis episode=4 target=plant success=0 spl=0.0000 reason=false_positive steps=106 runtime=58.0s SR=60.59% (123/203) mean_SPL=0.2951 SR@0.1m(ref)=60.59% SPL@0.1m(ref)=0.2951
[ZSON3 EVAL] 204/2000 scene=6s7QHgap2fW.basis episode=5 target=sofa success=0 spl=0.0000 reason=max_steps_reached steps=493 runtime=282.9s SR=60.29% (123/204) mean_SPL=0.2936 SR@0.1m(ref)=60.29% SPL@0.1m(ref)=0.2936
[ZSON3 EVAL] 205/2000 scene=6s7QHgap2fW.basis episode=6 target=plant success=0 spl=0.0000 reason=false_positive steps=70 runtime=37.5s SR=60.00% (123/205) mean_SPL=0.2922 SR@0.1m(ref)=60.00% SPL@0.1m(ref)=0.2922
[ZSON3 EVAL] 206/2000 scene=6s7QHgap2fW.basis episode=7 target=tv_monitor success=0 spl=0.0000 reason=max_steps_reached steps=499 runtime=323.0s SR=59.71% (123/206) mean_SPL=0.2908 SR@0.1m(ref)=59.71% SPL@0.1m(ref)=0.2908
[ZSON3 EVAL] 207/2000 scene=6s7QHgap2fW.basis episode=8 target=plant success=0 spl=0.0000 reason=false_positive steps=46 runtime=32.0s SR=59.42% (123/207) mean_SPL=0.2894 SR@0.1m(ref)=59.42% SPL@0.1m(ref)=0.2894
[ZSON3 EVAL] 208/2000 scene=6s7QHgap2fW.basis episode=9 target=tv_monitor success=1 spl=0.7478 reason=object_found steps=133 runtime=67.6s SR=59.62% (124/208) mean_SPL=0.2916 SR@0.1m(ref)=59.62% SPL@0.1m(ref)=0.2916
[ZSON3 EVAL] 209/2000 scene=6s7QHgap2fW.basis episode=10 target=chair success=0 spl=0.0000 reason=false_positive steps=135 runtime=62.9s SR=59.33% (124/209) mean_SPL=0.2902 SR@0.1m(ref)=59.33% SPL@0.1m(ref)=0.2902
[ZSON3 EVAL] 210/2000 scene=6s7QHgap2fW.basis episode=11 target=plant success=0 spl=0.0000 reason=false_positive steps=87 runtime=54.0s SR=59.05% (124/210) mean_SPL=0.2888 SR@0.1m(ref)=59.05% SPL@0.1m(ref)=0.2888
[ZSON3 EVAL] 211/2000 scene=6s7QHgap2fW.basis episode=12 target=bed success=0 spl=0.0000 reason=false_positive steps=44 runtime=27.3s SR=58.77% (124/211) mean_SPL=0.2874 SR@0.1m(ref)=58.77% SPL@0.1m(ref)=0.2874
[ZSON3 EVAL] 212/2000 scene=6s7QHgap2fW.basis episode=13 target=tv_monitor success=0 spl=0.0000 reason=max_steps_reached steps=496 runtime=300.7s SR=58.49% (124/212) mean_SPL=0.2861 SR@0.1m(ref)=58.49% SPL@0.1m(ref)=0.2861
[ZSON3 EVAL] 213/2000 scene=6s7QHgap2fW.basis episode=14 target=chair success=1 spl=0.2258 reason=object_found steps=414 runtime=157.2s SR=58.69% (125/213) mean_SPL=0.2858 SR@0.1m(ref)=58.69% SPL@0.1m(ref)=0.2858
[ZSON3 EVAL] 214/2000 scene=6s7QHgap2fW.basis episode=15 target=plant success=0 spl=0.0000 reason=false_positive steps=42 runtime=21.6s SR=58.41% (125/214) mean_SPL=0.2845 SR@0.1m(ref)=58.41% SPL@0.1m(ref)=0.2845
[ZSON3 EVAL] 215/2000 scene=6s7QHgap2fW.basis episode=16 target=bed success=0 spl=0.0000 reason=false_positive steps=38 runtime=20.8s SR=58.14% (125/215) mean_SPL=0.2831 SR@0.1m(ref)=58.14% SPL@0.1m(ref)=0.2831
[ZSON3 EVAL] 216/2000 scene=6s7QHgap2fW.basis episode=17 target=plant success=0 spl=0.0000 reason=false_positive steps=14 runtime=7.2s SR=57.87% (125/216) mean_SPL=0.2818 SR@0.1m(ref)=57.87% SPL@0.1m(ref)=0.2818
[ZSON3 EVAL] 217/2000 scene=6s7QHgap2fW.basis episode=18 target=tv_monitor success=0 spl=0.0000 reason=max_steps_reached steps=497 runtime=252.1s SR=57.60% (125/217) mean_SPL=0.2805 SR@0.1m(ref)=57.60% SPL@0.1m(ref)=0.2805
[ZSON3 EVAL] 218/2000 scene=6s7QHgap2fW.basis episode=19 target=toilet success=0 spl=0.0000 reason=max_steps_reached steps=500 runtime=260.5s SR=57.34% (125/218) mean_SPL=0.2792 SR@0.1m(ref)=57.34% SPL@0.1m(ref)=0.2792
[ZSON3 EVAL] 219/2000 scene=6s7QHgap2fW.basis episode=20 target=tv_monitor success=0 spl=0.0000 reason=max_steps_reached steps=498 runtime=248.6s SR=57.08% (125/219) mean_SPL=0.2780 SR@0.1m(ref)=57.08% SPL@0.1m(ref)=0.2780
[ZSON3 EVAL] 220/2000 scene=6s7QHgap2fW.basis episode=21 target=tv_monitor success=0 spl=0.0000 reason=max_steps_reached steps=493 runtime=279.5s SR=56.82% (125/220) mean_SPL=0.2767 SR@0.1m(ref)=56.82% SPL@0.1m(ref)=0.2767
[ZSON3 EVAL] 221/2000 scene=6s7QHgap2fW.basis episode=22 target=plant success=0 spl=0.0000 reason=false_positive steps=23 runtime=19.3s SR=56.56% (125/221) mean_SPL=0.2755 SR@0.1m(ref)=56.56% SPL@0.1m(ref)=0.2755
[ZSON3 EVAL] 222/2000 scene=6s7QHgap2fW.basis episode=23 target=chair success=0 spl=0.0000 reason=false_positive steps=313 runtime=234.4s SR=56.31% (125/222) mean_SPL=0.2742 SR@0.1m(ref)=56.31% SPL@0.1m(ref)=0.2742
[ZSON3 EVAL] 223/2000 scene=6s7QHgap2fW.basis episode=24 target=toilet success=0 spl=0.0000 reason=max_steps_reached steps=497 runtime=342.3s SR=56.05% (125/223) mean_SPL=0.2730 SR@0.1m(ref)=56.05% SPL@0.1m(ref)=0.2730
[ZSON3 EVAL] 224/2000 scene=6s7QHgap2fW.basis episode=25 target=toilet success=0 spl=0.0000 reason=max_steps_reached steps=498 runtime=338.9s SR=55.80% (125/224) mean_SPL=0.2718 SR@0.1m(ref)=55.80% SPL@0.1m(ref)=0.2718
[ZSON3 EVAL] 225/2000 scene=6s7QHgap2fW.basis episode=26 target=sofa success=0 spl=0.0000 reason=max_steps_reached steps=500 runtime=310.4s SR=55.56% (125/225) mean_SPL=0.2706 SR@0.1m(ref)=55.56% SPL@0.1m(ref)=0.2706
[ZSON3 EVAL] 226/2000 scene=6s7QHgap2fW.basis episode=27 target=tv_monitor success=0 spl=0.0000 reason=max_steps_reached steps=495 runtime=278.0s SR=55.31% (125/226) mean_SPL=0.2694 SR@0.1m(ref)=55.31% SPL@0.1m(ref)=0.2694
[ZSON3 EVAL] 227/2000 scene=6s7QHgap2fW.basis episode=28 target=chair success=0 spl=0.0000 reason=false_positive steps=166 runtime=84.2s SR=55.07% (125/227) mean_SPL=0.2682 SR@0.1m(ref)=55.07% SPL@0.1m(ref)=0.2682
[ZSON3 EVAL] 228/2000 scene=6s7QHgap2fW.basis episode=29 target=plant success=0 spl=0.0000 reason=false_positive steps=397 runtime=190.0s SR=54.82% (125/228) mean_SPL=0.2670 SR@0.1m(ref)=54.82% SPL@0.1m(ref)=0.2670
[ZSON3 EVAL] 229/2000 scene=6s7QHgap2fW.basis episode=30 target=toilet success=0 spl=0.0000 reason=max_steps_reached steps=500 runtime=292.4s SR=54.59% (125/229) mean_SPL=0.2658 SR@0.1m(ref)=54.59% SPL@0.1m(ref)=0.2658
[ZSON3 EVAL] 230/2000 scene=6s7QHgap2fW.basis episode=31 target=tv_monitor success=0 spl=0.0000 reason=max_steps_reached steps=488 runtime=311.4s SR=54.35% (125/230) mean_SPL=0.2647 SR@0.1m(ref)=54.35% SPL@0.1m(ref)=0.2647
[ZSON3 EVAL] 231/2000 scene=6s7QHgap2fW.basis episode=32 target=toilet success=1 spl=0.8187 reason=object_found steps=458 runtime=222.8s SR=54.55% (126/231) mean_SPL=0.2671 SR@0.1m(ref)=54.55% SPL@0.1m(ref)=0.2671
[ZSON3 EVAL] 232/2000 scene=6s7QHgap2fW.basis episode=33 target=plant success=0 spl=0.0000 reason=false_positive steps=25 runtime=20.0s SR=54.31% (126/232) mean_SPL=0.2659 SR@0.1m(ref)=54.31% SPL@0.1m(ref)=0.2659
[ZSON3 EVAL] 233/2000 scene=6s7QHgap2fW.basis episode=34 target=toilet success=0 spl=0.0000 reason=max_steps_reached steps=494 runtime=268.2s SR=54.08% (126/233) mean_SPL=0.2648 SR@0.1m(ref)=54.08% SPL@0.1m(ref)=0.2648
[ZSON3 EVAL] 234/2000 scene=6s7QHgap2fW.basis episode=35 target=plant success=0 spl=0.0000 reason=false_positive steps=119 runtime=68.0s SR=53.85% (126/234) mean_SPL=0.2636 SR@0.1m(ref)=53.85% SPL@0.1m(ref)=0.2636
[ZSON3 EVAL] 235/2000 scene=6s7QHgap2fW.basis episode=36 target=bed success=0 spl=0.0000 reason=max_steps_reached steps=500 runtime=292.0s SR=53.62% (126/235) mean_SPL=0.2625 SR@0.1m(ref)=53.62% SPL@0.1m(ref)=0.2625
[ZSON3 EVAL] 236/2000 scene=6s7QHgap2fW.basis episode=37 target=tv_monitor success=1 spl=0.4308 reason=object_found steps=344 runtime=247.3s SR=53.81% (127/236) mean_SPL=0.2632 SR@0.1m(ref)=53.81% SPL@0.1m(ref)=0.2632
[ZSON3 EVAL] 237/2000 scene=6s7QHgap2fW.basis episode=38 target=sofa success=0 spl=0.0000 reason=max_steps_reached steps=489 runtime=219.5s SR=53.59% (127/237) mean_SPL=0.2621 SR@0.1m(ref)=53.59% SPL@0.1m(ref)=0.2621
[ZSON3 EVAL] 238/2000 scene=6s7QHgap2fW.basis episode=39 target=chair success=1 spl=0.7197 reason=object_found steps=216 runtime=183.7s SR=53.78% (128/238) mean_SPL=0.2640 SR@0.1m(ref)=53.78% SPL@0.1m(ref)=0.2640
[ZSON3 EVAL] 239/2000 scene=6s7QHgap2fW.basis episode=40 target=bed success=0 spl=0.0000 reason=max_steps_reached steps=498 runtime=321.1s SR=53.56% (128/239) mean_SPL=0.2629 SR@0.1m(ref)=53.56% SPL@0.1m(ref)=0.2629
[ZSON3 EVAL] 240/2000 scene=6s7QHgap2fW.basis episode=41 target=chair success=1 spl=0.2589 reason=object_found steps=161 runtime=93.0s SR=53.75% (129/240) mean_SPL=0.2629 SR@0.1m(ref)=53.75% SPL@0.1m(ref)=0.2629
[ZSON3 EVAL] 241/2000 scene=6s7QHgap2fW.basis episode=42 target=bed success=0 spl=0.0000 reason=max_steps_reached steps=493 runtime=306.4s SR=53.53% (129/241) mean_SPL=0.2618 SR@0.1m(ref)=53.53% SPL@0.1m(ref)=0.2618
[ZSON3 EVAL] 242/2000 scene=6s7QHgap2fW.basis episode=43 target=bed success=0 spl=0.0000 reason=max_steps_reached steps=495 runtime=198.8s SR=53.31% (129/242) mean_SPL=0.2608 SR@0.1m(ref)=53.31% SPL@0.1m(ref)=0.2608
[ZSON3 EVAL] 243/2000 scene=6s7QHgap2fW.basis episode=44 target=chair success=1 spl=0.2580 reason=object_found steps=272 runtime=198.8s SR=53.50% (130/243) mean_SPL=0.2607 SR@0.1m(ref)=53.50% SPL@0.1m(ref)=0.2607
[ZSON3 EVAL] 244/2000 scene=6s7QHgap2fW.basis episode=45 target=chair success=1 spl=0.7659 reason=object_found steps=174 runtime=65.9s SR=53.69% (131/244) mean_SPL=0.2628 SR@0.1m(ref)=53.69% SPL@0.1m(ref)=0.2628
[ZSON3 EVAL] 245/2000 scene=6s7QHgap2fW.basis episode=46 target=bed success=0 spl=0.0000 reason=max_steps_reached steps=500 runtime=250.3s SR=53.47% (131/245) mean_SPL=0.2617 SR@0.1m(ref)=53.47% SPL@0.1m(ref)=0.2617
[ZSON3 EVAL] 246/2000 scene=6s7QHgap2fW.basis episode=47 target=plant success=0 spl=0.0000 reason=false_positive steps=96 runtime=64.2s SR=53.25% (131/246) mean_SPL=0.2607 SR@0.1m(ref)=53.25% SPL@0.1m(ref)=0.2607
[ZSON3 EVAL] 247/2000 scene=6s7QHgap2fW.basis episode=48 target=bed success=0 spl=0.0000 reason=false_positive steps=70 runtime=36.2s SR=53.04% (131/247) mean_SPL=0.2596 SR@0.1m(ref)=53.04% SPL@0.1m(ref)=0.2596
[ZSON3 EVAL] 248/2000 scene=6s7QHgap2fW.basis episode=49 target=sofa success=0 spl=0.0000 reason=false_positive steps=70 runtime=37.4s SR=52.82% (131/248) mean_SPL=0.2586 SR@0.1m(ref)=52.82% SPL@0.1m(ref)=0.2586
[ZSON3 EVAL] 249/2000 scene=6s7QHgap2fW.basis episode=50 target=sofa success=0 spl=0.0000 reason=false_positive steps=116 runtime=71.0s SR=52.61% (131/249) mean_SPL=0.2575 SR@0.1m(ref)=52.61% SPL@0.1m(ref)=0.2575
[ZSON3 EVAL] 250/2000 scene=6s7QHgap2fW.basis episode=51 target=tv_monitor success=0 spl=0.0000 reason=max_steps_reached steps=498 runtime=274.5s SR=52.40% (131/250) mean_SPL=0.2565 SR@0.1m(ref)=52.40% SPL@0.1m(ref)=0.2565
[ZSON3 EVAL] 251/2000 scene=6s7QHgap2fW.basis episode=52 target=bed success=0 spl=0.0000 reason=max_steps_reached steps=500 runtime=333.2s SR=52.19% (131/251) mean_SPL=0.2555 SR@0.1m(ref)=52.19% SPL@0.1m(ref)=0.2555
[ZSON3 EVAL] 252/2000 scene=6s7QHgap2fW.basis episode=53 target=sofa success=0 spl=0.0000 reason=false_positive steps=89 runtime=47.3s SR=51.98% (131/252) mean_SPL=0.2545 SR@0.1m(ref)=51.98% SPL@0.1m(ref)=0.2545
[ZSON3 EVAL] 253/2000 scene=6s7QHgap2fW.basis episode=54 target=tv_monitor success=0 spl=0.0000 reason=max_steps_reached steps=500 runtime=241.5s SR=51.78% (131/253) mean_SPL=0.2535 SR@0.1m(ref)=51.78% SPL@0.1m(ref)=0.2535
[ZSON3 EVAL] 254/2000 scene=6s7QHgap2fW.basis episode=55 target=tv_monitor success=1 spl=0.4218 reason=object_found steps=232 runtime=149.0s SR=51.97% (132/254) mean_SPL=0.2541 SR@0.1m(ref)=51.97% SPL@0.1m(ref)=0.2541
[ZSON3 EVAL] 255/2000 scene=6s7QHgap2fW.basis episode=56 target=toilet success=0 spl=0.0000 reason=max_steps_reached steps=500 runtime=343.6s SR=51.76% (132/255) mean_SPL=0.2531 SR@0.1m(ref)=51.76% SPL@0.1m(ref)=0.2531
[ZSON3 EVAL] 256/2000 scene=6s7QHgap2fW.basis episode=57 target=plant success=0 spl=0.0000 reason=max_steps_reached steps=492 runtime=283.2s SR=51.56% (132/256) mean_SPL=0.2521 SR@0.1m(ref)=51.56% SPL@0.1m(ref)=0.2521
[ZSON3 EVAL] 257/2000 scene=6s7QHgap2fW.basis episode=58 target=sofa success=0 spl=0.0000 reason=false_positive steps=48 runtime=41.4s SR=51.36% (132/257) mean_SPL=0.2512 SR@0.1m(ref)=51.36% SPL@0.1m(ref)=0.2512
[ZSON3 EVAL] 258/2000 scene=6s7QHgap2fW.basis episode=59 target=sofa success=1 spl=0.6876 reason=object_found steps=267 runtime=164.0s SR=51.55% (133/258) mean_SPL=0.2529 SR@0.1m(ref)=51.55% SPL@0.1m(ref)=0.2529
[ZSON3 EVAL] 259/2000 scene=6s7QHgap2fW.basis episode=60 target=bed success=0 spl=0.0000 reason=max_steps_reached steps=497 runtime=300.9s SR=51.35% (133/259) mean_SPL=0.2519 SR@0.1m(ref)=51.35% SPL@0.1m(ref)=0.2519
[ZSON3 EVAL] 260/2000 scene=6s7QHgap2fW.basis episode=61 target=bed success=0 spl=0.0000 reason=max_steps_reached steps=490 runtime=271.6s SR=51.15% (133/260) mean_SPL=0.2509 SR@0.1m(ref)=51.15% SPL@0.1m(ref)=0.2509
[ZSON3 EVAL] 261/2000 scene=6s7QHgap2fW.basis episode=62 target=sofa success=0 spl=0.0000 reason=false_positive steps=46 runtime=29.5s SR=50.96% (133/261) mean_SPL=0.2499 SR@0.1m(ref)=50.96% SPL@0.1m(ref)=0.2499
[ZSON3 EVAL] 262/2000 scene=6s7QHgap2fW.basis episode=63 target=bed success=0 spl=0.0000 reason=false_positive steps=47 runtime=28.5s SR=50.76% (133/262) mean_SPL=0.2490 SR@0.1m(ref)=50.76% SPL@0.1m(ref)=0.2490
[ZSON3 EVAL] 263/2000 scene=6s7QHgap2fW.basis episode=64 target=chair success=1 spl=0.7773 reason=object_found steps=31 runtime=23.9s SR=50.95% (134/263) mean_SPL=0.2510 SR@0.1m(ref)=50.95% SPL@0.1m(ref)=0.2510
[ZSON3 EVAL] 264/2000 scene=6s7QHgap2fW.basis episode=65 target=sofa success=1 spl=0.7934 reason=object_found steps=67 runtime=48.2s SR=51.14% (135/264) mean_SPL=0.2531 SR@0.1m(ref)=51.14% SPL@0.1m(ref)=0.2531
[ZSON3 EVAL] 265/2000 scene=6s7QHgap2fW.basis episode=66 target=toilet success=0 spl=0.0000 reason=max_steps_reached steps=500 runtime=272.3s SR=50.94% (135/265) mean_SPL=0.2521 SR@0.1m(ref)=50.94% SPL@0.1m(ref)=0.2521
[ZSON3 EVAL] 266/2000 scene=6s7QHgap2fW.basis episode=67 target=toilet success=0 spl=0.0000 reason=max_steps_reached steps=492 runtime=274.1s SR=50.75% (135/266) mean_SPL=0.2512 SR@0.1m(ref)=50.75% SPL@0.1m(ref)=0.2512
[ZSON3 EVAL] 267/2000 scene=6s7QHgap2fW.basis episode=68 target=tv_monitor success=0 spl=0.0000 reason=max_steps_reached steps=498 runtime=278.8s SR=50.56% (135/267) mean_SPL=0.2502 SR@0.1m(ref)=50.56% SPL@0.1m(ref)=0.2502
[ZSON3 EVAL] 268/2000 scene=6s7QHgap2fW.basis episode=69 target=plant success=0 spl=0.0000 reason=false_positive steps=39 runtime=20.4s SR=50.37% (135/268) mean_SPL=0.2493 SR@0.1m(ref)=50.37% SPL@0.1m(ref)=0.2493
[ZSON3 EVAL] 269/2000 scene=6s7QHgap2fW.basis episode=70 target=chair success=1 spl=0.4269 reason=object_found steps=205 runtime=98.4s SR=50.56% (136/269) mean_SPL=0.2499 SR@0.1m(ref)=50.56% SPL@0.1m(ref)=0.2499
[ZSON3 EVAL] 270/2000 scene=6s7QHgap2fW.basis episode=71 target=bed success=0 spl=0.0000 reason=max_steps_reached steps=500 runtime=339.2s SR=50.37% (136/270) mean_SPL=0.2490 SR@0.1m(ref)=50.37% SPL@0.1m(ref)=0.2490
[ZSON3 EVAL] 271/2000 scene=6s7QHgap2fW.basis episode=72 target=sofa success=0 spl=0.0000 reason=max_steps_reached steps=500 runtime=228.8s SR=50.18% (136/271) mean_SPL=0.2481 SR@0.1m(ref)=50.18% SPL@0.1m(ref)=0.2481
[ZSON3 EVAL] 272/2000 scene=6s7QHgap2fW.basis episode=73 target=tv_monitor success=0 spl=0.0000 reason=max_steps_reached steps=481 runtime=323.8s SR=50.00% (136/272) mean_SPL=0.2472 SR@0.1m(ref)=50.00% SPL@0.1m(ref)=0.2472
[ZSON3 EVAL] 273/2000 scene=6s7QHgap2fW.basis episode=74 target=tv_monitor success=1 spl=0.7281 reason=object_found steps=103 runtime=25.9s SR=50.18% (137/273) mean_SPL=0.2489 SR@0.1m(ref)=50.18% SPL@0.1m(ref)=0.2489
[ZSON3 EVAL] 274/2000 scene=6s7QHgap2fW.basis episode=75 target=bed success=0 spl=0.0000 reason=false_positive steps=240 runtime=147.3s SR=50.00% (137/274) mean_SPL=0.2480 SR@0.1m(ref)=50.00% SPL@0.1m(ref)=0.2480
[ZSON3 EVAL] 275/2000 scene=6s7QHgap2fW.basis episode=76 target=sofa success=0 spl=0.0000 reason=false_positive steps=52 runtime=23.7s SR=49.82% (137/275) mean_SPL=0.2471 SR@0.1m(ref)=49.82% SPL@0.1m(ref)=0.2471
[ZSON3 EVAL] 276/2000 scene=6s7QHgap2fW.basis episode=77 target=toilet success=0 spl=0.0000 reason=robot_stuck steps=199 runtime=128.6s SR=49.64% (137/276) mean_SPL=0.2462 SR@0.1m(ref)=49.64% SPL@0.1m(ref)=0.2462
[ZSON3 EVAL] 277/2000 scene=6s7QHgap2fW.basis episode=78 target=plant success=0 spl=0.0000 reason=false_positive steps=146 runtime=71.9s SR=49.46% (137/277) mean_SPL=0.2453 SR@0.1m(ref)=49.46% SPL@0.1m(ref)=0.2453
[ZSON3 EVAL] 278/2000 scene=6s7QHgap2fW.basis episode=79 target=chair success=0 spl=0.0000 reason=max_steps_reached steps=500 runtime=248.8s SR=49.28% (137/278) mean_SPL=0.2445 SR@0.1m(ref)=49.28% SPL@0.1m(ref)=0.2445
[ZSON3 EVAL] 279/2000 scene=6s7QHgap2fW.basis episode=80 target=tv_monitor success=0 spl=0.0000 reason=max_steps_reached steps=497 runtime=279.8s SR=49.10% (137/279) mean_SPL=0.2436 SR@0.1m(ref)=49.10% SPL@0.1m(ref)=0.2436
[ZSON3 EVAL] 280/2000 scene=6s7QHgap2fW.basis episode=81 target=tv_monitor success=0 spl=0.0000 reason=max_steps_reached steps=500 runtime=327.5s SR=48.93% (137/280) mean_SPL=0.2427 SR@0.1m(ref)=48.93% SPL@0.1m(ref)=0.2427
[ZSON3 EVAL] 281/2000 scene=6s7QHgap2fW.basis episode=82 target=toilet success=0 spl=0.0000 reason=max_steps_reached steps=500 runtime=290.2s SR=48.75% (137/281) mean_SPL=0.2419 SR@0.1m(ref)=48.75% SPL@0.1m(ref)=0.2419
[ZSON3 EVAL] 282/2000 scene=6s7QHgap2fW.basis episode=83 target=chair success=1 spl=0.4633 reason=object_found steps=57 runtime=28.7s SR=48.94% (138/282) mean_SPL=0.2426 SR@0.1m(ref)=48.94% SPL@0.1m(ref)=0.2426
[ZSON3 EVAL] 283/2000 scene=6s7QHgap2fW.basis episode=84 target=tv_monitor success=0 spl=0.0000 reason=max_steps_reached steps=497 runtime=297.2s SR=48.76% (138/283) mean_SPL=0.2418 SR@0.1m(ref)=48.76% SPL@0.1m(ref)=0.2418
[ZSON3 EVAL] 284/2000 scene=6s7QHgap2fW.basis episode=85 target=chair success=1 spl=0.4040 reason=object_found steps=139 runtime=81.5s SR=48.94% (139/284) mean_SPL=0.2424 SR@0.1m(ref)=48.94% SPL@0.1m(ref)=0.2424
[ZSON3 EVAL] 285/2000 scene=6s7QHgap2fW.basis episode=86 target=chair success=1 spl=0.1875 reason=object_found steps=194 runtime=104.6s SR=49.12% (140/285) mean_SPL=0.2422 SR@0.1m(ref)=49.12% SPL@0.1m(ref)=0.2422
[ZSON3 EVAL] 286/2000 scene=6s7QHgap2fW.basis episode=87 target=chair success=1 spl=0.8200 reason=object_found steps=75 runtime=44.8s SR=49.30% (141/286) mean_SPL=0.2442 SR@0.1m(ref)=49.30% SPL@0.1m(ref)=0.2442
[ZSON3 EVAL] 287/2000 scene=6s7QHgap2fW.basis episode=88 target=toilet success=0 spl=0.0000 reason=max_steps_reached steps=491 runtime=236.0s SR=49.13% (141/287) mean_SPL=0.2433 SR@0.1m(ref)=49.13% SPL@0.1m(ref)=0.2433
[ZSON3 EVAL] 288/2000 scene=6s7QHgap2fW.basis episode=89 target=bed success=0 spl=0.0000 reason=max_steps_reached steps=496 runtime=285.8s SR=48.96% (141/288) mean_SPL=0.2425 SR@0.1m(ref)=48.96% SPL@0.1m(ref)=0.2425
[ZSON3 EVAL] 289/2000 scene=6s7QHgap2fW.basis episode=90 target=chair success=1 spl=0.7432 reason=object_found steps=91 runtime=62.5s SR=49.13% (142/289) mean_SPL=0.2442 SR@0.1m(ref)=49.13% SPL@0.1m(ref)=0.2442
[ZSON3 EVAL] 290/2000 scene=6s7QHgap2fW.basis episode=91 target=chair success=0 spl=0.0000 reason=max_steps_reached steps=500 runtime=245.9s SR=48.97% (142/290) mean_SPL=0.2434 SR@0.1m(ref)=48.97% SPL@0.1m(ref)=0.2434
[ZSON3 EVAL] 291/2000 scene=6s7QHgap2fW.basis episode=92 target=plant success=0 spl=0.0000 reason=false_positive steps=93 runtime=62.2s SR=48.80% (142/291) mean_SPL=0.2425 SR@0.1m(ref)=48.80% SPL@0.1m(ref)=0.2425
[ZSON3 EVAL] 292/2000 scene=6s7QHgap2fW.basis episode=93 target=toilet success=0 spl=0.0000 reason=max_steps_reached steps=485 runtime=235.5s SR=48.63% (142/292) mean_SPL=0.2417 SR@0.1m(ref)=48.63% SPL@0.1m(ref)=0.2417
[ZSON3 EVAL] 293/2000 scene=6s7QHgap2fW.basis episode=94 target=plant success=0 spl=0.0000 reason=false_positive steps=148 runtime=82.4s SR=48.46% (142/293) mean_SPL=0.2409 SR@0.1m(ref)=48.46% SPL@0.1m(ref)=0.2409
[ZSON3 EVAL] 294/2000 scene=6s7QHgap2fW.basis episode=95 target=sofa success=1 spl=0.8044 reason=object_found steps=157 runtime=96.4s SR=48.64% (143/294) mean_SPL=0.2428 SR@0.1m(ref)=48.64% SPL@0.1m(ref)=0.2428
[ZSON3 EVAL] 295/2000 scene=6s7QHgap2fW.basis episode=96 target=toilet success=0 spl=0.0000 reason=max_steps_reached steps=500 runtime=205.9s SR=48.47% (143/295) mean_SPL=0.2420 SR@0.1m(ref)=48.47% SPL@0.1m(ref)=0.2420
[ZSON3 EVAL] 296/2000 scene=6s7QHgap2fW.basis episode=97 target=bed success=0 spl=0.0000 reason=max_steps_reached steps=499 runtime=285.9s SR=48.31% (143/296) mean_SPL=0.2412 SR@0.1m(ref)=48.31% SPL@0.1m(ref)=0.2412
[ZSON3 EVAL] 297/2000 scene=6s7QHgap2fW.basis episode=98 target=sofa success=0 spl=0.0000 reason=false_positive steps=79 runtime=33.0s SR=48.15% (143/297) mean_SPL=0.2404 SR@0.1m(ref)=48.15% SPL@0.1m(ref)=0.2404
[ZSON3 EVAL] 298/2000 scene=DYehNKdT76V.basis episode=0 target=toilet success=0 spl=0.0000 reason=max_steps_reached steps=492 runtime=251.8s SR=47.99% (143/298) mean_SPL=0.2395 SR@0.1m(ref)=47.99% SPL@0.1m(ref)=0.2395
[ZSON3 EVAL] 299/2000 scene=DYehNKdT76V.basis episode=1 target=toilet success=1 spl=0.3058 reason=object_found steps=308 runtime=189.2s SR=48.16% (144/299) mean_SPL=0.2398 SR@0.1m(ref)=48.16% SPL@0.1m(ref)=0.2398
[ZSON3 EVAL] 300/2000 scene=DYehNKdT76V.basis episode=2 target=bed success=0 spl=0.0000 reason=max_steps_reached steps=498 runtime=354.0s SR=48.00% (144/300) mean_SPL=0.2390 SR@0.1m(ref)=48.00% SPL@0.1m(ref)=0.2390
[ZSON3 EVAL] 301/2000 scene=DYehNKdT76V.basis episode=3 target=chair success=1 spl=0.6394 reason=object_found steps=84 runtime=48.8s SR=48.17% (145/301) mean_SPL=0.2403 SR@0.1m(ref)=48.17% SPL@0.1m(ref)=0.2403
[ZSON3 EVAL] 302/2000 scene=DYehNKdT76V.basis episode=4 target=toilet success=1 spl=0.6405 reason=object_found steps=115 runtime=53.0s SR=48.34% (146/302) mean_SPL=0.2416 SR@0.1m(ref)=48.34% SPL@0.1m(ref)=0.2416
[ZSON3 EVAL] 303/2000 scene=DYehNKdT76V.basis episode=5 target=toilet success=1 spl=0.2689 reason=object_found steps=304 runtime=227.0s SR=48.51% (147/303) mean_SPL=0.2417 SR@0.1m(ref)=48.51% SPL@0.1m(ref)=0.2417
[ZSON3 EVAL] 304/2000 scene=DYehNKdT76V.basis episode=6 target=sofa success=1 spl=0.8486 reason=object_found steps=49 runtime=31.8s SR=48.68% (148/304) mean_SPL=0.2437 SR@0.1m(ref)=48.68% SPL@0.1m(ref)=0.2437
[ZSON3 EVAL] 305/2000 scene=DYehNKdT76V.basis episode=7 target=toilet success=0 spl=0.0000 reason=max_steps_reached steps=480 runtime=252.6s SR=48.52% (148/305) mean_SPL=0.2429 SR@0.1m(ref)=48.52% SPL@0.1m(ref)=0.2429
[ZSON3 EVAL] 306/2000 scene=DYehNKdT76V.basis episode=8 target=bed success=1 spl=0.4696 reason=object_found steps=157 runtime=107.3s SR=48.69% (149/306) mean_SPL=0.2437 SR@0.1m(ref)=48.69% SPL@0.1m(ref)=0.2437
[ZSON3 EVAL] 307/2000 scene=DYehNKdT76V.basis episode=9 target=bed success=1 spl=0.1328 reason=object_found steps=437 runtime=249.6s SR=48.86% (150/307) mean_SPL=0.2433 SR@0.1m(ref)=48.86% SPL@0.1m(ref)=0.2433
[ZSON3 EVAL] 308/2000 scene=DYehNKdT76V.basis episode=10 target=chair success=1 spl=0.8305 reason=object_found steps=21 runtime=12.1s SR=49.03% (151/308) mean_SPL=0.2452 SR@0.1m(ref)=49.03% SPL@0.1m(ref)=0.2452
[ZSON3 EVAL] 309/2000 scene=DYehNKdT76V.basis episode=11 target=toilet success=0 spl=0.0000 reason=max_steps_reached steps=492 runtime=289.6s SR=48.87% (151/309) mean_SPL=0.2444 SR@0.1m(ref)=48.87% SPL@0.1m(ref)=0.2444
[ZSON3 EVAL] 310/2000 scene=DYehNKdT76V.basis episode=12 target=sofa success=1 spl=0.8076 reason=object_found steps=47 runtime=27.0s SR=49.03% (152/310) mean_SPL=0.2462 SR@0.1m(ref)=49.03% SPL@0.1m(ref)=0.2462
[ZSON3 EVAL] 311/2000 scene=DYehNKdT76V.basis episode=13 target=sofa success=1 spl=0.5278 reason=object_found steps=70 runtime=47.8s SR=49.20% (153/311) mean_SPL=0.2471 SR@0.1m(ref)=49.20% SPL@0.1m(ref)=0.2471
[ZSON3 EVAL] 312/2000 scene=DYehNKdT76V.basis episode=14 target=sofa success=0 spl=0.0000 reason=false_positive steps=137 runtime=82.7s SR=49.04% (153/312) mean_SPL=0.2463 SR@0.1m(ref)=49.04% SPL@0.1m(ref)=0.2463
[ZSON3 EVAL] 313/2000 scene=DYehNKdT76V.basis episode=15 target=chair success=1 spl=0.7530 reason=object_found steps=61 runtime=44.7s SR=49.20% (154/313) mean_SPL=0.2480 SR@0.1m(ref)=49.20% SPL@0.1m(ref)=0.2480
[ZSON3 EVAL] 314/2000 scene=DYehNKdT76V.basis episode=16 target=bed success=1 spl=0.2256 reason=object_found steps=351 runtime=278.8s SR=49.36% (155/314) mean_SPL=0.2479 SR@0.1m(ref)=49.36% SPL@0.1m(ref)=0.2479
[ZSON3 EVAL] 315/2000 scene=DYehNKdT76V.basis episode=17 target=chair success=0 spl=0.0000 reason=max_steps_reached steps=496 runtime=391.2s SR=49.21% (155/315) mean_SPL=0.2471 SR@0.1m(ref)=49.21% SPL@0.1m(ref)=0.2471
[ZSON3 EVAL] 316/2000 scene=DYehNKdT76V.basis episode=18 target=chair success=1 spl=0.4517 reason=object_found steps=293 runtime=154.2s SR=49.37% (156/316) mean_SPL=0.2477 SR@0.1m(ref)=49.37% SPL@0.1m(ref)=0.2477
[ZSON3 EVAL] 317/2000 scene=DYehNKdT76V.basis episode=19 target=sofa success=0 spl=0.0000 reason=false_positive steps=97 runtime=79.7s SR=49.21% (156/317) mean_SPL=0.2470 SR@0.1m(ref)=49.21% SPL@0.1m(ref)=0.2470
[ZSON3 EVAL] 318/2000 scene=DYehNKdT76V.basis episode=20 target=bed success=0 spl=0.0000 reason=false_positive steps=345 runtime=212.4s SR=49.06% (156/318) mean_SPL=0.2462 SR@0.1m(ref)=49.06% SPL@0.1m(ref)=0.2462
[ZSON3 EVAL] 319/2000 scene=DYehNKdT76V.basis episode=21 target=sofa success=0 spl=0.0000 reason=false_positive steps=84 runtime=63.7s SR=48.90% (156/319) mean_SPL=0.2454 SR@0.1m(ref)=48.90% SPL@0.1m(ref)=0.2454
[ZSON3 EVAL] 320/2000 scene=DYehNKdT76V.basis episode=22 target=sofa success=0 spl=0.0000 reason=max_steps_reached steps=487 runtime=315.5s SR=48.75% (156/320) mean_SPL=0.2446 SR@0.1m(ref)=48.75% SPL@0.1m(ref)=0.2446
[ZSON3 EVAL] 321/2000 scene=DYehNKdT76V.basis episode=23 target=toilet success=0 spl=0.0000 reason=max_steps_reached steps=493 runtime=275.5s SR=48.60% (156/321) mean_SPL=0.2439 SR@0.1m(ref)=48.60% SPL@0.1m(ref)=0.2439
[ZSON3 EVAL] 322/2000 scene=DYehNKdT76V.basis episode=24 target=chair success=1 spl=0.7211 reason=object_found steps=257 runtime=180.1s SR=48.76% (157/322) mean_SPL=0.2454 SR@0.1m(ref)=48.76% SPL@0.1m(ref)=0.2454
[ZSON3 EVAL] 323/2000 scene=DYehNKdT76V.basis episode=25 target=toilet success=0 spl=0.0000 reason=false_positive steps=397 runtime=220.2s SR=48.61% (157/323) mean_SPL=0.2446 SR@0.1m(ref)=48.61% SPL@0.1m(ref)=0.2446
[ZSON3 EVAL] 324/2000 scene=DYehNKdT76V.basis episode=26 target=toilet success=1 spl=0.2299 reason=object_found steps=375 runtime=232.1s SR=48.77% (158/324) mean_SPL=0.2446 SR@0.1m(ref)=48.77% SPL@0.1m(ref)=0.2446
[ZSON3 EVAL] 325/2000 scene=DYehNKdT76V.basis episode=27 target=sofa success=1 spl=0.8471 reason=object_found steps=54 runtime=32.1s SR=48.92% (159/325) mean_SPL=0.2464 SR@0.1m(ref)=48.92% SPL@0.1m(ref)=0.2464
[ZSON3 EVAL] 326/2000 scene=DYehNKdT76V.basis episode=28 target=chair success=1 spl=0.5053 reason=object_found steps=235 runtime=138.9s SR=49.08% (160/326) mean_SPL=0.2472 SR@0.1m(ref)=49.08% SPL@0.1m(ref)=0.2472
[ZSON3 EVAL] 327/2000 scene=DYehNKdT76V.basis episode=29 target=sofa success=0 spl=0.0000 reason=false_positive steps=57 runtime=43.3s SR=48.93% (160/327) mean_SPL=0.2465 SR@0.1m(ref)=48.93% SPL@0.1m(ref)=0.2465
[ZSON3 EVAL] 328/2000 scene=DYehNKdT76V.basis episode=30 target=chair success=1 spl=0.4638 reason=object_found steps=191 runtime=92.8s SR=49.09% (161/328) mean_SPL=0.2471 SR@0.1m(ref)=49.09% SPL@0.1m(ref)=0.2471
[ZSON3 EVAL] 329/2000 scene=DYehNKdT76V.basis episode=31 target=chair success=1 spl=0.6659 reason=object_found steps=38 runtime=22.9s SR=49.24% (162/329) mean_SPL=0.2484 SR@0.1m(ref)=49.24% SPL@0.1m(ref)=0.2484
[ZSON3 EVAL] 330/2000 scene=DYehNKdT76V.basis episode=32 target=bed success=1 spl=0.7910 reason=object_found steps=95 runtime=60.6s SR=49.39% (163/330) mean_SPL=0.2500 SR@0.1m(ref)=49.39% SPL@0.1m(ref)=0.2500
[ZSON3 EVAL] 331/2000 scene=DYehNKdT76V.basis episode=33 target=sofa success=1 spl=0.5903 reason=object_found steps=278 runtime=140.8s SR=49.55% (164/331) mean_SPL=0.2511 SR@0.1m(ref)=49.55% SPL@0.1m(ref)=0.2511
[ZSON3 EVAL] 332/2000 scene=DYehNKdT76V.basis episode=34 target=chair success=1 spl=0.4966 reason=object_found steps=316 runtime=201.6s SR=49.70% (165/332) mean_SPL=0.2518 SR@0.1m(ref)=49.70% SPL@0.1m(ref)=0.2518
[ZSON3 EVAL] 333/2000 scene=DYehNKdT76V.basis episode=35 target=toilet success=0 spl=0.0000 reason=max_steps_reached steps=500 runtime=292.4s SR=49.55% (165/333) mean_SPL=0.2510 SR@0.1m(ref)=49.55% SPL@0.1m(ref)=0.2510
[ZSON3 EVAL] 334/2000 scene=DYehNKdT76V.basis episode=36 target=sofa success=0 spl=0.0000 reason=false_positive steps=204 runtime=131.3s SR=49.40% (165/334) mean_SPL=0.2503 SR@0.1m(ref)=49.40% SPL@0.1m(ref)=0.2503
[ZSON3 EVAL] 335/2000 scene=DYehNKdT76V.basis episode=37 target=chair success=1 spl=0.4610 reason=object_found steps=208 runtime=132.3s SR=49.55% (166/335) mean_SPL=0.2509 SR@0.1m(ref)=49.55% SPL@0.1m(ref)=0.2509
[ZSON3 EVAL] 336/2000 scene=DYehNKdT76V.basis episode=38 target=chair success=1 spl=0.2910 reason=object_found steps=271 runtime=132.8s SR=49.70% (167/336) mean_SPL=0.2510 SR@0.1m(ref)=49.70% SPL@0.1m(ref)=0.2510
[ZSON3 EVAL] 337/2000 scene=DYehNKdT76V.basis episode=39 target=bed success=1 spl=0.1692 reason=object_found steps=415 runtime=220.8s SR=49.85% (168/337) mean_SPL=0.2508 SR@0.1m(ref)=49.85% SPL@0.1m(ref)=0.2508
[ZSON3 EVAL] 338/2000 scene=DYehNKdT76V.basis episode=40 target=sofa success=1 spl=0.2522 reason=object_found steps=94 runtime=53.0s SR=50.00% (169/338) mean_SPL=0.2508 SR@0.1m(ref)=50.00% SPL@0.1m(ref)=0.2508
[ZSON3 EVAL] 339/2000 scene=DYehNKdT76V.basis episode=41 target=bed success=0 spl=0.0000 reason=max_steps_reached steps=496 runtime=296.6s SR=49.85% (169/339) mean_SPL=0.2501 SR@0.1m(ref)=49.85% SPL@0.1m(ref)=0.2501
[ZSON3 EVAL] 340/2000 scene=DYehNKdT76V.basis episode=42 target=chair success=1 spl=0.5713 reason=object_found steps=327 runtime=137.7s SR=50.00% (170/340) mean_SPL=0.2510 SR@0.1m(ref)=50.00% SPL@0.1m(ref)=0.2510
[ZSON3 EVAL] 341/2000 scene=DYehNKdT76V.basis episode=43 target=toilet success=1 spl=0.1772 reason=object_found steps=428 runtime=330.0s SR=50.15% (171/341) mean_SPL=0.2508 SR@0.1m(ref)=50.15% SPL@0.1m(ref)=0.2508
[ZSON3 EVAL] 342/2000 scene=DYehNKdT76V.basis episode=44 target=sofa success=1 spl=0.6570 reason=object_found steps=206 runtime=129.2s SR=50.29% (172/342) mean_SPL=0.2520 SR@0.1m(ref)=50.29% SPL@0.1m(ref)=0.2520
[ZSON3 EVAL] 343/2000 scene=DYehNKdT76V.basis episode=45 target=bed success=1 spl=0.2716 reason=object_found steps=377 runtime=239.9s SR=50.44% (173/343) mean_SPL=0.2520 SR@0.1m(ref)=50.44% SPL@0.1m(ref)=0.2520
[ZSON3 EVAL] 344/2000 scene=DYehNKdT76V.basis episode=46 target=chair success=1 spl=0.4754 reason=object_found steps=196 runtime=111.5s SR=50.58% (174/344) mean_SPL=0.2527 SR@0.1m(ref)=50.58% SPL@0.1m(ref)=0.2527
[ZSON3 EVAL] 345/2000 scene=DYehNKdT76V.basis episode=47 target=toilet success=1 spl=0.7046 reason=object_found steps=95 runtime=54.8s SR=50.72% (175/345) mean_SPL=0.2540 SR@0.1m(ref)=50.72% SPL@0.1m(ref)=0.2540
[ZSON3 EVAL] 346/2000 scene=DYehNKdT76V.basis episode=48 target=chair success=1 spl=0.3718 reason=object_found steps=165 runtime=136.6s SR=50.87% (176/346) mean_SPL=0.2543 SR@0.1m(ref)=50.87% SPL@0.1m(ref)=0.2543
[ZSON3 EVAL] 347/2000 scene=DYehNKdT76V.basis episode=49 target=chair success=1 spl=0.5948 reason=object_found steps=66 runtime=51.3s SR=51.01% (177/347) mean_SPL=0.2553 SR@0.1m(ref)=51.01% SPL@0.1m(ref)=0.2553
[ZSON3 EVAL] 348/2000 scene=DYehNKdT76V.basis episode=50 target=sofa success=0 spl=0.0000 reason=false_positive steps=70 runtime=52.9s SR=50.86% (177/348) mean_SPL=0.2546 SR@0.1m(ref)=50.86% SPL@0.1m(ref)=0.2546
[ZSON3 EVAL] 349/2000 scene=DYehNKdT76V.basis episode=51 target=sofa success=1 spl=0.8610 reason=object_found steps=22 runtime=18.6s SR=51.00% (178/349) mean_SPL=0.2563 SR@0.1m(ref)=51.00% SPL@0.1m(ref)=0.2563
[ZSON3 EVAL] 350/2000 scene=DYehNKdT76V.basis episode=52 target=bed success=0 spl=0.0000 reason=max_steps_reached steps=489 runtime=287.5s SR=50.86% (178/350) mean_SPL=0.2556 SR@0.1m(ref)=50.86% SPL@0.1m(ref)=0.2556
[ZSON3 EVAL] 351/2000 scene=DYehNKdT76V.basis episode=53 target=toilet success=0 spl=0.0000 reason=max_steps_reached steps=493 runtime=302.6s SR=50.71% (178/351) mean_SPL=0.2549 SR@0.1m(ref)=50.71% SPL@0.1m(ref)=0.2549
[ZSON3 EVAL] 352/2000 scene=DYehNKdT76V.basis episode=54 target=chair success=1 spl=0.1748 reason=object_found steps=290 runtime=172.9s SR=50.85% (179/352) mean_SPL=0.2546 SR@0.1m(ref)=50.85% SPL@0.1m(ref)=0.2546
[ZSON3 EVAL] 353/2000 scene=DYehNKdT76V.basis episode=55 target=toilet success=1 spl=0.7856 reason=object_found steps=140 runtime=52.1s SR=50.99% (180/353) mean_SPL=0.2561 SR@0.1m(ref)=50.99% SPL@0.1m(ref)=0.2561
[ZSON3 EVAL] 354/2000 scene=DYehNKdT76V.basis episode=56 target=sofa success=1 spl=0.3208 reason=object_found steps=95 runtime=73.6s SR=51.13% (181/354) mean_SPL=0.2563 SR@0.1m(ref)=51.13% SPL@0.1m(ref)=0.2563
[ZSON3 EVAL] 355/2000 scene=DYehNKdT76V.basis episode=57 target=sofa success=0 spl=0.0000 reason=false_positive steps=17 runtime=21.1s SR=50.99% (181/355) mean_SPL=0.2556 SR@0.1m(ref)=50.99% SPL@0.1m(ref)=0.2556
[ZSON3 EVAL] 356/2000 scene=DYehNKdT76V.basis episode=58 target=toilet success=1 spl=0.5953 reason=object_found steps=99 runtime=44.9s SR=51.12% (182/356) mean_SPL=0.2565 SR@0.1m(ref)=51.12% SPL@0.1m(ref)=0.2565
[ZSON3 EVAL] 357/2000 scene=DYehNKdT76V.basis episode=59 target=bed success=1 spl=0.3944 reason=object_found steps=191 runtime=108.4s SR=51.26% (183/357) mean_SPL=0.2569 SR@0.1m(ref)=51.26% SPL@0.1m(ref)=0.2569
[ZSON3 EVAL] 358/2000 scene=DYehNKdT76V.basis episode=60 target=chair success=1 spl=0.8243 reason=object_found steps=22 runtime=11.5s SR=51.40% (184/358) mean_SPL=0.2585 SR@0.1m(ref)=51.40% SPL@0.1m(ref)=0.2585
[ZSON3 EVAL] 359/2000 scene=DYehNKdT76V.basis episode=61 target=sofa success=1 spl=0.7842 reason=object_found steps=138 runtime=86.8s SR=51.53% (185/359) mean_SPL=0.2600 SR@0.1m(ref)=51.53% SPL@0.1m(ref)=0.2600
[ZSON3 EVAL] 360/2000 scene=DYehNKdT76V.basis episode=62 target=bed success=0 spl=0.0000 reason=max_steps_reached steps=481 runtime=283.0s SR=51.39% (185/360) mean_SPL=0.2593 SR@0.1m(ref)=51.39% SPL@0.1m(ref)=0.2593
[ZSON3 EVAL] 361/2000 scene=DYehNKdT76V.basis episode=63 target=sofa success=1 spl=0.5708 reason=object_found steps=134 runtime=64.9s SR=51.52% (186/361) mean_SPL=0.2601 SR@0.1m(ref)=51.52% SPL@0.1m(ref)=0.2601
[ZSON3 EVAL] 362/2000 scene=DYehNKdT76V.basis episode=64 target=toilet success=0 spl=0.0000 reason=false_positive steps=109 runtime=60.9s SR=51.38% (186/362) mean_SPL=0.2594 SR@0.1m(ref)=51.38% SPL@0.1m(ref)=0.2594
[ZSON3 EVAL] 363/2000 scene=DYehNKdT76V.basis episode=65 target=chair success=1 spl=0.4824 reason=object_found steps=447 runtime=184.2s SR=51.52% (187/363) mean_SPL=0.2600 SR@0.1m(ref)=51.52% SPL@0.1m(ref)=0.2600
[ZSON3 EVAL] 364/2000 scene=DYehNKdT76V.basis episode=66 target=sofa success=0 spl=0.0000 reason=false_positive steps=24 runtime=22.4s SR=51.37% (187/364) mean_SPL=0.2593 SR@0.1m(ref)=51.37% SPL@0.1m(ref)=0.2593
[ZSON3 EVAL] 365/2000 scene=DYehNKdT76V.basis episode=67 target=bed success=0 spl=0.0000 reason=max_steps_reached steps=498 runtime=266.2s SR=51.23% (187/365) mean_SPL=0.2586 SR@0.1m(ref)=51.23% SPL@0.1m(ref)=0.2586
[ZSON3 EVAL] 366/2000 scene=DYehNKdT76V.basis episode=68 target=toilet success=0 spl=0.0000 reason=max_steps_reached steps=500 runtime=326.5s SR=51.09% (187/366) mean_SPL=0.2579 SR@0.1m(ref)=51.09% SPL@0.1m(ref)=0.2579
[ZSON3 EVAL] 367/2000 scene=DYehNKdT76V.basis episode=69 target=bed success=0 spl=0.0000 reason=false_positive steps=254 runtime=165.2s SR=50.95% (187/367) mean_SPL=0.2572 SR@0.1m(ref)=50.95% SPL@0.1m(ref)=0.2572
[ZSON3 EVAL] 368/2000 scene=DYehNKdT76V.basis episode=70 target=bed success=0 spl=0.0000 reason=max_steps_reached steps=484 runtime=332.9s SR=50.82% (187/368) mean_SPL=0.2565 SR@0.1m(ref)=50.82% SPL@0.1m(ref)=0.2565
[ZSON3 EVAL] 369/2000 scene=DYehNKdT76V.basis episode=71 target=toilet success=0 spl=0.0000 reason=false_positive steps=292 runtime=277.7s SR=50.68% (187/369) mean_SPL=0.2558 SR@0.1m(ref)=50.68% SPL@0.1m(ref)=0.2558
[ZSON3 EVAL] 370/2000 scene=DYehNKdT76V.basis episode=72 target=bed success=1 spl=0.3263 reason=object_found steps=277 runtime=160.9s SR=50.81% (188/370) mean_SPL=0.2560 SR@0.1m(ref)=50.81% SPL@0.1m(ref)=0.2560
[ZSON3 EVAL] 371/2000 scene=DYehNKdT76V.basis episode=73 target=toilet success=1 spl=0.3258 reason=object_found steps=171 runtime=103.4s SR=50.94% (189/371) mean_SPL=0.2562 SR@0.1m(ref)=50.94% SPL@0.1m(ref)=0.2562
[ZSON3 EVAL] 372/2000 scene=DYehNKdT76V.basis episode=74 target=bed success=0 spl=0.0000 reason=max_steps_reached steps=500 runtime=296.0s SR=50.81% (189/372) mean_SPL=0.2555 SR@0.1m(ref)=50.81% SPL@0.1m(ref)=0.2555
[ZSON3 EVAL] 373/2000 scene=DYehNKdT76V.basis episode=75 target=sofa success=0 spl=0.0000 reason=false_positive steps=92 runtime=51.7s SR=50.67% (189/373) mean_SPL=0.2548 SR@0.1m(ref)=50.67% SPL@0.1m(ref)=0.2548
[ZSON3 EVAL] 374/2000 scene=DYehNKdT76V.basis episode=76 target=bed success=0 spl=0.0000 reason=max_steps_reached steps=493 runtime=278.2s SR=50.53% (189/374) mean_SPL=0.2541 SR@0.1m(ref)=50.53% SPL@0.1m(ref)=0.2541
[ZSON3 EVAL] 375/2000 scene=DYehNKdT76V.basis episode=77 target=sofa success=0 spl=0.0000 reason=false_positive steps=113 runtime=66.5s SR=50.40% (189/375) mean_SPL=0.2534 SR@0.1m(ref)=50.40% SPL@0.1m(ref)=0.2534
[ZSON3 EVAL] 376/2000 scene=DYehNKdT76V.basis episode=78 target=bed success=0 spl=0.0000 reason=max_steps_reached steps=500 runtime=268.9s SR=50.27% (189/376) mean_SPL=0.2528 SR@0.1m(ref)=50.27% SPL@0.1m(ref)=0.2528
[ZSON3 EVAL] 377/2000 scene=DYehNKdT76V.basis episode=79 target=toilet success=0 spl=0.0000 reason=max_steps_reached steps=485 runtime=240.2s SR=50.13% (189/377) mean_SPL=0.2521 SR@0.1m(ref)=50.13% SPL@0.1m(ref)=0.2521
[ZSON3 EVAL] 378/2000 scene=DYehNKdT76V.basis episode=80 target=sofa success=0 spl=0.0000 reason=false_positive steps=10 runtime=15.6s SR=50.00% (189/378) mean_SPL=0.2514 SR@0.1m(ref)=50.00% SPL@0.1m(ref)=0.2514
[ZSON3 EVAL] 379/2000 scene=DYehNKdT76V.basis episode=81 target=chair success=1 spl=0.4509 reason=object_found steps=338 runtime=173.2s SR=50.13% (190/379) mean_SPL=0.2520 SR@0.1m(ref)=50.13% SPL@0.1m(ref)=0.2520
[ZSON3 EVAL] 380/2000 scene=DYehNKdT76V.basis episode=82 target=toilet success=1 spl=0.2339 reason=object_found steps=406 runtime=218.3s SR=50.26% (191/380) mean_SPL=0.2519 SR@0.1m(ref)=50.26% SPL@0.1m(ref)=0.2519
[ZSON3 EVAL] 381/2000 scene=DYehNKdT76V.basis episode=83 target=chair success=1 spl=0.8005 reason=object_found steps=36 runtime=29.2s SR=50.39% (192/381) mean_SPL=0.2533 SR@0.1m(ref)=50.39% SPL@0.1m(ref)=0.2533
[ZSON3 EVAL] 382/2000 scene=DYehNKdT76V.basis episode=84 target=bed success=0 spl=0.0000 reason=max_steps_reached steps=500 runtime=287.7s SR=50.26% (192/382) mean_SPL=0.2527 SR@0.1m(ref)=50.26% SPL@0.1m(ref)=0.2527
[ZSON3 EVAL] 383/2000 scene=DYehNKdT76V.basis episode=85 target=bed success=0 spl=0.0000 reason=false_positive steps=75 runtime=37.8s SR=50.13% (192/383) mean_SPL=0.2520 SR@0.1m(ref)=50.13% SPL@0.1m(ref)=0.2520
[ZSON3 EVAL] 384/2000 scene=DYehNKdT76V.basis episode=86 target=toilet success=1 spl=0.4260 reason=object_found steps=125 runtime=78.8s SR=50.26% (193/384) mean_SPL=0.2525 SR@0.1m(ref)=50.26% SPL@0.1m(ref)=0.2525
[ZSON3 EVAL] 385/2000 scene=DYehNKdT76V.basis episode=87 target=toilet success=1 spl=0.2013 reason=object_found steps=443 runtime=263.8s SR=50.39% (194/385) mean_SPL=0.2523 SR@0.1m(ref)=50.39% SPL@0.1m(ref)=0.2523
[ZSON3 EVAL] 386/2000 scene=DYehNKdT76V.basis episode=88 target=toilet success=1 spl=0.3758 reason=object_found steps=181 runtime=124.5s SR=50.52% (195/386) mean_SPL=0.2527 SR@0.1m(ref)=50.52% SPL@0.1m(ref)=0.2527
[ZSON3 EVAL] 387/2000 scene=DYehNKdT76V.basis episode=89 target=chair success=1 spl=0.4860 reason=object_found steps=356 runtime=244.1s SR=50.65% (196/387) mean_SPL=0.2533 SR@0.1m(ref)=50.65% SPL@0.1m(ref)=0.2533
[ZSON3 EVAL] 388/2000 scene=DYehNKdT76V.basis episode=90 target=bed success=1 spl=0.3130 reason=object_found steps=383 runtime=267.3s SR=50.77% (197/388) mean_SPL=0.2534 SR@0.1m(ref)=50.77% SPL@0.1m(ref)=0.2534
[ZSON3 EVAL] 389/2000 scene=DYehNKdT76V.basis episode=91 target=chair success=0 spl=0.0000 reason=false_positive steps=52 runtime=29.0s SR=50.64% (197/389) mean_SPL=0.2528 SR@0.1m(ref)=50.64% SPL@0.1m(ref)=0.2528
[ZSON3 EVAL] 390/2000 scene=DYehNKdT76V.basis episode=92 target=sofa success=0 spl=0.0000 reason=false_positive steps=100 runtime=74.8s SR=50.51% (197/390) mean_SPL=0.2521 SR@0.1m(ref)=50.51% SPL@0.1m(ref)=0.2521
[ZSON3 EVAL] 391/2000 scene=DYehNKdT76V.basis episode=93 target=toilet success=1 spl=0.2330 reason=object_found steps=380 runtime=220.8s SR=50.64% (198/391) mean_SPL=0.2521 SR@0.1m(ref)=50.64% SPL@0.1m(ref)=0.2521
[ZSON3 EVAL] 392/2000 scene=DYehNKdT76V.basis episode=94 target=chair success=1 spl=0.8673 reason=object_found steps=119 runtime=77.0s SR=50.77% (199/392) mean_SPL=0.2536 SR@0.1m(ref)=50.77% SPL@0.1m(ref)=0.2536
[ZSON3 EVAL] 393/2000 scene=DYehNKdT76V.basis episode=95 target=chair success=1 spl=0.5659 reason=object_found steps=257 runtime=136.7s SR=50.89% (200/393) mean_SPL=0.2544 SR@0.1m(ref)=50.89% SPL@0.1m(ref)=0.2544
[ZSON3 EVAL] 394/2000 scene=DYehNKdT76V.basis episode=96 target=chair success=1 spl=0.5432 reason=object_found steps=144 runtime=88.2s SR=51.02% (201/394) mean_SPL=0.2552 SR@0.1m(ref)=51.02% SPL@0.1m(ref)=0.2552
[ZSON3 EVAL] 395/2000 scene=DYehNKdT76V.basis episode=97 target=toilet success=0 spl=0.0000 reason=max_steps_reached steps=496 runtime=265.1s SR=50.89% (201/395) mean_SPL=0.2545 SR@0.1m(ref)=50.89% SPL@0.1m(ref)=0.2545
[ZSON3 EVAL] 396/2000 scene=DYehNKdT76V.basis episode=98 target=bed success=1 spl=0.3521 reason=object_found steps=235 runtime=139.3s SR=51.01% (202/396) mean_SPL=0.2548 SR@0.1m(ref)=51.01% SPL@0.1m(ref)=0.2548
[ZSON3 EVAL] 397/2000 scene=Dd4bFSTQ8gi.basis episode=0 target=chair success=0 spl=0.0000 reason=false_positive steps=98 runtime=84.0s SR=50.88% (202/397) mean_SPL=0.2541 SR@0.1m(ref)=50.88% SPL@0.1m(ref)=0.2541
[ZSON3 EVAL] 398/2000 scene=Dd4bFSTQ8gi.basis episode=1 target=sofa success=0 spl=0.0000 reason=false_positive steps=401 runtime=247.1s SR=50.75% (202/398) mean_SPL=0.2535 SR@0.1m(ref)=50.75% SPL@0.1m(ref)=0.2535
[ZSON3 EVAL] 399/2000 scene=Dd4bFSTQ8gi.basis episode=2 target=toilet success=0 spl=0.0000 reason=false_positive steps=285 runtime=173.2s SR=50.63% (202/399) mean_SPL=0.2529 SR@0.1m(ref)=50.63% SPL@0.1m(ref)=0.2529
[ZSON3 EVAL] 400/2000 scene=Dd4bFSTQ8gi.basis episode=3 target=bed success=0 spl=0.0000 reason=false_positive steps=175 runtime=145.5s SR=50.50% (202/400) mean_SPL=0.2522 SR@0.1m(ref)=50.50% SPL@0.1m(ref)=0.2522
[ZSON3 EVAL] 401/2000 scene=Dd4bFSTQ8gi.basis episode=4 target=bed success=1 spl=0.4471 reason=object_found steps=109 runtime=82.0s SR=50.62% (203/401) mean_SPL=0.2527 SR@0.1m(ref)=50.62% SPL@0.1m(ref)=0.2527
[ZSON3 EVAL] 402/2000 scene=Dd4bFSTQ8gi.basis episode=5 target=chair success=0 spl=0.0000 reason=false_positive steps=26 runtime=22.2s SR=50.50% (203/402) mean_SPL=0.2521 SR@0.1m(ref)=50.50% SPL@0.1m(ref)=0.2521
[ZSON3 EVAL] 403/2000 scene=Dd4bFSTQ8gi.basis episode=6 target=toilet success=0 spl=0.0000 reason=max_steps_reached steps=496 runtime=407.4s SR=50.37% (203/403) mean_SPL=0.2515 SR@0.1m(ref)=50.37% SPL@0.1m(ref)=0.2515
[ZSON3 EVAL] 404/2000 scene=Dd4bFSTQ8gi.basis episode=7 target=bed success=1 spl=0.3754 reason=object_found steps=70 runtime=48.1s SR=50.50% (204/404) mean_SPL=0.2518 SR@0.1m(ref)=50.50% SPL@0.1m(ref)=0.2518
[ZSON3 EVAL] 405/2000 scene=Dd4bFSTQ8gi.basis episode=8 target=bed success=1 spl=0.6095 reason=object_found steps=54 runtime=39.5s SR=50.62% (205/405) mean_SPL=0.2526 SR@0.1m(ref)=50.62% SPL@0.1m(ref)=0.2526
[ZSON3 EVAL] 406/2000 scene=Dd4bFSTQ8gi.basis episode=9 target=toilet success=1 spl=0.0953 reason=object_found steps=382 runtime=276.1s SR=50.74% (206/406) mean_SPL=0.2523 SR@0.1m(ref)=50.74% SPL@0.1m(ref)=0.2523
[ZSON3 EVAL] 407/2000 scene=Dd4bFSTQ8gi.basis episode=10 target=sofa success=0 spl=0.0000 reason=false_positive steps=80 runtime=67.3s SR=50.61% (206/407) mean_SPL=0.2516 SR@0.1m(ref)=50.61% SPL@0.1m(ref)=0.2516
[ZSON3 EVAL] 408/2000 scene=Dd4bFSTQ8gi.basis episode=11 target=bed success=1 spl=0.7734 reason=object_found steps=38 runtime=27.0s SR=50.74% (207/408) mean_SPL=0.2529 SR@0.1m(ref)=50.74% SPL@0.1m(ref)=0.2529
[ZSON3 EVAL] 409/2000 scene=Dd4bFSTQ8gi.basis episode=12 target=chair success=0 spl=0.0000 reason=false_positive steps=20 runtime=16.1s SR=50.61% (207/409) mean_SPL=0.2523 SR@0.1m(ref)=50.61% SPL@0.1m(ref)=0.2523
[ZSON3 EVAL] 410/2000 scene=Dd4bFSTQ8gi.basis episode=13 target=sofa success=1 spl=0.6235 reason=object_found steps=43 runtime=39.4s SR=50.73% (208/410) mean_SPL=0.2532 SR@0.1m(ref)=50.73% SPL@0.1m(ref)=0.2532
[ZSON3 EVAL] 411/2000 scene=Dd4bFSTQ8gi.basis episode=14 target=toilet success=1 spl=0.5628 reason=object_found steps=117 runtime=149.6s SR=50.85% (209/411) mean_SPL=0.2540 SR@0.1m(ref)=50.85% SPL@0.1m(ref)=0.2540
[ZSON3 EVAL] 412/2000 scene=Dd4bFSTQ8gi.basis episode=15 target=sofa success=1 spl=0.1657 reason=object_found steps=180 runtime=163.4s SR=50.97% (210/412) mean_SPL=0.2537 SR@0.1m(ref)=50.97% SPL@0.1m(ref)=0.2537
[ZSON3 EVAL] 413/2000 scene=Dd4bFSTQ8gi.basis episode=16 target=sofa success=0 spl=0.0000 reason=false_positive steps=63 runtime=44.3s SR=50.85% (210/413) mean_SPL=0.2531 SR@0.1m(ref)=50.85% SPL@0.1m(ref)=0.2531
[ZSON3 EVAL] 414/2000 scene=Dd4bFSTQ8gi.basis episode=17 target=bed success=1 spl=0.3070 reason=object_found steps=141 runtime=111.9s SR=50.97% (211/414) mean_SPL=0.2533 SR@0.1m(ref)=50.97% SPL@0.1m(ref)=0.2533
[ZSON3 EVAL] 415/2000 scene=Dd4bFSTQ8gi.basis episode=18 target=toilet success=0 spl=0.0000 reason=max_steps_reached steps=495 runtime=509.1s SR=50.84% (211/415) mean_SPL=0.2526 SR@0.1m(ref)=50.84% SPL@0.1m(ref)=0.2526
[ZSON3 EVAL] 416/2000 scene=Dd4bFSTQ8gi.basis episode=19 target=toilet success=1 spl=0.4238 reason=object_found steps=228 runtime=163.8s SR=50.96% (212/416) mean_SPL=0.2531 SR@0.1m(ref)=50.96% SPL@0.1m(ref)=0.2531
[ZSON3 EVAL] 417/2000 scene=Dd4bFSTQ8gi.basis episode=20 target=bed success=1 spl=0.0939 reason=object_found steps=387 runtime=268.5s SR=51.08% (213/417) mean_SPL=0.2527 SR@0.1m(ref)=51.08% SPL@0.1m(ref)=0.2527
[ZSON3 EVAL] 418/2000 scene=Dd4bFSTQ8gi.basis episode=21 target=bed success=1 spl=0.0958 reason=object_found steps=276 runtime=199.7s SR=51.20% (214/418) mean_SPL=0.2523 SR@0.1m(ref)=51.20% SPL@0.1m(ref)=0.2523
[ZSON3 EVAL] 419/2000 scene=Dd4bFSTQ8gi.basis episode=22 target=toilet success=1 spl=0.2761 reason=object_found steps=305 runtime=246.6s SR=51.31% (215/419) mean_SPL=0.2524 SR@0.1m(ref)=51.31% SPL@0.1m(ref)=0.2524
[ZSON3 EVAL] 420/2000 scene=Dd4bFSTQ8gi.basis episode=23 target=sofa success=1 spl=0.1527 reason=object_found steps=360 runtime=287.5s SR=51.43% (216/420) mean_SPL=0.2521 SR@0.1m(ref)=51.43% SPL@0.1m(ref)=0.2521
[ZSON3 EVAL] 421/2000 scene=Dd4bFSTQ8gi.basis episode=24 target=bed success=1 spl=0.8374 reason=object_found steps=50 runtime=32.4s SR=51.54% (217/421) mean_SPL=0.2535 SR@0.1m(ref)=51.54% SPL@0.1m(ref)=0.2535
[ZSON3 EVAL] 422/2000 scene=Dd4bFSTQ8gi.basis episode=25 target=bed success=0 spl=0.0000 reason=false_positive steps=163 runtime=112.5s SR=51.42% (217/422) mean_SPL=0.2529 SR@0.1m(ref)=51.42% SPL@0.1m(ref)=0.2529
[ZSON3 EVAL] 423/2000 scene=Dd4bFSTQ8gi.basis episode=26 target=toilet success=1 spl=0.5041 reason=object_found steps=113 runtime=71.9s SR=51.54% (218/423) mean_SPL=0.2535 SR@0.1m(ref)=51.54% SPL@0.1m(ref)=0.2535
[ZSON3 EVAL] 424/2000 scene=Dd4bFSTQ8gi.basis episode=27 target=chair success=0 spl=0.0000 reason=false_positive steps=52 runtime=31.5s SR=51.42% (218/424) mean_SPL=0.2529 SR@0.1m(ref)=51.42% SPL@0.1m(ref)=0.2529
[ZSON3 EVAL] 425/2000 scene=Dd4bFSTQ8gi.basis episode=28 target=sofa success=1 spl=0.5151 reason=object_found steps=54 runtime=46.3s SR=51.53% (219/425) mean_SPL=0.2535 SR@0.1m(ref)=51.53% SPL@0.1m(ref)=0.2535
[ZSON3 EVAL] 426/2000 scene=Dd4bFSTQ8gi.basis episode=29 target=sofa success=0 spl=0.0000 reason=false_positive steps=79 runtime=51.9s SR=51.41% (219/426) mean_SPL=0.2529 SR@0.1m(ref)=51.41% SPL@0.1m(ref)=0.2529
[ZSON3 EVAL] 427/2000 scene=Dd4bFSTQ8gi.basis episode=30 target=bed success=1 spl=0.4864 reason=object_found steps=113 runtime=158.3s SR=51.52% (220/427) mean_SPL=0.2535 SR@0.1m(ref)=51.52% SPL@0.1m(ref)=0.2535
[ZSON3 EVAL] 428/2000 scene=Dd4bFSTQ8gi.basis episode=31 target=chair success=0 spl=0.0000 reason=false_positive steps=214 runtime=156.1s SR=51.40% (220/428) mean_SPL=0.2529 SR@0.1m(ref)=51.40% SPL@0.1m(ref)=0.2529
[ZSON3 EVAL] 429/2000 scene=Dd4bFSTQ8gi.basis episode=32 target=bed success=1 spl=0.2809 reason=object_found steps=233 runtime=299.4s SR=51.52% (221/429) mean_SPL=0.2529 SR@0.1m(ref)=51.52% SPL@0.1m(ref)=0.2529
[ZSON3 EVAL] 430/2000 scene=Dd4bFSTQ8gi.basis episode=33 target=sofa success=1 spl=0.6411 reason=object_found steps=66 runtime=54.8s SR=51.63% (222/430) mean_SPL=0.2539 SR@0.1m(ref)=51.63% SPL@0.1m(ref)=0.2539
[ZSON3 EVAL] 431/2000 scene=Dd4bFSTQ8gi.basis episode=34 target=bed success=1 spl=0.2418 reason=object_found steps=154 runtime=122.7s SR=51.74% (223/431) mean_SPL=0.2538 SR@0.1m(ref)=51.74% SPL@0.1m(ref)=0.2538
[ZSON3 EVAL] 432/2000 scene=Dd4bFSTQ8gi.basis episode=35 target=toilet success=1 spl=0.5043 reason=object_found steps=162 runtime=109.1s SR=51.85% (224/432) mean_SPL=0.2544 SR@0.1m(ref)=51.85% SPL@0.1m(ref)=0.2544
[ZSON3 EVAL] 433/2000 scene=Dd4bFSTQ8gi.basis episode=36 target=chair success=1 spl=0.3551 reason=object_found steps=189 runtime=123.1s SR=51.96% (225/433) mean_SPL=0.2546 SR@0.1m(ref)=51.96% SPL@0.1m(ref)=0.2546
[ZSON3 EVAL] 434/2000 scene=Dd4bFSTQ8gi.basis episode=37 target=chair success=0 spl=0.0000 reason=false_positive steps=23 runtime=17.5s SR=51.84% (225/434) mean_SPL=0.2540 SR@0.1m(ref)=51.84% SPL@0.1m(ref)=0.2540
[ZSON3 EVAL] 435/2000 scene=Dd4bFSTQ8gi.basis episode=38 target=chair success=0 spl=0.0000 reason=false_positive steps=23 runtime=18.7s SR=51.72% (225/435) mean_SPL=0.2535 SR@0.1m(ref)=51.72% SPL@0.1m(ref)=0.2535
[ZSON3 EVAL] 436/2000 scene=Dd4bFSTQ8gi.basis episode=39 target=bed success=1 spl=0.2802 reason=object_found steps=236 runtime=201.2s SR=51.83% (226/436) mean_SPL=0.2535 SR@0.1m(ref)=51.83% SPL@0.1m(ref)=0.2535
[ZSON3 EVAL] 437/2000 scene=Dd4bFSTQ8gi.basis episode=40 target=toilet success=0 spl=0.0000 reason=max_steps_reached steps=493 runtime=348.4s SR=51.72% (226/437) mean_SPL=0.2529 SR@0.1m(ref)=51.72% SPL@0.1m(ref)=0.2529
[ZSON3 EVAL] 438/2000 scene=Dd4bFSTQ8gi.basis episode=41 target=sofa success=1 spl=0.5574 reason=object_found steps=104 runtime=82.3s SR=51.83% (227/438) mean_SPL=0.2536 SR@0.1m(ref)=51.83% SPL@0.1m(ref)=0.2536
[ZSON3 EVAL] 439/2000 scene=Dd4bFSTQ8gi.basis episode=42 target=bed success=1 spl=0.4445 reason=object_found steps=116 runtime=95.3s SR=51.94% (228/439) mean_SPL=0.2541 SR@0.1m(ref)=51.94% SPL@0.1m(ref)=0.2541
[ZSON3 EVAL] 440/2000 scene=Dd4bFSTQ8gi.basis episode=43 target=chair success=0 spl=0.0000 reason=false_positive steps=210 runtime=136.9s SR=51.82% (228/440) mean_SPL=0.2535 SR@0.1m(ref)=51.82% SPL@0.1m(ref)=0.2535
[ZSON3 EVAL] 441/2000 scene=Dd4bFSTQ8gi.basis episode=44 target=sofa success=1 spl=0.3536 reason=object_found steps=54 runtime=40.7s SR=51.93% (229/441) mean_SPL=0.2537 SR@0.1m(ref)=51.93% SPL@0.1m(ref)=0.2537
[ZSON3 EVAL] 442/2000 scene=Dd4bFSTQ8gi.basis episode=45 target=bed success=1 spl=0.6853 reason=object_found steps=80 runtime=46.2s SR=52.04% (230/442) mean_SPL=0.2547 SR@0.1m(ref)=52.04% SPL@0.1m(ref)=0.2547
[ZSON3 EVAL] 443/2000 scene=Dd4bFSTQ8gi.basis episode=46 target=bed success=1 spl=0.4155 reason=object_found steps=233 runtime=201.3s SR=52.14% (231/443) mean_SPL=0.2551 SR@0.1m(ref)=52.14% SPL@0.1m(ref)=0.2551
[ZSON3 EVAL] 444/2000 scene=Dd4bFSTQ8gi.basis episode=47 target=chair success=0 spl=0.0000 reason=false_positive steps=21 runtime=15.2s SR=52.03% (231/444) mean_SPL=0.2545 SR@0.1m(ref)=52.03% SPL@0.1m(ref)=0.2545
[ZSON3 EVAL] 445/2000 scene=Dd4bFSTQ8gi.basis episode=48 target=bed success=1 spl=0.0721 reason=object_found steps=343 runtime=271.6s SR=52.13% (232/445) mean_SPL=0.2541 SR@0.1m(ref)=52.13% SPL@0.1m(ref)=0.2541
[ZSON3 EVAL] 446/2000 scene=Dd4bFSTQ8gi.basis episode=49 target=toilet success=1 spl=0.7930 reason=object_found steps=102 runtime=58.1s SR=52.24% (233/446) mean_SPL=0.2553 SR@0.1m(ref)=52.24% SPL@0.1m(ref)=0.2553
[ZSON3 EVAL] 447/2000 scene=Dd4bFSTQ8gi.basis episode=50 target=bed success=1 spl=0.1221 reason=object_found steps=307 runtime=191.0s SR=52.35% (234/447) mean_SPL=0.2550 SR@0.1m(ref)=52.35% SPL@0.1m(ref)=0.2550
[ZSON3 EVAL] 448/2000 scene=Dd4bFSTQ8gi.basis episode=51 target=bed success=1 spl=0.6064 reason=object_found steps=73 runtime=63.4s SR=52.46% (235/448) mean_SPL=0.2558 SR@0.1m(ref)=52.46% SPL@0.1m(ref)=0.2558
[ZSON3 EVAL] 449/2000 scene=Dd4bFSTQ8gi.basis episode=52 target=toilet success=1 spl=0.4080 reason=object_found steps=91 runtime=59.5s SR=52.56% (236/449) mean_SPL=0.2561 SR@0.1m(ref)=52.56% SPL@0.1m(ref)=0.2561
[ZSON3 EVAL] 450/2000 scene=Dd4bFSTQ8gi.basis episode=53 target=chair success=0 spl=0.0000 reason=false_positive steps=16 runtime=17.3s SR=52.44% (236/450) mean_SPL=0.2555 SR@0.1m(ref)=52.44% SPL@0.1m(ref)=0.2555
[ZSON3 EVAL] 451/2000 scene=Dd4bFSTQ8gi.basis episode=54 target=bed success=1 spl=0.7154 reason=object_found steps=77 runtime=47.3s SR=52.55% (237/451) mean_SPL=0.2566 SR@0.1m(ref)=52.55% SPL@0.1m(ref)=0.2566
[ZSON3 EVAL] 452/2000 scene=Dd4bFSTQ8gi.basis episode=55 target=toilet success=1 spl=0.3283 reason=object_found steps=423 runtime=402.1s SR=52.65% (238/452) mean_SPL=0.2567 SR@0.1m(ref)=52.65% SPL@0.1m(ref)=0.2567
[ZSON3 EVAL] 453/2000 scene=Dd4bFSTQ8gi.basis episode=56 target=chair success=1 spl=0.3726 reason=object_found steps=174 runtime=91.1s SR=52.76% (239/453) mean_SPL=0.2570 SR@0.1m(ref)=52.76% SPL@0.1m(ref)=0.2570
[ZSON3 EVAL] 454/2000 scene=Dd4bFSTQ8gi.basis episode=57 target=bed success=1 spl=0.8385 reason=object_found steps=55 runtime=38.9s SR=52.86% (240/454) mean_SPL=0.2583 SR@0.1m(ref)=52.86% SPL@0.1m(ref)=0.2583
[ZSON3 EVAL] 455/2000 scene=Dd4bFSTQ8gi.basis episode=58 target=toilet success=1 spl=0.2570 reason=object_found steps=327 runtime=266.3s SR=52.97% (241/455) mean_SPL=0.2583 SR@0.1m(ref)=52.97% SPL@0.1m(ref)=0.2583
[ZSON3 EVAL] 456/2000 scene=Dd4bFSTQ8gi.basis episode=59 target=toilet success=0 spl=0.0000 reason=max_steps_reached steps=495 runtime=369.9s SR=52.85% (241/456) mean_SPL=0.2577 SR@0.1m(ref)=52.85% SPL@0.1m(ref)=0.2577
[ZSON3 EVAL] 457/2000 scene=Dd4bFSTQ8gi.basis episode=60 target=chair success=0 spl=0.0000 reason=false_positive steps=167 runtime=117.5s SR=52.74% (241/457) mean_SPL=0.2571 SR@0.1m(ref)=52.74% SPL@0.1m(ref)=0.2571
[ZSON3 EVAL] 458/2000 scene=Dd4bFSTQ8gi.basis episode=61 target=chair success=0 spl=0.0000 reason=false_positive steps=36 runtime=27.9s SR=52.62% (241/458) mean_SPL=0.2566 SR@0.1m(ref)=52.62% SPL@0.1m(ref)=0.2566
[ZSON3 EVAL] 459/2000 scene=Dd4bFSTQ8gi.basis episode=62 target=bed success=1 spl=0.1750 reason=object_found steps=176 runtime=90.5s SR=52.72% (242/459) mean_SPL=0.2564 SR@0.1m(ref)=52.72% SPL@0.1m(ref)=0.2564
[ZSON3 EVAL] 460/2000 scene=Dd4bFSTQ8gi.basis episode=63 target=bed success=1 spl=0.2700 reason=object_found steps=130 runtime=84.7s SR=52.83% (243/460) mean_SPL=0.2564 SR@0.1m(ref)=52.83% SPL@0.1m(ref)=0.2564
[ZSON3 EVAL] 461/2000 scene=Dd4bFSTQ8gi.basis episode=64 target=chair success=0 spl=0.0000 reason=false_positive steps=44 runtime=106.6s SR=52.71% (243/461) mean_SPL=0.2559 SR@0.1m(ref)=52.71% SPL@0.1m(ref)=0.2559
[ZSON3 EVAL] 462/2000 scene=Dd4bFSTQ8gi.basis episode=65 target=chair success=0 spl=0.0000 reason=false_positive steps=7 runtime=9.4s SR=52.60% (243/462) mean_SPL=0.2553 SR@0.1m(ref)=52.60% SPL@0.1m(ref)=0.2553
[ZSON3 EVAL] 463/2000 scene=Dd4bFSTQ8gi.basis episode=66 target=toilet success=1 spl=0.0841 reason=object_found steps=379 runtime=258.8s SR=52.70% (244/463) mean_SPL=0.2549 SR@0.1m(ref)=52.70% SPL@0.1m(ref)=0.2549
[ZSON3 EVAL] 464/2000 scene=Dd4bFSTQ8gi.basis episode=67 target=sofa success=0 spl=0.0000 reason=false_positive steps=43 runtime=27.1s SR=52.59% (244/464) mean_SPL=0.2544 SR@0.1m(ref)=52.59% SPL@0.1m(ref)=0.2544
[ZSON3 EVAL] 465/2000 scene=Dd4bFSTQ8gi.basis episode=68 target=bed success=1 spl=0.7662 reason=object_found steps=38 runtime=28.6s SR=52.69% (245/465) mean_SPL=0.2555 SR@0.1m(ref)=52.69% SPL@0.1m(ref)=0.2555
[ZSON3 EVAL] 466/2000 scene=Dd4bFSTQ8gi.basis episode=69 target=toilet success=0 spl=0.0000 reason=max_steps_reached steps=491 runtime=393.2s SR=52.58% (245/466) mean_SPL=0.2549 SR@0.1m(ref)=52.58% SPL@0.1m(ref)=0.2549
[ZSON3 EVAL] 467/2000 scene=Dd4bFSTQ8gi.basis episode=70 target=sofa success=1 spl=0.1508 reason=object_found steps=364 runtime=287.1s SR=52.68% (246/467) mean_SPL=0.2547 SR@0.1m(ref)=52.68% SPL@0.1m(ref)=0.2547
[ZSON3 EVAL] 468/2000 scene=Dd4bFSTQ8gi.basis episode=71 target=chair success=0 spl=0.0000 reason=false_positive steps=131 runtime=169.3s SR=52.56% (246/468) mean_SPL=0.2542 SR@0.1m(ref)=52.56% SPL@0.1m(ref)=0.2542
[ZSON3 EVAL] 469/2000 scene=Dd4bFSTQ8gi.basis episode=72 target=toilet success=0 spl=0.0000 reason=false_positive steps=322 runtime=269.1s SR=52.45% (246/469) mean_SPL=0.2536 SR@0.1m(ref)=52.45% SPL@0.1m(ref)=0.2536
[ZSON3 EVAL] 470/2000 scene=Dd4bFSTQ8gi.basis episode=73 target=chair success=1 spl=0.8450 reason=object_found steps=33 runtime=21.7s SR=52.55% (247/470) mean_SPL=0.2549 SR@0.1m(ref)=52.55% SPL@0.1m(ref)=0.2549
[ZSON3 EVAL] 471/2000 scene=Dd4bFSTQ8gi.basis episode=74 target=chair success=0 spl=0.0000 reason=false_positive steps=17 runtime=12.5s SR=52.44% (247/471) mean_SPL=0.2543 SR@0.1m(ref)=52.44% SPL@0.1m(ref)=0.2543
[ZSON3 EVAL] 472/2000 scene=Dd4bFSTQ8gi.basis episode=75 target=sofa success=1 spl=0.6472 reason=object_found steps=31 runtime=20.6s SR=52.54% (248/472) mean_SPL=0.2552 SR@0.1m(ref)=52.54% SPL@0.1m(ref)=0.2552
[ZSON3 EVAL] 473/2000 scene=Dd4bFSTQ8gi.basis episode=76 target=bed success=1 spl=0.1066 reason=object_found steps=225 runtime=191.4s SR=52.64% (249/473) mean_SPL=0.2549 SR@0.1m(ref)=52.64% SPL@0.1m(ref)=0.2549
[ZSON3 EVAL] 474/2000 scene=Dd4bFSTQ8gi.basis episode=77 target=toilet success=0 spl=0.0000 reason=max_steps_reached steps=494 runtime=334.4s SR=52.53% (249/474) mean_SPL=0.2543 SR@0.1m(ref)=52.53% SPL@0.1m(ref)=0.2543
[ZSON3 EVAL] 475/2000 scene=Dd4bFSTQ8gi.basis episode=78 target=chair success=0 spl=0.0000 reason=false_positive steps=106 runtime=82.1s SR=52.42% (249/475) mean_SPL=0.2538 SR@0.1m(ref)=52.42% SPL@0.1m(ref)=0.2538
[ZSON3 EVAL] 476/2000 scene=Dd4bFSTQ8gi.basis episode=79 target=toilet success=1 spl=0.2669 reason=object_found steps=262 runtime=215.3s SR=52.52% (250/476) mean_SPL=0.2538 SR@0.1m(ref)=52.52% SPL@0.1m(ref)=0.2538
[ZSON3 EVAL] 477/2000 scene=Dd4bFSTQ8gi.basis episode=80 target=bed success=1 spl=0.4059 reason=object_found steps=65 runtime=46.2s SR=52.62% (251/477) mean_SPL=0.2541 SR@0.1m(ref)=52.62% SPL@0.1m(ref)=0.2541
[ZSON3 EVAL] 478/2000 scene=Dd4bFSTQ8gi.basis episode=81 target=chair success=1 spl=0.6787 reason=object_found steps=107 runtime=91.7s SR=52.72% (252/478) mean_SPL=0.2550 SR@0.1m(ref)=52.72% SPL@0.1m(ref)=0.2550
[ZSON3 EVAL] 479/2000 scene=Dd4bFSTQ8gi.basis episode=82 target=toilet success=1 spl=0.0568 reason=object_found steps=475 runtime=365.1s SR=52.82% (253/479) mean_SPL=0.2546 SR@0.1m(ref)=52.82% SPL@0.1m(ref)=0.2546
[ZSON3 EVAL] 480/2000 scene=Dd4bFSTQ8gi.basis episode=83 target=chair success=1 spl=0.7872 reason=object_found steps=43 runtime=28.7s SR=52.92% (254/480) mean_SPL=0.2557 SR@0.1m(ref)=52.92% SPL@0.1m(ref)=0.2557
[ZSON3 EVAL] 481/2000 scene=Dd4bFSTQ8gi.basis episode=84 target=chair success=0 spl=0.0000 reason=false_positive steps=116 runtime=66.4s SR=52.81% (254/481) mean_SPL=0.2552 SR@0.1m(ref)=52.81% SPL@0.1m(ref)=0.2552
[ZSON3 EVAL] 482/2000 scene=Dd4bFSTQ8gi.basis episode=85 target=sofa success=0 spl=0.0000 reason=false_positive steps=76 runtime=31.1s SR=52.70% (254/482) mean_SPL=0.2547 SR@0.1m(ref)=52.70% SPL@0.1m(ref)=0.2547
[ZSON3 EVAL] 483/2000 scene=Dd4bFSTQ8gi.basis episode=86 target=toilet success=1 spl=0.1662 reason=object_found steps=300 runtime=195.7s SR=52.80% (255/483) mean_SPL=0.2545 SR@0.1m(ref)=52.80% SPL@0.1m(ref)=0.2545
[ZSON3 EVAL] 484/2000 scene=Dd4bFSTQ8gi.basis episode=87 target=toilet success=1 spl=0.3641 reason=object_found steps=108 runtime=59.2s SR=52.89% (256/484) mean_SPL=0.2547 SR@0.1m(ref)=52.89% SPL@0.1m(ref)=0.2547
[ZSON3 EVAL] 485/2000 scene=Dd4bFSTQ8gi.basis episode=88 target=toilet success=0 spl=0.0000 reason=max_steps_reached steps=500 runtime=383.4s SR=52.78% (256/485) mean_SPL=0.2542 SR@0.1m(ref)=52.78% SPL@0.1m(ref)=0.2542
[ZSON3 EVAL] 486/2000 scene=Dd4bFSTQ8gi.basis episode=89 target=chair success=0 spl=0.0000 reason=false_positive steps=233 runtime=169.0s SR=52.67% (256/486) mean_SPL=0.2537 SR@0.1m(ref)=52.67% SPL@0.1m(ref)=0.2537
[ZSON3 EVAL] 487/2000 scene=Dd4bFSTQ8gi.basis episode=90 target=sofa success=0 spl=0.0000 reason=false_positive steps=237 runtime=191.2s SR=52.57% (256/487) mean_SPL=0.2531 SR@0.1m(ref)=52.57% SPL@0.1m(ref)=0.2531
[ZSON3 EVAL] 488/2000 scene=Dd4bFSTQ8gi.basis episode=91 target=sofa success=0 spl=0.0000 reason=false_positive steps=80 runtime=56.8s SR=52.46% (256/488) mean_SPL=0.2526 SR@0.1m(ref)=52.46% SPL@0.1m(ref)=0.2526
[ZSON3 EVAL] 489/2000 scene=Dd4bFSTQ8gi.basis episode=92 target=toilet success=1 spl=0.1228 reason=object_found steps=236 runtime=183.9s SR=52.56% (257/489) mean_SPL=0.2524 SR@0.1m(ref)=52.56% SPL@0.1m(ref)=0.2524
[ZSON3 EVAL] 490/2000 scene=Dd4bFSTQ8gi.basis episode=93 target=sofa success=1 spl=0.2790 reason=object_found steps=113 runtime=82.1s SR=52.65% (258/490) mean_SPL=0.2524 SR@0.1m(ref)=52.65% SPL@0.1m(ref)=0.2524
[ZSON3 EVAL] 491/2000 scene=Dd4bFSTQ8gi.basis episode=94 target=chair success=0 spl=0.0000 reason=false_positive steps=14 runtime=14.1s SR=52.55% (258/491) mean_SPL=0.2519 SR@0.1m(ref)=52.55% SPL@0.1m(ref)=0.2519
[ZSON3 EVAL] 492/2000 scene=Dd4bFSTQ8gi.basis episode=95 target=bed success=1 spl=0.3814 reason=object_found steps=129 runtime=83.2s SR=52.64% (259/492) mean_SPL=0.2522 SR@0.1m(ref)=52.64% SPL@0.1m(ref)=0.2522
[ZSON3 EVAL] 493/2000 scene=Dd4bFSTQ8gi.basis episode=96 target=sofa success=1 spl=0.7444 reason=object_found steps=47 runtime=32.2s SR=52.74% (260/493) mean_SPL=0.2532 SR@0.1m(ref)=52.74% SPL@0.1m(ref)=0.2532
[ZSON3 EVAL] 494/2000 scene=Dd4bFSTQ8gi.basis episode=97 target=chair success=1 spl=0.1936 reason=object_found steps=172 runtime=125.6s SR=52.83% (261/494) mean_SPL=0.2530 SR@0.1m(ref)=52.83% SPL@0.1m(ref)=0.2530
[ZSON3 EVAL] 495/2000 scene=Dd4bFSTQ8gi.basis episode=98 target=chair success=1 spl=0.9019 reason=object_found steps=42 runtime=34.3s SR=52.93% (262/495) mean_SPL=0.2543 SR@0.1m(ref)=52.93% SPL@0.1m(ref)=0.2543
[ZSON3 EVAL] 496/2000 scene=Nfvxx8J5NCo.basis episode=0 target=toilet success=1 spl=0.1115 reason=object_found steps=213 runtime=143.0s SR=53.02% (263/496) mean_SPL=0.2541 SR@0.1m(ref)=53.02% SPL@0.1m(ref)=0.2541
[ZSON3 EVAL] 497/2000 scene=Nfvxx8J5NCo.basis episode=1 target=chair success=1 spl=0.5005 reason=object_found steps=130 runtime=82.3s SR=53.12% (264/497) mean_SPL=0.2546 SR@0.1m(ref)=53.12% SPL@0.1m(ref)=0.2546
[ZSON3 EVAL] 498/2000 scene=Nfvxx8J5NCo.basis episode=2 target=tv_monitor success=1 spl=0.7229 reason=object_found steps=77 runtime=43.6s SR=53.21% (265/498) mean_SPL=0.2555 SR@0.1m(ref)=53.21% SPL@0.1m(ref)=0.2555
[ZSON3 EVAL] 499/2000 scene=Nfvxx8J5NCo.basis episode=3 target=bed success=1 spl=0.7127 reason=object_found steps=50 runtime=26.0s SR=53.31% (266/499) mean_SPL=0.2564 SR@0.1m(ref)=53.31% SPL@0.1m(ref)=0.2564
[ZSON3 EVAL] 500/2000 scene=Nfvxx8J5NCo.basis episode=4 target=toilet success=0 spl=0.0000 reason=max_steps_reached steps=496 runtime=310.6s SR=53.20% (266/500) mean_SPL=0.2559 SR@0.1m(ref)=53.20% SPL@0.1m(ref)=0.2559
[ZSON3 EVAL] 501/2000 scene=Nfvxx8J5NCo.basis episode=5 target=toilet success=0 spl=0.0000 reason=max_steps_reached steps=492 runtime=361.7s SR=53.09% (266/501) mean_SPL=0.2554 SR@0.1m(ref)=53.09% SPL@0.1m(ref)=0.2554
[ZSON3 EVAL] 502/2000 scene=Nfvxx8J5NCo.basis episode=6 target=tv_monitor success=0 spl=0.0000 reason=false_positive steps=17 runtime=12.8s SR=52.99% (266/502) mean_SPL=0.2549 SR@0.1m(ref)=52.99% SPL@0.1m(ref)=0.2549
[ZSON3 EVAL] 503/2000 scene=Nfvxx8J5NCo.basis episode=7 target=tv_monitor success=0 spl=0.0000 reason=false_positive steps=126 runtime=77.3s SR=52.88% (266/503) mean_SPL=0.2544 SR@0.1m(ref)=52.88% SPL@0.1m(ref)=0.2544
[ZSON3 EVAL] 504/2000 scene=Nfvxx8J5NCo.basis episode=8 target=sofa success=1 spl=0.3778 reason=object_found steps=287 runtime=180.4s SR=52.98% (267/504) mean_SPL=0.2546 SR@0.1m(ref)=52.98% SPL@0.1m(ref)=0.2546
[ZSON3 EVAL] 505/2000 scene=Nfvxx8J5NCo.basis episode=9 target=tv_monitor success=0 spl=0.0000 reason=false_positive steps=179 runtime=102.2s SR=52.87% (267/505) mean_SPL=0.2541 SR@0.1m(ref)=52.87% SPL@0.1m(ref)=0.2541
[ZSON3 EVAL] 506/2000 scene=Nfvxx8J5NCo.basis episode=10 target=bed success=1 spl=0.7701 reason=object_found steps=71 runtime=46.1s SR=52.96% (268/506) mean_SPL=0.2551 SR@0.1m(ref)=52.96% SPL@0.1m(ref)=0.2551
[ZSON3 EVAL] 507/2000 scene=Nfvxx8J5NCo.basis episode=11 target=sofa success=1 spl=0.3380 reason=object_found steps=179 runtime=103.2s SR=53.06% (269/507) mean_SPL=0.2553 SR@0.1m(ref)=53.06% SPL@0.1m(ref)=0.2553
[ZSON3 EVAL] 508/2000 scene=Nfvxx8J5NCo.basis episode=12 target=toilet success=0 spl=0.0000 reason=max_steps_reached steps=500 runtime=405.8s SR=52.95% (269/508) mean_SPL=0.2548 SR@0.1m(ref)=52.95% SPL@0.1m(ref)=0.2548
[ZSON3 EVAL] 509/2000 scene=Nfvxx8J5NCo.basis episode=13 target=bed success=1 spl=0.4546 reason=object_found steps=98 runtime=136.1s SR=53.05% (270/509) mean_SPL=0.2552 SR@0.1m(ref)=53.05% SPL@0.1m(ref)=0.2552
[ZSON3 EVAL] 510/2000 scene=Nfvxx8J5NCo.basis episode=14 target=chair success=1 spl=0.3764 reason=object_found steps=155 runtime=82.5s SR=53.14% (271/510) mean_SPL=0.2554 SR@0.1m(ref)=53.14% SPL@0.1m(ref)=0.2554
[ZSON3 EVAL] 511/2000 scene=Nfvxx8J5NCo.basis episode=15 target=tv_monitor success=0 spl=0.0000 reason=false_positive steps=23 runtime=17.6s SR=53.03% (271/511) mean_SPL=0.2549 SR@0.1m(ref)=53.03% SPL@0.1m(ref)=0.2549
[ZSON3 EVAL] 512/2000 scene=Nfvxx8J5NCo.basis episode=16 target=chair success=0 spl=0.0000 reason=robot_stuck steps=392 runtime=196.4s SR=52.93% (271/512) mean_SPL=0.2544 SR@0.1m(ref)=52.93% SPL@0.1m(ref)=0.2544
[ZSON3 EVAL] 513/2000 scene=Nfvxx8J5NCo.basis episode=17 target=chair success=1 spl=0.3163 reason=object_found steps=102 runtime=64.7s SR=53.02% (272/513) mean_SPL=0.2545 SR@0.1m(ref)=53.02% SPL@0.1m(ref)=0.2545
[ZSON3 EVAL] 514/2000 scene=Nfvxx8J5NCo.basis episode=18 target=sofa success=1 spl=0.7817 reason=object_found steps=40 runtime=22.7s SR=53.11% (273/514) mean_SPL=0.2556 SR@0.1m(ref)=53.11% SPL@0.1m(ref)=0.2556
[ZSON3 EVAL] 515/2000 scene=Nfvxx8J5NCo.basis episode=19 target=bed success=1 spl=0.6484 reason=object_found steps=64 runtime=42.6s SR=53.20% (274/515) mean_SPL=0.2563 SR@0.1m(ref)=53.20% SPL@0.1m(ref)=0.2563
[ZSON3 EVAL] 516/2000 scene=Nfvxx8J5NCo.basis episode=20 target=tv_monitor success=0 spl=0.0000 reason=false_positive steps=307 runtime=222.7s SR=53.10% (274/516) mean_SPL=0.2558 SR@0.1m(ref)=53.10% SPL@0.1m(ref)=0.2558
[ZSON3 EVAL] 517/2000 scene=Nfvxx8J5NCo.basis episode=21 target=toilet success=1 spl=0.8374 reason=object_found steps=100 runtime=72.0s SR=53.19% (275/517) mean_SPL=0.2570 SR@0.1m(ref)=53.19% SPL@0.1m(ref)=0.2570
[ZSON3 EVAL] 518/2000 scene=Nfvxx8J5NCo.basis episode=22 target=bed success=1 spl=0.4055 reason=object_found steps=57 runtime=39.0s SR=53.28% (276/518) mean_SPL=0.2572 SR@0.1m(ref)=53.28% SPL@0.1m(ref)=0.2572
[ZSON3 EVAL] 519/2000 scene=Nfvxx8J5NCo.basis episode=23 target=bed success=1 spl=0.3923 reason=object_found steps=129 runtime=80.7s SR=53.37% (277/519) mean_SPL=0.2575 SR@0.1m(ref)=53.37% SPL@0.1m(ref)=0.2575
[ZSON3 EVAL] 520/2000 scene=Nfvxx8J5NCo.basis episode=24 target=chair success=1 spl=0.7131 reason=object_found steps=87 runtime=53.1s SR=53.46% (278/520) mean_SPL=0.2584 SR@0.1m(ref)=53.46% SPL@0.1m(ref)=0.2584
[ZSON3 EVAL] 521/2000 scene=Nfvxx8J5NCo.basis episode=25 target=bed success=1 spl=0.2653 reason=object_found steps=81 runtime=55.9s SR=53.55% (279/521) mean_SPL=0.2584 SR@0.1m(ref)=53.55% SPL@0.1m(ref)=0.2584
[ZSON3 EVAL] 522/2000 scene=Nfvxx8J5NCo.basis episode=26 target=sofa success=1 spl=0.6303 reason=object_found steps=90 runtime=48.4s SR=53.64% (280/522) mean_SPL=0.2591 SR@0.1m(ref)=53.64% SPL@0.1m(ref)=0.2591
[ZSON3 EVAL] 523/2000 scene=Nfvxx8J5NCo.basis episode=27 target=bed success=1 spl=0.4252 reason=object_found steps=77 runtime=48.6s SR=53.73% (281/523) mean_SPL=0.2594 SR@0.1m(ref)=53.73% SPL@0.1m(ref)=0.2594
[ZSON3 EVAL] 524/2000 scene=Nfvxx8J5NCo.basis episode=28 target=chair success=1 spl=0.4494 reason=object_found steps=81 runtime=55.6s SR=53.82% (282/524) mean_SPL=0.2598 SR@0.1m(ref)=53.82% SPL@0.1m(ref)=0.2598
[ZSON3 EVAL] 525/2000 scene=Nfvxx8J5NCo.basis episode=29 target=tv_monitor success=0 spl=0.0000 reason=false_positive steps=123 runtime=75.1s SR=53.71% (282/525) mean_SPL=0.2593 SR@0.1m(ref)=53.71% SPL@0.1m(ref)=0.2593
[ZSON3 EVAL] 526/2000 scene=Nfvxx8J5NCo.basis episode=30 target=toilet success=0 spl=0.0000 reason=max_steps_reached steps=494 runtime=313.9s SR=53.61% (282/526) mean_SPL=0.2588 SR@0.1m(ref)=53.61% SPL@0.1m(ref)=0.2588
[ZSON3 EVAL] 527/2000 scene=Nfvxx8J5NCo.basis episode=31 target=bed success=1 spl=0.4415 reason=object_found steps=94 runtime=60.2s SR=53.70% (283/527) mean_SPL=0.2591 SR@0.1m(ref)=53.70% SPL@0.1m(ref)=0.2591
[ZSON3 EVAL] 528/2000 scene=Nfvxx8J5NCo.basis episode=32 target=bed success=1 spl=0.7658 reason=object_found steps=71 runtime=44.7s SR=53.79% (284/528) mean_SPL=0.2601 SR@0.1m(ref)=53.79% SPL@0.1m(ref)=0.2601
[ZSON3 EVAL] 529/2000 scene=Nfvxx8J5NCo.basis episode=33 target=sofa success=1 spl=0.3027 reason=object_found steps=258 runtime=165.7s SR=53.88% (285/529) mean_SPL=0.2602 SR@0.1m(ref)=53.88% SPL@0.1m(ref)=0.2602
[ZSON3 EVAL] 530/2000 scene=Nfvxx8J5NCo.basis episode=34 target=chair success=1 spl=0.6383 reason=object_found steps=46 runtime=33.0s SR=53.96% (286/530) mean_SPL=0.2609 SR@0.1m(ref)=53.96% SPL@0.1m(ref)=0.2609
[ZSON3 EVAL] 531/2000 scene=Nfvxx8J5NCo.basis episode=35 target=sofa success=1 spl=0.8153 reason=object_found steps=41 runtime=24.7s SR=54.05% (287/531) mean_SPL=0.2619 SR@0.1m(ref)=54.05% SPL@0.1m(ref)=0.2619
[ZSON3 EVAL] 532/2000 scene=Nfvxx8J5NCo.basis episode=36 target=chair success=1 spl=0.4764 reason=object_found steps=55 runtime=39.8s SR=54.14% (288/532) mean_SPL=0.2623 SR@0.1m(ref)=54.14% SPL@0.1m(ref)=0.2623
[ZSON3 EVAL] 533/2000 scene=Nfvxx8J5NCo.basis episode=37 target=bed success=1 spl=0.3324 reason=object_found steps=119 runtime=67.1s SR=54.22% (289/533) mean_SPL=0.2625 SR@0.1m(ref)=54.22% SPL@0.1m(ref)=0.2625
[ZSON3 EVAL] 534/2000 scene=Nfvxx8J5NCo.basis episode=38 target=sofa success=1 spl=0.5389 reason=object_found steps=47 runtime=25.7s SR=54.31% (290/534) mean_SPL=0.2630 SR@0.1m(ref)=54.31% SPL@0.1m(ref)=0.2630
[ZSON3 EVAL] 535/2000 scene=Nfvxx8J5NCo.basis episode=39 target=toilet success=0 spl=0.0000 reason=max_steps_reached steps=495 runtime=307.6s SR=54.21% (290/535) mean_SPL=0.2625 SR@0.1m(ref)=54.21% SPL@0.1m(ref)=0.2625
[ZSON3 EVAL] 536/2000 scene=Nfvxx8J5NCo.basis episode=40 target=toilet success=0 spl=0.0000 reason=max_steps_reached steps=494 runtime=314.1s SR=54.10% (290/536) mean_SPL=0.2620 SR@0.1m(ref)=54.10% SPL@0.1m(ref)=0.2620
[ZSON3 EVAL] 537/2000 scene=Nfvxx8J5NCo.basis episode=41 target=bed success=1 spl=0.7032 reason=object_found steps=37 runtime=30.8s SR=54.19% (291/537) mean_SPL=0.2628 SR@0.1m(ref)=54.19% SPL@0.1m(ref)=0.2628
[ZSON3 EVAL] 538/2000 scene=Nfvxx8J5NCo.basis episode=42 target=bed success=1 spl=0.5909 reason=object_found steps=116 runtime=59.6s SR=54.28% (292/538) mean_SPL=0.2634 SR@0.1m(ref)=54.28% SPL@0.1m(ref)=0.2634
[ZSON3 EVAL] 539/2000 scene=Nfvxx8J5NCo.basis episode=43 target=tv_monitor success=1 spl=0.8054 reason=object_found steps=115 runtime=86.7s SR=54.36% (293/539) mean_SPL=0.2645 SR@0.1m(ref)=54.36% SPL@0.1m(ref)=0.2645
[ZSON3 EVAL] 540/2000 scene=Nfvxx8J5NCo.basis episode=44 target=chair success=1 spl=0.4907 reason=object_found steps=77 runtime=57.7s SR=54.44% (294/540) mean_SPL=0.2649 SR@0.1m(ref)=54.44% SPL@0.1m(ref)=0.2649
[ZSON3 EVAL] 541/2000 scene=Nfvxx8J5NCo.basis episode=45 target=chair success=1 spl=0.8022 reason=object_found steps=24 runtime=17.4s SR=54.53% (295/541) mean_SPL=0.2659 SR@0.1m(ref)=54.53% SPL@0.1m(ref)=0.2659
[ZSON3 EVAL] 542/2000 scene=Nfvxx8J5NCo.basis episode=46 target=chair success=1 spl=0.2767 reason=object_found steps=130 runtime=80.7s SR=54.61% (296/542) mean_SPL=0.2659 SR@0.1m(ref)=54.61% SPL@0.1m(ref)=0.2659
[ZSON3 EVAL] 543/2000 scene=Nfvxx8J5NCo.basis episode=47 target=sofa success=1 spl=0.3276 reason=object_found steps=166 runtime=69.0s SR=54.70% (297/543) mean_SPL=0.2660 SR@0.1m(ref)=54.70% SPL@0.1m(ref)=0.2660
[ZSON3 EVAL] 544/2000 scene=Nfvxx8J5NCo.basis episode=48 target=tv_monitor success=0 spl=0.0000 reason=false_positive steps=44 runtime=31.1s SR=54.60% (297/544) mean_SPL=0.2655 SR@0.1m(ref)=54.60% SPL@0.1m(ref)=0.2655
[ZSON3 EVAL] 545/2000 scene=Nfvxx8J5NCo.basis episode=49 target=tv_monitor success=0 spl=0.0000 reason=false_positive steps=48 runtime=34.5s SR=54.50% (297/545) mean_SPL=0.2650 SR@0.1m(ref)=54.50% SPL@0.1m(ref)=0.2650
[ZSON3 EVAL] 546/2000 scene=Nfvxx8J5NCo.basis episode=50 target=bed success=1 spl=0.4663 reason=object_found steps=63 runtime=40.4s SR=54.58% (298/546) mean_SPL=0.2654 SR@0.1m(ref)=54.58% SPL@0.1m(ref)=0.2654
[ZSON3 EVAL] 547/2000 scene=Nfvxx8J5NCo.basis episode=51 target=chair success=1 spl=0.3497 reason=object_found steps=82 runtime=48.0s SR=54.66% (299/547) mean_SPL=0.2655 SR@0.1m(ref)=54.66% SPL@0.1m(ref)=0.2655
[ZSON3 EVAL] 548/2000 scene=Nfvxx8J5NCo.basis episode=52 target=chair success=1 spl=0.6787 reason=object_found steps=39 runtime=24.1s SR=54.74% (300/548) mean_SPL=0.2663 SR@0.1m(ref)=54.74% SPL@0.1m(ref)=0.2663
[ZSON3 EVAL] 549/2000 scene=Nfvxx8J5NCo.basis episode=53 target=sofa success=1 spl=0.3919 reason=object_found steps=201 runtime=96.9s SR=54.83% (301/549) mean_SPL=0.2665 SR@0.1m(ref)=54.83% SPL@0.1m(ref)=0.2665
[ZSON3 EVAL] 550/2000 scene=Nfvxx8J5NCo.basis episode=54 target=bed success=1 spl=0.3077 reason=object_found steps=127 runtime=99.9s SR=54.91% (302/550) mean_SPL=0.2666 SR@0.1m(ref)=54.91% SPL@0.1m(ref)=0.2666
[ZSON3 EVAL] 551/2000 scene=Nfvxx8J5NCo.basis episode=55 target=toilet success=0 spl=0.0000 reason=max_steps_reached steps=498 runtime=479.8s SR=54.81% (302/551) mean_SPL=0.2661 SR@0.1m(ref)=54.81% SPL@0.1m(ref)=0.2661
[ZSON3 EVAL] 552/2000 scene=Nfvxx8J5NCo.basis episode=56 target=chair success=1 spl=0.3536 reason=object_found steps=87 runtime=57.6s SR=54.89% (303/552) mean_SPL=0.2663 SR@0.1m(ref)=54.89% SPL@0.1m(ref)=0.2663
[ZSON3 EVAL] 553/2000 scene=Nfvxx8J5NCo.basis episode=57 target=tv_monitor success=0 spl=0.0000 reason=false_positive steps=19 runtime=10.9s SR=54.79% (303/553) mean_SPL=0.2658 SR@0.1m(ref)=54.79% SPL@0.1m(ref)=0.2658
[ZSON3 EVAL] 554/2000 scene=Nfvxx8J5NCo.basis episode=58 target=bed success=1 spl=0.7556 reason=object_found steps=38 runtime=22.9s SR=54.87% (304/554) mean_SPL=0.2667 SR@0.1m(ref)=54.87% SPL@0.1m(ref)=0.2667
[ZSON3 EVAL] 555/2000 scene=Nfvxx8J5NCo.basis episode=59 target=toilet success=0 spl=0.0000 reason=max_steps_reached steps=493 runtime=313.8s SR=54.77% (304/555) mean_SPL=0.2662 SR@0.1m(ref)=54.77% SPL@0.1m(ref)=0.2662
[ZSON3 EVAL] 556/2000 scene=Nfvxx8J5NCo.basis episode=60 target=sofa success=1 spl=0.5133 reason=object_found steps=151 runtime=100.6s SR=54.86% (305/556) mean_SPL=0.2666 SR@0.1m(ref)=54.86% SPL@0.1m(ref)=0.2666
[ZSON3 EVAL] 557/2000 scene=Nfvxx8J5NCo.basis episode=61 target=bed success=1 spl=0.3953 reason=object_found steps=97 runtime=49.1s SR=54.94% (306/557) mean_SPL=0.2669 SR@0.1m(ref)=54.94% SPL@0.1m(ref)=0.2669
[ZSON3 EVAL] 558/2000 scene=Nfvxx8J5NCo.basis episode=62 target=sofa success=1 spl=0.8220 reason=object_found steps=19 runtime=16.5s SR=55.02% (307/558) mean_SPL=0.2679 SR@0.1m(ref)=55.02% SPL@0.1m(ref)=0.2679
[ZSON3 EVAL] 559/2000 scene=Nfvxx8J5NCo.basis episode=63 target=toilet success=0 spl=0.0000 reason=max_steps_reached steps=492 runtime=299.6s SR=54.92% (307/559) mean_SPL=0.2674 SR@0.1m(ref)=54.92% SPL@0.1m(ref)=0.2674
[ZSON3 EVAL] 560/2000 scene=Nfvxx8J5NCo.basis episode=64 target=tv_monitor success=0 spl=0.0000 reason=false_positive steps=187 runtime=111.5s SR=54.82% (307/560) mean_SPL=0.2669 SR@0.1m(ref)=54.82% SPL@0.1m(ref)=0.2669
[ZSON3 EVAL] 561/2000 scene=Nfvxx8J5NCo.basis episode=65 target=sofa success=1 spl=0.4077 reason=object_found steps=169 runtime=98.4s SR=54.90% (308/561) mean_SPL=0.2672 SR@0.1m(ref)=54.90% SPL@0.1m(ref)=0.2672
[ZSON3 EVAL] 562/2000 scene=Nfvxx8J5NCo.basis episode=66 target=tv_monitor success=0 spl=0.0000 reason=max_steps_reached steps=496 runtime=285.2s SR=54.80% (308/562) mean_SPL=0.2667 SR@0.1m(ref)=54.80% SPL@0.1m(ref)=0.2667
[ZSON3 EVAL] 563/2000 scene=Nfvxx8J5NCo.basis episode=67 target=toilet success=1 spl=0.7865 reason=object_found steps=75 runtime=36.0s SR=54.88% (309/563) mean_SPL=0.2676 SR@0.1m(ref)=54.88% SPL@0.1m(ref)=0.2676
[ZSON3 EVAL] 564/2000 scene=Nfvxx8J5NCo.basis episode=68 target=toilet success=0 spl=0.0000 reason=max_steps_reached steps=499 runtime=319.9s SR=54.79% (309/564) mean_SPL=0.2671 SR@0.1m(ref)=54.79% SPL@0.1m(ref)=0.2671
[ZSON3 EVAL] 565/2000 scene=Nfvxx8J5NCo.basis episode=69 target=sofa success=1 spl=0.1956 reason=object_found steps=123 runtime=85.2s SR=54.87% (310/565) mean_SPL=0.2670 SR@0.1m(ref)=54.87% SPL@0.1m(ref)=0.2670
[ZSON3 EVAL] 566/2000 scene=Nfvxx8J5NCo.basis episode=70 target=sofa success=1 spl=0.2944 reason=object_found steps=142 runtime=79.5s SR=54.95% (311/566) mean_SPL=0.2671 SR@0.1m(ref)=54.95% SPL@0.1m(ref)=0.2671
[ZSON3 EVAL] 567/2000 scene=Nfvxx8J5NCo.basis episode=71 target=toilet success=1 spl=0.1294 reason=object_found steps=468 runtime=399.4s SR=55.03% (312/567) mean_SPL=0.2668 SR@0.1m(ref)=55.03% SPL@0.1m(ref)=0.2668
[ZSON3 EVAL] 568/2000 scene=Nfvxx8J5NCo.basis episode=72 target=tv_monitor success=1 spl=0.0919 reason=object_found steps=286 runtime=182.0s SR=55.11% (313/568) mean_SPL=0.2665 SR@0.1m(ref)=55.11% SPL@0.1m(ref)=0.2665
[ZSON3 EVAL] 569/2000 scene=Nfvxx8J5NCo.basis episode=73 target=toilet success=0 spl=0.0000 reason=robot_stuck steps=352 runtime=233.1s SR=55.01% (313/569) mean_SPL=0.2660 SR@0.1m(ref)=55.01% SPL@0.1m(ref)=0.2660
[ZSON3 EVAL] 570/2000 scene=Nfvxx8J5NCo.basis episode=74 target=tv_monitor success=0 spl=0.0000 reason=false_positive steps=139 runtime=87.6s SR=54.91% (313/570) mean_SPL=0.2656 SR@0.1m(ref)=54.91% SPL@0.1m(ref)=0.2656
[ZSON3 EVAL] 571/2000 scene=Nfvxx8J5NCo.basis episode=75 target=chair success=1 spl=0.5202 reason=object_found steps=168 runtime=94.3s SR=54.99% (314/571) mean_SPL=0.2660 SR@0.1m(ref)=54.99% SPL@0.1m(ref)=0.2660
[ZSON3 EVAL] 572/2000 scene=Nfvxx8J5NCo.basis episode=76 target=bed success=1 spl=0.4139 reason=object_found steps=83 runtime=40.3s SR=55.07% (315/572) mean_SPL=0.2663 SR@0.1m(ref)=55.07% SPL@0.1m(ref)=0.2663
[ZSON3 EVAL] 573/2000 scene=Nfvxx8J5NCo.basis episode=77 target=tv_monitor success=0 spl=0.0000 reason=false_positive steps=166 runtime=105.8s SR=54.97% (315/573) mean_SPL=0.2658 SR@0.1m(ref)=54.97% SPL@0.1m(ref)=0.2658
[ZSON3 EVAL] 574/2000 scene=Nfvxx8J5NCo.basis episode=78 target=tv_monitor success=1 spl=0.6229 reason=object_found steps=177 runtime=82.4s SR=55.05% (316/574) mean_SPL=0.2664 SR@0.1m(ref)=55.05% SPL@0.1m(ref)=0.2664
[ZSON3 EVAL] 575/2000 scene=Nfvxx8J5NCo.basis episode=79 target=toilet success=1 spl=0.2824 reason=object_found steps=370 runtime=246.2s SR=55.13% (317/575) mean_SPL=0.2665 SR@0.1m(ref)=55.13% SPL@0.1m(ref)=0.2665
[ZSON3 EVAL] 576/2000 scene=Nfvxx8J5NCo.basis episode=80 target=sofa success=1 spl=0.8036 reason=object_found steps=36 runtime=18.9s SR=55.21% (318/576) mean_SPL=0.2674 SR@0.1m(ref)=55.21% SPL@0.1m(ref)=0.2674
[ZSON3 EVAL] 577/2000 scene=Nfvxx8J5NCo.basis episode=81 target=chair success=1 spl=0.3915 reason=object_found steps=58 runtime=45.6s SR=55.29% (319/577) mean_SPL=0.2676 SR@0.1m(ref)=55.29% SPL@0.1m(ref)=0.2676
[ZSON3 EVAL] 578/2000 scene=Nfvxx8J5NCo.basis episode=82 target=bed success=1 spl=0.6834 reason=object_found steps=62 runtime=30.3s SR=55.36% (320/578) mean_SPL=0.2683 SR@0.1m(ref)=55.36% SPL@0.1m(ref)=0.2683
[ZSON3 EVAL] 579/2000 scene=Nfvxx8J5NCo.basis episode=83 target=tv_monitor success=0 spl=0.0000 reason=false_positive steps=242 runtime=135.5s SR=55.27% (320/579) mean_SPL=0.2679 SR@0.1m(ref)=55.27% SPL@0.1m(ref)=0.2679
[ZSON3 EVAL] 580/2000 scene=Nfvxx8J5NCo.basis episode=84 target=toilet success=0 spl=0.0000 reason=max_steps_reached steps=494 runtime=352.4s SR=55.17% (320/580) mean_SPL=0.2674 SR@0.1m(ref)=55.17% SPL@0.1m(ref)=0.2674
[ZSON3 EVAL] 581/2000 scene=Nfvxx8J5NCo.basis episode=85 target=toilet success=0 spl=0.0000 reason=max_steps_reached steps=495 runtime=333.3s SR=55.08% (320/581) mean_SPL=0.2669 SR@0.1m(ref)=55.08% SPL@0.1m(ref)=0.2669
[ZSON3 EVAL] 582/2000 scene=Nfvxx8J5NCo.basis episode=86 target=sofa success=1 spl=0.6768 reason=object_found steps=47 runtime=29.3s SR=55.15% (321/582) mean_SPL=0.2677 SR@0.1m(ref)=55.15% SPL@0.1m(ref)=0.2677
[ZSON3 EVAL] 583/2000 scene=Nfvxx8J5NCo.basis episode=87 target=toilet success=1 spl=0.3416 reason=object_found steps=355 runtime=226.6s SR=55.23% (322/583) mean_SPL=0.2678 SR@0.1m(ref)=55.23% SPL@0.1m(ref)=0.2678
[ZSON3 EVAL] 584/2000 scene=Nfvxx8J5NCo.basis episode=88 target=sofa success=1 spl=0.4626 reason=object_found steps=112 runtime=59.2s SR=55.31% (323/584) mean_SPL=0.2681 SR@0.1m(ref)=55.31% SPL@0.1m(ref)=0.2681
[ZSON3 EVAL] 585/2000 scene=Nfvxx8J5NCo.basis episode=89 target=chair success=1 spl=0.6499 reason=object_found steps=82 runtime=47.2s SR=55.38% (324/585) mean_SPL=0.2688 SR@0.1m(ref)=55.38% SPL@0.1m(ref)=0.2688
[ZSON3 EVAL] 586/2000 scene=Nfvxx8J5NCo.basis episode=90 target=bed success=1 spl=0.6815 reason=object_found steps=75 runtime=34.4s SR=55.46% (325/586) mean_SPL=0.2695 SR@0.1m(ref)=55.46% SPL@0.1m(ref)=0.2695
[ZSON3 EVAL] 587/2000 scene=Nfvxx8J5NCo.basis episode=91 target=chair success=1 spl=0.4869 reason=object_found steps=93 runtime=55.7s SR=55.54% (326/587) mean_SPL=0.2698 SR@0.1m(ref)=55.54% SPL@0.1m(ref)=0.2698
[ZSON3 EVAL] 588/2000 scene=Nfvxx8J5NCo.basis episode=92 target=tv_monitor success=1 spl=0.5003 reason=object_found steps=116 runtime=68.5s SR=55.61% (327/588) mean_SPL=0.2702 SR@0.1m(ref)=55.61% SPL@0.1m(ref)=0.2702
[ZSON3 EVAL] 589/2000 scene=Nfvxx8J5NCo.basis episode=93 target=tv_monitor success=0 spl=0.0000 reason=robot_stuck steps=334 runtime=147.2s SR=55.52% (327/589) mean_SPL=0.2698 SR@0.1m(ref)=55.52% SPL@0.1m(ref)=0.2698
[ZSON3 EVAL] 590/2000 scene=Nfvxx8J5NCo.basis episode=94 target=chair success=1 spl=0.4355 reason=object_found steps=83 runtime=51.0s SR=55.59% (328/590) mean_SPL=0.2701 SR@0.1m(ref)=55.59% SPL@0.1m(ref)=0.2701
[ZSON3 EVAL] 591/2000 scene=Nfvxx8J5NCo.basis episode=95 target=chair success=0 spl=0.0000 reason=false_positive steps=19 runtime=16.5s SR=55.50% (328/591) mean_SPL=0.2696 SR@0.1m(ref)=55.50% SPL@0.1m(ref)=0.2696
[ZSON3 EVAL] 592/2000 scene=Nfvxx8J5NCo.basis episode=96 target=toilet success=1 spl=0.8319 reason=object_found steps=27 runtime=16.7s SR=55.57% (329/592) mean_SPL=0.2705 SR@0.1m(ref)=55.57% SPL@0.1m(ref)=0.2705
[ZSON3 EVAL] 593/2000 scene=Nfvxx8J5NCo.basis episode=97 target=bed success=1 spl=0.2326 reason=object_found steps=88 runtime=57.0s SR=55.65% (330/593) mean_SPL=0.2705 SR@0.1m(ref)=55.65% SPL@0.1m(ref)=0.2705
[ZSON3 EVAL] 594/2000 scene=Nfvxx8J5NCo.basis episode=98 target=tv_monitor success=0 spl=0.0000 reason=false_positive steps=24 runtime=11.8s SR=55.56% (330/594) mean_SPL=0.2700 SR@0.1m(ref)=55.56% SPL@0.1m(ref)=0.2700
[ZSON3 EVAL] 595/2000 scene=QaLdnwvtxbs.basis episode=0 target=chair success=0 spl=0.0000 reason=false_positive steps=33 runtime=14.3s SR=55.46% (330/595) mean_SPL=0.2696 SR@0.1m(ref)=55.46% SPL@0.1m(ref)=0.2696
[ZSON3 EVAL] 596/2000 scene=QaLdnwvtxbs.basis episode=1 target=sofa success=0 spl=0.0000 reason=robot_stuck steps=263 runtime=134.2s SR=55.37% (330/596) mean_SPL=0.2691 SR@0.1m(ref)=55.37% SPL@0.1m(ref)=0.2691
[ZSON3 EVAL] 597/2000 scene=QaLdnwvtxbs.basis episode=2 target=tv_monitor success=1 spl=0.8032 reason=object_found steps=34 runtime=12.6s SR=55.44% (331/597) mean_SPL=0.2700 SR@0.1m(ref)=55.44% SPL@0.1m(ref)=0.2700
[ZSON3 EVAL] 598/2000 scene=QaLdnwvtxbs.basis episode=3 target=sofa success=1 spl=0.2676 reason=object_found steps=164 runtime=76.7s SR=55.52% (332/598) mean_SPL=0.2700 SR@0.1m(ref)=55.52% SPL@0.1m(ref)=0.2700
[ZSON3 EVAL] 599/2000 scene=QaLdnwvtxbs.basis episode=4 target=bed success=0 spl=0.0000 reason=false_positive steps=49 runtime=26.6s SR=55.43% (332/599) mean_SPL=0.2696 SR@0.1m(ref)=55.43% SPL@0.1m(ref)=0.2696
[ZSON3 EVAL] 600/2000 scene=QaLdnwvtxbs.basis episode=5 target=chair success=0 spl=0.0000 reason=false_positive steps=31 runtime=23.8s SR=55.33% (332/600) mean_SPL=0.2691 SR@0.1m(ref)=55.33% SPL@0.1m(ref)=0.2691
[ZSON3 EVAL] 601/2000 scene=QaLdnwvtxbs.basis episode=6 target=bed success=0 spl=0.0000 reason=max_steps_reached steps=488 runtime=229.8s SR=55.24% (332/601) mean_SPL=0.2687 SR@0.1m(ref)=55.24% SPL@0.1m(ref)=0.2687
[ZSON3 EVAL] 602/2000 scene=QaLdnwvtxbs.basis episode=7 target=bed success=1 spl=0.7068 reason=object_found steps=48 runtime=30.1s SR=55.32% (333/602) mean_SPL=0.2694 SR@0.1m(ref)=55.32% SPL@0.1m(ref)=0.2694
[ZSON3 EVAL] 603/2000 scene=QaLdnwvtxbs.basis episode=8 target=chair success=0 spl=0.0000 reason=false_positive steps=57 runtime=29.0s SR=55.22% (333/603) mean_SPL=0.2689 SR@0.1m(ref)=55.22% SPL@0.1m(ref)=0.2689
[ZSON3 EVAL] 604/2000 scene=QaLdnwvtxbs.basis episode=9 target=sofa success=0 spl=0.0000 reason=robot_stuck steps=242 runtime=139.7s SR=55.13% (333/604) mean_SPL=0.2685 SR@0.1m(ref)=55.13% SPL@0.1m(ref)=0.2685
[ZSON3 EVAL] 605/2000 scene=QaLdnwvtxbs.basis episode=10 target=sofa success=1 spl=0.6010 reason=object_found steps=48 runtime=23.9s SR=55.21% (334/605) mean_SPL=0.2690 SR@0.1m(ref)=55.21% SPL@0.1m(ref)=0.2690
[ZSON3 EVAL] 606/2000 scene=QaLdnwvtxbs.basis episode=11 target=tv_monitor success=1 spl=0.3310 reason=object_found steps=99 runtime=43.6s SR=55.28% (335/606) mean_SPL=0.2692 SR@0.1m(ref)=55.28% SPL@0.1m(ref)=0.2692
[ZSON3 EVAL] 607/2000 scene=QaLdnwvtxbs.basis episode=12 target=chair success=0 spl=0.0000 reason=false_positive steps=197 runtime=99.0s SR=55.19% (335/607) mean_SPL=0.2687 SR@0.1m(ref)=55.19% SPL@0.1m(ref)=0.2687
[ZSON3 EVAL] 608/2000 scene=QaLdnwvtxbs.basis episode=13 target=chair success=0 spl=0.0000 reason=false_positive steps=11 runtime=11.6s SR=55.10% (335/608) mean_SPL=0.2683 SR@0.1m(ref)=55.10% SPL@0.1m(ref)=0.2683
[ZSON3 EVAL] 609/2000 scene=QaLdnwvtxbs.basis episode=14 target=bed success=1 spl=0.1061 reason=object_found steps=295 runtime=185.5s SR=55.17% (336/609) mean_SPL=0.2680 SR@0.1m(ref)=55.17% SPL@0.1m(ref)=0.2680
[ZSON3 EVAL] 610/2000 scene=QaLdnwvtxbs.basis episode=15 target=sofa success=0 spl=0.0000 reason=false_positive steps=38 runtime=39.2s SR=55.08% (336/610) mean_SPL=0.2676 SR@0.1m(ref)=55.08% SPL@0.1m(ref)=0.2676
[ZSON3 EVAL] 611/2000 scene=QaLdnwvtxbs.basis episode=16 target=bed success=1 spl=0.8126 reason=object_found steps=77 runtime=53.3s SR=55.16% (337/611) mean_SPL=0.2685 SR@0.1m(ref)=55.16% SPL@0.1m(ref)=0.2685
[ZSON3 EVAL] 612/2000 scene=QaLdnwvtxbs.basis episode=17 target=sofa success=1 spl=0.5636 reason=object_found steps=58 runtime=25.1s SR=55.23% (338/612) mean_SPL=0.2689 SR@0.1m(ref)=55.23% SPL@0.1m(ref)=0.2689
[ZSON3 EVAL] 613/2000 scene=QaLdnwvtxbs.basis episode=18 target=bed success=1 spl=0.3512 reason=object_found steps=227 runtime=135.0s SR=55.30% (339/613) mean_SPL=0.2691 SR@0.1m(ref)=55.30% SPL@0.1m(ref)=0.2691
[ZSON3 EVAL] 614/2000 scene=QaLdnwvtxbs.basis episode=19 target=tv_monitor success=1 spl=0.7164 reason=object_found steps=31 runtime=17.8s SR=55.37% (340/614) mean_SPL=0.2698 SR@0.1m(ref)=55.37% SPL@0.1m(ref)=0.2698
[ZSON3 EVAL] 615/2000 scene=QaLdnwvtxbs.basis episode=20 target=bed success=1 spl=0.7334 reason=object_found steps=24 runtime=19.3s SR=55.45% (341/615) mean_SPL=0.2706 SR@0.1m(ref)=55.45% SPL@0.1m(ref)=0.2706
[ZSON3 EVAL] 616/2000 scene=QaLdnwvtxbs.basis episode=21 target=bed success=1 spl=0.5317 reason=object_found steps=155 runtime=81.9s SR=55.52% (342/616) mean_SPL=0.2710 SR@0.1m(ref)=55.52% SPL@0.1m(ref)=0.2710
[ZSON3 EVAL] 617/2000 scene=QaLdnwvtxbs.basis episode=22 target=chair success=0 spl=0.0000 reason=false_positive steps=59 runtime=28.6s SR=55.43% (342/617) mean_SPL=0.2705 SR@0.1m(ref)=55.43% SPL@0.1m(ref)=0.2705
[ZSON3 EVAL] 618/2000 scene=QaLdnwvtxbs.basis episode=23 target=tv_monitor success=0 spl=0.0000 reason=false_positive steps=12 runtime=5.4s SR=55.34% (342/618) mean_SPL=0.2701 SR@0.1m(ref)=55.34% SPL@0.1m(ref)=0.2701
[ZSON3 EVAL] 619/2000 scene=QaLdnwvtxbs.basis episode=24 target=tv_monitor success=1 spl=0.8099 reason=object_found steps=51 runtime=27.2s SR=55.41% (343/619) mean_SPL=0.2710 SR@0.1m(ref)=55.41% SPL@0.1m(ref)=0.2710
[ZSON3 EVAL] 620/2000 scene=QaLdnwvtxbs.basis episode=25 target=bed success=1 spl=0.3426 reason=object_found steps=184 runtime=102.6s SR=55.48% (344/620) mean_SPL=0.2711 SR@0.1m(ref)=55.48% SPL@0.1m(ref)=0.2711
[ZSON3 EVAL] 621/2000 scene=QaLdnwvtxbs.basis episode=26 target=tv_monitor success=1 spl=0.2561 reason=object_found steps=252 runtime=148.9s SR=55.56% (345/621) mean_SPL=0.2711 SR@0.1m(ref)=55.56% SPL@0.1m(ref)=0.2711
[ZSON3 EVAL] 622/2000 scene=QaLdnwvtxbs.basis episode=27 target=bed success=1 spl=0.2809 reason=object_found steps=285 runtime=179.7s SR=55.63% (346/622) mean_SPL=0.2711 SR@0.1m(ref)=55.63% SPL@0.1m(ref)=0.2711
[ZSON3 EVAL] 623/2000 scene=QaLdnwvtxbs.basis episode=28 target=tv_monitor success=1 spl=0.2906 reason=object_found steps=160 runtime=85.5s SR=55.70% (347/623) mean_SPL=0.2711 SR@0.1m(ref)=55.70% SPL@0.1m(ref)=0.2711
[ZSON3 EVAL] 624/2000 scene=QaLdnwvtxbs.basis episode=29 target=sofa success=1 spl=0.5954 reason=object_found steps=93 runtime=36.9s SR=55.77% (348/624) mean_SPL=0.2716 SR@0.1m(ref)=55.77% SPL@0.1m(ref)=0.2716
[ZSON3 EVAL] 625/2000 scene=QaLdnwvtxbs.basis episode=30 target=chair success=1 spl=0.7302 reason=object_found steps=37 runtime=24.8s SR=55.84% (349/625) mean_SPL=0.2724 SR@0.1m(ref)=55.84% SPL@0.1m(ref)=0.2724
[ZSON3 EVAL] 626/2000 scene=QaLdnwvtxbs.basis episode=31 target=chair success=0 spl=0.0000 reason=false_positive steps=83 runtime=37.1s SR=55.75% (349/626) mean_SPL=0.2719 SR@0.1m(ref)=55.75% SPL@0.1m(ref)=0.2719
[ZSON3 EVAL] 627/2000 scene=QaLdnwvtxbs.basis episode=32 target=sofa success=1 spl=0.5251 reason=object_found steps=104 runtime=70.5s SR=55.82% (350/627) mean_SPL=0.2723 SR@0.1m(ref)=55.82% SPL@0.1m(ref)=0.2723
[ZSON3 EVAL] 628/2000 scene=QaLdnwvtxbs.basis episode=33 target=chair success=0 spl=0.0000 reason=false_positive steps=28 runtime=24.2s SR=55.73% (350/628) mean_SPL=0.2719 SR@0.1m(ref)=55.73% SPL@0.1m(ref)=0.2719
[ZSON3 EVAL] 629/2000 scene=QaLdnwvtxbs.basis episode=34 target=sofa success=1 spl=0.5179 reason=object_found steps=86 runtime=34.7s SR=55.80% (351/629) mean_SPL=0.2723 SR@0.1m(ref)=55.80% SPL@0.1m(ref)=0.2723
[ZSON3 EVAL] 630/2000 scene=QaLdnwvtxbs.basis episode=35 target=sofa success=1 spl=0.8609 reason=object_found steps=46 runtime=22.8s SR=55.87% (352/630) mean_SPL=0.2732 SR@0.1m(ref)=55.87% SPL@0.1m(ref)=0.2732
[ZSON3 EVAL] 631/2000 scene=QaLdnwvtxbs.basis episode=36 target=bed success=1 spl=0.5425 reason=object_found steps=90 runtime=59.6s SR=55.94% (353/631) mean_SPL=0.2736 SR@0.1m(ref)=55.94% SPL@0.1m(ref)=0.2736
[ZSON3 EVAL] 632/2000 scene=QaLdnwvtxbs.basis episode=37 target=bed success=1 spl=0.0964 reason=object_found steps=367 runtime=190.5s SR=56.01% (354/632) mean_SPL=0.2734 SR@0.1m(ref)=56.01% SPL@0.1m(ref)=0.2734
[ZSON3 EVAL] 633/2000 scene=QaLdnwvtxbs.basis episode=38 target=tv_monitor success=1 spl=0.8358 reason=object_found steps=21 runtime=14.2s SR=56.08% (355/633) mean_SPL=0.2743 SR@0.1m(ref)=56.08% SPL@0.1m(ref)=0.2743
[ZSON3 EVAL] 634/2000 scene=QaLdnwvtxbs.basis episode=39 target=bed success=1 spl=0.4316 reason=object_found steps=153 runtime=96.8s SR=56.15% (356/634) mean_SPL=0.2745 SR@0.1m(ref)=56.15% SPL@0.1m(ref)=0.2745
[ZSON3 EVAL] 635/2000 scene=QaLdnwvtxbs.basis episode=40 target=bed success=1 spl=0.3565 reason=object_found steps=232 runtime=169.0s SR=56.22% (357/635) mean_SPL=0.2746 SR@0.1m(ref)=56.22% SPL@0.1m(ref)=0.2746
[ZSON3 EVAL] 636/2000 scene=QaLdnwvtxbs.basis episode=41 target=sofa success=0 spl=0.0000 reason=false_positive steps=175 runtime=89.8s SR=56.13% (357/636) mean_SPL=0.2742 SR@0.1m(ref)=56.13% SPL@0.1m(ref)=0.2742
[ZSON3 EVAL] 637/2000 scene=QaLdnwvtxbs.basis episode=42 target=tv_monitor success=0 spl=0.0000 reason=false_positive steps=22 runtime=13.9s SR=56.04% (357/637) mean_SPL=0.2738 SR@0.1m(ref)=56.04% SPL@0.1m(ref)=0.2738
[ZSON3 EVAL] 638/2000 scene=QaLdnwvtxbs.basis episode=43 target=tv_monitor success=1 spl=0.1882 reason=object_found steps=154 runtime=103.9s SR=56.11% (358/638) mean_SPL=0.2736 SR@0.1m(ref)=56.11% SPL@0.1m(ref)=0.2736
[ZSON3 EVAL] 639/2000 scene=QaLdnwvtxbs.basis episode=44 target=tv_monitor success=1 spl=0.9004 reason=object_found steps=27 runtime=8.3s SR=56.18% (359/639) mean_SPL=0.2746 SR@0.1m(ref)=56.18% SPL@0.1m(ref)=0.2746
[ZSON3 EVAL] 640/2000 scene=QaLdnwvtxbs.basis episode=45 target=bed success=1 spl=0.7043 reason=object_found steps=100 runtime=61.5s SR=56.25% (360/640) mean_SPL=0.2753 SR@0.1m(ref)=56.25% SPL@0.1m(ref)=0.2753
[ZSON3 EVAL] 641/2000 scene=QaLdnwvtxbs.basis episode=46 target=tv_monitor success=1 spl=0.5587 reason=object_found steps=33 runtime=23.0s SR=56.32% (361/641) mean_SPL=0.2757 SR@0.1m(ref)=56.32% SPL@0.1m(ref)=0.2757
[ZSON3 EVAL] 642/2000 scene=QaLdnwvtxbs.basis episode=47 target=chair success=1 spl=0.7766 reason=object_found steps=40 runtime=24.2s SR=56.39% (362/642) mean_SPL=0.2765 SR@0.1m(ref)=56.39% SPL@0.1m(ref)=0.2765
[ZSON3 EVAL] 643/2000 scene=QaLdnwvtxbs.basis episode=48 target=tv_monitor success=1 spl=0.8428 reason=object_found steps=54 runtime=26.2s SR=56.45% (363/643) mean_SPL=0.2774 SR@0.1m(ref)=56.45% SPL@0.1m(ref)=0.2774
[ZSON3 EVAL] 644/2000 scene=QaLdnwvtxbs.basis episode=49 target=chair success=1 spl=0.8266 reason=object_found steps=30 runtime=20.7s SR=56.52% (364/644) mean_SPL=0.2782 SR@0.1m(ref)=56.52% SPL@0.1m(ref)=0.2782
[ZSON3 EVAL] 645/2000 scene=QaLdnwvtxbs.basis episode=50 target=chair success=1 spl=0.7628 reason=object_found steps=48 runtime=37.5s SR=56.59% (365/645) mean_SPL=0.2790 SR@0.1m(ref)=56.59% SPL@0.1m(ref)=0.2790
[ZSON3 EVAL] 646/2000 scene=QaLdnwvtxbs.basis episode=51 target=tv_monitor success=1 spl=0.3251 reason=object_found steps=177 runtime=117.0s SR=56.66% (366/646) mean_SPL=0.2791 SR@0.1m(ref)=56.66% SPL@0.1m(ref)=0.2791
[ZSON3 EVAL] 647/2000 scene=QaLdnwvtxbs.basis episode=52 target=bed success=1 spl=0.4298 reason=object_found steps=153 runtime=139.9s SR=56.72% (367/647) mean_SPL=0.2793 SR@0.1m(ref)=56.72% SPL@0.1m(ref)=0.2793
[ZSON3 EVAL] 648/2000 scene=QaLdnwvtxbs.basis episode=53 target=bed success=1 spl=0.1834 reason=object_found steps=370 runtime=223.9s SR=56.79% (368/648) mean_SPL=0.2792 SR@0.1m(ref)=56.79% SPL@0.1m(ref)=0.2792
[ZSON3 EVAL] 649/2000 scene=QaLdnwvtxbs.basis episode=54 target=chair success=1 spl=0.6267 reason=object_found steps=39 runtime=20.9s SR=56.86% (369/649) mean_SPL=0.2797 SR@0.1m(ref)=56.86% SPL@0.1m(ref)=0.2797
[ZSON3 EVAL] 650/2000 scene=QaLdnwvtxbs.basis episode=55 target=bed success=0 spl=0.0000 reason=false_positive steps=336 runtime=216.8s SR=56.77% (369/650) mean_SPL=0.2793 SR@0.1m(ref)=56.77% SPL@0.1m(ref)=0.2793
[ZSON3 EVAL] 651/2000 scene=QaLdnwvtxbs.basis episode=56 target=sofa success=1 spl=0.8333 reason=object_found steps=44 runtime=30.0s SR=56.84% (370/651) mean_SPL=0.2801 SR@0.1m(ref)=56.84% SPL@0.1m(ref)=0.2801
[ZSON3 EVAL] 652/2000 scene=QaLdnwvtxbs.basis episode=57 target=sofa success=1 spl=0.5872 reason=object_found steps=51 runtime=19.8s SR=56.90% (371/652) mean_SPL=0.2806 SR@0.1m(ref)=56.90% SPL@0.1m(ref)=0.2806
[ZSON3 EVAL] 653/2000 scene=QaLdnwvtxbs.basis episode=58 target=chair success=0 spl=0.0000 reason=false_positive steps=12 runtime=10.5s SR=56.81% (371/653) mean_SPL=0.2802 SR@0.1m(ref)=56.81% SPL@0.1m(ref)=0.2802
[ZSON3 EVAL] 654/2000 scene=QaLdnwvtxbs.basis episode=59 target=chair success=0 spl=0.0000 reason=false_positive steps=44 runtime=41.1s SR=56.73% (371/654) mean_SPL=0.2797 SR@0.1m(ref)=56.73% SPL@0.1m(ref)=0.2797
[ZSON3 EVAL] 655/2000 scene=QaLdnwvtxbs.basis episode=60 target=sofa success=0 spl=0.0000 reason=robot_stuck steps=241 runtime=128.4s SR=56.64% (371/655) mean_SPL=0.2793 SR@0.1m(ref)=56.64% SPL@0.1m(ref)=0.2793
[ZSON3 EVAL] 656/2000 scene=QaLdnwvtxbs.basis episode=61 target=sofa success=1 spl=0.4871 reason=object_found steps=104 runtime=36.1s SR=56.71% (372/656) mean_SPL=0.2796 SR@0.1m(ref)=56.71% SPL@0.1m(ref)=0.2796
[ZSON3 EVAL] 657/2000 scene=QaLdnwvtxbs.basis episode=62 target=chair success=0 spl=0.0000 reason=false_positive steps=110 runtime=54.0s SR=56.62% (372/657) mean_SPL=0.2792 SR@0.1m(ref)=56.62% SPL@0.1m(ref)=0.2792
[ZSON3 EVAL] 658/2000 scene=QaLdnwvtxbs.basis episode=63 target=tv_monitor success=1 spl=0.8098 reason=object_found steps=46 runtime=23.0s SR=56.69% (373/658) mean_SPL=0.2800 SR@0.1m(ref)=56.69% SPL@0.1m(ref)=0.2800
[ZSON3 EVAL] 659/2000 scene=QaLdnwvtxbs.basis episode=64 target=chair success=1 spl=0.7864 reason=object_found steps=55 runtime=29.3s SR=56.75% (374/659) mean_SPL=0.2808 SR@0.1m(ref)=56.75% SPL@0.1m(ref)=0.2808
[ZSON3 EVAL] 660/2000 scene=QaLdnwvtxbs.basis episode=65 target=sofa success=1 spl=0.5378 reason=object_found steps=61 runtime=38.2s SR=56.82% (375/660) mean_SPL=0.2812 SR@0.1m(ref)=56.82% SPL@0.1m(ref)=0.2812
[ZSON3 EVAL] 661/2000 scene=QaLdnwvtxbs.basis episode=66 target=sofa success=0 spl=0.0000 reason=robot_stuck steps=221 runtime=110.2s SR=56.73% (375/661) mean_SPL=0.2807 SR@0.1m(ref)=56.73% SPL@0.1m(ref)=0.2807
[ZSON3 EVAL] 662/2000 scene=QaLdnwvtxbs.basis episode=67 target=sofa success=1 spl=0.4673 reason=object_found steps=133 runtime=43.8s SR=56.80% (376/662) mean_SPL=0.2810 SR@0.1m(ref)=56.80% SPL@0.1m(ref)=0.2810
[ZSON3 EVAL] 663/2000 scene=QaLdnwvtxbs.basis episode=68 target=bed success=1 spl=0.7191 reason=object_found steps=84 runtime=55.2s SR=56.86% (377/663) mean_SPL=0.2817 SR@0.1m(ref)=56.86% SPL@0.1m(ref)=0.2817
[ZSON3 EVAL] 664/2000 scene=QaLdnwvtxbs.basis episode=69 target=chair success=0 spl=0.0000 reason=false_positive steps=105 runtime=55.6s SR=56.78% (377/664) mean_SPL=0.2812 SR@0.1m(ref)=56.78% SPL@0.1m(ref)=0.2812
[ZSON3 EVAL] 665/2000 scene=QaLdnwvtxbs.basis episode=70 target=chair success=0 spl=0.0000 reason=false_positive steps=96 runtime=49.2s SR=56.69% (377/665) mean_SPL=0.2808 SR@0.1m(ref)=56.69% SPL@0.1m(ref)=0.2808
[ZSON3 EVAL] 666/2000 scene=QaLdnwvtxbs.basis episode=71 target=sofa success=1 spl=0.8307 reason=object_found steps=34 runtime=29.2s SR=56.76% (378/666) mean_SPL=0.2816 SR@0.1m(ref)=56.76% SPL@0.1m(ref)=0.2816
[ZSON3 EVAL] 667/2000 scene=QaLdnwvtxbs.basis episode=72 target=sofa success=1 spl=0.6159 reason=object_found steps=50 runtime=19.9s SR=56.82% (379/667) mean_SPL=0.2821 SR@0.1m(ref)=56.82% SPL@0.1m(ref)=0.2821
[ZSON3 EVAL] 668/2000 scene=QaLdnwvtxbs.basis episode=73 target=bed success=1 spl=0.1589 reason=object_found steps=240 runtime=151.9s SR=56.89% (380/668) mean_SPL=0.2820 SR@0.1m(ref)=56.89% SPL@0.1m(ref)=0.2820
[ZSON3 EVAL] 669/2000 scene=QaLdnwvtxbs.basis episode=74 target=chair success=0 spl=0.0000 reason=false_positive steps=102 runtime=55.2s SR=56.80% (380/669) mean_SPL=0.2815 SR@0.1m(ref)=56.80% SPL@0.1m(ref)=0.2815
[ZSON3 EVAL] 670/2000 scene=QaLdnwvtxbs.basis episode=75 target=bed success=1 spl=0.3511 reason=object_found steps=241 runtime=137.2s SR=56.87% (381/670) mean_SPL=0.2816 SR@0.1m(ref)=56.87% SPL@0.1m(ref)=0.2816
[ZSON3 EVAL] 671/2000 scene=QaLdnwvtxbs.basis episode=76 target=tv_monitor success=1 spl=0.6692 reason=object_found steps=84 runtime=45.7s SR=56.93% (382/671) mean_SPL=0.2822 SR@0.1m(ref)=56.93% SPL@0.1m(ref)=0.2822
[ZSON3 EVAL] 672/2000 scene=QaLdnwvtxbs.basis episode=77 target=bed success=1 spl=0.7813 reason=object_found steps=28 runtime=19.5s SR=56.99% (383/672) mean_SPL=0.2830 SR@0.1m(ref)=56.99% SPL@0.1m(ref)=0.2830
[ZSON3 EVAL] 673/2000 scene=QaLdnwvtxbs.basis episode=78 target=tv_monitor success=1 spl=0.9315 reason=object_found steps=21 runtime=17.1s SR=57.06% (384/673) mean_SPL=0.2839 SR@0.1m(ref)=57.06% SPL@0.1m(ref)=0.2839
[ZSON3 EVAL] 674/2000 scene=QaLdnwvtxbs.basis episode=79 target=chair success=0 spl=0.0000 reason=false_positive steps=21 runtime=19.2s SR=56.97% (384/674) mean_SPL=0.2835 SR@0.1m(ref)=56.97% SPL@0.1m(ref)=0.2835
[ZSON3 EVAL] 675/2000 scene=QaLdnwvtxbs.basis episode=80 target=chair success=0 spl=0.0000 reason=false_positive steps=69 runtime=34.5s SR=56.89% (384/675) mean_SPL=0.2831 SR@0.1m(ref)=56.89% SPL@0.1m(ref)=0.2831
[ZSON3 EVAL] 676/2000 scene=QaLdnwvtxbs.basis episode=81 target=chair success=1 spl=0.7338 reason=object_found steps=58 runtime=40.1s SR=56.95% (385/676) mean_SPL=0.2838 SR@0.1m(ref)=56.95% SPL@0.1m(ref)=0.2838
[ZSON3 EVAL] 677/2000 scene=QaLdnwvtxbs.basis episode=82 target=tv_monitor success=1 spl=0.4449 reason=object_found steps=138 runtime=104.7s SR=57.02% (386/677) mean_SPL=0.2840 SR@0.1m(ref)=57.02% SPL@0.1m(ref)=0.2840
[ZSON3 EVAL] 678/2000 scene=QaLdnwvtxbs.basis episode=83 target=tv_monitor success=1 spl=0.8646 reason=object_found steps=42 runtime=16.9s SR=57.08% (387/678) mean_SPL=0.2848 SR@0.1m(ref)=57.08% SPL@0.1m(ref)=0.2848
[ZSON3 EVAL] 679/2000 scene=QaLdnwvtxbs.basis episode=84 target=sofa success=1 spl=0.7837 reason=object_found steps=54 runtime=26.0s SR=57.14% (388/679) mean_SPL=0.2856 SR@0.1m(ref)=57.14% SPL@0.1m(ref)=0.2856
[ZSON3 EVAL] 680/2000 scene=QaLdnwvtxbs.basis episode=85 target=sofa success=1 spl=0.1952 reason=robot_stuck steps=394 runtime=178.8s SR=57.21% (389/680) mean_SPL=0.2855 SR@0.1m(ref)=57.21% SPL@0.1m(ref)=0.2855
[ZSON3 EVAL] 681/2000 scene=QaLdnwvtxbs.basis episode=86 target=sofa success=0 spl=0.0000 reason=false_positive steps=46 runtime=27.0s SR=57.12% (389/681) mean_SPL=0.2850 SR@0.1m(ref)=57.12% SPL@0.1m(ref)=0.2850
[ZSON3 EVAL] 682/2000 scene=QaLdnwvtxbs.basis episode=87 target=chair success=1 spl=0.5044 reason=object_found steps=112 runtime=46.5s SR=57.18% (390/682) mean_SPL=0.2854 SR@0.1m(ref)=57.18% SPL@0.1m(ref)=0.2854
[ZSON3 EVAL] 683/2000 scene=QaLdnwvtxbs.basis episode=88 target=sofa success=1 spl=0.3019 reason=object_found steps=165 runtime=68.0s SR=57.25% (391/683) mean_SPL=0.2854 SR@0.1m(ref)=57.25% SPL@0.1m(ref)=0.2854
[ZSON3 EVAL] 684/2000 scene=QaLdnwvtxbs.basis episode=89 target=sofa success=0 spl=0.0000 reason=false_positive steps=51 runtime=22.9s SR=57.16% (391/684) mean_SPL=0.2850 SR@0.1m(ref)=57.16% SPL@0.1m(ref)=0.2850
[ZSON3 EVAL] 685/2000 scene=QaLdnwvtxbs.basis episode=90 target=chair success=0 spl=0.0000 reason=false_positive steps=84 runtime=50.1s SR=57.08% (391/685) mean_SPL=0.2845 SR@0.1m(ref)=57.08% SPL@0.1m(ref)=0.2845
[ZSON3 EVAL] 686/2000 scene=QaLdnwvtxbs.basis episode=91 target=tv_monitor success=1 spl=0.1562 reason=object_found steps=185 runtime=115.7s SR=57.14% (392/686) mean_SPL=0.2844 SR@0.1m(ref)=57.14% SPL@0.1m(ref)=0.2844
[ZSON3 EVAL] 687/2000 scene=QaLdnwvtxbs.basis episode=92 target=tv_monitor success=1 spl=0.6307 reason=object_found steps=40 runtime=24.0s SR=57.21% (393/687) mean_SPL=0.2849 SR@0.1m(ref)=57.21% SPL@0.1m(ref)=0.2849
[ZSON3 EVAL] 688/2000 scene=QaLdnwvtxbs.basis episode=93 target=bed success=1 spl=0.0980 reason=object_found steps=194 runtime=129.4s SR=57.27% (394/688) mean_SPL=0.2846 SR@0.1m(ref)=57.27% SPL@0.1m(ref)=0.2846
[ZSON3 EVAL] 689/2000 scene=QaLdnwvtxbs.basis episode=94 target=tv_monitor success=1 spl=0.2727 reason=object_found steps=152 runtime=83.1s SR=57.33% (395/689) mean_SPL=0.2846 SR@0.1m(ref)=57.33% SPL@0.1m(ref)=0.2846
[ZSON3 EVAL] 690/2000 scene=QaLdnwvtxbs.basis episode=95 target=tv_monitor success=1 spl=0.8455 reason=object_found steps=33 runtime=19.1s SR=57.39% (396/690) mean_SPL=0.2854 SR@0.1m(ref)=57.39% SPL@0.1m(ref)=0.2854
[ZSON3 EVAL] 691/2000 scene=QaLdnwvtxbs.basis episode=96 target=bed success=0 spl=0.0000 reason=max_steps_reached steps=500 runtime=396.4s SR=57.31% (396/691) mean_SPL=0.2850 SR@0.1m(ref)=57.31% SPL@0.1m(ref)=0.2850
[ZSON3 EVAL] 692/2000 scene=QaLdnwvtxbs.basis episode=97 target=bed success=0 spl=0.0000 reason=robot_stuck steps=272 runtime=266.4s SR=57.23% (396/692) mean_SPL=0.2846 SR@0.1m(ref)=57.23% SPL@0.1m(ref)=0.2846
[ZSON3 EVAL] 693/2000 scene=QaLdnwvtxbs.basis episode=98 target=bed success=0 spl=0.0000 reason=false_positive steps=78 runtime=52.9s SR=57.14% (396/693) mean_SPL=0.2842 SR@0.1m(ref)=57.14% SPL@0.1m(ref)=0.2842
[ZSON3 EVAL] 694/2000 scene=TEEsavR23oF.basis episode=0 target=toilet success=0 spl=0.0000 reason=false_positive steps=154 runtime=83.4s SR=57.06% (396/694) mean_SPL=0.2837 SR@0.1m(ref)=57.06% SPL@0.1m(ref)=0.2837
[ZSON3 EVAL] 695/2000 scene=TEEsavR23oF.basis episode=1 target=sofa success=1 spl=0.8224 reason=object_found steps=112 runtime=69.4s SR=57.12% (397/695) mean_SPL=0.2845 SR@0.1m(ref)=57.12% SPL@0.1m(ref)=0.2845
[ZSON3 EVAL] 696/2000 scene=TEEsavR23oF.basis episode=2 target=sofa success=0 spl=0.0000 reason=false_positive steps=302 runtime=193.7s SR=57.04% (397/696) mean_SPL=0.2841 SR@0.1m(ref)=57.04% SPL@0.1m(ref)=0.2841
[ZSON3 EVAL] 697/2000 scene=TEEsavR23oF.basis episode=3 target=plant success=0 spl=0.0000 reason=false_positive steps=73 runtime=47.2s SR=56.96% (397/697) mean_SPL=0.2837 SR@0.1m(ref)=56.96% SPL@0.1m(ref)=0.2837
[ZSON3 EVAL] 698/2000 scene=TEEsavR23oF.basis episode=4 target=toilet success=0 spl=0.0000 reason=max_steps_reached steps=498 runtime=378.7s SR=56.88% (397/698) mean_SPL=0.2833 SR@0.1m(ref)=56.88% SPL@0.1m(ref)=0.2833
[ZSON3 EVAL] 699/2000 scene=TEEsavR23oF.basis episode=5 target=plant success=0 spl=0.0000 reason=false_positive steps=87 runtime=48.7s SR=56.80% (397/699) mean_SPL=0.2829 SR@0.1m(ref)=56.80% SPL@0.1m(ref)=0.2829
[ZSON3 EVAL] 700/2000 scene=TEEsavR23oF.basis episode=6 target=plant success=0 spl=0.0000 reason=max_steps_reached steps=500 runtime=580.0s SR=56.71% (397/700) mean_SPL=0.2825 SR@0.1m(ref)=56.71% SPL@0.1m(ref)=0.2825
[ZSON3 EVAL] 701/2000 scene=TEEsavR23oF.basis episode=7 target=bed success=1 spl=0.2253 reason=object_found steps=340 runtime=555.7s SR=56.78% (398/701) mean_SPL=0.2824 SR@0.1m(ref)=56.78% SPL@0.1m(ref)=0.2824
[ZSON3 EVAL] 702/2000 scene=TEEsavR23oF.basis episode=8 target=toilet success=0 spl=0.0000 reason=max_steps_reached steps=500 runtime=327.7s SR=56.70% (398/702) mean_SPL=0.2820 SR@0.1m(ref)=56.70% SPL@0.1m(ref)=0.2820
[ZSON3 EVAL] 703/2000 scene=TEEsavR23oF.basis episode=9 target=bed success=1 spl=0.1882 reason=object_found steps=460 runtime=329.5s SR=56.76% (399/703) mean_SPL=0.2819 SR@0.1m(ref)=56.76% SPL@0.1m(ref)=0.2819
[ZSON3 EVAL] 704/2000 scene=TEEsavR23oF.basis episode=10 target=sofa success=1 spl=0.2815 reason=object_found steps=214 runtime=110.9s SR=56.82% (400/704) mean_SPL=0.2819 SR@0.1m(ref)=56.82% SPL@0.1m(ref)=0.2819
[ZSON3 EVAL] 705/2000 scene=TEEsavR23oF.basis episode=11 target=toilet success=0 spl=0.0000 reason=max_steps_reached steps=498 runtime=388.3s SR=56.74% (400/705) mean_SPL=0.2815 SR@0.1m(ref)=56.74% SPL@0.1m(ref)=0.2815
[ZSON3 EVAL] 706/2000 scene=TEEsavR23oF.basis episode=12 target=bed success=1 spl=0.2627 reason=object_found steps=304 runtime=271.0s SR=56.80% (401/706) mean_SPL=0.2814 SR@0.1m(ref)=56.80% SPL@0.1m(ref)=0.2814
[ZSON3 EVAL] 707/2000 scene=TEEsavR23oF.basis episode=13 target=plant success=0 spl=0.0000 reason=false_positive steps=42 runtime=24.2s SR=56.72% (401/707) mean_SPL=0.2810 SR@0.1m(ref)=56.72% SPL@0.1m(ref)=0.2810
[ZSON3 EVAL] 708/2000 scene=TEEsavR23oF.basis episode=14 target=toilet success=0 spl=0.0000 reason=max_steps_reached steps=499 runtime=398.6s SR=56.64% (401/708) mean_SPL=0.2806 SR@0.1m(ref)=56.64% SPL@0.1m(ref)=0.2806
[ZSON3 EVAL] 709/2000 scene=TEEsavR23oF.basis episode=15 target=toilet success=0 spl=0.0000 reason=max_steps_reached steps=494 runtime=361.1s SR=56.56% (401/709) mean_SPL=0.2802 SR@0.1m(ref)=56.56% SPL@0.1m(ref)=0.2802
[ZSON3 EVAL] 710/2000 scene=TEEsavR23oF.basis episode=16 target=bed success=0 spl=0.0000 reason=max_steps_reached steps=499 runtime=358.0s SR=56.48% (401/710) mean_SPL=0.2799 SR@0.1m(ref)=56.48% SPL@0.1m(ref)=0.2799
[ZSON3 EVAL] 711/2000 scene=TEEsavR23oF.basis episode=17 target=plant success=0 spl=0.0000 reason=max_steps_reached steps=490 runtime=953.3s SR=56.40% (401/711) mean_SPL=0.2795 SR@0.1m(ref)=56.40% SPL@0.1m(ref)=0.2795
[ZSON3 EVAL] 712/2000 scene=TEEsavR23oF.basis episode=18 target=sofa success=0 spl=0.0000 reason=max_steps_reached steps=500 runtime=279.0s SR=56.32% (401/712) mean_SPL=0.2791 SR@0.1m(ref)=56.32% SPL@0.1m(ref)=0.2791
[ZSON3 EVAL] 713/2000 scene=TEEsavR23oF.basis episode=19 target=sofa success=1 spl=0.7491 reason=object_found steps=56 runtime=33.6s SR=56.38% (402/713) mean_SPL=0.2797 SR@0.1m(ref)=56.38% SPL@0.1m(ref)=0.2797
[ZSON3 EVAL] 714/2000 scene=TEEsavR23oF.basis episode=20 target=toilet success=0 spl=0.0000 reason=false_positive steps=184 runtime=96.0s SR=56.30% (402/714) mean_SPL=0.2793 SR@0.1m(ref)=56.30% SPL@0.1m(ref)=0.2793
[ZSON3 EVAL] 715/2000 scene=TEEsavR23oF.basis episode=21 target=plant success=0 spl=0.0000 reason=max_steps_reached steps=499 runtime=747.2s SR=56.22% (402/715) mean_SPL=0.2789 SR@0.1m(ref)=56.22% SPL@0.1m(ref)=0.2789
[ZSON3 EVAL] 716/2000 scene=TEEsavR23oF.basis episode=22 target=chair success=0 spl=0.0000 reason=false_positive steps=92 runtime=85.8s SR=56.15% (402/716) mean_SPL=0.2786 SR@0.1m(ref)=56.15% SPL@0.1m(ref)=0.2786
[ZSON3 EVAL] 717/2000 scene=TEEsavR23oF.basis episode=23 target=chair success=0 spl=0.0000 reason=false_positive steps=153 runtime=101.2s SR=56.07% (402/717) mean_SPL=0.2782 SR@0.1m(ref)=56.07% SPL@0.1m(ref)=0.2782
[ZSON3 EVAL] 718/2000 scene=TEEsavR23oF.basis episode=24 target=bed success=0 spl=0.0000 reason=max_steps_reached steps=500 runtime=315.9s SR=55.99% (402/718) mean_SPL=0.2778 SR@0.1m(ref)=55.99% SPL@0.1m(ref)=0.2778
[ZSON3 EVAL] 719/2000 scene=TEEsavR23oF.basis episode=25 target=bed success=1 spl=0.7327 reason=object_found steps=88 runtime=62.2s SR=56.05% (403/719) mean_SPL=0.2784 SR@0.1m(ref)=56.05% SPL@0.1m(ref)=0.2784
[ZSON3 EVAL] 720/2000 scene=TEEsavR23oF.basis episode=26 target=plant success=0 spl=0.0000 reason=false_positive steps=15 runtime=11.9s SR=55.97% (403/720) mean_SPL=0.2780 SR@0.1m(ref)=55.97% SPL@0.1m(ref)=0.2780
[ZSON3 EVAL] 721/2000 scene=TEEsavR23oF.basis episode=27 target=chair success=0 spl=0.0000 reason=false_positive steps=12 runtime=10.2s SR=55.89% (403/721) mean_SPL=0.2776 SR@0.1m(ref)=55.89% SPL@0.1m(ref)=0.2776
[ZSON3 EVAL] 722/2000 scene=TEEsavR23oF.basis episode=28 target=bed success=1 spl=0.6105 reason=object_found steps=124 runtime=98.3s SR=55.96% (404/722) mean_SPL=0.2781 SR@0.1m(ref)=55.96% SPL@0.1m(ref)=0.2781
[ZSON3 EVAL] 723/2000 scene=TEEsavR23oF.basis episode=29 target=chair success=1 spl=0.7918 reason=object_found steps=60 runtime=38.4s SR=56.02% (405/723) mean_SPL=0.2788 SR@0.1m(ref)=56.02% SPL@0.1m(ref)=0.2788
[ZSON3 EVAL] 724/2000 scene=TEEsavR23oF.basis episode=30 target=sofa success=1 spl=0.5693 reason=object_found steps=197 runtime=111.6s SR=56.08% (406/724) mean_SPL=0.2792 SR@0.1m(ref)=56.08% SPL@0.1m(ref)=0.2792
[ZSON3 EVAL] 725/2000 scene=TEEsavR23oF.basis episode=31 target=sofa success=1 spl=0.5570 reason=object_found steps=142 runtime=90.6s SR=56.14% (407/725) mean_SPL=0.2796 SR@0.1m(ref)=56.14% SPL@0.1m(ref)=0.2796
[ZSON3 EVAL] 726/2000 scene=TEEsavR23oF.basis episode=32 target=chair success=1 spl=0.6679 reason=object_found steps=150 runtime=91.6s SR=56.20% (408/726) mean_SPL=0.2801 SR@0.1m(ref)=56.20% SPL@0.1m(ref)=0.2801
[ZSON3 EVAL] 727/2000 scene=TEEsavR23oF.basis episode=33 target=bed success=1 spl=0.6409 reason=object_found steps=113 runtime=103.5s SR=56.26% (409/727) mean_SPL=0.2806 SR@0.1m(ref)=56.26% SPL@0.1m(ref)=0.2806
[ZSON3 EVAL] 728/2000 scene=TEEsavR23oF.basis episode=34 target=sofa success=1 spl=0.8132 reason=object_found steps=85 runtime=114.0s SR=56.32% (410/728) mean_SPL=0.2814 SR@0.1m(ref)=56.32% SPL@0.1m(ref)=0.2814
[ZSON3 EVAL] 729/2000 scene=TEEsavR23oF.basis episode=35 target=plant success=0 spl=0.0000 reason=false_positive steps=17 runtime=15.7s SR=56.24% (410/729) mean_SPL=0.2810 SR@0.1m(ref)=56.24% SPL@0.1m(ref)=0.2810
[ZSON3 EVAL] 730/2000 scene=TEEsavR23oF.basis episode=36 target=plant success=0 spl=0.0000 reason=false_positive steps=35 runtime=29.6s SR=56.16% (410/730) mean_SPL=0.2806 SR@0.1m(ref)=56.16% SPL@0.1m(ref)=0.2806
[ZSON3 EVAL] 731/2000 scene=TEEsavR23oF.basis episode=37 target=chair success=1 spl=0.7471 reason=object_found steps=50 runtime=29.0s SR=56.22% (411/731) mean_SPL=0.2812 SR@0.1m(ref)=56.22% SPL@0.1m(ref)=0.2812
[ZSON3 EVAL] 732/2000 scene=TEEsavR23oF.basis episode=38 target=plant success=0 spl=0.0000 reason=false_positive steps=125 runtime=65.7s SR=56.15% (411/732) mean_SPL=0.2808 SR@0.1m(ref)=56.15% SPL@0.1m(ref)=0.2808
[ZSON3 EVAL] 733/2000 scene=TEEsavR23oF.basis episode=39 target=toilet success=0 spl=0.0000 reason=false_positive steps=290 runtime=191.4s SR=56.07% (411/733) mean_SPL=0.2805 SR@0.1m(ref)=56.07% SPL@0.1m(ref)=0.2805
[ZSON3 EVAL] 734/2000 scene=TEEsavR23oF.basis episode=40 target=toilet success=0 spl=0.0000 reason=false_positive steps=258 runtime=179.2s SR=55.99% (411/734) mean_SPL=0.2801 SR@0.1m(ref)=55.99% SPL@0.1m(ref)=0.2801
[ZSON3 EVAL] 735/2000 scene=TEEsavR23oF.basis episode=41 target=sofa success=0 spl=0.0000 reason=false_positive steps=74 runtime=27.2s SR=55.92% (411/735) mean_SPL=0.2797 SR@0.1m(ref)=55.92% SPL@0.1m(ref)=0.2797
[ZSON3 EVAL] 736/2000 scene=TEEsavR23oF.basis episode=42 target=bed success=0 spl=0.0000 reason=max_steps_reached steps=499 runtime=366.6s SR=55.84% (411/736) mean_SPL=0.2793 SR@0.1m(ref)=55.84% SPL@0.1m(ref)=0.2793
[ZSON3 EVAL] 737/2000 scene=TEEsavR23oF.basis episode=43 target=toilet success=0 spl=0.0000 reason=max_steps_reached steps=500 runtime=299.1s SR=55.77% (411/737) mean_SPL=0.2789 SR@0.1m(ref)=55.77% SPL@0.1m(ref)=0.2789
[ZSON3 EVAL] 738/2000 scene=TEEsavR23oF.basis episode=44 target=toilet success=0 spl=0.0000 reason=false_positive steps=230 runtime=146.7s SR=55.69% (411/738) mean_SPL=0.2786 SR@0.1m(ref)=55.69% SPL@0.1m(ref)=0.2786
[ZSON3 EVAL] 739/2000 scene=TEEsavR23oF.basis episode=45 target=toilet success=0 spl=0.0000 reason=false_positive steps=178 runtime=101.2s SR=55.62% (411/739) mean_SPL=0.2782 SR@0.1m(ref)=55.62% SPL@0.1m(ref)=0.2782
[ZSON3 EVAL] 740/2000 scene=TEEsavR23oF.basis episode=46 target=bed success=1 spl=0.5732 reason=object_found steps=88 runtime=60.5s SR=55.68% (412/740) mean_SPL=0.2786 SR@0.1m(ref)=55.68% SPL@0.1m(ref)=0.2786
[ZSON3 EVAL] 741/2000 scene=TEEsavR23oF.basis episode=47 target=sofa success=1 spl=0.5612 reason=object_found steps=208 runtime=134.6s SR=55.74% (413/741) mean_SPL=0.2790 SR@0.1m(ref)=55.74% SPL@0.1m(ref)=0.2790
[ZSON3 EVAL] 742/2000 scene=TEEsavR23oF.basis episode=48 target=bed success=1 spl=0.6479 reason=object_found steps=75 runtime=37.4s SR=55.80% (414/742) mean_SPL=0.2795 SR@0.1m(ref)=55.80% SPL@0.1m(ref)=0.2795
[ZSON3 EVAL] 743/2000 scene=TEEsavR23oF.basis episode=49 target=plant success=0 spl=0.0000 reason=false_positive steps=44 runtime=19.9s SR=55.72% (414/743) mean_SPL=0.2791 SR@0.1m(ref)=55.72% SPL@0.1m(ref)=0.2791
[ZSON3 EVAL] 744/2000 scene=TEEsavR23oF.basis episode=50 target=bed success=0 spl=0.0000 reason=max_steps_reached steps=500 runtime=323.2s SR=55.65% (414/744) mean_SPL=0.2787 SR@0.1m(ref)=55.65% SPL@0.1m(ref)=0.2787
[ZSON3 EVAL] 745/2000 scene=TEEsavR23oF.basis episode=51 target=sofa success=0 spl=0.0000 reason=false_positive steps=141 runtime=77.8s SR=55.57% (414/745) mean_SPL=0.2783 SR@0.1m(ref)=55.57% SPL@0.1m(ref)=0.2783
[ZSON3 EVAL] 746/2000 scene=TEEsavR23oF.basis episode=52 target=sofa success=1 spl=0.7889 reason=object_found steps=306 runtime=179.4s SR=55.63% (415/746) mean_SPL=0.2790 SR@0.1m(ref)=55.63% SPL@0.1m(ref)=0.2790
[ZSON3 EVAL] 747/2000 scene=TEEsavR23oF.basis episode=53 target=toilet success=0 spl=0.0000 reason=max_steps_reached steps=500 runtime=628.7s SR=55.56% (415/747) mean_SPL=0.2786 SR@0.1m(ref)=55.56% SPL@0.1m(ref)=0.2786
[ZSON3 EVAL] 748/2000 scene=TEEsavR23oF.basis episode=54 target=sofa success=1 spl=0.4242 reason=object_found steps=241 runtime=147.2s SR=55.61% (416/748) mean_SPL=0.2788 SR@0.1m(ref)=55.61% SPL@0.1m(ref)=0.2788
[ZSON3 EVAL] 749/2000 scene=TEEsavR23oF.basis episode=55 target=toilet success=0 spl=0.0000 reason=false_positive steps=268 runtime=158.1s SR=55.54% (416/749) mean_SPL=0.2785 SR@0.1m(ref)=55.54% SPL@0.1m(ref)=0.2785
[ZSON3 EVAL] 750/2000 scene=TEEsavR23oF.basis episode=56 target=chair success=1 spl=0.8327 reason=object_found steps=67 runtime=39.0s SR=55.60% (417/750) mean_SPL=0.2792 SR@0.1m(ref)=55.60% SPL@0.1m(ref)=0.2792
[ZSON3 EVAL] 751/2000 scene=TEEsavR23oF.basis episode=57 target=chair success=1 spl=0.2746 reason=object_found steps=265 runtime=153.0s SR=55.66% (418/751) mean_SPL=0.2792 SR@0.1m(ref)=55.66% SPL@0.1m(ref)=0.2792
[ZSON3 EVAL] 752/2000 scene=TEEsavR23oF.basis episode=58 target=chair success=1 spl=0.6952 reason=object_found steps=122 runtime=59.0s SR=55.72% (419/752) mean_SPL=0.2798 SR@0.1m(ref)=55.72% SPL@0.1m(ref)=0.2798
[ZSON3 EVAL] 753/2000 scene=TEEsavR23oF.basis episode=59 target=bed success=1 spl=0.0692 reason=object_found steps=480 runtime=379.5s SR=55.78% (420/753) mean_SPL=0.2795 SR@0.1m(ref)=55.78% SPL@0.1m(ref)=0.2795
[ZSON3 EVAL] 754/2000 scene=TEEsavR23oF.basis episode=60 target=chair success=1 spl=0.7972 reason=object_found steps=87 runtime=57.6s SR=55.84% (421/754) mean_SPL=0.2802 SR@0.1m(ref)=55.84% SPL@0.1m(ref)=0.2802
[ZSON3 EVAL] 755/2000 scene=TEEsavR23oF.basis episode=61 target=plant success=0 spl=0.0000 reason=false_positive steps=139 runtime=96.6s SR=55.76% (421/755) mean_SPL=0.2798 SR@0.1m(ref)=55.76% SPL@0.1m(ref)=0.2798
[ZSON3 EVAL] 756/2000 scene=TEEsavR23oF.basis episode=62 target=plant success=0 spl=0.0000 reason=false_positive steps=10 runtime=10.8s SR=55.69% (421/756) mean_SPL=0.2794 SR@0.1m(ref)=55.69% SPL@0.1m(ref)=0.2794
[ZSON3 EVAL] 757/2000 scene=TEEsavR23oF.basis episode=63 target=bed success=0 spl=0.0000 reason=max_steps_reached steps=483 runtime=718.1s SR=55.61% (421/757) mean_SPL=0.2790 SR@0.1m(ref)=55.61% SPL@0.1m(ref)=0.2790
[ZSON3 EVAL] 758/2000 scene=TEEsavR23oF.basis episode=64 target=plant success=0 spl=0.0000 reason=false_positive steps=18 runtime=18.1s SR=55.54% (421/758) mean_SPL=0.2787 SR@0.1m(ref)=55.54% SPL@0.1m(ref)=0.2787
[ZSON3 EVAL] 759/2000 scene=TEEsavR23oF.basis episode=65 target=chair success=0 spl=0.0000 reason=false_positive steps=247 runtime=180.1s SR=55.47% (421/759) mean_SPL=0.2783 SR@0.1m(ref)=55.47% SPL@0.1m(ref)=0.2783
[ZSON3 EVAL] 760/2000 scene=TEEsavR23oF.basis episode=66 target=sofa success=1 spl=0.6751 reason=object_found steps=176 runtime=111.4s SR=55.53% (422/760) mean_SPL=0.2788 SR@0.1m(ref)=55.53% SPL@0.1m(ref)=0.2788
[ZSON3 EVAL] 761/2000 scene=TEEsavR23oF.basis episode=67 target=bed success=1 spl=0.7678 reason=object_found steps=50 runtime=28.8s SR=55.58% (423/761) mean_SPL=0.2795 SR@0.1m(ref)=55.58% SPL@0.1m(ref)=0.2795
[ZSON3 EVAL] 762/2000 scene=TEEsavR23oF.basis episode=68 target=chair success=0 spl=0.0000 reason=false_positive steps=13 runtime=21.1s SR=55.51% (423/762) mean_SPL=0.2791 SR@0.1m(ref)=55.51% SPL@0.1m(ref)=0.2791
[ZSON3 EVAL] 763/2000 scene=TEEsavR23oF.basis episode=69 target=sofa success=0 spl=0.0000 reason=false_positive steps=246 runtime=151.7s SR=55.44% (423/763) mean_SPL=0.2787 SR@0.1m(ref)=55.44% SPL@0.1m(ref)=0.2787
[ZSON3 EVAL] 764/2000 scene=TEEsavR23oF.basis episode=70 target=chair success=0 spl=0.0000 reason=false_positive steps=12 runtime=10.8s SR=55.37% (423/764) mean_SPL=0.2784 SR@0.1m(ref)=55.37% SPL@0.1m(ref)=0.2784
[ZSON3 EVAL] 765/2000 scene=TEEsavR23oF.basis episode=71 target=sofa success=1 spl=0.7278 reason=object_found steps=89 runtime=54.2s SR=55.42% (424/765) mean_SPL=0.2790 SR@0.1m(ref)=55.42% SPL@0.1m(ref)=0.2790
[ZSON3 EVAL] 766/2000 scene=TEEsavR23oF.basis episode=72 target=plant success=0 spl=0.0000 reason=false_positive steps=25 runtime=20.2s SR=55.35% (424/766) mean_SPL=0.2786 SR@0.1m(ref)=55.35% SPL@0.1m(ref)=0.2786
[ZSON3 EVAL] 767/2000 scene=TEEsavR23oF.basis episode=73 target=plant success=0 spl=0.0000 reason=false_positive steps=46 runtime=41.3s SR=55.28% (424/767) mean_SPL=0.2782 SR@0.1m(ref)=55.28% SPL@0.1m(ref)=0.2782
[ZSON3 EVAL] 768/2000 scene=TEEsavR23oF.basis episode=74 target=plant success=0 spl=0.0000 reason=false_positive steps=42 runtime=38.6s SR=55.21% (424/768) mean_SPL=0.2779 SR@0.1m(ref)=55.21% SPL@0.1m(ref)=0.2779
[ZSON3 EVAL] 769/2000 scene=TEEsavR23oF.basis episode=75 target=sofa success=0 spl=0.0000 reason=false_positive steps=67 runtime=58.7s SR=55.14% (424/769) mean_SPL=0.2775 SR@0.1m(ref)=55.14% SPL@0.1m(ref)=0.2775
[ZSON3 EVAL] 770/2000 scene=TEEsavR23oF.basis episode=76 target=chair success=0 spl=0.0000 reason=false_positive steps=26 runtime=19.6s SR=55.06% (424/770) mean_SPL=0.2772 SR@0.1m(ref)=55.06% SPL@0.1m(ref)=0.2772
[ZSON3 EVAL] 771/2000 scene=TEEsavR23oF.basis episode=77 target=toilet success=0 spl=0.0000 reason=max_steps_reached steps=492 runtime=630.8s SR=54.99% (424/771) mean_SPL=0.2768 SR@0.1m(ref)=54.99% SPL@0.1m(ref)=0.2768
[ZSON3 EVAL] 772/2000 scene=TEEsavR23oF.basis episode=78 target=bed success=0 spl=0.0000 reason=max_steps_reached steps=500 runtime=536.1s SR=54.92% (424/772) mean_SPL=0.2764 SR@0.1m(ref)=54.92% SPL@0.1m(ref)=0.2764
[ZSON3 EVAL] 773/2000 scene=TEEsavR23oF.basis episode=79 target=bed success=0 spl=0.0000 reason=max_steps_reached steps=496 runtime=879.0s SR=54.85% (424/773) mean_SPL=0.2761 SR@0.1m(ref)=54.85% SPL@0.1m(ref)=0.2761
[ZSON3 EVAL] 774/2000 scene=TEEsavR23oF.basis episode=80 target=sofa success=1 spl=0.2880 reason=object_found steps=122 runtime=78.2s SR=54.91% (425/774) mean_SPL=0.2761 SR@0.1m(ref)=54.91% SPL@0.1m(ref)=0.2761
[ZSON3 EVAL] 775/2000 scene=TEEsavR23oF.basis episode=81 target=chair success=1 spl=0.7778 reason=object_found steps=36 runtime=23.9s SR=54.97% (426/775) mean_SPL=0.2767 SR@0.1m(ref)=54.97% SPL@0.1m(ref)=0.2767
[ZSON3 EVAL] 776/2000 scene=TEEsavR23oF.basis episode=82 target=chair success=0 spl=0.0000 reason=false_positive steps=42 runtime=29.0s SR=54.90% (426/776) mean_SPL=0.2764 SR@0.1m(ref)=54.90% SPL@0.1m(ref)=0.2764
[ZSON3 EVAL] 777/2000 scene=TEEsavR23oF.basis episode=83 target=sofa success=1 spl=0.4039 reason=object_found steps=118 runtime=56.5s SR=54.95% (427/777) mean_SPL=0.2766 SR@0.1m(ref)=54.95% SPL@0.1m(ref)=0.2766
[ZSON3 EVAL] 778/2000 scene=TEEsavR23oF.basis episode=84 target=plant success=0 spl=0.0000 reason=false_positive steps=46 runtime=37.4s SR=54.88% (427/778) mean_SPL=0.2762 SR@0.1m(ref)=54.88% SPL@0.1m(ref)=0.2762
[ZSON3 EVAL] 779/2000 scene=TEEsavR23oF.basis episode=85 target=toilet success=0 spl=0.0000 reason=robot_stuck steps=470 runtime=521.2s SR=54.81% (427/779) mean_SPL=0.2758 SR@0.1m(ref)=54.81% SPL@0.1m(ref)=0.2758
[ZSON3 EVAL] 780/2000 scene=TEEsavR23oF.basis episode=86 target=plant success=0 spl=0.0000 reason=false_positive steps=72 runtime=51.2s SR=54.74% (427/780) mean_SPL=0.2755 SR@0.1m(ref)=54.74% SPL@0.1m(ref)=0.2755
[ZSON3 EVAL] 781/2000 scene=TEEsavR23oF.basis episode=87 target=toilet success=0 spl=0.0000 reason=max_steps_reached steps=492 runtime=600.6s SR=54.67% (427/781) mean_SPL=0.2751 SR@0.1m(ref)=54.67% SPL@0.1m(ref)=0.2751
[ZSON3 EVAL] 782/2000 scene=TEEsavR23oF.basis episode=88 target=chair success=1 spl=0.4587 reason=object_found steps=161 runtime=97.2s SR=54.73% (428/782) mean_SPL=0.2754 SR@0.1m(ref)=54.73% SPL@0.1m(ref)=0.2754
[ZSON3 EVAL] 783/2000 scene=TEEsavR23oF.basis episode=89 target=plant success=1 spl=0.8432 reason=object_found steps=64 runtime=30.0s SR=54.79% (429/783) mean_SPL=0.2761 SR@0.1m(ref)=54.79% SPL@0.1m(ref)=0.2761
[ZSON3 EVAL] 784/2000 scene=TEEsavR23oF.basis episode=90 target=chair success=1 spl=0.6693 reason=object_found steps=73 runtime=47.1s SR=54.85% (430/784) mean_SPL=0.2766 SR@0.1m(ref)=54.85% SPL@0.1m(ref)=0.2766
[ZSON3 EVAL] 785/2000 scene=TEEsavR23oF.basis episode=91 target=chair success=1 spl=0.7584 reason=object_found steps=52 runtime=32.1s SR=54.90% (431/785) mean_SPL=0.2772 SR@0.1m(ref)=54.90% SPL@0.1m(ref)=0.2772
[ZSON3 EVAL] 786/2000 scene=TEEsavR23oF.basis episode=92 target=sofa success=0 spl=0.0000 reason=false_positive steps=15 runtime=12.2s SR=54.83% (431/786) mean_SPL=0.2769 SR@0.1m(ref)=54.83% SPL@0.1m(ref)=0.2769
[ZSON3 EVAL] 787/2000 scene=TEEsavR23oF.basis episode=93 target=bed success=1 spl=0.3125 reason=object_found steps=377 runtime=311.7s SR=54.89% (432/787) mean_SPL=0.2769 SR@0.1m(ref)=54.89% SPL@0.1m(ref)=0.2769
[ZSON3 EVAL] 788/2000 scene=TEEsavR23oF.basis episode=94 target=bed success=0 spl=0.0000 reason=max_steps_reached steps=492 runtime=280.6s SR=54.82% (432/788) mean_SPL=0.2766 SR@0.1m(ref)=54.82% SPL@0.1m(ref)=0.2766
[ZSON3 EVAL] 789/2000 scene=TEEsavR23oF.basis episode=95 target=bed success=0 spl=0.0000 reason=max_steps_reached steps=499 runtime=345.1s SR=54.75% (432/789) mean_SPL=0.2762 SR@0.1m(ref)=54.75% SPL@0.1m(ref)=0.2762
[ZSON3 EVAL] 790/2000 scene=TEEsavR23oF.basis episode=96 target=toilet success=0 spl=0.0000 reason=max_steps_reached steps=500 runtime=377.7s SR=54.68% (432/790) mean_SPL=0.2759 SR@0.1m(ref)=54.68% SPL@0.1m(ref)=0.2759
[ZSON3 EVAL] 791/2000 scene=TEEsavR23oF.basis episode=97 target=plant success=0 spl=0.0000 reason=false_positive steps=61 runtime=28.1s SR=54.61% (432/791) mean_SPL=0.2755 SR@0.1m(ref)=54.61% SPL@0.1m(ref)=0.2755
[ZSON3 EVAL] 792/2000 scene=TEEsavR23oF.basis episode=98 target=chair success=1 spl=0.4277 reason=object_found steps=132 runtime=64.9s SR=54.67% (433/792) mean_SPL=0.2757 SR@0.1m(ref)=54.67% SPL@0.1m(ref)=0.2757
[ZSON3 EVAL] 793/2000 scene=XB4GS9ShBRE.basis episode=0 target=bed success=0 spl=0.0000 reason=no_frontiers steps=314 runtime=177.1s SR=54.60% (433/793) mean_SPL=0.2753 SR@0.1m(ref)=54.60% SPL@0.1m(ref)=0.2753
[ZSON3 EVAL] 794/2000 scene=XB4GS9ShBRE.basis episode=1 target=toilet success=1 spl=0.7011 reason=object_found steps=67 runtime=43.2s SR=54.66% (434/794) mean_SPL=0.2759 SR@0.1m(ref)=54.66% SPL@0.1m(ref)=0.2759
[ZSON3 EVAL] 795/2000 scene=XB4GS9ShBRE.basis episode=2 target=sofa success=0 spl=0.0000 reason=false_positive steps=21 runtime=12.0s SR=54.59% (434/795) mean_SPL=0.2755 SR@0.1m(ref)=54.59% SPL@0.1m(ref)=0.2755
[ZSON3 EVAL] 796/2000 scene=XB4GS9ShBRE.basis episode=3 target=toilet success=0 spl=0.0000 reason=max_steps_reached steps=493 runtime=420.0s SR=54.52% (434/796) mean_SPL=0.2752 SR@0.1m(ref)=54.52% SPL@0.1m(ref)=0.2752
[ZSON3 EVAL] 797/2000 scene=XB4GS9ShBRE.basis episode=4 target=toilet success=0 spl=0.0000 reason=max_steps_reached steps=494 runtime=283.3s SR=54.45% (434/797) mean_SPL=0.2748 SR@0.1m(ref)=54.45% SPL@0.1m(ref)=0.2748
[ZSON3 EVAL] 798/2000 scene=XB4GS9ShBRE.basis episode=5 target=sofa success=0 spl=0.0000 reason=false_positive steps=19 runtime=12.4s SR=54.39% (434/798) mean_SPL=0.2745 SR@0.1m(ref)=54.39% SPL@0.1m(ref)=0.2745
[ZSON3 EVAL] 799/2000 scene=XB4GS9ShBRE.basis episode=6 target=toilet success=1 spl=0.2621 reason=object_found steps=242 runtime=134.3s SR=54.44% (435/799) mean_SPL=0.2745 SR@0.1m(ref)=54.44% SPL@0.1m(ref)=0.2745
[ZSON3 EVAL] 800/2000 scene=XB4GS9ShBRE.basis episode=7 target=bed success=0 spl=0.0000 reason=max_steps_reached steps=493 runtime=239.3s SR=54.37% (435/800) mean_SPL=0.2741 SR@0.1m(ref)=54.37% SPL@0.1m(ref)=0.2741
[ZSON3 EVAL] 801/2000 scene=XB4GS9ShBRE.basis episode=8 target=toilet success=1 spl=0.4780 reason=object_found steps=103 runtime=63.5s SR=54.43% (436/801) mean_SPL=0.2744 SR@0.1m(ref)=54.43% SPL@0.1m(ref)=0.2744
[ZSON3 EVAL] 802/2000 scene=XB4GS9ShBRE.basis episode=9 target=bed success=0 spl=0.0000 reason=max_steps_reached steps=495 runtime=249.3s SR=54.36% (436/802) mean_SPL=0.2741 SR@0.1m(ref)=54.36% SPL@0.1m(ref)=0.2741
[ZSON3 EVAL] 803/2000 scene=XB4GS9ShBRE.basis episode=10 target=bed success=0 spl=0.0000 reason=max_steps_reached steps=495 runtime=246.8s SR=54.30% (436/803) mean_SPL=0.2737 SR@0.1m(ref)=54.30% SPL@0.1m(ref)=0.2737
[ZSON3 EVAL] 804/2000 scene=XB4GS9ShBRE.basis episode=11 target=chair success=1 spl=0.6046 reason=object_found steps=84 runtime=48.7s SR=54.35% (437/804) mean_SPL=0.2741 SR@0.1m(ref)=54.35% SPL@0.1m(ref)=0.2741
[ZSON3 EVAL] 805/2000 scene=XB4GS9ShBRE.basis episode=12 target=chair success=1 spl=0.7451 reason=object_found steps=72 runtime=47.8s SR=54.41% (438/805) mean_SPL=0.2747 SR@0.1m(ref)=54.41% SPL@0.1m(ref)=0.2747
[ZSON3 EVAL] 806/2000 scene=XB4GS9ShBRE.basis episode=13 target=sofa success=0 spl=0.0000 reason=max_steps_reached steps=478 runtime=260.9s SR=54.34% (438/806) mean_SPL=0.2744 SR@0.1m(ref)=54.34% SPL@0.1m(ref)=0.2744
[ZSON3 EVAL] 807/2000 scene=XB4GS9ShBRE.basis episode=14 target=chair success=1 spl=0.4824 reason=object_found steps=155 runtime=89.1s SR=54.40% (439/807) mean_SPL=0.2746 SR@0.1m(ref)=54.40% SPL@0.1m(ref)=0.2746
[ZSON3 EVAL] 808/2000 scene=XB4GS9ShBRE.basis episode=15 target=chair success=1 spl=0.5521 reason=object_found steps=111 runtime=55.1s SR=54.46% (440/808) mean_SPL=0.2750 SR@0.1m(ref)=54.46% SPL@0.1m(ref)=0.2750
[ZSON3 EVAL] 809/2000 scene=XB4GS9ShBRE.basis episode=16 target=chair success=1 spl=0.2109 reason=object_found steps=311 runtime=177.5s SR=54.51% (441/809) mean_SPL=0.2749 SR@0.1m(ref)=54.51% SPL@0.1m(ref)=0.2749
[ZSON3 EVAL] 810/2000 scene=XB4GS9ShBRE.basis episode=17 target=bed success=0 spl=0.0000 reason=max_steps_reached steps=483 runtime=248.0s SR=54.44% (441/810) mean_SPL=0.2746 SR@0.1m(ref)=54.44% SPL@0.1m(ref)=0.2746
[ZSON3 EVAL] 811/2000 scene=XB4GS9ShBRE.basis episode=18 target=bed success=0 spl=0.0000 reason=no_frontiers steps=433 runtime=228.3s SR=54.38% (441/811) mean_SPL=0.2742 SR@0.1m(ref)=54.38% SPL@0.1m(ref)=0.2742
[ZSON3 EVAL] 812/2000 scene=XB4GS9ShBRE.basis episode=19 target=chair success=1 spl=0.3078 reason=object_found steps=164 runtime=80.4s SR=54.43% (442/812) mean_SPL=0.2743 SR@0.1m(ref)=54.43% SPL@0.1m(ref)=0.2743
[ZSON3 EVAL] 813/2000 scene=XB4GS9ShBRE.basis episode=20 target=chair success=0 spl=0.0000 reason=false_positive steps=90 runtime=54.7s SR=54.37% (442/813) mean_SPL=0.2739 SR@0.1m(ref)=54.37% SPL@0.1m(ref)=0.2739
[ZSON3 EVAL] 814/2000 scene=XB4GS9ShBRE.basis episode=21 target=bed success=0 spl=0.0000 reason=max_steps_reached steps=500 runtime=235.2s SR=54.30% (442/814) mean_SPL=0.2736 SR@0.1m(ref)=54.30% SPL@0.1m(ref)=0.2736
[ZSON3 EVAL] 815/2000 scene=XB4GS9ShBRE.basis episode=22 target=sofa success=1 spl=0.7964 reason=object_found steps=80 runtime=36.4s SR=54.36% (443/815) mean_SPL=0.2742 SR@0.1m(ref)=54.36% SPL@0.1m(ref)=0.2742
[ZSON3 EVAL] 816/2000 scene=XB4GS9ShBRE.basis episode=23 target=chair success=1 spl=0.3021 reason=object_found steps=205 runtime=124.3s SR=54.41% (444/816) mean_SPL=0.2743 SR@0.1m(ref)=54.41% SPL@0.1m(ref)=0.2743
[ZSON3 EVAL] 817/2000 scene=XB4GS9ShBRE.basis episode=24 target=bed success=0 spl=0.0000 reason=max_steps_reached steps=489 runtime=212.5s SR=54.35% (444/817) mean_SPL=0.2739 SR@0.1m(ref)=54.35% SPL@0.1m(ref)=0.2739
[ZSON3 EVAL] 818/2000 scene=XB4GS9ShBRE.basis episode=25 target=chair success=1 spl=0.3802 reason=object_found steps=164 runtime=99.2s SR=54.40% (445/818) mean_SPL=0.2741 SR@0.1m(ref)=54.40% SPL@0.1m(ref)=0.2741
[ZSON3 EVAL] 819/2000 scene=XB4GS9ShBRE.basis episode=26 target=bed success=0 spl=0.0000 reason=false_positive steps=306 runtime=180.5s SR=54.33% (445/819) mean_SPL=0.2737 SR@0.1m(ref)=54.33% SPL@0.1m(ref)=0.2737
[ZSON3 EVAL] 820/2000 scene=XB4GS9ShBRE.basis episode=27 target=sofa success=0 spl=0.0000 reason=max_steps_reached steps=490 runtime=299.1s SR=54.27% (445/820) mean_SPL=0.2734 SR@0.1m(ref)=54.27% SPL@0.1m(ref)=0.2734
[ZSON3 EVAL] 821/2000 scene=XB4GS9ShBRE.basis episode=28 target=sofa success=0 spl=0.0000 reason=max_steps_reached steps=493 runtime=343.4s SR=54.20% (445/821) mean_SPL=0.2730 SR@0.1m(ref)=54.20% SPL@0.1m(ref)=0.2730
[ZSON3 EVAL] 822/2000 scene=XB4GS9ShBRE.basis episode=29 target=chair success=0 spl=0.0000 reason=false_positive steps=42 runtime=36.6s SR=54.14% (445/822) mean_SPL=0.2727 SR@0.1m(ref)=54.14% SPL@0.1m(ref)=0.2727
[ZSON3 EVAL] 823/2000 scene=XB4GS9ShBRE.basis episode=30 target=sofa success=0 spl=0.0000 reason=false_positive steps=49 runtime=24.1s SR=54.07% (445/823) mean_SPL=0.2724 SR@0.1m(ref)=54.07% SPL@0.1m(ref)=0.2724
[ZSON3 EVAL] 824/2000 scene=XB4GS9ShBRE.basis episode=31 target=bed success=0 spl=0.0000 reason=no_frontiers steps=478 runtime=226.0s SR=54.00% (445/824) mean_SPL=0.2721 SR@0.1m(ref)=54.00% SPL@0.1m(ref)=0.2721
[ZSON3 EVAL] 825/2000 scene=XB4GS9ShBRE.basis episode=32 target=toilet success=0 spl=0.0000 reason=max_steps_reached steps=497 runtime=336.8s SR=53.94% (445/825) mean_SPL=0.2717 SR@0.1m(ref)=53.94% SPL@0.1m(ref)=0.2717
[ZSON3 EVAL] 826/2000 scene=XB4GS9ShBRE.basis episode=33 target=chair success=1 spl=0.2703 reason=object_found steps=120 runtime=76.3s SR=54.00% (446/826) mean_SPL=0.2717 SR@0.1m(ref)=54.00% SPL@0.1m(ref)=0.2717
[ZSON3 EVAL] 827/2000 scene=XB4GS9ShBRE.basis episode=34 target=bed success=0 spl=0.0000 reason=max_steps_reached steps=497 runtime=221.9s SR=53.93% (446/827) mean_SPL=0.2714 SR@0.1m(ref)=53.93% SPL@0.1m(ref)=0.2714
[ZSON3 EVAL] 828/2000 scene=XB4GS9ShBRE.basis episode=35 target=toilet success=1 spl=0.1894 reason=object_found steps=174 runtime=94.5s SR=53.99% (447/828) mean_SPL=0.2713 SR@0.1m(ref)=53.99% SPL@0.1m(ref)=0.2713
[ZSON3 EVAL] 829/2000 scene=XB4GS9ShBRE.basis episode=36 target=sofa success=0 spl=0.0000 reason=false_positive steps=32 runtime=23.2s SR=53.92% (447/829) mean_SPL=0.2710 SR@0.1m(ref)=53.92% SPL@0.1m(ref)=0.2710
[ZSON3 EVAL] 830/2000 scene=XB4GS9ShBRE.basis episode=37 target=chair success=1 spl=0.2185 reason=object_found steps=350 runtime=189.5s SR=53.98% (448/830) mean_SPL=0.2709 SR@0.1m(ref)=53.98% SPL@0.1m(ref)=0.2709
[ZSON3 EVAL] 831/2000 scene=XB4GS9ShBRE.basis episode=38 target=chair success=1 spl=0.2324 reason=object_found steps=132 runtime=79.3s SR=54.03% (449/831) mean_SPL=0.2709 SR@0.1m(ref)=54.03% SPL@0.1m(ref)=0.2709
[ZSON3 EVAL] 832/2000 scene=XB4GS9ShBRE.basis episode=39 target=chair success=1 spl=0.6483 reason=object_found steps=78 runtime=57.5s SR=54.09% (450/832) mean_SPL=0.2713 SR@0.1m(ref)=54.09% SPL@0.1m(ref)=0.2713
[ZSON3 EVAL] 833/2000 scene=XB4GS9ShBRE.basis episode=40 target=bed success=0 spl=0.0000 reason=max_steps_reached steps=493 runtime=240.2s SR=54.02% (450/833) mean_SPL=0.2710 SR@0.1m(ref)=54.02% SPL@0.1m(ref)=0.2710
[ZSON3 EVAL] 834/2000 scene=XB4GS9ShBRE.basis episode=41 target=chair success=1 spl=0.6344 reason=object_found steps=65 runtime=34.4s SR=54.08% (451/834) mean_SPL=0.2714 SR@0.1m(ref)=54.08% SPL@0.1m(ref)=0.2714
[ZSON3 EVAL] 835/2000 scene=XB4GS9ShBRE.basis episode=42 target=bed success=0 spl=0.0000 reason=no_frontiers steps=263 runtime=121.7s SR=54.01% (451/835) mean_SPL=0.2711 SR@0.1m(ref)=54.01% SPL@0.1m(ref)=0.2711
[ZSON3 EVAL] 836/2000 scene=XB4GS9ShBRE.basis episode=43 target=sofa success=0 spl=0.0000 reason=max_steps_reached steps=496 runtime=421.5s SR=53.95% (451/836) mean_SPL=0.2708 SR@0.1m(ref)=53.95% SPL@0.1m(ref)=0.2708
[ZSON3 EVAL] 837/2000 scene=XB4GS9ShBRE.basis episode=44 target=sofa success=1 spl=0.7938 reason=object_found steps=44 runtime=22.2s SR=54.00% (452/837) mean_SPL=0.2714 SR@0.1m(ref)=54.00% SPL@0.1m(ref)=0.2714
[ZSON3 EVAL] 838/2000 scene=XB4GS9ShBRE.basis episode=45 target=sofa success=0 spl=0.0000 reason=false_positive steps=60 runtime=41.2s SR=53.94% (452/838) mean_SPL=0.2711 SR@0.1m(ref)=53.94% SPL@0.1m(ref)=0.2711
[ZSON3 EVAL] 839/2000 scene=XB4GS9ShBRE.basis episode=46 target=bed success=0 spl=0.0000 reason=robot_stuck steps=480 runtime=252.5s SR=53.87% (452/839) mean_SPL=0.2708 SR@0.1m(ref)=53.87% SPL@0.1m(ref)=0.2708
[ZSON3 EVAL] 840/2000 scene=XB4GS9ShBRE.basis episode=47 target=sofa success=0 spl=0.0000 reason=max_steps_reached steps=497 runtime=283.8s SR=53.81% (452/840) mean_SPL=0.2704 SR@0.1m(ref)=53.81% SPL@0.1m(ref)=0.2704
[ZSON3 EVAL] 841/2000 scene=XB4GS9ShBRE.basis episode=48 target=toilet success=1 spl=0.1763 reason=object_found steps=205 runtime=113.4s SR=53.86% (453/841) mean_SPL=0.2703 SR@0.1m(ref)=53.86% SPL@0.1m(ref)=0.2703
[ZSON3 EVAL] 842/2000 scene=XB4GS9ShBRE.basis episode=49 target=bed success=0 spl=0.0000 reason=max_steps_reached steps=490 runtime=222.7s SR=53.80% (453/842) mean_SPL=0.2700 SR@0.1m(ref)=53.80% SPL@0.1m(ref)=0.2700
[ZSON3 EVAL] 843/2000 scene=XB4GS9ShBRE.basis episode=50 target=sofa success=1 spl=0.8227 reason=object_found steps=100 runtime=122.4s SR=53.86% (454/843) mean_SPL=0.2707 SR@0.1m(ref)=53.86% SPL@0.1m(ref)=0.2707
[ZSON3 EVAL] 844/2000 scene=XB4GS9ShBRE.basis episode=51 target=bed success=0 spl=0.0000 reason=false_positive steps=246 runtime=121.1s SR=53.79% (454/844) mean_SPL=0.2703 SR@0.1m(ref)=53.79% SPL@0.1m(ref)=0.2703
[ZSON3 EVAL] 845/2000 scene=XB4GS9ShBRE.basis episode=52 target=toilet success=0 spl=0.0000 reason=max_steps_reached steps=493 runtime=289.7s SR=53.73% (454/845) mean_SPL=0.2700 SR@0.1m(ref)=53.73% SPL@0.1m(ref)=0.2700
[ZSON3 EVAL] 846/2000 scene=XB4GS9ShBRE.basis episode=53 target=toilet success=0 spl=0.0000 reason=max_steps_reached steps=489 runtime=292.7s SR=53.66% (454/846) mean_SPL=0.2697 SR@0.1m(ref)=53.66% SPL@0.1m(ref)=0.2697
[ZSON3 EVAL] 847/2000 scene=XB4GS9ShBRE.basis episode=54 target=sofa success=0 spl=0.0000 reason=false_positive steps=62 runtime=17.7s SR=53.60% (454/847) mean_SPL=0.2694 SR@0.1m(ref)=53.60% SPL@0.1m(ref)=0.2694
[ZSON3 EVAL] 848/2000 scene=XB4GS9ShBRE.basis episode=55 target=toilet success=1 spl=0.5515 reason=object_found steps=110 runtime=63.6s SR=53.66% (455/848) mean_SPL=0.2697 SR@0.1m(ref)=53.66% SPL@0.1m(ref)=0.2697
[ZSON3 EVAL] 849/2000 scene=XB4GS9ShBRE.basis episode=56 target=chair success=0 spl=0.0000 reason=max_steps_reached steps=481 runtime=239.9s SR=53.59% (455/849) mean_SPL=0.2694 SR@0.1m(ref)=53.59% SPL@0.1m(ref)=0.2694
[ZSON3 EVAL] 850/2000 scene=XB4GS9ShBRE.basis episode=57 target=toilet success=1 spl=0.6925 reason=object_found steps=99 runtime=68.6s SR=53.65% (456/850) mean_SPL=0.2699 SR@0.1m(ref)=53.65% SPL@0.1m(ref)=0.2699
[ZSON3 EVAL] 851/2000 scene=XB4GS9ShBRE.basis episode=58 target=bed success=0 spl=0.0000 reason=no_frontiers steps=395 runtime=196.9s SR=53.58% (456/851) mean_SPL=0.2696 SR@0.1m(ref)=53.58% SPL@0.1m(ref)=0.2696
[ZSON3 EVAL] 852/2000 scene=XB4GS9ShBRE.basis episode=59 target=bed success=0 spl=0.0000 reason=no_frontiers steps=427 runtime=210.4s SR=53.52% (456/852) mean_SPL=0.2693 SR@0.1m(ref)=53.52% SPL@0.1m(ref)=0.2693
[ZSON3 EVAL] 853/2000 scene=XB4GS9ShBRE.basis episode=60 target=toilet success=1 spl=0.2448 reason=object_found steps=131 runtime=76.3s SR=53.58% (457/853) mean_SPL=0.2692 SR@0.1m(ref)=53.58% SPL@0.1m(ref)=0.2692
[ZSON3 EVAL] 854/2000 scene=XB4GS9ShBRE.basis episode=61 target=bed success=0 spl=0.0000 reason=max_steps_reached steps=479 runtime=244.2s SR=53.51% (457/854) mean_SPL=0.2689 SR@0.1m(ref)=53.51% SPL@0.1m(ref)=0.2689
[ZSON3 EVAL] 855/2000 scene=XB4GS9ShBRE.basis episode=62 target=toilet success=1 spl=0.1416 reason=object_found steps=262 runtime=132.5s SR=53.57% (458/855) mean_SPL=0.2688 SR@0.1m(ref)=53.57% SPL@0.1m(ref)=0.2688
[ZSON3 EVAL] 856/2000 scene=XB4GS9ShBRE.basis episode=63 target=chair success=1 spl=0.4945 reason=object_found steps=131 runtime=84.4s SR=53.62% (459/856) mean_SPL=0.2690 SR@0.1m(ref)=53.62% SPL@0.1m(ref)=0.2690
[ZSON3 EVAL] 857/2000 scene=XB4GS9ShBRE.basis episode=64 target=toilet success=0 spl=0.0000 reason=max_steps_reached steps=497 runtime=275.3s SR=53.56% (459/857) mean_SPL=0.2687 SR@0.1m(ref)=53.56% SPL@0.1m(ref)=0.2687
[ZSON3 EVAL] 858/2000 scene=XB4GS9ShBRE.basis episode=65 target=toilet success=1 spl=0.3252 reason=object_found steps=90 runtime=56.5s SR=53.61% (460/858) mean_SPL=0.2688 SR@0.1m(ref)=53.61% SPL@0.1m(ref)=0.2688
[ZSON3 EVAL] 859/2000 scene=XB4GS9ShBRE.basis episode=66 target=chair success=1 spl=0.3158 reason=object_found steps=202 runtime=115.8s SR=53.67% (461/859) mean_SPL=0.2688 SR@0.1m(ref)=53.67% SPL@0.1m(ref)=0.2688
[ZSON3 EVAL] 860/2000 scene=XB4GS9ShBRE.basis episode=67 target=bed success=0 spl=0.0000 reason=max_steps_reached steps=491 runtime=231.6s SR=53.60% (461/860) mean_SPL=0.2685 SR@0.1m(ref)=53.60% SPL@0.1m(ref)=0.2685
[ZSON3 EVAL] 861/2000 scene=XB4GS9ShBRE.basis episode=68 target=bed success=0 spl=0.0000 reason=max_steps_reached steps=494 runtime=233.5s SR=53.54% (461/861) mean_SPL=0.2682 SR@0.1m(ref)=53.54% SPL@0.1m(ref)=0.2682
[ZSON3 EVAL] 862/2000 scene=XB4GS9ShBRE.basis episode=69 target=bed success=0 spl=0.0000 reason=max_steps_reached steps=500 runtime=243.0s SR=53.48% (461/862) mean_SPL=0.2679 SR@0.1m(ref)=53.48% SPL@0.1m(ref)=0.2679
[ZSON3 EVAL] 863/2000 scene=XB4GS9ShBRE.basis episode=70 target=chair success=0 spl=0.0000 reason=max_steps_reached steps=489 runtime=269.2s SR=53.42% (461/863) mean_SPL=0.2676 SR@0.1m(ref)=53.42% SPL@0.1m(ref)=0.2676
[ZSON3 EVAL] 864/2000 scene=XB4GS9ShBRE.basis episode=71 target=toilet success=0 spl=0.0000 reason=no_frontiers steps=281 runtime=138.3s SR=53.36% (461/864) mean_SPL=0.2673 SR@0.1m(ref)=53.36% SPL@0.1m(ref)=0.2673
[ZSON3 EVAL] 865/2000 scene=XB4GS9ShBRE.basis episode=72 target=sofa success=1 spl=0.7812 reason=object_found steps=62 runtime=32.6s SR=53.41% (462/865) mean_SPL=0.2679 SR@0.1m(ref)=53.41% SPL@0.1m(ref)=0.2679
[ZSON3 EVAL] 866/2000 scene=XB4GS9ShBRE.basis episode=73 target=bed success=0 spl=0.0000 reason=max_steps_reached steps=489 runtime=279.7s SR=53.35% (462/866) mean_SPL=0.2676 SR@0.1m(ref)=53.35% SPL@0.1m(ref)=0.2676
[ZSON3 EVAL] 867/2000 scene=XB4GS9ShBRE.basis episode=74 target=chair success=1 spl=0.7370 reason=object_found steps=67 runtime=41.3s SR=53.40% (463/867) mean_SPL=0.2681 SR@0.1m(ref)=53.40% SPL@0.1m(ref)=0.2681
[ZSON3 EVAL] 868/2000 scene=XB4GS9ShBRE.basis episode=75 target=sofa success=0 spl=0.0000 reason=max_steps_reached steps=493 runtime=340.4s SR=53.34% (463/868) mean_SPL=0.2678 SR@0.1m(ref)=53.34% SPL@0.1m(ref)=0.2678
[ZSON3 EVAL] 869/2000 scene=XB4GS9ShBRE.basis episode=76 target=bed success=0 spl=0.0000 reason=max_steps_reached steps=499 runtime=272.7s SR=53.28% (463/869) mean_SPL=0.2675 SR@0.1m(ref)=53.28% SPL@0.1m(ref)=0.2675
[ZSON3 EVAL] 870/2000 scene=XB4GS9ShBRE.basis episode=77 target=toilet success=1 spl=0.2966 reason=object_found steps=288 runtime=146.7s SR=53.33% (464/870) mean_SPL=0.2675 SR@0.1m(ref)=53.33% SPL@0.1m(ref)=0.2675
[ZSON3 EVAL] 871/2000 scene=XB4GS9ShBRE.basis episode=78 target=toilet success=0 spl=0.0000 reason=max_steps_reached steps=500 runtime=292.6s SR=53.27% (464/871) mean_SPL=0.2672 SR@0.1m(ref)=53.27% SPL@0.1m(ref)=0.2672
[ZSON3 EVAL] 872/2000 scene=XB4GS9ShBRE.basis episode=79 target=toilet success=0 spl=0.0000 reason=max_steps_reached steps=499 runtime=235.4s SR=53.21% (464/872) mean_SPL=0.2669 SR@0.1m(ref)=53.21% SPL@0.1m(ref)=0.2669
[ZSON3 EVAL] 873/2000 scene=XB4GS9ShBRE.basis episode=80 target=chair success=1 spl=0.1295 reason=object_found steps=434 runtime=244.5s SR=53.26% (465/873) mean_SPL=0.2667 SR@0.1m(ref)=53.26% SPL@0.1m(ref)=0.2667
[ZSON3 EVAL] 874/2000 scene=XB4GS9ShBRE.basis episode=81 target=toilet success=1 spl=0.3359 reason=object_found steps=145 runtime=167.8s SR=53.32% (466/874) mean_SPL=0.2668 SR@0.1m(ref)=53.32% SPL@0.1m(ref)=0.2668
[ZSON3 EVAL] 875/2000 scene=XB4GS9ShBRE.basis episode=82 target=chair success=1 spl=0.5116 reason=object_found steps=124 runtime=87.3s SR=53.37% (467/875) mean_SPL=0.2671 SR@0.1m(ref)=53.37% SPL@0.1m(ref)=0.2671
[ZSON3 EVAL] 876/2000 scene=XB4GS9ShBRE.basis episode=83 target=sofa success=0 spl=0.0000 reason=max_steps_reached steps=485 runtime=287.5s SR=53.31% (467/876) mean_SPL=0.2668 SR@0.1m(ref)=53.31% SPL@0.1m(ref)=0.2668
[ZSON3 EVAL] 877/2000 scene=XB4GS9ShBRE.basis episode=84 target=sofa success=0 spl=0.0000 reason=max_steps_reached steps=490 runtime=283.5s SR=53.25% (467/877) mean_SPL=0.2665 SR@0.1m(ref)=53.25% SPL@0.1m(ref)=0.2665
[ZSON3 EVAL] 878/2000 scene=XB4GS9ShBRE.basis episode=85 target=chair success=1 spl=0.6658 reason=object_found steps=99 runtime=65.1s SR=53.30% (468/878) mean_SPL=0.2670 SR@0.1m(ref)=53.30% SPL@0.1m(ref)=0.2670
[ZSON3 EVAL] 879/2000 scene=XB4GS9ShBRE.basis episode=86 target=toilet success=1 spl=0.3124 reason=object_found steps=356 runtime=182.7s SR=53.36% (469/879) mean_SPL=0.2670 SR@0.1m(ref)=53.36% SPL@0.1m(ref)=0.2670
[ZSON3 EVAL] 880/2000 scene=XB4GS9ShBRE.basis episode=87 target=bed success=0 spl=0.0000 reason=max_steps_reached steps=496 runtime=255.2s SR=53.30% (469/880) mean_SPL=0.2667 SR@0.1m(ref)=53.30% SPL@0.1m(ref)=0.2667
[ZSON3 EVAL] 881/2000 scene=XB4GS9ShBRE.basis episode=88 target=bed success=0 spl=0.0000 reason=false_positive steps=162 runtime=92.6s SR=53.23% (469/881) mean_SPL=0.2664 SR@0.1m(ref)=53.23% SPL@0.1m(ref)=0.2664
[ZSON3 EVAL] 882/2000 scene=XB4GS9ShBRE.basis episode=89 target=toilet success=1 spl=0.7148 reason=object_found steps=103 runtime=129.5s SR=53.29% (470/882) mean_SPL=0.2669 SR@0.1m(ref)=53.29% SPL@0.1m(ref)=0.2669
[ZSON3 EVAL] 883/2000 scene=XB4GS9ShBRE.basis episode=90 target=sofa success=0 spl=0.0000 reason=max_steps_reached steps=484 runtime=277.7s SR=53.23% (470/883) mean_SPL=0.2666 SR@0.1m(ref)=53.23% SPL@0.1m(ref)=0.2666
[ZSON3 EVAL] 884/2000 scene=XB4GS9ShBRE.basis episode=91 target=chair success=0 spl=0.0000 reason=false_positive steps=383 runtime=217.9s SR=53.17% (470/884) mean_SPL=0.2663 SR@0.1m(ref)=53.17% SPL@0.1m(ref)=0.2663
[ZSON3 EVAL] 885/2000 scene=XB4GS9ShBRE.basis episode=92 target=sofa success=0 spl=0.0000 reason=max_steps_reached steps=485 runtime=310.9s SR=53.11% (470/885) mean_SPL=0.2660 SR@0.1m(ref)=53.11% SPL@0.1m(ref)=0.2660
[ZSON3 EVAL] 886/2000 scene=XB4GS9ShBRE.basis episode=93 target=sofa success=1 spl=0.5840 reason=object_found steps=219 runtime=69.6s SR=53.16% (471/886) mean_SPL=0.2664 SR@0.1m(ref)=53.16% SPL@0.1m(ref)=0.2664
[ZSON3 EVAL] 887/2000 scene=XB4GS9ShBRE.basis episode=94 target=toilet success=1 spl=0.1119 reason=object_found steps=446 runtime=267.3s SR=53.21% (472/887) mean_SPL=0.2662 SR@0.1m(ref)=53.21% SPL@0.1m(ref)=0.2662
[ZSON3 EVAL] 888/2000 scene=XB4GS9ShBRE.basis episode=95 target=toilet success=1 spl=0.3105 reason=object_found steps=246 runtime=136.5s SR=53.27% (473/888) mean_SPL=0.2662 SR@0.1m(ref)=53.27% SPL@0.1m(ref)=0.2662
[ZSON3 EVAL] 889/2000 scene=XB4GS9ShBRE.basis episode=96 target=sofa success=0 spl=0.0000 reason=max_steps_reached steps=497 runtime=293.5s SR=53.21% (473/889) mean_SPL=0.2659 SR@0.1m(ref)=53.21% SPL@0.1m(ref)=0.2659
[ZSON3 EVAL] 890/2000 scene=XB4GS9ShBRE.basis episode=97 target=sofa success=0 spl=0.0000 reason=robot_stuck steps=247 runtime=346.1s SR=53.15% (473/890) mean_SPL=0.2656 SR@0.1m(ref)=53.15% SPL@0.1m(ref)=0.2656
[ZSON3 EVAL] 891/2000 scene=XB4GS9ShBRE.basis episode=98 target=sofa success=0 spl=0.0000 reason=false_positive steps=32 runtime=27.1s SR=53.09% (473/891) mean_SPL=0.2653 SR@0.1m(ref)=53.09% SPL@0.1m(ref)=0.2653
[ZSON3 EVAL] 892/2000 scene=bxsVRursffK.basis episode=0 target=bed success=0 spl=0.0000 reason=false_positive steps=288 runtime=157.8s SR=53.03% (473/892) mean_SPL=0.2650 SR@0.1m(ref)=53.03% SPL@0.1m(ref)=0.2650
[ZSON3 EVAL] 893/2000 scene=bxsVRursffK.basis episode=1 target=bed success=0 spl=0.0000 reason=false_positive steps=133 runtime=103.8s SR=52.97% (473/893) mean_SPL=0.2647 SR@0.1m(ref)=52.97% SPL@0.1m(ref)=0.2647
[ZSON3 EVAL] 894/2000 scene=bxsVRursffK.basis episode=2 target=bed success=1 spl=0.7355 reason=object_found steps=41 runtime=18.9s SR=53.02% (474/894) mean_SPL=0.2653 SR@0.1m(ref)=53.02% SPL@0.1m(ref)=0.2653
[ZSON3 EVAL] 895/2000 scene=bxsVRursffK.basis episode=3 target=toilet success=1 spl=0.2579 reason=object_found steps=117 runtime=75.3s SR=53.07% (475/895) mean_SPL=0.2653 SR@0.1m(ref)=53.07% SPL@0.1m(ref)=0.2653
[ZSON3 EVAL] 896/2000 scene=bxsVRursffK.basis episode=4 target=chair success=0 spl=0.0000 reason=max_steps_reached steps=490 runtime=233.5s SR=53.01% (475/896) mean_SPL=0.2650 SR@0.1m(ref)=53.01% SPL@0.1m(ref)=0.2650
[ZSON3 EVAL] 897/2000 scene=bxsVRursffK.basis episode=5 target=bed success=0 spl=0.0000 reason=false_positive steps=182 runtime=126.6s SR=52.95% (475/897) mean_SPL=0.2647 SR@0.1m(ref)=52.95% SPL@0.1m(ref)=0.2647
[ZSON3 EVAL] 898/2000 scene=bxsVRursffK.basis episode=6 target=bed success=0 spl=0.0000 reason=max_steps_reached steps=500 runtime=267.5s SR=52.90% (475/898) mean_SPL=0.2644 SR@0.1m(ref)=52.90% SPL@0.1m(ref)=0.2644
[ZSON3 EVAL] 899/2000 scene=bxsVRursffK.basis episode=7 target=bed success=0 spl=0.0000 reason=max_steps_reached steps=500 runtime=256.2s SR=52.84% (475/899) mean_SPL=0.2641 SR@0.1m(ref)=52.84% SPL@0.1m(ref)=0.2641
[ZSON3 EVAL] 900/2000 scene=bxsVRursffK.basis episode=8 target=chair success=0 spl=0.0000 reason=max_steps_reached steps=499 runtime=246.5s SR=52.78% (475/900) mean_SPL=0.2638 SR@0.1m(ref)=52.78% SPL@0.1m(ref)=0.2638
[ZSON3 EVAL] 901/2000 scene=bxsVRursffK.basis episode=9 target=toilet success=0 spl=0.0000 reason=max_steps_reached steps=489 runtime=331.6s SR=52.72% (475/901) mean_SPL=0.2635 SR@0.1m(ref)=52.72% SPL@0.1m(ref)=0.2635
[ZSON3 EVAL] 902/2000 scene=bxsVRursffK.basis episode=10 target=toilet success=1 spl=0.1208 reason=object_found steps=472 runtime=226.2s SR=52.77% (476/902) mean_SPL=0.2633 SR@0.1m(ref)=52.77% SPL@0.1m(ref)=0.2633
[ZSON3 EVAL] 903/2000 scene=bxsVRursffK.basis episode=11 target=bed success=0 spl=0.0000 reason=max_steps_reached steps=500 runtime=269.1s SR=52.71% (476/903) mean_SPL=0.2630 SR@0.1m(ref)=52.71% SPL@0.1m(ref)=0.2630
[ZSON3 EVAL] 904/2000 scene=bxsVRursffK.basis episode=12 target=chair success=0 spl=0.0000 reason=false_positive steps=134 runtime=89.7s SR=52.65% (476/904) mean_SPL=0.2628 SR@0.1m(ref)=52.65% SPL@0.1m(ref)=0.2628
[ZSON3 EVAL] 905/2000 scene=bxsVRursffK.basis episode=13 target=toilet success=1 spl=0.1084 reason=object_found steps=360 runtime=177.8s SR=52.71% (477/905) mean_SPL=0.2626 SR@0.1m(ref)=52.71% SPL@0.1m(ref)=0.2626
[ZSON3 EVAL] 906/2000 scene=bxsVRursffK.basis episode=14 target=chair success=0 spl=0.0000 reason=false_positive steps=259 runtime=152.4s SR=52.65% (477/906) mean_SPL=0.2623 SR@0.1m(ref)=52.65% SPL@0.1m(ref)=0.2623
[ZSON3 EVAL] 907/2000 scene=bxsVRursffK.basis episode=15 target=chair success=0 spl=0.0000 reason=max_steps_reached steps=499 runtime=274.9s SR=52.59% (477/907) mean_SPL=0.2620 SR@0.1m(ref)=52.59% SPL@0.1m(ref)=0.2620
[ZSON3 EVAL] 908/2000 scene=bxsVRursffK.basis episode=16 target=toilet success=1 spl=0.1865 reason=object_found steps=230 runtime=203.0s SR=52.64% (478/908) mean_SPL=0.2619 SR@0.1m(ref)=52.64% SPL@0.1m(ref)=0.2619
[ZSON3 EVAL] 909/2000 scene=bxsVRursffK.basis episode=17 target=chair success=1 spl=0.2202 reason=object_found steps=434 runtime=271.3s SR=52.70% (479/909) mean_SPL=0.2619 SR@0.1m(ref)=52.70% SPL@0.1m(ref)=0.2619
[ZSON3 EVAL] 910/2000 scene=bxsVRursffK.basis episode=18 target=chair success=0 spl=0.0000 reason=exception steps=485 runtime=258.2s SR=52.64% (479/910) mean_SPL=0.2616 SR@0.1m(ref)=52.64% SPL@0.1m(ref)=0.2616
[ZSON3 EVAL] 911/2000 scene=bxsVRursffK.basis episode=19 target=chair success=1 spl=0.7325 reason=object_found steps=36 runtime=27.9s SR=52.69% (480/911) mean_SPL=0.2621 SR@0.1m(ref)=52.69% SPL@0.1m(ref)=0.2621
[ZSON3 EVAL] 912/2000 scene=bxsVRursffK.basis episode=20 target=toilet success=1 spl=0.1593 reason=object_found steps=241 runtime=122.8s SR=52.74% (481/912) mean_SPL=0.2620 SR@0.1m(ref)=52.74% SPL@0.1m(ref)=0.2620
[ZSON3 EVAL] 913/2000 scene=bxsVRursffK.basis episode=21 target=toilet success=0 spl=0.0000 reason=false_positive steps=131 runtime=78.5s SR=52.68% (481/913) mean_SPL=0.2617 SR@0.1m(ref)=52.68% SPL@0.1m(ref)=0.2617
[ZSON3 EVAL] 914/2000 scene=bxsVRursffK.basis episode=22 target=toilet success=1 spl=0.1852 reason=object_found steps=181 runtime=205.8s SR=52.74% (482/914) mean_SPL=0.2616 SR@0.1m(ref)=52.74% SPL@0.1m(ref)=0.2616
[ZSON3 EVAL] 915/2000 scene=bxsVRursffK.basis episode=23 target=bed success=0 spl=0.0000 reason=false_positive steps=61 runtime=39.5s SR=52.68% (482/915) mean_SPL=0.2613 SR@0.1m(ref)=52.68% SPL@0.1m(ref)=0.2613
[ZSON3 EVAL] 916/2000 scene=bxsVRursffK.basis episode=24 target=toilet success=1 spl=0.1377 reason=object_found steps=283 runtime=160.4s SR=52.73% (483/916) mean_SPL=0.2612 SR@0.1m(ref)=52.73% SPL@0.1m(ref)=0.2612
[ZSON3 EVAL] 917/2000 scene=bxsVRursffK.basis episode=25 target=chair success=1 spl=0.3919 reason=object_found steps=84 runtime=42.4s SR=52.78% (484/917) mean_SPL=0.2613 SR@0.1m(ref)=52.78% SPL@0.1m(ref)=0.2613
[ZSON3 EVAL] 918/2000 scene=bxsVRursffK.basis episode=26 target=chair success=1 spl=0.8661 reason=object_found steps=26 runtime=31.1s SR=52.83% (485/918) mean_SPL=0.2620 SR@0.1m(ref)=52.83% SPL@0.1m(ref)=0.2620
[ZSON3 EVAL] 919/2000 scene=bxsVRursffK.basis episode=27 target=toilet success=1 spl=0.7810 reason=object_found steps=58 runtime=31.0s SR=52.88% (486/919) mean_SPL=0.2626 SR@0.1m(ref)=52.88% SPL@0.1m(ref)=0.2626
[ZSON3 EVAL] 920/2000 scene=bxsVRursffK.basis episode=28 target=bed success=0 spl=0.0000 reason=max_steps_reached steps=500 runtime=291.1s SR=52.83% (486/920) mean_SPL=0.2623 SR@0.1m(ref)=52.83% SPL@0.1m(ref)=0.2623
[ZSON3 EVAL] 921/2000 scene=bxsVRursffK.basis episode=29 target=bed success=0 spl=0.0000 reason=max_steps_reached steps=500 runtime=263.5s SR=52.77% (486/921) mean_SPL=0.2620 SR@0.1m(ref)=52.77% SPL@0.1m(ref)=0.2620
[ZSON3 EVAL] 922/2000 scene=bxsVRursffK.basis episode=30 target=bed success=0 spl=0.0000 reason=max_steps_reached steps=494 runtime=433.2s SR=52.71% (486/922) mean_SPL=0.2617 SR@0.1m(ref)=52.71% SPL@0.1m(ref)=0.2617
[ZSON3 EVAL] 923/2000 scene=bxsVRursffK.basis episode=31 target=toilet success=1 spl=0.4394 reason=object_found steps=91 runtime=50.5s SR=52.76% (487/923) mean_SPL=0.2619 SR@0.1m(ref)=52.76% SPL@0.1m(ref)=0.2619
[ZSON3 EVAL] 924/2000 scene=bxsVRursffK.basis episode=32 target=chair success=1 spl=0.6973 reason=object_found steps=44 runtime=25.0s SR=52.81% (488/924) mean_SPL=0.2624 SR@0.1m(ref)=52.81% SPL@0.1m(ref)=0.2624
[ZSON3 EVAL] 925/2000 scene=bxsVRursffK.basis episode=33 target=chair success=0 spl=0.0000 reason=false_positive steps=289 runtime=150.8s SR=52.76% (488/925) mean_SPL=0.2621 SR@0.1m(ref)=52.76% SPL@0.1m(ref)=0.2621
[ZSON3 EVAL] 926/2000 scene=bxsVRursffK.basis episode=34 target=bed success=1 spl=0.3455 reason=object_found steps=309 runtime=172.0s SR=52.81% (489/926) mean_SPL=0.2622 SR@0.1m(ref)=52.81% SPL@0.1m(ref)=0.2622
[ZSON3 EVAL] 927/2000 scene=bxsVRursffK.basis episode=35 target=toilet success=1 spl=0.5540 reason=object_found steps=88 runtime=42.4s SR=52.86% (490/927) mean_SPL=0.2625 SR@0.1m(ref)=52.86% SPL@0.1m(ref)=0.2625
[ZSON3 EVAL] 928/2000 scene=bxsVRursffK.basis episode=36 target=bed success=0 spl=0.0000 reason=false_positive steps=43 runtime=21.4s SR=52.80% (490/928) mean_SPL=0.2622 SR@0.1m(ref)=52.80% SPL@0.1m(ref)=0.2622
[ZSON3 EVAL] 929/2000 scene=bxsVRursffK.basis episode=37 target=toilet success=1 spl=0.6265 reason=object_found steps=63 runtime=60.9s SR=52.85% (491/929) mean_SPL=0.2626 SR@0.1m(ref)=52.85% SPL@0.1m(ref)=0.2626
[ZSON3 EVAL] 930/2000 scene=bxsVRursffK.basis episode=38 target=bed success=0 spl=0.0000 reason=max_steps_reached steps=500 runtime=296.6s SR=52.80% (491/930) mean_SPL=0.2623 SR@0.1m(ref)=52.80% SPL@0.1m(ref)=0.2623
[ZSON3 EVAL] 931/2000 scene=bxsVRursffK.basis episode=39 target=toilet success=1 spl=0.7922 reason=object_found steps=57 runtime=31.9s SR=52.85% (492/931) mean_SPL=0.2629 SR@0.1m(ref)=52.85% SPL@0.1m(ref)=0.2629
[ZSON3 EVAL] 932/2000 scene=bxsVRursffK.basis episode=40 target=toilet success=1 spl=0.1973 reason=object_found steps=298 runtime=157.3s SR=52.90% (493/932) mean_SPL=0.2628 SR@0.1m(ref)=52.90% SPL@0.1m(ref)=0.2628
[ZSON3 EVAL] 933/2000 scene=bxsVRursffK.basis episode=41 target=toilet success=1 spl=0.7256 reason=object_found steps=42 runtime=30.2s SR=52.95% (494/933) mean_SPL=0.2633 SR@0.1m(ref)=52.95% SPL@0.1m(ref)=0.2633
[ZSON3 EVAL] 934/2000 scene=bxsVRursffK.basis episode=42 target=toilet success=0 spl=0.0000 reason=max_steps_reached steps=497 runtime=258.0s SR=52.89% (494/934) mean_SPL=0.2630 SR@0.1m(ref)=52.89% SPL@0.1m(ref)=0.2630
[ZSON3 EVAL] 935/2000 scene=bxsVRursffK.basis episode=43 target=bed success=0 spl=0.0000 reason=max_steps_reached steps=500 runtime=307.9s SR=52.83% (494/935) mean_SPL=0.2628 SR@0.1m(ref)=52.83% SPL@0.1m(ref)=0.2628
[ZSON3 EVAL] 936/2000 scene=bxsVRursffK.basis episode=44 target=chair success=0 spl=0.0000 reason=max_steps_reached steps=498 runtime=250.8s SR=52.78% (494/936) mean_SPL=0.2625 SR@0.1m(ref)=52.78% SPL@0.1m(ref)=0.2625
[ZSON3 EVAL] 937/2000 scene=bxsVRursffK.basis episode=45 target=chair success=1 spl=0.8058 reason=object_found steps=26 runtime=18.2s SR=52.83% (495/937) mean_SPL=0.2631 SR@0.1m(ref)=52.83% SPL@0.1m(ref)=0.2631
[ZSON3 EVAL] 938/2000 scene=bxsVRursffK.basis episode=46 target=toilet success=0 spl=0.0000 reason=false_positive steps=46 runtime=29.0s SR=52.77% (495/938) mean_SPL=0.2628 SR@0.1m(ref)=52.77% SPL@0.1m(ref)=0.2628
[ZSON3 EVAL] 939/2000 scene=bxsVRursffK.basis episode=47 target=bed success=0 spl=0.0000 reason=robot_stuck steps=499 runtime=341.7s SR=52.72% (495/939) mean_SPL=0.2625 SR@0.1m(ref)=52.72% SPL@0.1m(ref)=0.2625
[ZSON3 EVAL] 940/2000 scene=bxsVRursffK.basis episode=48 target=bed success=1 spl=0.7554 reason=object_found steps=23 runtime=14.9s SR=52.77% (496/940) mean_SPL=0.2630 SR@0.1m(ref)=52.77% SPL@0.1m(ref)=0.2630
[ZSON3 EVAL] 941/2000 scene=bxsVRursffK.basis episode=49 target=chair success=0 spl=0.0000 reason=max_steps_reached steps=490 runtime=274.2s SR=52.71% (496/941) mean_SPL=0.2627 SR@0.1m(ref)=52.71% SPL@0.1m(ref)=0.2627
[ZSON3 EVAL] 942/2000 scene=bxsVRursffK.basis episode=50 target=chair success=0 spl=0.0000 reason=false_positive steps=138 runtime=87.4s SR=52.65% (496/942) mean_SPL=0.2625 SR@0.1m(ref)=52.65% SPL@0.1m(ref)=0.2625
[ZSON3 EVAL] 943/2000 scene=bxsVRursffK.basis episode=51 target=chair success=0 spl=0.0000 reason=false_positive steps=479 runtime=229.2s SR=52.60% (496/943) mean_SPL=0.2622 SR@0.1m(ref)=52.60% SPL@0.1m(ref)=0.2622
[ZSON3 EVAL] 944/2000 scene=bxsVRursffK.basis episode=52 target=toilet success=1 spl=0.4240 reason=object_found steps=67 runtime=40.6s SR=52.65% (497/944) mean_SPL=0.2624 SR@0.1m(ref)=52.65% SPL@0.1m(ref)=0.2624
[ZSON3 EVAL] 945/2000 scene=bxsVRursffK.basis episode=53 target=bed success=0 spl=0.0000 reason=false_positive steps=254 runtime=131.8s SR=52.59% (497/945) mean_SPL=0.2621 SR@0.1m(ref)=52.59% SPL@0.1m(ref)=0.2621
[ZSON3 EVAL] 946/2000 scene=bxsVRursffK.basis episode=54 target=toilet success=0 spl=0.0000 reason=max_steps_reached steps=500 runtime=297.8s SR=52.54% (497/946) mean_SPL=0.2618 SR@0.1m(ref)=52.54% SPL@0.1m(ref)=0.2618
[ZSON3 EVAL] 947/2000 scene=bxsVRursffK.basis episode=55 target=bed success=0 spl=0.0000 reason=max_steps_reached steps=498 runtime=273.7s SR=52.48% (497/947) mean_SPL=0.2615 SR@0.1m(ref)=52.48% SPL@0.1m(ref)=0.2615
[ZSON3 EVAL] 948/2000 scene=bxsVRursffK.basis episode=56 target=toilet success=1 spl=0.5244 reason=object_found steps=98 runtime=52.7s SR=52.53% (498/948) mean_SPL=0.2618 SR@0.1m(ref)=52.53% SPL@0.1m(ref)=0.2618
[ZSON3 EVAL] 949/2000 scene=bxsVRursffK.basis episode=57 target=chair success=0 spl=0.0000 reason=false_positive steps=360 runtime=207.1s SR=52.48% (498/949) mean_SPL=0.2615 SR@0.1m(ref)=52.48% SPL@0.1m(ref)=0.2615
[ZSON3 EVAL] 950/2000 scene=bxsVRursffK.basis episode=58 target=bed success=0 spl=0.0000 reason=max_steps_reached steps=500 runtime=323.6s SR=52.42% (498/950) mean_SPL=0.2612 SR@0.1m(ref)=52.42% SPL@0.1m(ref)=0.2612
[ZSON3 EVAL] 951/2000 scene=bxsVRursffK.basis episode=59 target=toilet success=1 spl=0.3577 reason=object_found steps=173 runtime=117.5s SR=52.47% (499/951) mean_SPL=0.2614 SR@0.1m(ref)=52.47% SPL@0.1m(ref)=0.2614
[ZSON3 EVAL] 952/2000 scene=bxsVRursffK.basis episode=60 target=bed success=0 spl=0.0000 reason=max_steps_reached steps=500 runtime=301.1s SR=52.42% (499/952) mean_SPL=0.2611 SR@0.1m(ref)=52.42% SPL@0.1m(ref)=0.2611
[ZSON3 EVAL] 953/2000 scene=bxsVRursffK.basis episode=61 target=bed success=0 spl=0.0000 reason=false_positive steps=360 runtime=206.6s SR=52.36% (499/953) mean_SPL=0.2608 SR@0.1m(ref)=52.36% SPL@0.1m(ref)=0.2608
[ZSON3 EVAL] 954/2000 scene=bxsVRursffK.basis episode=62 target=toilet success=1 spl=0.2857 reason=object_found steps=173 runtime=123.3s SR=52.41% (500/954) mean_SPL=0.2608 SR@0.1m(ref)=52.41% SPL@0.1m(ref)=0.2608
[ZSON3 EVAL] 955/2000 scene=bxsVRursffK.basis episode=63 target=chair success=0 spl=0.0000 reason=max_steps_reached steps=491 runtime=284.0s SR=52.36% (500/955) mean_SPL=0.2606 SR@0.1m(ref)=52.36% SPL@0.1m(ref)=0.2606
[ZSON3 EVAL] 956/2000 scene=bxsVRursffK.basis episode=64 target=chair success=0 spl=0.0000 reason=false_positive steps=105 runtime=51.7s SR=52.30% (500/956) mean_SPL=0.2603 SR@0.1m(ref)=52.30% SPL@0.1m(ref)=0.2603
[ZSON3 EVAL] 957/2000 scene=bxsVRursffK.basis episode=65 target=chair success=0 spl=0.0000 reason=max_steps_reached steps=490 runtime=297.5s SR=52.25% (500/957) mean_SPL=0.2600 SR@0.1m(ref)=52.25% SPL@0.1m(ref)=0.2600
[ZSON3 EVAL] 958/2000 scene=bxsVRursffK.basis episode=66 target=chair success=1 spl=0.6492 reason=object_found steps=44 runtime=28.2s SR=52.30% (501/958) mean_SPL=0.2604 SR@0.1m(ref)=52.30% SPL@0.1m(ref)=0.2604
[ZSON3 EVAL] 959/2000 scene=bxsVRursffK.basis episode=67 target=chair success=0 spl=0.0000 reason=max_steps_reached steps=494 runtime=302.7s SR=52.24% (501/959) mean_SPL=0.2601 SR@0.1m(ref)=52.24% SPL@0.1m(ref)=0.2601
[ZSON3 EVAL] 960/2000 scene=bxsVRursffK.basis episode=68 target=chair success=0 spl=0.0000 reason=false_positive steps=394 runtime=207.8s SR=52.19% (501/960) mean_SPL=0.2599 SR@0.1m(ref)=52.19% SPL@0.1m(ref)=0.2599
[ZSON3 EVAL] 961/2000 scene=bxsVRursffK.basis episode=69 target=chair success=1 spl=0.5667 reason=object_found steps=70 runtime=42.0s SR=52.24% (502/961) mean_SPL=0.2602 SR@0.1m(ref)=52.24% SPL@0.1m(ref)=0.2602
[ZSON3 EVAL] 962/2000 scene=bxsVRursffK.basis episode=70 target=toilet success=0 spl=0.0000 reason=false_positive steps=142 runtime=72.1s SR=52.18% (502/962) mean_SPL=0.2599 SR@0.1m(ref)=52.18% SPL@0.1m(ref)=0.2599
[ZSON3 EVAL] 963/2000 scene=bxsVRursffK.basis episode=71 target=bed success=0 spl=0.0000 reason=max_steps_reached steps=500 runtime=350.3s SR=52.13% (502/963) mean_SPL=0.2597 SR@0.1m(ref)=52.13% SPL@0.1m(ref)=0.2597
[ZSON3 EVAL] 964/2000 scene=bxsVRursffK.basis episode=72 target=chair success=0 spl=0.0000 reason=false_positive steps=236 runtime=131.8s SR=52.07% (502/964) mean_SPL=0.2594 SR@0.1m(ref)=52.07% SPL@0.1m(ref)=0.2594
[ZSON3 EVAL] 965/2000 scene=bxsVRursffK.basis episode=73 target=chair success=0 spl=0.0000 reason=false_positive steps=7 runtime=8.9s SR=52.02% (502/965) mean_SPL=0.2591 SR@0.1m(ref)=52.02% SPL@0.1m(ref)=0.2591
[ZSON3 EVAL] 966/2000 scene=bxsVRursffK.basis episode=74 target=chair success=0 spl=0.0000 reason=false_positive steps=36 runtime=17.4s SR=51.97% (502/966) mean_SPL=0.2588 SR@0.1m(ref)=51.97% SPL@0.1m(ref)=0.2588
[ZSON3 EVAL] 967/2000 scene=bxsVRursffK.basis episode=75 target=chair success=0 spl=0.0000 reason=false_positive steps=279 runtime=140.3s SR=51.91% (502/967) mean_SPL=0.2586 SR@0.1m(ref)=51.91% SPL@0.1m(ref)=0.2586
[ZSON3 EVAL] 968/2000 scene=bxsVRursffK.basis episode=76 target=toilet success=1 spl=0.1259 reason=object_found steps=237 runtime=150.6s SR=51.96% (503/968) mean_SPL=0.2584 SR@0.1m(ref)=51.96% SPL@0.1m(ref)=0.2584
[ZSON3 EVAL] 969/2000 scene=bxsVRursffK.basis episode=77 target=bed success=0 spl=0.0000 reason=false_positive steps=164 runtime=104.1s SR=51.91% (503/969) mean_SPL=0.2582 SR@0.1m(ref)=51.91% SPL@0.1m(ref)=0.2582
[ZSON3 EVAL] 970/2000 scene=bxsVRursffK.basis episode=78 target=chair success=0 spl=0.0000 reason=false_positive steps=319 runtime=184.4s SR=51.86% (503/970) mean_SPL=0.2579 SR@0.1m(ref)=51.86% SPL@0.1m(ref)=0.2579
[ZSON3 EVAL] 971/2000 scene=bxsVRursffK.basis episode=79 target=bed success=0 spl=0.0000 reason=false_positive steps=192 runtime=141.4s SR=51.80% (503/971) mean_SPL=0.2576 SR@0.1m(ref)=51.80% SPL@0.1m(ref)=0.2576
[ZSON3 EVAL] 972/2000 scene=bxsVRursffK.basis episode=80 target=bed success=0 spl=0.0000 reason=max_steps_reached steps=500 runtime=282.6s SR=51.75% (503/972) mean_SPL=0.2574 SR@0.1m(ref)=51.75% SPL@0.1m(ref)=0.2574
[ZSON3 EVAL] 973/2000 scene=bxsVRursffK.basis episode=81 target=toilet success=0 spl=0.0000 reason=max_steps_reached steps=498 runtime=280.4s SR=51.70% (503/973) mean_SPL=0.2571 SR@0.1m(ref)=51.70% SPL@0.1m(ref)=0.2571
[ZSON3 EVAL] 974/2000 scene=bxsVRursffK.basis episode=82 target=toilet success=0 spl=0.0000 reason=false_positive steps=452 runtime=259.2s SR=51.64% (503/974) mean_SPL=0.2569 SR@0.1m(ref)=51.64% SPL@0.1m(ref)=0.2569
[ZSON3 EVAL] 975/2000 scene=bxsVRursffK.basis episode=83 target=toilet success=1 spl=0.2424 reason=object_found steps=173 runtime=88.0s SR=51.69% (504/975) mean_SPL=0.2568 SR@0.1m(ref)=51.69% SPL@0.1m(ref)=0.2568
[ZSON3 EVAL] 976/2000 scene=bxsVRursffK.basis episode=84 target=toilet success=0 spl=0.0000 reason=max_steps_reached steps=480 runtime=228.2s SR=51.64% (504/976) mean_SPL=0.2566 SR@0.1m(ref)=51.64% SPL@0.1m(ref)=0.2566
[ZSON3 EVAL] 977/2000 scene=bxsVRursffK.basis episode=85 target=bed success=0 spl=0.0000 reason=false_positive steps=228 runtime=137.2s SR=51.59% (504/977) mean_SPL=0.2563 SR@0.1m(ref)=51.59% SPL@0.1m(ref)=0.2563
[ZSON3 EVAL] 978/2000 scene=bxsVRursffK.basis episode=86 target=toilet success=1 spl=0.2252 reason=object_found steps=216 runtime=116.8s SR=51.64% (505/978) mean_SPL=0.2563 SR@0.1m(ref)=51.64% SPL@0.1m(ref)=0.2563
[ZSON3 EVAL] 979/2000 scene=bxsVRursffK.basis episode=87 target=bed success=0 spl=0.0000 reason=max_steps_reached steps=500 runtime=280.8s SR=51.58% (505/979) mean_SPL=0.2560 SR@0.1m(ref)=51.58% SPL@0.1m(ref)=0.2560
[ZSON3 EVAL] 980/2000 scene=bxsVRursffK.basis episode=88 target=chair success=0 spl=0.0000 reason=false_positive steps=47 runtime=20.5s SR=51.53% (505/980) mean_SPL=0.2558 SR@0.1m(ref)=51.53% SPL@0.1m(ref)=0.2558
[ZSON3 EVAL] 981/2000 scene=bxsVRursffK.basis episode=89 target=chair success=0 spl=0.0000 reason=false_positive steps=328 runtime=187.1s SR=51.48% (505/981) mean_SPL=0.2555 SR@0.1m(ref)=51.48% SPL@0.1m(ref)=0.2555
[ZSON3 EVAL] 982/2000 scene=bxsVRursffK.basis episode=90 target=chair success=0 spl=0.0000 reason=max_steps_reached steps=496 runtime=296.9s SR=51.43% (505/982) mean_SPL=0.2552 SR@0.1m(ref)=51.43% SPL@0.1m(ref)=0.2552
[ZSON3 EVAL] 983/2000 scene=bxsVRursffK.basis episode=91 target=bed success=0 spl=0.0000 reason=false_positive steps=42 runtime=37.0s SR=51.37% (505/983) mean_SPL=0.2550 SR@0.1m(ref)=51.37% SPL@0.1m(ref)=0.2550
[ZSON3 EVAL] 984/2000 scene=bxsVRursffK.basis episode=92 target=bed success=0 spl=0.0000 reason=max_steps_reached steps=499 runtime=367.6s SR=51.32% (505/984) mean_SPL=0.2547 SR@0.1m(ref)=51.32% SPL@0.1m(ref)=0.2547
[ZSON3 EVAL] 985/2000 scene=bxsVRursffK.basis episode=93 target=toilet success=1 spl=0.2394 reason=object_found steps=133 runtime=83.5s SR=51.37% (506/985) mean_SPL=0.2547 SR@0.1m(ref)=51.37% SPL@0.1m(ref)=0.2547
[ZSON3 EVAL] 986/2000 scene=bxsVRursffK.basis episode=94 target=bed success=0 spl=0.0000 reason=false_positive steps=240 runtime=128.9s SR=51.32% (506/986) mean_SPL=0.2544 SR@0.1m(ref)=51.32% SPL@0.1m(ref)=0.2544
[ZSON3 EVAL] 987/2000 scene=bxsVRursffK.basis episode=95 target=chair success=0 spl=0.0000 reason=max_steps_reached steps=497 runtime=255.3s SR=51.27% (506/987) mean_SPL=0.2542 SR@0.1m(ref)=51.27% SPL@0.1m(ref)=0.2542
[ZSON3 EVAL] 988/2000 scene=bxsVRursffK.basis episode=96 target=bed success=0 spl=0.0000 reason=max_steps_reached steps=499 runtime=302.8s SR=51.21% (506/988) mean_SPL=0.2539 SR@0.1m(ref)=51.21% SPL@0.1m(ref)=0.2539
[ZSON3 EVAL] 989/2000 scene=bxsVRursffK.basis episode=97 target=bed success=0 spl=0.0000 reason=false_positive steps=151 runtime=106.7s SR=51.16% (506/989) mean_SPL=0.2537 SR@0.1m(ref)=51.16% SPL@0.1m(ref)=0.2537
[ZSON3 EVAL] 990/2000 scene=bxsVRursffK.basis episode=98 target=toilet success=1 spl=0.7001 reason=object_found steps=104 runtime=51.7s SR=51.21% (507/990) mean_SPL=0.2541 SR@0.1m(ref)=51.21% SPL@0.1m(ref)=0.2541
[ZSON3 EVAL] 991/2000 scene=cvZr5TUy5C5.basis episode=0 target=sofa success=1 spl=0.5340 reason=object_found steps=144 runtime=81.1s SR=51.26% (508/991) mean_SPL=0.2544 SR@0.1m(ref)=51.26% SPL@0.1m(ref)=0.2544
[ZSON3 EVAL] 992/2000 scene=cvZr5TUy5C5.basis episode=1 target=tv_monitor success=0 spl=0.0000 reason=max_steps_reached steps=500 runtime=541.7s SR=51.21% (508/992) mean_SPL=0.2541 SR@0.1m(ref)=51.21% SPL@0.1m(ref)=0.2541
[ZSON3 EVAL] 993/2000 scene=cvZr5TUy5C5.basis episode=2 target=bed success=0 spl=0.0000 reason=max_steps_reached steps=500 runtime=348.8s SR=51.16% (508/993) mean_SPL=0.2539 SR@0.1m(ref)=51.16% SPL@0.1m(ref)=0.2539
[ZSON3 EVAL] 994/2000 scene=cvZr5TUy5C5.basis episode=3 target=bed success=0 spl=0.0000 reason=max_steps_reached steps=500 runtime=557.1s SR=51.11% (508/994) mean_SPL=0.2536 SR@0.1m(ref)=51.11% SPL@0.1m(ref)=0.2536
[ZSON3 EVAL] 995/2000 scene=cvZr5TUy5C5.basis episode=4 target=plant success=0 spl=0.0000 reason=max_steps_reached steps=500 runtime=386.1s SR=51.06% (508/995) mean_SPL=0.2534 SR@0.1m(ref)=51.06% SPL@0.1m(ref)=0.2534
[ZSON3 EVAL] 996/2000 scene=cvZr5TUy5C5.basis episode=5 target=plant success=0 spl=0.0000 reason=max_steps_reached steps=500 runtime=290.3s SR=51.00% (508/996) mean_SPL=0.2531 SR@0.1m(ref)=51.00% SPL@0.1m(ref)=0.2531
[ZSON3 EVAL] 997/2000 scene=cvZr5TUy5C5.basis episode=6 target=toilet success=1 spl=0.4703 reason=object_found steps=73 runtime=49.8s SR=51.05% (509/997) mean_SPL=0.2533 SR@0.1m(ref)=51.05% SPL@0.1m(ref)=0.2533
[ZSON3 EVAL] 998/2000 scene=cvZr5TUy5C5.basis episode=7 target=bed success=0 spl=0.0000 reason=max_steps_reached steps=500 runtime=551.1s SR=51.00% (509/998) mean_SPL=0.2531 SR@0.1m(ref)=51.00% SPL@0.1m(ref)=0.2531
[ZSON3 EVAL] 999/2000 scene=cvZr5TUy5C5.basis episode=8 target=toilet success=1 spl=0.1372 reason=object_found steps=266 runtime=199.3s SR=51.05% (510/999) mean_SPL=0.2530 SR@0.1m(ref)=51.05% SPL@0.1m(ref)=0.2530
[ZSON3 EVAL] 1000/2000 scene=cvZr5TUy5C5.basis episode=9 target=toilet success=1 spl=0.1855 reason=object_found steps=270 runtime=167.3s SR=51.10% (511/1000) mean_SPL=0.2529 SR@0.1m(ref)=51.10% SPL@0.1m(ref)=0.2529
[ZSON3 EVAL] 1001/2000 scene=cvZr5TUy5C5.basis episode=10 target=tv_monitor success=1 spl=0.7356 reason=object_found steps=39 runtime=14.9s SR=51.15% (512/1001) mean_SPL=0.2534 SR@0.1m(ref)=51.15% SPL@0.1m(ref)=0.2534
[ZSON3 EVAL] 1002/2000 scene=cvZr5TUy5C5.basis episode=11 target=chair success=1 spl=0.3272 reason=object_found steps=258 runtime=315.9s SR=51.20% (513/1002) mean_SPL=0.2535 SR@0.1m(ref)=51.20% SPL@0.1m(ref)=0.2535
[ZSON3 EVAL] 1003/2000 scene=cvZr5TUy5C5.basis episode=12 target=chair success=1 spl=0.4457 reason=object_found steps=193 runtime=160.6s SR=51.25% (514/1003) mean_SPL=0.2537 SR@0.1m(ref)=51.25% SPL@0.1m(ref)=0.2537
[ZSON3 EVAL] 1004/2000 scene=cvZr5TUy5C5.basis episode=13 target=tv_monitor success=0 spl=0.0000 reason=max_steps_reached steps=499 runtime=472.4s SR=51.20% (514/1004) mean_SPL=0.2534 SR@0.1m(ref)=51.20% SPL@0.1m(ref)=0.2534
[ZSON3 EVAL] 1005/2000 scene=cvZr5TUy5C5.basis episode=14 target=toilet success=0 spl=0.0000 reason=max_steps_reached steps=500 runtime=503.7s SR=51.14% (514/1005) mean_SPL=0.2531 SR@0.1m(ref)=51.14% SPL@0.1m(ref)=0.2531
[ZSON3 EVAL] 1006/2000 scene=cvZr5TUy5C5.basis episode=15 target=toilet success=0 spl=0.0000 reason=max_steps_reached steps=500 runtime=711.5s SR=51.09% (514/1006) mean_SPL=0.2529 SR@0.1m(ref)=51.09% SPL@0.1m(ref)=0.2529
[ZSON3 EVAL] 1007/2000 scene=cvZr5TUy5C5.basis episode=16 target=plant success=0 spl=0.0000 reason=max_steps_reached steps=500 runtime=371.3s SR=51.04% (514/1007) mean_SPL=0.2526 SR@0.1m(ref)=51.04% SPL@0.1m(ref)=0.2526
[ZSON3 EVAL] 1008/2000 scene=cvZr5TUy5C5.basis episode=17 target=sofa success=1 spl=0.8846 reason=object_found steps=64 runtime=54.6s SR=51.09% (515/1008) mean_SPL=0.2533 SR@0.1m(ref)=51.09% SPL@0.1m(ref)=0.2533
[ZSON3 EVAL] 1009/2000 scene=cvZr5TUy5C5.basis episode=18 target=chair success=1 spl=0.8139 reason=object_found steps=58 runtime=44.5s SR=51.14% (516/1009) mean_SPL=0.2538 SR@0.1m(ref)=51.14% SPL@0.1m(ref)=0.2538
[ZSON3 EVAL] 1010/2000 scene=cvZr5TUy5C5.basis episode=19 target=sofa success=0 spl=0.0000 reason=false_positive steps=46 runtime=30.5s SR=51.09% (516/1010) mean_SPL=0.2536 SR@0.1m(ref)=51.09% SPL@0.1m(ref)=0.2536
[ZSON3 EVAL] 1011/2000 scene=cvZr5TUy5C5.basis episode=20 target=sofa success=1 spl=0.1700 reason=object_found steps=164 runtime=135.1s SR=51.14% (517/1011) mean_SPL=0.2535 SR@0.1m(ref)=51.14% SPL@0.1m(ref)=0.2535
[ZSON3 EVAL] 1012/2000 scene=cvZr5TUy5C5.basis episode=21 target=chair success=1 spl=0.7979 reason=object_found steps=20 runtime=14.2s SR=51.19% (518/1012) mean_SPL=0.2540 SR@0.1m(ref)=51.19% SPL@0.1m(ref)=0.2540
[ZSON3 EVAL] 1013/2000 scene=cvZr5TUy5C5.basis episode=22 target=sofa success=0 spl=0.0000 reason=false_positive steps=58 runtime=41.0s SR=51.14% (518/1013) mean_SPL=0.2538 SR@0.1m(ref)=51.14% SPL@0.1m(ref)=0.2538
[ZSON3 EVAL] 1014/2000 scene=cvZr5TUy5C5.basis episode=23 target=chair success=0 spl=0.0000 reason=max_steps_reached steps=498 runtime=576.1s SR=51.08% (518/1014) mean_SPL=0.2535 SR@0.1m(ref)=51.08% SPL@0.1m(ref)=0.2535
[ZSON3 EVAL] 1015/2000 scene=cvZr5TUy5C5.basis episode=24 target=toilet success=0 spl=0.0000 reason=max_steps_reached steps=494 runtime=515.0s SR=51.03% (518/1015) mean_SPL=0.2533 SR@0.1m(ref)=51.03% SPL@0.1m(ref)=0.2533
[ZSON3 EVAL] 1016/2000 scene=cvZr5TUy5C5.basis episode=25 target=plant success=0 spl=0.0000 reason=max_steps_reached steps=484 runtime=156.7s SR=50.98% (518/1016) mean_SPL=0.2530 SR@0.1m(ref)=50.98% SPL@0.1m(ref)=0.2530
[ZSON3 EVAL] 1017/2000 scene=cvZr5TUy5C5.basis episode=26 target=toilet success=0 spl=0.0000 reason=false_positive steps=409 runtime=306.9s SR=50.93% (518/1017) mean_SPL=0.2528 SR@0.1m(ref)=50.93% SPL@0.1m(ref)=0.2528
[ZSON3 EVAL] 1018/2000 scene=cvZr5TUy5C5.basis episode=27 target=toilet success=0 spl=0.0000 reason=max_steps_reached steps=499 runtime=521.7s SR=50.88% (518/1018) mean_SPL=0.2525 SR@0.1m(ref)=50.88% SPL@0.1m(ref)=0.2525
[ZSON3 EVAL] 1019/2000 scene=cvZr5TUy5C5.basis episode=28 target=sofa success=1 spl=0.8545 reason=object_found steps=49 runtime=31.8s SR=50.93% (519/1019) mean_SPL=0.2531 SR@0.1m(ref)=50.93% SPL@0.1m(ref)=0.2531
[ZSON3 EVAL] 1020/2000 scene=cvZr5TUy5C5.basis episode=29 target=bed success=0 spl=0.0000 reason=max_steps_reached steps=500 runtime=352.9s SR=50.88% (519/1020) mean_SPL=0.2529 SR@0.1m(ref)=50.88% SPL@0.1m(ref)=0.2529
[ZSON3 EVAL] 1021/2000 scene=cvZr5TUy5C5.basis episode=30 target=plant success=1 spl=0.5196 reason=object_found steps=186 runtime=155.3s SR=50.93% (520/1021) mean_SPL=0.2531 SR@0.1m(ref)=50.93% SPL@0.1m(ref)=0.2531
[ZSON3 EVAL] 1022/2000 scene=cvZr5TUy5C5.basis episode=31 target=plant success=0 spl=0.0000 reason=max_steps_reached steps=494 runtime=318.5s SR=50.88% (520/1022) mean_SPL=0.2529 SR@0.1m(ref)=50.88% SPL@0.1m(ref)=0.2529
[ZSON3 EVAL] 1023/2000 scene=cvZr5TUy5C5.basis episode=32 target=plant success=0 spl=0.0000 reason=max_steps_reached steps=499 runtime=338.1s SR=50.83% (520/1023) mean_SPL=0.2526 SR@0.1m(ref)=50.83% SPL@0.1m(ref)=0.2526
[ZSON3 EVAL] 1024/2000 scene=cvZr5TUy5C5.basis episode=33 target=toilet success=1 spl=0.1226 reason=object_found steps=423 runtime=292.7s SR=50.88% (521/1024) mean_SPL=0.2525 SR@0.1m(ref)=50.88% SPL@0.1m(ref)=0.2525
[ZSON3 EVAL] 1025/2000 scene=cvZr5TUy5C5.basis episode=34 target=sofa success=1 spl=0.4931 reason=object_found steps=147 runtime=200.2s SR=50.93% (522/1025) mean_SPL=0.2528 SR@0.1m(ref)=50.93% SPL@0.1m(ref)=0.2528
[ZSON3 EVAL] 1026/2000 scene=cvZr5TUy5C5.basis episode=35 target=chair success=0 spl=0.0000 reason=false_positive steps=199 runtime=140.9s SR=50.88% (522/1026) mean_SPL=0.2525 SR@0.1m(ref)=50.88% SPL@0.1m(ref)=0.2525
[ZSON3 EVAL] 1027/2000 scene=cvZr5TUy5C5.basis episode=36 target=toilet success=1 spl=0.3153 reason=object_found steps=303 runtime=218.0s SR=50.93% (523/1027) mean_SPL=0.2526 SR@0.1m(ref)=50.93% SPL@0.1m(ref)=0.2526
[ZSON3 EVAL] 1028/2000 scene=cvZr5TUy5C5.basis episode=37 target=plant success=1 spl=0.8261 reason=object_found steps=43 runtime=31.2s SR=50.97% (524/1028) mean_SPL=0.2531 SR@0.1m(ref)=50.97% SPL@0.1m(ref)=0.2531
[ZSON3 EVAL] 1029/2000 scene=cvZr5TUy5C5.basis episode=38 target=chair success=1 spl=0.1982 reason=max_steps_reached steps=500 runtime=730.5s SR=51.02% (525/1029) mean_SPL=0.2531 SR@0.1m(ref)=51.02% SPL@0.1m(ref)=0.2531
[ZSON3 EVAL] 1030/2000 scene=cvZr5TUy5C5.basis episode=39 target=chair success=0 spl=0.0000 reason=max_steps_reached steps=497 runtime=518.3s SR=50.97% (525/1030) mean_SPL=0.2528 SR@0.1m(ref)=50.97% SPL@0.1m(ref)=0.2528
[ZSON3 EVAL] 1031/2000 scene=cvZr5TUy5C5.basis episode=40 target=bed success=1 spl=0.7771 reason=object_found steps=66 runtime=46.1s SR=51.02% (526/1031) mean_SPL=0.2533 SR@0.1m(ref)=51.02% SPL@0.1m(ref)=0.2533
[ZSON3 EVAL] 1032/2000 scene=cvZr5TUy5C5.basis episode=41 target=tv_monitor success=0 spl=0.0000 reason=false_positive steps=103 runtime=68.4s SR=50.97% (526/1032) mean_SPL=0.2531 SR@0.1m(ref)=50.97% SPL@0.1m(ref)=0.2531
[ZSON3 EVAL] 1033/2000 scene=cvZr5TUy5C5.basis episode=42 target=chair success=1 spl=0.7997 reason=object_found steps=35 runtime=22.7s SR=51.02% (527/1033) mean_SPL=0.2536 SR@0.1m(ref)=51.02% SPL@0.1m(ref)=0.2536
[ZSON3 EVAL] 1034/2000 scene=cvZr5TUy5C5.basis episode=43 target=tv_monitor success=0 spl=0.0000 reason=max_steps_reached steps=499 runtime=559.7s SR=50.97% (527/1034) mean_SPL=0.2534 SR@0.1m(ref)=50.97% SPL@0.1m(ref)=0.2534
[ZSON3 EVAL] 1035/2000 scene=cvZr5TUy5C5.basis episode=44 target=sofa success=1 spl=0.2083 reason=object_found steps=308 runtime=172.9s SR=51.01% (528/1035) mean_SPL=0.2533 SR@0.1m(ref)=51.01% SPL@0.1m(ref)=0.2533
[ZSON3 EVAL] 1036/2000 scene=cvZr5TUy5C5.basis episode=45 target=sofa success=1 spl=0.6973 reason=object_found steps=68 runtime=49.6s SR=51.06% (529/1036) mean_SPL=0.2538 SR@0.1m(ref)=51.06% SPL@0.1m(ref)=0.2538
[ZSON3 EVAL] 1037/2000 scene=cvZr5TUy5C5.basis episode=46 target=chair success=0 spl=0.0000 reason=max_steps_reached steps=499 runtime=697.5s SR=51.01% (529/1037) mean_SPL=0.2535 SR@0.1m(ref)=51.01% SPL@0.1m(ref)=0.2535
[ZSON3 EVAL] 1038/2000 scene=cvZr5TUy5C5.basis episode=47 target=toilet success=1 spl=0.2535 reason=object_found steps=426 runtime=258.1s SR=51.06% (530/1038) mean_SPL=0.2535 SR@0.1m(ref)=51.06% SPL@0.1m(ref)=0.2535
[ZSON3 EVAL] 1039/2000 scene=cvZr5TUy5C5.basis episode=48 target=sofa success=0 spl=0.0000 reason=false_positive steps=31 runtime=31.8s SR=51.01% (530/1039) mean_SPL=0.2533 SR@0.1m(ref)=51.01% SPL@0.1m(ref)=0.2533
[ZSON3 EVAL] 1040/2000 scene=cvZr5TUy5C5.basis episode=49 target=sofa success=1 spl=0.6326 reason=object_found steps=31 runtime=22.2s SR=51.06% (531/1040) mean_SPL=0.2536 SR@0.1m(ref)=51.06% SPL@0.1m(ref)=0.2536
[ZSON3 EVAL] 1041/2000 scene=cvZr5TUy5C5.basis episode=50 target=toilet success=1 spl=0.2363 reason=object_found steps=316 runtime=271.8s SR=51.10% (532/1041) mean_SPL=0.2536 SR@0.1m(ref)=51.10% SPL@0.1m(ref)=0.2536
[ZSON3 EVAL] 1042/2000 scene=cvZr5TUy5C5.basis episode=51 target=tv_monitor success=0 spl=0.0000 reason=false_positive steps=91 runtime=43.8s SR=51.06% (532/1042) mean_SPL=0.2534 SR@0.1m(ref)=51.06% SPL@0.1m(ref)=0.2534
[ZSON3 EVAL] 1043/2000 scene=cvZr5TUy5C5.basis episode=52 target=plant success=1 spl=0.7454 reason=object_found steps=120 runtime=92.8s SR=51.10% (533/1043) mean_SPL=0.2538 SR@0.1m(ref)=51.10% SPL@0.1m(ref)=0.2538
[ZSON3 EVAL] 1044/2000 scene=cvZr5TUy5C5.basis episode=53 target=chair success=0 spl=0.0000 reason=max_steps_reached steps=493 runtime=678.0s SR=51.05% (533/1044) mean_SPL=0.2536 SR@0.1m(ref)=51.05% SPL@0.1m(ref)=0.2536
[ZSON3 EVAL] 1045/2000 scene=cvZr5TUy5C5.basis episode=54 target=toilet success=1 spl=0.2667 reason=object_found steps=129 runtime=86.7s SR=51.10% (534/1045) mean_SPL=0.2536 SR@0.1m(ref)=51.10% SPL@0.1m(ref)=0.2536
[ZSON3 EVAL] 1046/2000 scene=cvZr5TUy5C5.basis episode=55 target=chair success=0 spl=0.0000 reason=false_positive steps=106 runtime=61.4s SR=51.05% (534/1046) mean_SPL=0.2534 SR@0.1m(ref)=51.05% SPL@0.1m(ref)=0.2534
[ZSON3 EVAL] 1047/2000 scene=cvZr5TUy5C5.basis episode=56 target=chair success=0 spl=0.0000 reason=max_steps_reached steps=500 runtime=509.6s SR=51.00% (534/1047) mean_SPL=0.2531 SR@0.1m(ref)=51.00% SPL@0.1m(ref)=0.2531
[ZSON3 EVAL] 1048/2000 scene=cvZr5TUy5C5.basis episode=57 target=plant success=1 spl=0.2130 reason=object_found steps=198 runtime=137.5s SR=51.05% (535/1048) mean_SPL=0.2531 SR@0.1m(ref)=51.05% SPL@0.1m(ref)=0.2531
[ZSON3 EVAL] 1049/2000 scene=cvZr5TUy5C5.basis episode=58 target=tv_monitor success=0 spl=0.0000 reason=max_steps_reached steps=500 runtime=546.3s SR=51.00% (535/1049) mean_SPL=0.2529 SR@0.1m(ref)=51.00% SPL@0.1m(ref)=0.2529
[ZSON3 EVAL] 1050/2000 scene=cvZr5TUy5C5.basis episode=59 target=tv_monitor success=0 spl=0.0000 reason=false_positive steps=154 runtime=124.8s SR=50.95% (535/1050) mean_SPL=0.2526 SR@0.1m(ref)=50.95% SPL@0.1m(ref)=0.2526
[ZSON3 EVAL] 1051/2000 scene=cvZr5TUy5C5.basis episode=60 target=toilet success=0 spl=0.0000 reason=max_steps_reached steps=500 runtime=798.4s SR=50.90% (535/1051) mean_SPL=0.2524 SR@0.1m(ref)=50.90% SPL@0.1m(ref)=0.2524
[ZSON3 EVAL] 1052/2000 scene=cvZr5TUy5C5.basis episode=61 target=tv_monitor success=0 spl=0.0000 reason=max_steps_reached steps=500 runtime=285.2s SR=50.86% (535/1052) mean_SPL=0.2521 SR@0.1m(ref)=50.86% SPL@0.1m(ref)=0.2521
[ZSON3 EVAL] 1053/2000 scene=cvZr5TUy5C5.basis episode=62 target=chair success=0 spl=0.0000 reason=false_positive steps=26 runtime=15.1s SR=50.81% (535/1053) mean_SPL=0.2519 SR@0.1m(ref)=50.81% SPL@0.1m(ref)=0.2519
[ZSON3 EVAL] 1054/2000 scene=cvZr5TUy5C5.basis episode=63 target=sofa success=0 spl=0.0000 reason=false_positive steps=85 runtime=63.7s SR=50.76% (535/1054) mean_SPL=0.2517 SR@0.1m(ref)=50.76% SPL@0.1m(ref)=0.2517
[ZSON3 EVAL] 1055/2000 scene=cvZr5TUy5C5.basis episode=64 target=chair success=0 spl=0.0000 reason=false_positive steps=227 runtime=158.0s SR=50.71% (535/1055) mean_SPL=0.2514 SR@0.1m(ref)=50.71% SPL@0.1m(ref)=0.2514
[ZSON3 EVAL] 1056/2000 scene=cvZr5TUy5C5.basis episode=65 target=plant success=0 spl=0.0000 reason=max_steps_reached steps=500 runtime=269.8s SR=50.66% (535/1056) mean_SPL=0.2512 SR@0.1m(ref)=50.66% SPL@0.1m(ref)=0.2512
[ZSON3 EVAL] 1057/2000 scene=cvZr5TUy5C5.basis episode=66 target=chair success=1 spl=0.9105 reason=object_found steps=33 runtime=24.2s SR=50.71% (536/1057) mean_SPL=0.2518 SR@0.1m(ref)=50.71% SPL@0.1m(ref)=0.2518
[ZSON3 EVAL] 1058/2000 scene=cvZr5TUy5C5.basis episode=67 target=tv_monitor success=0 spl=0.0000 reason=false_positive steps=347 runtime=461.1s SR=50.66% (536/1058) mean_SPL=0.2516 SR@0.1m(ref)=50.66% SPL@0.1m(ref)=0.2516
[ZSON3 EVAL] 1059/2000 scene=cvZr5TUy5C5.basis episode=68 target=chair success=0 spl=0.0000 reason=max_steps_reached steps=500 runtime=907.5s SR=50.61% (536/1059) mean_SPL=0.2513 SR@0.1m(ref)=50.61% SPL@0.1m(ref)=0.2513
[ZSON3 EVAL] 1060/2000 scene=cvZr5TUy5C5.basis episode=69 target=bed success=0 spl=0.0000 reason=max_steps_reached steps=496 runtime=501.0s SR=50.57% (536/1060) mean_SPL=0.2511 SR@0.1m(ref)=50.57% SPL@0.1m(ref)=0.2511
[ZSON3 EVAL] 1061/2000 scene=cvZr5TUy5C5.basis episode=70 target=bed success=0 spl=0.0000 reason=max_steps_reached steps=500 runtime=302.5s SR=50.52% (536/1061) mean_SPL=0.2508 SR@0.1m(ref)=50.52% SPL@0.1m(ref)=0.2508
[ZSON3 EVAL] 1062/2000 scene=cvZr5TUy5C5.basis episode=71 target=bed success=0 spl=0.0000 reason=max_steps_reached steps=500 runtime=561.4s SR=50.47% (536/1062) mean_SPL=0.2506 SR@0.1m(ref)=50.47% SPL@0.1m(ref)=0.2506
[ZSON3 EVAL] 1063/2000 scene=cvZr5TUy5C5.basis episode=72 target=plant success=0 spl=0.0000 reason=max_steps_reached steps=500 runtime=296.6s SR=50.42% (536/1063) mean_SPL=0.2504 SR@0.1m(ref)=50.42% SPL@0.1m(ref)=0.2504
[ZSON3 EVAL] 1064/2000 scene=cvZr5TUy5C5.basis episode=73 target=bed success=0 spl=0.0000 reason=max_steps_reached steps=500 runtime=353.6s SR=50.38% (536/1064) mean_SPL=0.2501 SR@0.1m(ref)=50.38% SPL@0.1m(ref)=0.2501
[ZSON3 EVAL] 1065/2000 scene=cvZr5TUy5C5.basis episode=74 target=bed success=0 spl=0.0000 reason=max_steps_reached steps=500 runtime=329.9s SR=50.33% (536/1065) mean_SPL=0.2499 SR@0.1m(ref)=50.33% SPL@0.1m(ref)=0.2499
[ZSON3 EVAL] 1066/2000 scene=cvZr5TUy5C5.basis episode=75 target=tv_monitor success=0 spl=0.0000 reason=false_positive steps=362 runtime=398.6s SR=50.28% (536/1066) mean_SPL=0.2497 SR@0.1m(ref)=50.28% SPL@0.1m(ref)=0.2497
[ZSON3 EVAL] 1067/2000 scene=cvZr5TUy5C5.basis episode=76 target=toilet success=1 spl=0.5474 reason=object_found steps=218 runtime=122.5s SR=50.33% (537/1067) mean_SPL=0.2500 SR@0.1m(ref)=50.33% SPL@0.1m(ref)=0.2500
[ZSON3 EVAL] 1068/2000 scene=cvZr5TUy5C5.basis episode=77 target=tv_monitor success=0 spl=0.0000 reason=false_positive steps=345 runtime=414.9s SR=50.28% (537/1068) mean_SPL=0.2497 SR@0.1m(ref)=50.28% SPL@0.1m(ref)=0.2497
[ZSON3 EVAL] 1069/2000 scene=cvZr5TUy5C5.basis episode=78 target=tv_monitor success=0 spl=0.0000 reason=false_positive steps=219 runtime=229.8s SR=50.23% (537/1069) mean_SPL=0.2495 SR@0.1m(ref)=50.23% SPL@0.1m(ref)=0.2495
[ZSON3 EVAL] 1070/2000 scene=cvZr5TUy5C5.basis episode=79 target=toilet success=1 spl=0.3463 reason=object_found steps=174 runtime=109.8s SR=50.28% (538/1070) mean_SPL=0.2496 SR@0.1m(ref)=50.28% SPL@0.1m(ref)=0.2496
[ZSON3 EVAL] 1071/2000 scene=cvZr5TUy5C5.basis episode=80 target=sofa success=0 spl=0.0000 reason=false_positive steps=232 runtime=129.5s SR=50.23% (538/1071) mean_SPL=0.2493 SR@0.1m(ref)=50.23% SPL@0.1m(ref)=0.2493
[ZSON3 EVAL] 1072/2000 scene=cvZr5TUy5C5.basis episode=81 target=toilet success=1 spl=0.6829 reason=object_found steps=107 runtime=54.9s SR=50.28% (539/1072) mean_SPL=0.2497 SR@0.1m(ref)=50.28% SPL@0.1m(ref)=0.2497
[ZSON3 EVAL] 1073/2000 scene=cvZr5TUy5C5.basis episode=82 target=sofa success=0 spl=0.0000 reason=false_positive steps=88 runtime=61.0s SR=50.23% (539/1073) mean_SPL=0.2495 SR@0.1m(ref)=50.23% SPL@0.1m(ref)=0.2495
[ZSON3 EVAL] 1074/2000 scene=cvZr5TUy5C5.basis episode=83 target=chair success=0 spl=0.0000 reason=false_positive steps=12 runtime=13.3s SR=50.19% (539/1074) mean_SPL=0.2493 SR@0.1m(ref)=50.19% SPL@0.1m(ref)=0.2493
[ZSON3 EVAL] 1075/2000 scene=cvZr5TUy5C5.basis episode=84 target=tv_monitor success=0 spl=0.0000 reason=false_positive steps=355 runtime=444.5s SR=50.14% (539/1075) mean_SPL=0.2490 SR@0.1m(ref)=50.14% SPL@0.1m(ref)=0.2490
[ZSON3 EVAL] 1076/2000 scene=cvZr5TUy5C5.basis episode=85 target=bed success=0 spl=0.0000 reason=max_steps_reached steps=500 runtime=457.5s SR=50.09% (539/1076) mean_SPL=0.2488 SR@0.1m(ref)=50.09% SPL@0.1m(ref)=0.2488
[ZSON3 EVAL] 1077/2000 scene=cvZr5TUy5C5.basis episode=86 target=toilet success=1 spl=0.1756 reason=object_found steps=169 runtime=97.9s SR=50.14% (540/1077) mean_SPL=0.2487 SR@0.1m(ref)=50.14% SPL@0.1m(ref)=0.2487
[ZSON3 EVAL] 1078/2000 scene=cvZr5TUy5C5.basis episode=87 target=bed success=0 spl=0.0000 reason=max_steps_reached steps=491 runtime=405.4s SR=50.09% (540/1078) mean_SPL=0.2485 SR@0.1m(ref)=50.09% SPL@0.1m(ref)=0.2485
[ZSON3 EVAL] 1079/2000 scene=cvZr5TUy5C5.basis episode=88 target=bed success=0 spl=0.0000 reason=max_steps_reached steps=500 runtime=486.3s SR=50.05% (540/1079) mean_SPL=0.2483 SR@0.1m(ref)=50.05% SPL@0.1m(ref)=0.2483
[ZSON3 EVAL] 1080/2000 scene=cvZr5TUy5C5.basis episode=89 target=toilet success=0 spl=0.0000 reason=max_steps_reached steps=500 runtime=507.6s SR=50.00% (540/1080) mean_SPL=0.2481 SR@0.1m(ref)=50.00% SPL@0.1m(ref)=0.2481
[ZSON3 EVAL] 1081/2000 scene=cvZr5TUy5C5.basis episode=90 target=sofa success=1 spl=0.1528 reason=object_found steps=210 runtime=181.4s SR=50.05% (541/1081) mean_SPL=0.2480 SR@0.1m(ref)=50.05% SPL@0.1m(ref)=0.2480
[ZSON3 EVAL] 1082/2000 scene=cvZr5TUy5C5.basis episode=91 target=sofa success=0 spl=0.0000 reason=false_positive steps=16 runtime=13.5s SR=50.00% (541/1082) mean_SPL=0.2477 SR@0.1m(ref)=50.00% SPL@0.1m(ref)=0.2477
[ZSON3 EVAL] 1083/2000 scene=cvZr5TUy5C5.basis episode=92 target=bed success=0 spl=0.0000 reason=max_steps_reached steps=500 runtime=333.3s SR=49.95% (541/1083) mean_SPL=0.2475 SR@0.1m(ref)=49.95% SPL@0.1m(ref)=0.2475
[ZSON3 EVAL] 1084/2000 scene=cvZr5TUy5C5.basis episode=93 target=tv_monitor success=0 spl=0.0000 reason=max_steps_reached steps=499 runtime=500.6s SR=49.91% (541/1084) mean_SPL=0.2473 SR@0.1m(ref)=49.91% SPL@0.1m(ref)=0.2473
[ZSON3 EVAL] 1085/2000 scene=cvZr5TUy5C5.basis episode=94 target=bed success=0 spl=0.0000 reason=max_steps_reached steps=500 runtime=329.0s SR=49.86% (541/1085) mean_SPL=0.2471 SR@0.1m(ref)=49.86% SPL@0.1m(ref)=0.2471
[ZSON3 EVAL] 1086/2000 scene=cvZr5TUy5C5.basis episode=95 target=plant success=0 spl=0.0000 reason=robot_stuck steps=276 runtime=116.3s SR=49.82% (541/1086) mean_SPL=0.2468 SR@0.1m(ref)=49.82% SPL@0.1m(ref)=0.2468
[ZSON3 EVAL] 1087/2000 scene=cvZr5TUy5C5.basis episode=96 target=sofa success=1 spl=0.7928 reason=object_found steps=64 runtime=44.4s SR=49.86% (542/1087) mean_SPL=0.2473 SR@0.1m(ref)=49.86% SPL@0.1m(ref)=0.2473
[ZSON3 EVAL] 1088/2000 scene=cvZr5TUy5C5.basis episode=97 target=toilet success=1 spl=0.0879 reason=object_found steps=437 runtime=454.4s SR=49.91% (543/1088) mean_SPL=0.2472 SR@0.1m(ref)=49.91% SPL@0.1m(ref)=0.2472
[ZSON3 EVAL] 1089/2000 scene=cvZr5TUy5C5.basis episode=98 target=tv_monitor success=0 spl=0.0000 reason=false_positive steps=105 runtime=81.6s SR=49.86% (543/1089) mean_SPL=0.2470 SR@0.1m(ref)=49.86% SPL@0.1m(ref)=0.2470
[ZSON3 EVAL] 1090/2000 scene=mL8ThkuaVTM.basis episode=0 target=bed success=0 spl=0.0000 reason=false_positive steps=336 runtime=175.8s SR=49.82% (543/1090) mean_SPL=0.2467 SR@0.1m(ref)=49.82% SPL@0.1m(ref)=0.2467
[ZSON3 EVAL] 1091/2000 scene=mL8ThkuaVTM.basis episode=1 target=bed success=1 spl=0.1825 reason=object_found steps=261 runtime=118.3s SR=49.86% (544/1091) mean_SPL=0.2467 SR@0.1m(ref)=49.86% SPL@0.1m(ref)=0.2467
[ZSON3 EVAL] 1092/2000 scene=mL8ThkuaVTM.basis episode=2 target=bed success=0 spl=0.0000 reason=false_positive steps=261 runtime=123.1s SR=49.82% (544/1092) mean_SPL=0.2464 SR@0.1m(ref)=49.82% SPL@0.1m(ref)=0.2464
[ZSON3 EVAL] 1093/2000 scene=mL8ThkuaVTM.basis episode=3 target=bed success=0 spl=0.0000 reason=max_steps_reached steps=491 runtime=231.4s SR=49.77% (544/1093) mean_SPL=0.2462 SR@0.1m(ref)=49.77% SPL@0.1m(ref)=0.2462
[ZSON3 EVAL] 1094/2000 scene=mL8ThkuaVTM.basis episode=4 target=sofa success=1 spl=0.6619 reason=robot_stuck steps=424 runtime=128.3s SR=49.82% (545/1094) mean_SPL=0.2466 SR@0.1m(ref)=49.82% SPL@0.1m(ref)=0.2466
[ZSON3 EVAL] 1095/2000 scene=mL8ThkuaVTM.basis episode=5 target=toilet success=1 spl=0.6519 reason=object_found steps=68 runtime=32.5s SR=49.86% (546/1095) mean_SPL=0.2470 SR@0.1m(ref)=49.86% SPL@0.1m(ref)=0.2470
[ZSON3 EVAL] 1096/2000 scene=mL8ThkuaVTM.basis episode=6 target=sofa success=1 spl=0.7727 reason=robot_stuck steps=243 runtime=81.6s SR=49.91% (547/1096) mean_SPL=0.2475 SR@0.1m(ref)=49.91% SPL@0.1m(ref)=0.2475
[ZSON3 EVAL] 1097/2000 scene=mL8ThkuaVTM.basis episode=7 target=chair success=0 spl=0.0000 reason=false_positive steps=93 runtime=57.1s SR=49.86% (547/1097) mean_SPL=0.2472 SR@0.1m(ref)=49.86% SPL@0.1m(ref)=0.2472
[ZSON3 EVAL] 1098/2000 scene=mL8ThkuaVTM.basis episode=8 target=toilet success=0 spl=0.0000 reason=max_steps_reached steps=500 runtime=229.9s SR=49.82% (547/1098) mean_SPL=0.2470 SR@0.1m(ref)=49.82% SPL@0.1m(ref)=0.2470
[ZSON3 EVAL] 1099/2000 scene=mL8ThkuaVTM.basis episode=9 target=sofa success=1 spl=0.7978 reason=object_found steps=84 runtime=46.2s SR=49.86% (548/1099) mean_SPL=0.2475 SR@0.1m(ref)=49.86% SPL@0.1m(ref)=0.2475
[ZSON3 EVAL] 1100/2000 scene=mL8ThkuaVTM.basis episode=10 target=sofa success=1 spl=0.2109 reason=object_found steps=487 runtime=233.6s SR=49.91% (549/1100) mean_SPL=0.2475 SR@0.1m(ref)=49.91% SPL@0.1m(ref)=0.2475
[ZSON3 EVAL] 1101/2000 scene=mL8ThkuaVTM.basis episode=11 target=bed success=0 spl=0.0000 reason=max_steps_reached steps=488 runtime=236.5s SR=49.86% (549/1101) mean_SPL=0.2472 SR@0.1m(ref)=49.86% SPL@0.1m(ref)=0.2472
[ZSON3 EVAL] 1102/2000 scene=mL8ThkuaVTM.basis episode=12 target=bed success=1 spl=0.2402 reason=object_found steps=356 runtime=105.3s SR=49.91% (550/1102) mean_SPL=0.2472 SR@0.1m(ref)=49.91% SPL@0.1m(ref)=0.2472
[ZSON3 EVAL] 1103/2000 scene=mL8ThkuaVTM.basis episode=13 target=toilet success=1 spl=0.2471 reason=object_found steps=295 runtime=119.6s SR=49.95% (551/1103) mean_SPL=0.2472 SR@0.1m(ref)=49.95% SPL@0.1m(ref)=0.2472
[ZSON3 EVAL] 1104/2000 scene=mL8ThkuaVTM.basis episode=14 target=bed success=0 spl=0.0000 reason=max_steps_reached steps=499 runtime=317.6s SR=49.91% (551/1104) mean_SPL=0.2470 SR@0.1m(ref)=49.91% SPL@0.1m(ref)=0.2470
[ZSON3 EVAL] 1105/2000 scene=mL8ThkuaVTM.basis episode=15 target=toilet success=0 spl=0.0000 reason=max_steps_reached steps=489 runtime=240.3s SR=49.86% (551/1105) mean_SPL=0.2468 SR@0.1m(ref)=49.86% SPL@0.1m(ref)=0.2468
[ZSON3 EVAL] 1106/2000 scene=mL8ThkuaVTM.basis episode=16 target=sofa success=0 spl=0.0000 reason=max_steps_reached steps=500 runtime=239.5s SR=49.82% (551/1106) mean_SPL=0.2466 SR@0.1m(ref)=49.82% SPL@0.1m(ref)=0.2466
[ZSON3 EVAL] 1107/2000 scene=mL8ThkuaVTM.basis episode=17 target=chair success=0 spl=0.0000 reason=max_steps_reached steps=498 runtime=201.4s SR=49.77% (551/1107) mean_SPL=0.2463 SR@0.1m(ref)=49.77% SPL@0.1m(ref)=0.2463
[ZSON3 EVAL] 1108/2000 scene=mL8ThkuaVTM.basis episode=18 target=toilet success=0 spl=0.0000 reason=max_steps_reached steps=486 runtime=217.9s SR=49.73% (551/1108) mean_SPL=0.2461 SR@0.1m(ref)=49.73% SPL@0.1m(ref)=0.2461
[ZSON3 EVAL] 1109/2000 scene=mL8ThkuaVTM.basis episode=19 target=toilet success=0 spl=0.0000 reason=max_steps_reached steps=495 runtime=205.5s SR=49.68% (551/1109) mean_SPL=0.2459 SR@0.1m(ref)=49.68% SPL@0.1m(ref)=0.2459
[ZSON3 EVAL] 1110/2000 scene=mL8ThkuaVTM.basis episode=20 target=sofa success=0 spl=0.0000 reason=max_steps_reached steps=499 runtime=225.8s SR=49.64% (551/1110) mean_SPL=0.2457 SR@0.1m(ref)=49.64% SPL@0.1m(ref)=0.2457
[ZSON3 EVAL] 1111/2000 scene=mL8ThkuaVTM.basis episode=21 target=toilet success=0 spl=0.0000 reason=max_steps_reached steps=496 runtime=225.8s SR=49.59% (551/1111) mean_SPL=0.2455 SR@0.1m(ref)=49.59% SPL@0.1m(ref)=0.2455
[ZSON3 EVAL] 1112/2000 scene=mL8ThkuaVTM.basis episode=22 target=chair success=0 spl=0.0000 reason=false_positive steps=11 runtime=11.4s SR=49.55% (551/1112) mean_SPL=0.2452 SR@0.1m(ref)=49.55% SPL@0.1m(ref)=0.2452
[ZSON3 EVAL] 1113/2000 scene=mL8ThkuaVTM.basis episode=23 target=sofa success=0 spl=0.0000 reason=max_steps_reached steps=496 runtime=227.4s SR=49.51% (551/1113) mean_SPL=0.2450 SR@0.1m(ref)=49.51% SPL@0.1m(ref)=0.2450
[ZSON3 EVAL] 1114/2000 scene=mL8ThkuaVTM.basis episode=24 target=toilet success=1 spl=0.8263 reason=object_found steps=50 runtime=26.3s SR=49.55% (552/1114) mean_SPL=0.2455 SR@0.1m(ref)=49.55% SPL@0.1m(ref)=0.2455
[ZSON3 EVAL] 1115/2000 scene=mL8ThkuaVTM.basis episode=25 target=sofa success=0 spl=0.0000 reason=max_steps_reached steps=500 runtime=211.5s SR=49.51% (552/1115) mean_SPL=0.2453 SR@0.1m(ref)=49.51% SPL@0.1m(ref)=0.2453
[ZSON3 EVAL] 1116/2000 scene=mL8ThkuaVTM.basis episode=26 target=chair success=0 spl=0.0000 reason=false_positive steps=68 runtime=35.2s SR=49.46% (552/1116) mean_SPL=0.2451 SR@0.1m(ref)=49.46% SPL@0.1m(ref)=0.2451
[ZSON3 EVAL] 1117/2000 scene=mL8ThkuaVTM.basis episode=27 target=chair success=0 spl=0.0000 reason=false_positive steps=451 runtime=215.3s SR=49.42% (552/1117) mean_SPL=0.2449 SR@0.1m(ref)=49.42% SPL@0.1m(ref)=0.2449
[ZSON3 EVAL] 1118/2000 scene=mL8ThkuaVTM.basis episode=28 target=bed success=0 spl=0.0000 reason=max_steps_reached steps=488 runtime=247.3s SR=49.37% (552/1118) mean_SPL=0.2447 SR@0.1m(ref)=49.37% SPL@0.1m(ref)=0.2447
[ZSON3 EVAL] 1119/2000 scene=mL8ThkuaVTM.basis episode=29 target=bed success=0 spl=0.0000 reason=max_steps_reached steps=497 runtime=222.0s SR=49.33% (552/1119) mean_SPL=0.2444 SR@0.1m(ref)=49.33% SPL@0.1m(ref)=0.2444
[ZSON3 EVAL] 1120/2000 scene=mL8ThkuaVTM.basis episode=30 target=bed success=0 spl=0.0000 reason=max_steps_reached steps=494 runtime=321.2s SR=49.29% (552/1120) mean_SPL=0.2442 SR@0.1m(ref)=49.29% SPL@0.1m(ref)=0.2442
[ZSON3 EVAL] 1121/2000 scene=mL8ThkuaVTM.basis episode=31 target=sofa success=0 spl=0.0000 reason=max_steps_reached steps=500 runtime=249.4s SR=49.24% (552/1121) mean_SPL=0.2440 SR@0.1m(ref)=49.24% SPL@0.1m(ref)=0.2440
[ZSON3 EVAL] 1122/2000 scene=mL8ThkuaVTM.basis episode=32 target=toilet success=0 spl=0.0000 reason=max_steps_reached steps=499 runtime=175.3s SR=49.20% (552/1122) mean_SPL=0.2438 SR@0.1m(ref)=49.20% SPL@0.1m(ref)=0.2438
[ZSON3 EVAL] 1123/2000 scene=mL8ThkuaVTM.basis episode=33 target=chair success=0 spl=0.0000 reason=max_steps_reached steps=489 runtime=194.7s SR=49.15% (552/1123) mean_SPL=0.2436 SR@0.1m(ref)=49.15% SPL@0.1m(ref)=0.2436
[ZSON3 EVAL] 1124/2000 scene=mL8ThkuaVTM.basis episode=34 target=chair success=0 spl=0.0000 reason=false_positive steps=57 runtime=23.7s SR=49.11% (552/1124) mean_SPL=0.2434 SR@0.1m(ref)=49.11% SPL@0.1m(ref)=0.2434
[ZSON3 EVAL] 1125/2000 scene=mL8ThkuaVTM.basis episode=35 target=sofa success=1 spl=0.2139 reason=object_found steps=216 runtime=70.8s SR=49.16% (553/1125) mean_SPL=0.2433 SR@0.1m(ref)=49.16% SPL@0.1m(ref)=0.2433
[ZSON3 EVAL] 1126/2000 scene=mL8ThkuaVTM.basis episode=36 target=chair success=0 spl=0.0000 reason=max_steps_reached steps=500 runtime=201.8s SR=49.11% (553/1126) mean_SPL=0.2431 SR@0.1m(ref)=49.11% SPL@0.1m(ref)=0.2431
[ZSON3 EVAL] 1127/2000 scene=mL8ThkuaVTM.basis episode=37 target=bed success=0 spl=0.0000 reason=max_steps_reached steps=497 runtime=263.5s SR=49.07% (553/1127) mean_SPL=0.2429 SR@0.1m(ref)=49.07% SPL@0.1m(ref)=0.2429
[ZSON3 EVAL] 1128/2000 scene=mL8ThkuaVTM.basis episode=38 target=sofa success=1 spl=0.4890 reason=object_found steps=70 runtime=36.1s SR=49.11% (554/1128) mean_SPL=0.2431 SR@0.1m(ref)=49.11% SPL@0.1m(ref)=0.2431
[ZSON3 EVAL] 1129/2000 scene=mL8ThkuaVTM.basis episode=39 target=chair success=0 spl=0.0000 reason=max_steps_reached steps=497 runtime=220.2s SR=49.07% (554/1129) mean_SPL=0.2429 SR@0.1m(ref)=49.07% SPL@0.1m(ref)=0.2429
[ZSON3 EVAL] 1130/2000 scene=mL8ThkuaVTM.basis episode=40 target=bed success=1 spl=0.2681 reason=object_found steps=471 runtime=228.4s SR=49.12% (555/1130) mean_SPL=0.2429 SR@0.1m(ref)=49.12% SPL@0.1m(ref)=0.2429
[ZSON3 EVAL] 1131/2000 scene=mL8ThkuaVTM.basis episode=41 target=chair success=0 spl=0.0000 reason=false_positive steps=9 runtime=11.5s SR=49.07% (555/1131) mean_SPL=0.2427 SR@0.1m(ref)=49.07% SPL@0.1m(ref)=0.2427
[ZSON3 EVAL] 1132/2000 scene=mL8ThkuaVTM.basis episode=42 target=sofa success=0 spl=0.0000 reason=max_steps_reached steps=500 runtime=207.7s SR=49.03% (555/1132) mean_SPL=0.2425 SR@0.1m(ref)=49.03% SPL@0.1m(ref)=0.2425
[ZSON3 EVAL] 1133/2000 scene=mL8ThkuaVTM.basis episode=43 target=toilet success=1 spl=0.6141 reason=object_found steps=73 runtime=31.6s SR=49.07% (556/1133) mean_SPL=0.2428 SR@0.1m(ref)=49.07% SPL@0.1m(ref)=0.2428
[ZSON3 EVAL] 1134/2000 scene=mL8ThkuaVTM.basis episode=44 target=toilet success=0 spl=0.0000 reason=max_steps_reached steps=499 runtime=234.5s SR=49.03% (556/1134) mean_SPL=0.2426 SR@0.1m(ref)=49.03% SPL@0.1m(ref)=0.2426
[ZSON3 EVAL] 1135/2000 scene=mL8ThkuaVTM.basis episode=45 target=chair success=0 spl=0.0000 reason=robot_stuck steps=460 runtime=209.0s SR=48.99% (556/1135) mean_SPL=0.2424 SR@0.1m(ref)=48.99% SPL@0.1m(ref)=0.2424
[ZSON3 EVAL] 1136/2000 scene=mL8ThkuaVTM.basis episode=46 target=bed success=1 spl=0.7573 reason=object_found steps=83 runtime=35.6s SR=49.03% (557/1136) mean_SPL=0.2428 SR@0.1m(ref)=49.03% SPL@0.1m(ref)=0.2428
[ZSON3 EVAL] 1137/2000 scene=mL8ThkuaVTM.basis episode=47 target=chair success=0 spl=0.0000 reason=max_steps_reached steps=497 runtime=236.1s SR=48.99% (557/1137) mean_SPL=0.2426 SR@0.1m(ref)=48.99% SPL@0.1m(ref)=0.2426
[ZSON3 EVAL] 1138/2000 scene=mL8ThkuaVTM.basis episode=48 target=toilet success=0 spl=0.0000 reason=max_steps_reached steps=490 runtime=255.5s SR=48.95% (557/1138) mean_SPL=0.2424 SR@0.1m(ref)=48.95% SPL@0.1m(ref)=0.2424
[ZSON3 EVAL] 1139/2000 scene=mL8ThkuaVTM.basis episode=49 target=toilet success=0 spl=0.0000 reason=max_steps_reached steps=497 runtime=266.1s SR=48.90% (557/1139) mean_SPL=0.2422 SR@0.1m(ref)=48.90% SPL@0.1m(ref)=0.2422
[ZSON3 EVAL] 1140/2000 scene=mL8ThkuaVTM.basis episode=50 target=bed success=0 spl=0.0000 reason=max_steps_reached steps=499 runtime=248.9s SR=48.86% (557/1140) mean_SPL=0.2420 SR@0.1m(ref)=48.86% SPL@0.1m(ref)=0.2420
[ZSON3 EVAL] 1141/2000 scene=mL8ThkuaVTM.basis episode=51 target=chair success=0 spl=0.0000 reason=false_positive steps=64 runtime=32.3s SR=48.82% (557/1141) mean_SPL=0.2418 SR@0.1m(ref)=48.82% SPL@0.1m(ref)=0.2418
[ZSON3 EVAL] 1142/2000 scene=mL8ThkuaVTM.basis episode=52 target=toilet success=1 spl=0.3058 reason=object_found steps=104 runtime=54.3s SR=48.86% (558/1142) mean_SPL=0.2418 SR@0.1m(ref)=48.86% SPL@0.1m(ref)=0.2418
[ZSON3 EVAL] 1143/2000 scene=mL8ThkuaVTM.basis episode=53 target=chair success=0 spl=0.0000 reason=max_steps_reached steps=495 runtime=191.6s SR=48.82% (558/1143) mean_SPL=0.2416 SR@0.1m(ref)=48.82% SPL@0.1m(ref)=0.2416
[ZSON3 EVAL] 1144/2000 scene=mL8ThkuaVTM.basis episode=54 target=chair success=0 spl=0.0000 reason=max_steps_reached steps=496 runtime=222.8s SR=48.78% (558/1144) mean_SPL=0.2414 SR@0.1m(ref)=48.78% SPL@0.1m(ref)=0.2414
[ZSON3 EVAL] 1145/2000 scene=mL8ThkuaVTM.basis episode=55 target=toilet success=1 spl=0.5447 reason=object_found steps=109 runtime=46.7s SR=48.82% (559/1145) mean_SPL=0.2417 SR@0.1m(ref)=48.82% SPL@0.1m(ref)=0.2417
[ZSON3 EVAL] 1146/2000 scene=mL8ThkuaVTM.basis episode=56 target=toilet success=1 spl=0.1564 reason=object_found steps=289 runtime=134.2s SR=48.87% (560/1146) mean_SPL=0.2416 SR@0.1m(ref)=48.87% SPL@0.1m(ref)=0.2416
[ZSON3 EVAL] 1147/2000 scene=mL8ThkuaVTM.basis episode=57 target=chair success=0 spl=0.0000 reason=max_steps_reached steps=500 runtime=222.1s SR=48.82% (560/1147) mean_SPL=0.2414 SR@0.1m(ref)=48.82% SPL@0.1m(ref)=0.2414
[ZSON3 EVAL] 1148/2000 scene=mL8ThkuaVTM.basis episode=58 target=toilet success=0 spl=0.0000 reason=max_steps_reached steps=497 runtime=184.2s SR=48.78% (560/1148) mean_SPL=0.2412 SR@0.1m(ref)=48.78% SPL@0.1m(ref)=0.2412
[ZSON3 EVAL] 1149/2000 scene=mL8ThkuaVTM.basis episode=59 target=bed success=0 spl=0.0000 reason=max_steps_reached steps=488 runtime=247.2s SR=48.74% (560/1149) mean_SPL=0.2410 SR@0.1m(ref)=48.74% SPL@0.1m(ref)=0.2410
[ZSON3 EVAL] 1150/2000 scene=mL8ThkuaVTM.basis episode=60 target=chair success=0 spl=0.0000 reason=max_steps_reached steps=494 runtime=218.9s SR=48.70% (560/1150) mean_SPL=0.2408 SR@0.1m(ref)=48.70% SPL@0.1m(ref)=0.2408
[ZSON3 EVAL] 1151/2000 scene=mL8ThkuaVTM.basis episode=61 target=sofa success=0 spl=0.0000 reason=max_steps_reached steps=497 runtime=216.3s SR=48.65% (560/1151) mean_SPL=0.2406 SR@0.1m(ref)=48.65% SPL@0.1m(ref)=0.2406
[ZSON3 EVAL] 1152/2000 scene=mL8ThkuaVTM.basis episode=62 target=bed success=1 spl=0.8563 reason=object_found steps=33 runtime=15.5s SR=48.70% (561/1152) mean_SPL=0.2411 SR@0.1m(ref)=48.70% SPL@0.1m(ref)=0.2411
[ZSON3 EVAL] 1153/2000 scene=mL8ThkuaVTM.basis episode=63 target=toilet success=1 spl=0.2649 reason=object_found steps=352 runtime=164.7s SR=48.74% (562/1153) mean_SPL=0.2411 SR@0.1m(ref)=48.74% SPL@0.1m(ref)=0.2411
[ZSON3 EVAL] 1154/2000 scene=mL8ThkuaVTM.basis episode=64 target=sofa success=1 spl=0.1370 reason=object_found steps=413 runtime=147.8s SR=48.79% (563/1154) mean_SPL=0.2410 SR@0.1m(ref)=48.79% SPL@0.1m(ref)=0.2410
[ZSON3 EVAL] 1155/2000 scene=mL8ThkuaVTM.basis episode=65 target=chair success=0 spl=0.0000 reason=false_positive steps=11 runtime=9.8s SR=48.74% (563/1155) mean_SPL=0.2408 SR@0.1m(ref)=48.74% SPL@0.1m(ref)=0.2408
[ZSON3 EVAL] 1156/2000 scene=mL8ThkuaVTM.basis episode=66 target=toilet success=0 spl=0.0000 reason=robot_stuck steps=413 runtime=207.4s SR=48.70% (563/1156) mean_SPL=0.2406 SR@0.1m(ref)=48.70% SPL@0.1m(ref)=0.2406
[ZSON3 EVAL] 1157/2000 scene=mL8ThkuaVTM.basis episode=67 target=sofa success=0 spl=0.0000 reason=max_steps_reached steps=464 runtime=133.7s SR=48.66% (563/1157) mean_SPL=0.2404 SR@0.1m(ref)=48.66% SPL@0.1m(ref)=0.2404
[ZSON3 EVAL] 1158/2000 scene=mL8ThkuaVTM.basis episode=68 target=sofa success=1 spl=0.3905 reason=object_found steps=67 runtime=36.4s SR=48.70% (564/1158) mean_SPL=0.2405 SR@0.1m(ref)=48.70% SPL@0.1m(ref)=0.2405
[ZSON3 EVAL] 1159/2000 scene=mL8ThkuaVTM.basis episode=69 target=bed success=0 spl=0.0000 reason=robot_stuck steps=473 runtime=255.2s SR=48.66% (564/1159) mean_SPL=0.2403 SR@0.1m(ref)=48.66% SPL@0.1m(ref)=0.2403
[ZSON3 EVAL] 1160/2000 scene=mL8ThkuaVTM.basis episode=70 target=sofa success=0 spl=0.0000 reason=max_steps_reached steps=498 runtime=210.6s SR=48.62% (564/1160) mean_SPL=0.2401 SR@0.1m(ref)=48.62% SPL@0.1m(ref)=0.2401
[ZSON3 EVAL] 1161/2000 scene=mL8ThkuaVTM.basis episode=71 target=toilet success=0 spl=0.0000 reason=max_steps_reached steps=496 runtime=259.8s SR=48.58% (564/1161) mean_SPL=0.2399 SR@0.1m(ref)=48.58% SPL@0.1m(ref)=0.2399
[ZSON3 EVAL] 1162/2000 scene=mL8ThkuaVTM.basis episode=72 target=sofa success=0 spl=0.0000 reason=max_steps_reached steps=500 runtime=238.8s SR=48.54% (564/1162) mean_SPL=0.2397 SR@0.1m(ref)=48.54% SPL@0.1m(ref)=0.2397
[ZSON3 EVAL] 1163/2000 scene=mL8ThkuaVTM.basis episode=73 target=bed success=1 spl=0.2260 reason=object_found steps=265 runtime=142.7s SR=48.58% (565/1163) mean_SPL=0.2397 SR@0.1m(ref)=48.58% SPL@0.1m(ref)=0.2397
[ZSON3 EVAL] 1164/2000 scene=mL8ThkuaVTM.basis episode=74 target=chair success=0 spl=0.0000 reason=robot_stuck steps=346 runtime=206.3s SR=48.54% (565/1164) mean_SPL=0.2395 SR@0.1m(ref)=48.54% SPL@0.1m(ref)=0.2395
[ZSON3 EVAL] 1165/2000 scene=mL8ThkuaVTM.basis episode=75 target=sofa success=1 spl=0.2958 reason=object_found steps=301 runtime=135.4s SR=48.58% (566/1165) mean_SPL=0.2395 SR@0.1m(ref)=48.58% SPL@0.1m(ref)=0.2395
[ZSON3 EVAL] 1166/2000 scene=mL8ThkuaVTM.basis episode=76 target=bed success=0 spl=0.0000 reason=false_positive steps=313 runtime=107.1s SR=48.54% (566/1166) mean_SPL=0.2393 SR@0.1m(ref)=48.54% SPL@0.1m(ref)=0.2393
[ZSON3 EVAL] 1167/2000 scene=mL8ThkuaVTM.basis episode=77 target=bed success=0 spl=0.0000 reason=max_steps_reached steps=496 runtime=230.3s SR=48.50% (566/1167) mean_SPL=0.2391 SR@0.1m(ref)=48.50% SPL@0.1m(ref)=0.2391
[ZSON3 EVAL] 1168/2000 scene=mL8ThkuaVTM.basis episode=78 target=toilet success=0 spl=0.0000 reason=max_steps_reached steps=498 runtime=240.2s SR=48.46% (566/1168) mean_SPL=0.2389 SR@0.1m(ref)=48.46% SPL@0.1m(ref)=0.2389
[ZSON3 EVAL] 1169/2000 scene=mL8ThkuaVTM.basis episode=79 target=chair success=0 spl=0.0000 reason=max_steps_reached steps=491 runtime=168.6s SR=48.42% (566/1169) mean_SPL=0.2387 SR@0.1m(ref)=48.42% SPL@0.1m(ref)=0.2387
[ZSON3 EVAL] 1170/2000 scene=mL8ThkuaVTM.basis episode=80 target=bed success=0 spl=0.0000 reason=max_steps_reached steps=498 runtime=240.0s SR=48.38% (566/1170) mean_SPL=0.2385 SR@0.1m(ref)=48.38% SPL@0.1m(ref)=0.2385
[ZSON3 EVAL] 1171/2000 scene=mL8ThkuaVTM.basis episode=81 target=toilet success=0 spl=0.0000 reason=no_frontiers steps=411 runtime=193.7s SR=48.33% (566/1171) mean_SPL=0.2383 SR@0.1m(ref)=48.33% SPL@0.1m(ref)=0.2383
[ZSON3 EVAL] 1172/2000 scene=mL8ThkuaVTM.basis episode=82 target=bed success=0 spl=0.0000 reason=max_steps_reached steps=497 runtime=238.6s SR=48.29% (566/1172) mean_SPL=0.2381 SR@0.1m(ref)=48.29% SPL@0.1m(ref)=0.2381
[ZSON3 EVAL] 1173/2000 scene=mL8ThkuaVTM.basis episode=83 target=sofa success=0 spl=0.0000 reason=max_steps_reached steps=498 runtime=253.0s SR=48.25% (566/1173) mean_SPL=0.2379 SR@0.1m(ref)=48.25% SPL@0.1m(ref)=0.2379
[ZSON3 EVAL] 1174/2000 scene=mL8ThkuaVTM.basis episode=84 target=toilet success=0 spl=0.0000 reason=max_steps_reached steps=491 runtime=239.5s SR=48.21% (566/1174) mean_SPL=0.2377 SR@0.1m(ref)=48.21% SPL@0.1m(ref)=0.2377
[ZSON3 EVAL] 1175/2000 scene=mL8ThkuaVTM.basis episode=85 target=bed success=1 spl=0.5871 reason=object_found steps=108 runtime=44.2s SR=48.26% (567/1175) mean_SPL=0.2380 SR@0.1m(ref)=48.26% SPL@0.1m(ref)=0.2380
[ZSON3 EVAL] 1176/2000 scene=mL8ThkuaVTM.basis episode=86 target=bed success=0 spl=0.0000 reason=max_steps_reached steps=489 runtime=226.2s SR=48.21% (567/1176) mean_SPL=0.2378 SR@0.1m(ref)=48.21% SPL@0.1m(ref)=0.2378
[ZSON3 EVAL] 1177/2000 scene=mL8ThkuaVTM.basis episode=87 target=toilet success=0 spl=0.0000 reason=max_steps_reached steps=495 runtime=195.7s SR=48.17% (567/1177) mean_SPL=0.2376 SR@0.1m(ref)=48.17% SPL@0.1m(ref)=0.2376
[ZSON3 EVAL] 1178/2000 scene=mL8ThkuaVTM.basis episode=88 target=bed success=0 spl=0.0000 reason=max_steps_reached steps=495 runtime=167.0s SR=48.13% (567/1178) mean_SPL=0.2374 SR@0.1m(ref)=48.13% SPL@0.1m(ref)=0.2374
[ZSON3 EVAL] 1179/2000 scene=mL8ThkuaVTM.basis episode=89 target=sofa success=0 spl=0.0000 reason=max_steps_reached steps=499 runtime=231.5s SR=48.09% (567/1179) mean_SPL=0.2372 SR@0.1m(ref)=48.09% SPL@0.1m(ref)=0.2372
[ZSON3 EVAL] 1180/2000 scene=mL8ThkuaVTM.basis episode=90 target=sofa success=0 spl=0.0000 reason=max_steps_reached steps=500 runtime=226.3s SR=48.05% (567/1180) mean_SPL=0.2370 SR@0.1m(ref)=48.05% SPL@0.1m(ref)=0.2370
[ZSON3 EVAL] 1181/2000 scene=mL8ThkuaVTM.basis episode=91 target=sofa success=0 spl=0.0000 reason=max_steps_reached steps=495 runtime=215.3s SR=48.01% (567/1181) mean_SPL=0.2368 SR@0.1m(ref)=48.01% SPL@0.1m(ref)=0.2368
[ZSON3 EVAL] 1182/2000 scene=mL8ThkuaVTM.basis episode=92 target=bed success=1 spl=0.5195 reason=object_found steps=102 runtime=44.8s SR=48.05% (568/1182) mean_SPL=0.2370 SR@0.1m(ref)=48.05% SPL@0.1m(ref)=0.2370
[ZSON3 EVAL] 1183/2000 scene=mL8ThkuaVTM.basis episode=93 target=toilet success=0 spl=0.0000 reason=max_steps_reached steps=498 runtime=230.0s SR=48.01% (568/1183) mean_SPL=0.2368 SR@0.1m(ref)=48.01% SPL@0.1m(ref)=0.2368
[ZSON3 EVAL] 1184/2000 scene=mL8ThkuaVTM.basis episode=94 target=chair success=0 spl=0.0000 reason=no_frontiers steps=484 runtime=192.7s SR=47.97% (568/1184) mean_SPL=0.2366 SR@0.1m(ref)=47.97% SPL@0.1m(ref)=0.2366
[ZSON3 EVAL] 1185/2000 scene=mL8ThkuaVTM.basis episode=95 target=toilet success=1 spl=0.1780 reason=object_found steps=286 runtime=129.3s SR=48.02% (569/1185) mean_SPL=0.2366 SR@0.1m(ref)=48.02% SPL@0.1m(ref)=0.2366
[ZSON3 EVAL] 1186/2000 scene=mL8ThkuaVTM.basis episode=96 target=toilet success=0 spl=0.0000 reason=exception steps=489 runtime=239.3s SR=47.98% (569/1186) mean_SPL=0.2364 SR@0.1m(ref)=47.98% SPL@0.1m(ref)=0.2364
[ZSON3 EVAL] 1187/2000 scene=mL8ThkuaVTM.basis episode=97 target=sofa success=0 spl=0.0000 reason=max_steps_reached steps=494 runtime=223.3s SR=47.94% (569/1187) mean_SPL=0.2362 SR@0.1m(ref)=47.94% SPL@0.1m(ref)=0.2362
[ZSON3 EVAL] 1188/2000 scene=mL8ThkuaVTM.basis episode=98 target=sofa success=0 spl=0.0000 reason=max_steps_reached steps=500 runtime=230.5s SR=47.90% (569/1188) mean_SPL=0.2360 SR@0.1m(ref)=47.90% SPL@0.1m(ref)=0.2360
[ZSON3 EVAL] 1189/2000 scene=mv2HUxq3B53.basis episode=0 target=chair success=1 spl=0.8251 reason=object_found steps=45 runtime=43.6s SR=47.94% (570/1189) mean_SPL=0.2365 SR@0.1m(ref)=47.94% SPL@0.1m(ref)=0.2365
[ZSON3 EVAL] 1190/2000 scene=mv2HUxq3B53.basis episode=1 target=sofa success=0 spl=0.0000 reason=max_steps_reached steps=491 runtime=479.1s SR=47.90% (570/1190) mean_SPL=0.2363 SR@0.1m(ref)=47.90% SPL@0.1m(ref)=0.2363
[ZSON3 EVAL] 1191/2000 scene=mv2HUxq3B53.basis episode=2 target=sofa success=1 spl=0.8553 reason=object_found steps=33 runtime=29.0s SR=47.94% (571/1191) mean_SPL=0.2368 SR@0.1m(ref)=47.94% SPL@0.1m(ref)=0.2368
[ZSON3 EVAL] 1192/2000 scene=mv2HUxq3B53.basis episode=3 target=tv_monitor success=1 spl=0.8926 reason=object_found steps=38 runtime=22.5s SR=47.99% (572/1192) mean_SPL=0.2373 SR@0.1m(ref)=47.99% SPL@0.1m(ref)=0.2373
[ZSON3 EVAL] 1193/2000 scene=mv2HUxq3B53.basis episode=4 target=toilet success=1 spl=0.2353 reason=object_found steps=268 runtime=309.4s SR=48.03% (573/1193) mean_SPL=0.2373 SR@0.1m(ref)=48.03% SPL@0.1m(ref)=0.2373
[ZSON3 EVAL] 1194/2000 scene=mv2HUxq3B53.basis episode=5 target=tv_monitor success=0 spl=0.0000 reason=false_positive steps=10 runtime=6.6s SR=47.99% (573/1194) mean_SPL=0.2371 SR@0.1m(ref)=47.99% SPL@0.1m(ref)=0.2371
[ZSON3 EVAL] 1195/2000 scene=mv2HUxq3B53.basis episode=6 target=bed success=1 spl=0.3800 reason=object_found steps=92 runtime=59.5s SR=48.03% (574/1195) mean_SPL=0.2373 SR@0.1m(ref)=48.03% SPL@0.1m(ref)=0.2373
[ZSON3 EVAL] 1196/2000 scene=mv2HUxq3B53.basis episode=7 target=tv_monitor success=0 spl=0.0000 reason=false_positive steps=14 runtime=8.0s SR=47.99% (574/1196) mean_SPL=0.2371 SR@0.1m(ref)=47.99% SPL@0.1m(ref)=0.2371
[ZSON3 EVAL] 1197/2000 scene=mv2HUxq3B53.basis episode=8 target=sofa success=1 spl=0.7577 reason=object_found steps=176 runtime=147.8s SR=48.04% (575/1197) mean_SPL=0.2375 SR@0.1m(ref)=48.04% SPL@0.1m(ref)=0.2375
[ZSON3 EVAL] 1198/2000 scene=mv2HUxq3B53.basis episode=9 target=chair success=0 spl=0.0000 reason=false_positive steps=122 runtime=97.6s SR=48.00% (575/1198) mean_SPL=0.2373 SR@0.1m(ref)=48.00% SPL@0.1m(ref)=0.2373
[ZSON3 EVAL] 1199/2000 scene=mv2HUxq3B53.basis episode=10 target=sofa success=1 spl=0.8925 reason=object_found steps=40 runtime=27.5s SR=48.04% (576/1199) mean_SPL=0.2378 SR@0.1m(ref)=48.04% SPL@0.1m(ref)=0.2378
[ZSON3 EVAL] 1200/2000 scene=mv2HUxq3B53.basis episode=11 target=sofa success=1 spl=0.5230 reason=object_found steps=108 runtime=86.0s SR=48.08% (577/1200) mean_SPL=0.2381 SR@0.1m(ref)=48.08% SPL@0.1m(ref)=0.2381
[ZSON3 EVAL] 1201/2000 scene=mv2HUxq3B53.basis episode=12 target=tv_monitor success=0 spl=0.0000 reason=false_positive steps=98 runtime=61.9s SR=48.04% (577/1201) mean_SPL=0.2379 SR@0.1m(ref)=48.04% SPL@0.1m(ref)=0.2379
[ZSON3 EVAL] 1202/2000 scene=mv2HUxq3B53.basis episode=13 target=chair success=1 spl=0.2395 reason=object_found steps=123 runtime=97.2s SR=48.09% (578/1202) mean_SPL=0.2379 SR@0.1m(ref)=48.09% SPL@0.1m(ref)=0.2379
[ZSON3 EVAL] 1203/2000 scene=mv2HUxq3B53.basis episode=14 target=toilet success=1 spl=0.2765 reason=object_found steps=170 runtime=116.5s SR=48.13% (579/1203) mean_SPL=0.2379 SR@0.1m(ref)=48.13% SPL@0.1m(ref)=0.2379
[ZSON3 EVAL] 1204/2000 scene=mv2HUxq3B53.basis episode=15 target=toilet success=0 spl=0.0000 reason=max_steps_reached steps=500 runtime=529.1s SR=48.09% (579/1204) mean_SPL=0.2377 SR@0.1m(ref)=48.09% SPL@0.1m(ref)=0.2377
[ZSON3 EVAL] 1205/2000 scene=mv2HUxq3B53.basis episode=16 target=tv_monitor success=1 spl=0.6340 reason=object_found steps=75 runtime=46.2s SR=48.13% (580/1205) mean_SPL=0.2380 SR@0.1m(ref)=48.13% SPL@0.1m(ref)=0.2380
[ZSON3 EVAL] 1206/2000 scene=mv2HUxq3B53.basis episode=17 target=toilet success=0 spl=0.0000 reason=max_steps_reached steps=485 runtime=366.8s SR=48.09% (580/1206) mean_SPL=0.2378 SR@0.1m(ref)=48.09% SPL@0.1m(ref)=0.2378
[ZSON3 EVAL] 1207/2000 scene=mv2HUxq3B53.basis episode=18 target=sofa success=1 spl=0.4201 reason=object_found steps=199 runtime=249.9s SR=48.14% (581/1207) mean_SPL=0.2380 SR@0.1m(ref)=48.14% SPL@0.1m(ref)=0.2380
[ZSON3 EVAL] 1208/2000 scene=mv2HUxq3B53.basis episode=19 target=bed success=1 spl=0.5704 reason=object_found steps=46 runtime=26.2s SR=48.18% (582/1208) mean_SPL=0.2383 SR@0.1m(ref)=48.18% SPL@0.1m(ref)=0.2383
[ZSON3 EVAL] 1209/2000 scene=mv2HUxq3B53.basis episode=20 target=toilet success=0 spl=0.0000 reason=max_steps_reached steps=498 runtime=531.3s SR=48.14% (582/1209) mean_SPL=0.2381 SR@0.1m(ref)=48.14% SPL@0.1m(ref)=0.2381
[ZSON3 EVAL] 1210/2000 scene=mv2HUxq3B53.basis episode=21 target=chair success=0 spl=0.0000 reason=false_positive steps=8 runtime=11.8s SR=48.10% (582/1210) mean_SPL=0.2379 SR@0.1m(ref)=48.10% SPL@0.1m(ref)=0.2379
[ZSON3 EVAL] 1211/2000 scene=mv2HUxq3B53.basis episode=22 target=tv_monitor success=1 spl=0.8177 reason=object_found steps=45 runtime=30.0s SR=48.14% (583/1211) mean_SPL=0.2384 SR@0.1m(ref)=48.14% SPL@0.1m(ref)=0.2384
[ZSON3 EVAL] 1212/2000 scene=mv2HUxq3B53.basis episode=23 target=tv_monitor success=0 spl=0.0000 reason=false_positive steps=63 runtime=35.3s SR=48.10% (583/1212) mean_SPL=0.2382 SR@0.1m(ref)=48.10% SPL@0.1m(ref)=0.2382
[ZSON3 EVAL] 1213/2000 scene=mv2HUxq3B53.basis episode=24 target=chair success=1 spl=0.6419 reason=object_found steps=47 runtime=30.2s SR=48.15% (584/1213) mean_SPL=0.2385 SR@0.1m(ref)=48.15% SPL@0.1m(ref)=0.2385
[ZSON3 EVAL] 1214/2000 scene=mv2HUxq3B53.basis episode=25 target=sofa success=1 spl=0.8895 reason=object_found steps=82 runtime=66.2s SR=48.19% (585/1214) mean_SPL=0.2390 SR@0.1m(ref)=48.19% SPL@0.1m(ref)=0.2390
[ZSON3 EVAL] 1215/2000 scene=mv2HUxq3B53.basis episode=26 target=bed success=1 spl=0.4726 reason=object_found steps=109 runtime=68.1s SR=48.23% (586/1215) mean_SPL=0.2392 SR@0.1m(ref)=48.23% SPL@0.1m(ref)=0.2392
[ZSON3 EVAL] 1216/2000 scene=mv2HUxq3B53.basis episode=27 target=chair success=1 spl=0.5117 reason=object_found steps=59 runtime=49.8s SR=48.27% (587/1216) mean_SPL=0.2394 SR@0.1m(ref)=48.27% SPL@0.1m(ref)=0.2394
[ZSON3 EVAL] 1217/2000 scene=mv2HUxq3B53.basis episode=28 target=toilet success=1 spl=0.2212 reason=object_found steps=145 runtime=87.1s SR=48.32% (588/1217) mean_SPL=0.2394 SR@0.1m(ref)=48.32% SPL@0.1m(ref)=0.2394
[ZSON3 EVAL] 1218/2000 scene=mv2HUxq3B53.basis episode=29 target=chair success=1 spl=0.5266 reason=object_found steps=87 runtime=65.2s SR=48.36% (589/1218) mean_SPL=0.2397 SR@0.1m(ref)=48.36% SPL@0.1m(ref)=0.2397
[ZSON3 EVAL] 1219/2000 scene=mv2HUxq3B53.basis episode=30 target=tv_monitor success=1 spl=0.6088 reason=object_found steps=90 runtime=48.1s SR=48.40% (590/1219) mean_SPL=0.2400 SR@0.1m(ref)=48.40% SPL@0.1m(ref)=0.2400
[ZSON3 EVAL] 1220/2000 scene=mv2HUxq3B53.basis episode=31 target=tv_monitor success=0 spl=0.0000 reason=false_positive steps=39 runtime=30.9s SR=48.36% (590/1220) mean_SPL=0.2398 SR@0.1m(ref)=48.36% SPL@0.1m(ref)=0.2398
[ZSON3 EVAL] 1221/2000 scene=mv2HUxq3B53.basis episode=32 target=chair success=0 spl=0.0000 reason=false_positive steps=50 runtime=28.0s SR=48.32% (590/1221) mean_SPL=0.2396 SR@0.1m(ref)=48.32% SPL@0.1m(ref)=0.2396
[ZSON3 EVAL] 1222/2000 scene=mv2HUxq3B53.basis episode=33 target=chair success=0 spl=0.0000 reason=false_positive steps=59 runtime=33.2s SR=48.28% (590/1222) mean_SPL=0.2394 SR@0.1m(ref)=48.28% SPL@0.1m(ref)=0.2394
[ZSON3 EVAL] 1223/2000 scene=mv2HUxq3B53.basis episode=34 target=sofa success=1 spl=0.3397 reason=object_found steps=114 runtime=107.1s SR=48.32% (591/1223) mean_SPL=0.2395 SR@0.1m(ref)=48.32% SPL@0.1m(ref)=0.2395
[ZSON3 EVAL] 1224/2000 scene=mv2HUxq3B53.basis episode=35 target=toilet success=1 spl=0.5699 reason=object_found steps=89 runtime=66.2s SR=48.37% (592/1224) mean_SPL=0.2397 SR@0.1m(ref)=48.37% SPL@0.1m(ref)=0.2397
[ZSON3 EVAL] 1225/2000 scene=mv2HUxq3B53.basis episode=36 target=tv_monitor success=0 spl=0.0000 reason=false_positive steps=152 runtime=88.1s SR=48.33% (592/1225) mean_SPL=0.2395 SR@0.1m(ref)=48.33% SPL@0.1m(ref)=0.2395
[ZSON3 EVAL] 1226/2000 scene=mv2HUxq3B53.basis episode=37 target=bed success=1 spl=0.7388 reason=object_found steps=97 runtime=88.6s SR=48.37% (593/1226) mean_SPL=0.2399 SR@0.1m(ref)=48.37% SPL@0.1m(ref)=0.2399
[ZSON3 EVAL] 1227/2000 scene=mv2HUxq3B53.basis episode=38 target=sofa success=1 spl=0.5317 reason=object_found steps=88 runtime=55.5s SR=48.41% (594/1227) mean_SPL=0.2402 SR@0.1m(ref)=48.41% SPL@0.1m(ref)=0.2402
[ZSON3 EVAL] 1228/2000 scene=mv2HUxq3B53.basis episode=39 target=toilet success=1 spl=0.7053 reason=object_found steps=110 runtime=68.1s SR=48.45% (595/1228) mean_SPL=0.2406 SR@0.1m(ref)=48.45% SPL@0.1m(ref)=0.2406
[ZSON3 EVAL] 1229/2000 scene=mv2HUxq3B53.basis episode=40 target=sofa success=0 spl=0.0000 reason=false_positive steps=162 runtime=164.8s SR=48.41% (595/1229) mean_SPL=0.2404 SR@0.1m(ref)=48.41% SPL@0.1m(ref)=0.2404
[ZSON3 EVAL] 1230/2000 scene=mv2HUxq3B53.basis episode=41 target=bed success=1 spl=0.2792 reason=object_found steps=258 runtime=222.8s SR=48.46% (596/1230) mean_SPL=0.2404 SR@0.1m(ref)=48.46% SPL@0.1m(ref)=0.2404
[ZSON3 EVAL] 1231/2000 scene=mv2HUxq3B53.basis episode=42 target=tv_monitor success=0 spl=0.0000 reason=false_positive steps=26 runtime=17.0s SR=48.42% (596/1231) mean_SPL=0.2402 SR@0.1m(ref)=48.42% SPL@0.1m(ref)=0.2402
[ZSON3 EVAL] 1232/2000 scene=mv2HUxq3B53.basis episode=43 target=chair success=1 spl=0.6319 reason=object_found steps=65 runtime=59.4s SR=48.46% (597/1232) mean_SPL=0.2405 SR@0.1m(ref)=48.46% SPL@0.1m(ref)=0.2405
[ZSON3 EVAL] 1233/2000 scene=mv2HUxq3B53.basis episode=44 target=bed success=1 spl=0.2372 reason=object_found steps=148 runtime=111.6s SR=48.50% (598/1233) mean_SPL=0.2405 SR@0.1m(ref)=48.50% SPL@0.1m(ref)=0.2405
[ZSON3 EVAL] 1234/2000 scene=mv2HUxq3B53.basis episode=45 target=tv_monitor success=0 spl=0.0000 reason=false_positive steps=115 runtime=91.5s SR=48.46% (598/1234) mean_SPL=0.2403 SR@0.1m(ref)=48.46% SPL@0.1m(ref)=0.2403
[ZSON3 EVAL] 1235/2000 scene=mv2HUxq3B53.basis episode=46 target=tv_monitor success=0 spl=0.0000 reason=false_positive steps=56 runtime=38.0s SR=48.42% (598/1235) mean_SPL=0.2401 SR@0.1m(ref)=48.42% SPL@0.1m(ref)=0.2401
[ZSON3 EVAL] 1236/2000 scene=mv2HUxq3B53.basis episode=47 target=bed success=1 spl=0.1630 reason=object_found steps=211 runtime=212.0s SR=48.46% (599/1236) mean_SPL=0.2401 SR@0.1m(ref)=48.46% SPL@0.1m(ref)=0.2401
[ZSON3 EVAL] 1237/2000 scene=mv2HUxq3B53.basis episode=48 target=toilet success=0 spl=0.0000 reason=false_positive steps=18 runtime=12.2s SR=48.42% (599/1237) mean_SPL=0.2399 SR@0.1m(ref)=48.42% SPL@0.1m(ref)=0.2399
[ZSON3 EVAL] 1238/2000 scene=mv2HUxq3B53.basis episode=49 target=bed success=1 spl=0.2248 reason=object_found steps=201 runtime=162.6s SR=48.47% (600/1238) mean_SPL=0.2399 SR@0.1m(ref)=48.47% SPL@0.1m(ref)=0.2399
[ZSON3 EVAL] 1239/2000 scene=mv2HUxq3B53.basis episode=50 target=sofa success=1 spl=0.4904 reason=object_found steps=89 runtime=89.4s SR=48.51% (601/1239) mean_SPL=0.2401 SR@0.1m(ref)=48.51% SPL@0.1m(ref)=0.2401
[ZSON3 EVAL] 1240/2000 scene=mv2HUxq3B53.basis episode=51 target=chair success=1 spl=0.7593 reason=object_found steps=27 runtime=20.0s SR=48.55% (602/1240) mean_SPL=0.2405 SR@0.1m(ref)=48.55% SPL@0.1m(ref)=0.2405
[ZSON3 EVAL] 1241/2000 scene=mv2HUxq3B53.basis episode=52 target=bed success=1 spl=0.1641 reason=object_found steps=316 runtime=351.4s SR=48.59% (603/1241) mean_SPL=0.2404 SR@0.1m(ref)=48.59% SPL@0.1m(ref)=0.2404
[ZSON3 EVAL] 1242/2000 scene=mv2HUxq3B53.basis episode=53 target=toilet success=1 spl=0.2350 reason=object_found steps=350 runtime=425.1s SR=48.63% (604/1242) mean_SPL=0.2404 SR@0.1m(ref)=48.63% SPL@0.1m(ref)=0.2404
[ZSON3 EVAL] 1243/2000 scene=mv2HUxq3B53.basis episode=54 target=chair success=1 spl=0.7345 reason=object_found steps=43 runtime=37.0s SR=48.67% (605/1243) mean_SPL=0.2408 SR@0.1m(ref)=48.67% SPL@0.1m(ref)=0.2408
[ZSON3 EVAL] 1244/2000 scene=mv2HUxq3B53.basis episode=55 target=tv_monitor success=0 spl=0.0000 reason=false_positive steps=35 runtime=24.8s SR=48.63% (605/1244) mean_SPL=0.2406 SR@0.1m(ref)=48.63% SPL@0.1m(ref)=0.2406
[ZSON3 EVAL] 1245/2000 scene=mv2HUxq3B53.basis episode=56 target=bed success=1 spl=0.5192 reason=object_found steps=73 runtime=56.3s SR=48.67% (606/1245) mean_SPL=0.2408 SR@0.1m(ref)=48.67% SPL@0.1m(ref)=0.2408
[ZSON3 EVAL] 1246/2000 scene=mv2HUxq3B53.basis episode=57 target=sofa success=1 spl=0.2168 reason=object_found steps=270 runtime=188.7s SR=48.72% (607/1246) mean_SPL=0.2408 SR@0.1m(ref)=48.72% SPL@0.1m(ref)=0.2408
[ZSON3 EVAL] 1247/2000 scene=mv2HUxq3B53.basis episode=58 target=toilet success=0 spl=0.0000 reason=max_steps_reached steps=499 runtime=576.1s SR=48.68% (607/1247) mean_SPL=0.2406 SR@0.1m(ref)=48.68% SPL@0.1m(ref)=0.2406
[ZSON3 EVAL] 1248/2000 scene=mv2HUxq3B53.basis episode=59 target=bed success=1 spl=0.7691 reason=object_found steps=29 runtime=18.1s SR=48.72% (608/1248) mean_SPL=0.2411 SR@0.1m(ref)=48.72% SPL@0.1m(ref)=0.2411
[ZSON3 EVAL] 1249/2000 scene=mv2HUxq3B53.basis episode=60 target=tv_monitor success=0 spl=0.0000 reason=false_positive steps=85 runtime=34.8s SR=48.68% (608/1249) mean_SPL=0.2409 SR@0.1m(ref)=48.68% SPL@0.1m(ref)=0.2409
[ZSON3 EVAL] 1250/2000 scene=mv2HUxq3B53.basis episode=61 target=bed success=1 spl=0.1408 reason=object_found steps=138 runtime=119.2s SR=48.72% (609/1250) mean_SPL=0.2408 SR@0.1m(ref)=48.72% SPL@0.1m(ref)=0.2408
[ZSON3 EVAL] 1251/2000 scene=mv2HUxq3B53.basis episode=62 target=sofa success=1 spl=0.1016 reason=object_found steps=459 runtime=417.2s SR=48.76% (610/1251) mean_SPL=0.2407 SR@0.1m(ref)=48.76% SPL@0.1m(ref)=0.2407
[ZSON3 EVAL] 1252/2000 scene=mv2HUxq3B53.basis episode=63 target=chair success=1 spl=0.7827 reason=object_found steps=42 runtime=31.2s SR=48.80% (611/1252) mean_SPL=0.2411 SR@0.1m(ref)=48.80% SPL@0.1m(ref)=0.2411
[ZSON3 EVAL] 1253/2000 scene=mv2HUxq3B53.basis episode=64 target=chair success=1 spl=0.8541 reason=object_found steps=40 runtime=38.3s SR=48.84% (612/1253) mean_SPL=0.2416 SR@0.1m(ref)=48.84% SPL@0.1m(ref)=0.2416
[ZSON3 EVAL] 1254/2000 scene=mv2HUxq3B53.basis episode=65 target=toilet success=1 spl=0.1479 reason=object_found steps=292 runtime=246.6s SR=48.88% (613/1254) mean_SPL=0.2415 SR@0.1m(ref)=48.88% SPL@0.1m(ref)=0.2415
[ZSON3 EVAL] 1255/2000 scene=mv2HUxq3B53.basis episode=66 target=bed success=1 spl=0.2414 reason=object_found steps=227 runtime=197.6s SR=48.92% (614/1255) mean_SPL=0.2415 SR@0.1m(ref)=48.92% SPL@0.1m(ref)=0.2415
[ZSON3 EVAL] 1256/2000 scene=mv2HUxq3B53.basis episode=67 target=sofa success=0 spl=0.0000 reason=max_steps_reached steps=496 runtime=701.7s SR=48.89% (614/1256) mean_SPL=0.2413 SR@0.1m(ref)=48.89% SPL@0.1m(ref)=0.2413
[ZSON3 EVAL] 1257/2000 scene=mv2HUxq3B53.basis episode=68 target=bed success=1 spl=0.4395 reason=object_found steps=126 runtime=134.9s SR=48.93% (615/1257) mean_SPL=0.2415 SR@0.1m(ref)=48.93% SPL@0.1m(ref)=0.2415
[ZSON3 EVAL] 1258/2000 scene=mv2HUxq3B53.basis episode=69 target=toilet success=1 spl=0.8706 reason=object_found steps=60 runtime=113.9s SR=48.97% (616/1258) mean_SPL=0.2420 SR@0.1m(ref)=48.97% SPL@0.1m(ref)=0.2420
[ZSON3 EVAL] 1259/2000 scene=mv2HUxq3B53.basis episode=70 target=toilet success=1 spl=0.5537 reason=object_found steps=124 runtime=70.8s SR=49.01% (617/1259) mean_SPL=0.2422 SR@0.1m(ref)=49.01% SPL@0.1m(ref)=0.2422
[ZSON3 EVAL] 1260/2000 scene=mv2HUxq3B53.basis episode=71 target=tv_monitor success=0 spl=0.0000 reason=false_positive steps=25 runtime=13.5s SR=48.97% (617/1260) mean_SPL=0.2420 SR@0.1m(ref)=48.97% SPL@0.1m(ref)=0.2420
[ZSON3 EVAL] 1261/2000 scene=mv2HUxq3B53.basis episode=72 target=bed success=1 spl=0.1065 reason=object_found steps=281 runtime=294.6s SR=49.01% (618/1261) mean_SPL=0.2419 SR@0.1m(ref)=49.01% SPL@0.1m(ref)=0.2419
[ZSON3 EVAL] 1262/2000 scene=mv2HUxq3B53.basis episode=73 target=sofa success=1 spl=0.7603 reason=object_found steps=55 runtime=41.7s SR=49.05% (619/1262) mean_SPL=0.2423 SR@0.1m(ref)=49.05% SPL@0.1m(ref)=0.2423
[ZSON3 EVAL] 1263/2000 scene=mv2HUxq3B53.basis episode=74 target=toilet success=1 spl=0.0920 reason=object_found steps=459 runtime=644.5s SR=49.09% (620/1263) mean_SPL=0.2422 SR@0.1m(ref)=49.09% SPL@0.1m(ref)=0.2422
[ZSON3 EVAL] 1264/2000 scene=mv2HUxq3B53.basis episode=75 target=sofa success=0 spl=0.0000 reason=false_positive steps=127 runtime=74.3s SR=49.05% (620/1264) mean_SPL=0.2420 SR@0.1m(ref)=49.05% SPL@0.1m(ref)=0.2420
[ZSON3 EVAL] 1265/2000 scene=mv2HUxq3B53.basis episode=76 target=sofa success=1 spl=0.4138 reason=object_found steps=245 runtime=182.6s SR=49.09% (621/1265) mean_SPL=0.2422 SR@0.1m(ref)=49.09% SPL@0.1m(ref)=0.2422
[ZSON3 EVAL] 1266/2000 scene=mv2HUxq3B53.basis episode=77 target=sofa success=1 spl=0.7505 reason=object_found steps=64 runtime=58.0s SR=49.13% (622/1266) mean_SPL=0.2426 SR@0.1m(ref)=49.13% SPL@0.1m(ref)=0.2426
[ZSON3 EVAL] 1267/2000 scene=mv2HUxq3B53.basis episode=78 target=sofa success=1 spl=0.2462 reason=object_found steps=215 runtime=158.9s SR=49.17% (623/1267) mean_SPL=0.2426 SR@0.1m(ref)=49.17% SPL@0.1m(ref)=0.2426
[ZSON3 EVAL] 1268/2000 scene=mv2HUxq3B53.basis episode=79 target=chair success=1 spl=0.8201 reason=object_found steps=21 runtime=14.9s SR=49.21% (624/1268) mean_SPL=0.2430 SR@0.1m(ref)=49.21% SPL@0.1m(ref)=0.2430
[ZSON3 EVAL] 1269/2000 scene=mv2HUxq3B53.basis episode=80 target=chair success=1 spl=0.5113 reason=object_found steps=47 runtime=29.6s SR=49.25% (625/1269) mean_SPL=0.2432 SR@0.1m(ref)=49.25% SPL@0.1m(ref)=0.2432
[ZSON3 EVAL] 1270/2000 scene=mv2HUxq3B53.basis episode=81 target=chair success=1 spl=0.3982 reason=object_found steps=85 runtime=56.8s SR=49.29% (626/1270) mean_SPL=0.2434 SR@0.1m(ref)=49.29% SPL@0.1m(ref)=0.2434
[ZSON3 EVAL] 1271/2000 scene=mv2HUxq3B53.basis episode=82 target=tv_monitor success=0 spl=0.0000 reason=false_positive steps=112 runtime=91.4s SR=49.25% (626/1271) mean_SPL=0.2432 SR@0.1m(ref)=49.25% SPL@0.1m(ref)=0.2432
[ZSON3 EVAL] 1272/2000 scene=mv2HUxq3B53.basis episode=83 target=bed success=1 spl=0.2484 reason=object_found steps=180 runtime=191.5s SR=49.29% (627/1272) mean_SPL=0.2432 SR@0.1m(ref)=49.29% SPL@0.1m(ref)=0.2432
[ZSON3 EVAL] 1273/2000 scene=mv2HUxq3B53.basis episode=84 target=chair success=0 spl=0.0000 reason=false_positive steps=112 runtime=94.3s SR=49.25% (627/1273) mean_SPL=0.2430 SR@0.1m(ref)=49.25% SPL@0.1m(ref)=0.2430
[ZSON3 EVAL] 1274/2000 scene=mv2HUxq3B53.basis episode=85 target=toilet success=0 spl=0.0000 reason=max_steps_reached steps=492 runtime=630.6s SR=49.22% (627/1274) mean_SPL=0.2428 SR@0.1m(ref)=49.22% SPL@0.1m(ref)=0.2428
[ZSON3 EVAL] 1275/2000 scene=mv2HUxq3B53.basis episode=86 target=tv_monitor success=0 spl=0.0000 reason=false_positive steps=29 runtime=13.6s SR=49.18% (627/1275) mean_SPL=0.2426 SR@0.1m(ref)=49.18% SPL@0.1m(ref)=0.2426
[ZSON3 EVAL] 1276/2000 scene=mv2HUxq3B53.basis episode=87 target=bed success=1 spl=0.2778 reason=object_found steps=177 runtime=240.2s SR=49.22% (628/1276) mean_SPL=0.2426 SR@0.1m(ref)=49.22% SPL@0.1m(ref)=0.2426
[ZSON3 EVAL] 1277/2000 scene=mv2HUxq3B53.basis episode=88 target=chair success=1 spl=0.2889 reason=object_found steps=64 runtime=46.9s SR=49.26% (629/1277) mean_SPL=0.2427 SR@0.1m(ref)=49.26% SPL@0.1m(ref)=0.2427
[ZSON3 EVAL] 1278/2000 scene=mv2HUxq3B53.basis episode=89 target=chair success=0 spl=0.0000 reason=false_positive steps=81 runtime=41.1s SR=49.22% (629/1278) mean_SPL=0.2425 SR@0.1m(ref)=49.22% SPL@0.1m(ref)=0.2425
[ZSON3 EVAL] 1279/2000 scene=mv2HUxq3B53.basis episode=90 target=bed success=1 spl=0.8902 reason=object_found steps=91 runtime=60.6s SR=49.26% (630/1279) mean_SPL=0.2430 SR@0.1m(ref)=49.26% SPL@0.1m(ref)=0.2430
[ZSON3 EVAL] 1280/2000 scene=mv2HUxq3B53.basis episode=91 target=sofa success=1 spl=0.0907 reason=object_found steps=350 runtime=299.3s SR=49.30% (631/1280) mean_SPL=0.2429 SR@0.1m(ref)=49.30% SPL@0.1m(ref)=0.2429
[ZSON3 EVAL] 1281/2000 scene=mv2HUxq3B53.basis episode=92 target=toilet success=1 spl=0.7524 reason=object_found steps=77 runtime=54.8s SR=49.34% (632/1281) mean_SPL=0.2433 SR@0.1m(ref)=49.34% SPL@0.1m(ref)=0.2433
[ZSON3 EVAL] 1282/2000 scene=mv2HUxq3B53.basis episode=93 target=bed success=1 spl=0.3603 reason=object_found steps=67 runtime=51.6s SR=49.38% (633/1282) mean_SPL=0.2433 SR@0.1m(ref)=49.38% SPL@0.1m(ref)=0.2433
[ZSON3 EVAL] 1283/2000 scene=mv2HUxq3B53.basis episode=94 target=tv_monitor success=0 spl=0.0000 reason=false_positive steps=125 runtime=83.8s SR=49.34% (633/1283) mean_SPL=0.2432 SR@0.1m(ref)=49.34% SPL@0.1m(ref)=0.2432
[ZSON3 EVAL] 1284/2000 scene=mv2HUxq3B53.basis episode=95 target=chair success=1 spl=0.3086 reason=object_found steps=94 runtime=59.4s SR=49.38% (634/1284) mean_SPL=0.2432 SR@0.1m(ref)=49.38% SPL@0.1m(ref)=0.2432
[ZSON3 EVAL] 1285/2000 scene=mv2HUxq3B53.basis episode=96 target=toilet success=1 spl=0.2570 reason=object_found steps=228 runtime=227.3s SR=49.42% (635/1285) mean_SPL=0.2432 SR@0.1m(ref)=49.42% SPL@0.1m(ref)=0.2432
[ZSON3 EVAL] 1286/2000 scene=mv2HUxq3B53.basis episode=97 target=tv_monitor success=0 spl=0.0000 reason=false_positive steps=32 runtime=15.2s SR=49.38% (635/1286) mean_SPL=0.2430 SR@0.1m(ref)=49.38% SPL@0.1m(ref)=0.2430
[ZSON3 EVAL] 1287/2000 scene=mv2HUxq3B53.basis episode=98 target=toilet success=1 spl=0.2948 reason=object_found steps=102 runtime=136.5s SR=49.42% (636/1287) mean_SPL=0.2431 SR@0.1m(ref)=49.42% SPL@0.1m(ref)=0.2431
[ZSON3 EVAL] 1288/2000 scene=p53SfW6mjZe.basis episode=0 target=sofa success=1 spl=0.4831 reason=object_found steps=215 runtime=117.9s SR=49.46% (637/1288) mean_SPL=0.2433 SR@0.1m(ref)=49.46% SPL@0.1m(ref)=0.2433
[ZSON3 EVAL] 1289/2000 scene=p53SfW6mjZe.basis episode=1 target=toilet success=0 spl=0.0000 reason=max_steps_reached steps=489 runtime=254.4s SR=49.42% (637/1289) mean_SPL=0.2431 SR@0.1m(ref)=49.42% SPL@0.1m(ref)=0.2431
[ZSON3 EVAL] 1290/2000 scene=p53SfW6mjZe.basis episode=2 target=bed success=1 spl=0.5356 reason=object_found steps=74 runtime=39.8s SR=49.46% (638/1290) mean_SPL=0.2433 SR@0.1m(ref)=49.46% SPL@0.1m(ref)=0.2433
[ZSON3 EVAL] 1291/2000 scene=p53SfW6mjZe.basis episode=3 target=tv_monitor success=0 spl=0.0000 reason=max_steps_reached steps=496 runtime=373.9s SR=49.42% (638/1291) mean_SPL=0.2431 SR@0.1m(ref)=49.42% SPL@0.1m(ref)=0.2431
[ZSON3 EVAL] 1292/2000 scene=p53SfW6mjZe.basis episode=4 target=toilet success=1 spl=0.8046 reason=object_found steps=125 runtime=51.7s SR=49.46% (639/1292) mean_SPL=0.2435 SR@0.1m(ref)=49.46% SPL@0.1m(ref)=0.2435
[ZSON3 EVAL] 1293/2000 scene=p53SfW6mjZe.basis episode=5 target=tv_monitor success=0 spl=0.0000 reason=max_steps_reached steps=497 runtime=404.0s SR=49.42% (639/1293) mean_SPL=0.2434 SR@0.1m(ref)=49.42% SPL@0.1m(ref)=0.2434
[ZSON3 EVAL] 1294/2000 scene=p53SfW6mjZe.basis episode=6 target=chair success=1 spl=0.7050 reason=object_found steps=236 runtime=193.3s SR=49.46% (640/1294) mean_SPL=0.2437 SR@0.1m(ref)=49.46% SPL@0.1m(ref)=0.2437
[ZSON3 EVAL] 1295/2000 scene=p53SfW6mjZe.basis episode=7 target=toilet success=0 spl=0.0000 reason=max_steps_reached steps=493 runtime=633.6s SR=49.42% (640/1295) mean_SPL=0.2435 SR@0.1m(ref)=49.42% SPL@0.1m(ref)=0.2435
[ZSON3 EVAL] 1296/2000 scene=p53SfW6mjZe.basis episode=8 target=chair success=0 spl=0.0000 reason=max_steps_reached steps=486 runtime=241.5s SR=49.38% (640/1296) mean_SPL=0.2433 SR@0.1m(ref)=49.38% SPL@0.1m(ref)=0.2433
[ZSON3 EVAL] 1297/2000 scene=p53SfW6mjZe.basis episode=9 target=bed success=1 spl=0.2219 reason=object_found steps=132 runtime=124.1s SR=49.42% (641/1297) mean_SPL=0.2433 SR@0.1m(ref)=49.42% SPL@0.1m(ref)=0.2433
[ZSON3 EVAL] 1298/2000 scene=p53SfW6mjZe.basis episode=10 target=bed success=0 spl=0.0000 reason=max_steps_reached steps=490 runtime=862.6s SR=49.38% (641/1298) mean_SPL=0.2431 SR@0.1m(ref)=49.38% SPL@0.1m(ref)=0.2431
[ZSON3 EVAL] 1299/2000 scene=p53SfW6mjZe.basis episode=11 target=toilet success=0 spl=0.0000 reason=max_steps_reached steps=494 runtime=451.0s SR=49.35% (641/1299) mean_SPL=0.2429 SR@0.1m(ref)=49.35% SPL@0.1m(ref)=0.2429
[ZSON3 EVAL] 1300/2000 scene=p53SfW6mjZe.basis episode=12 target=bed success=0 spl=0.0000 reason=exception steps=478 runtime=352.6s SR=49.31% (641/1300) mean_SPL=0.2428 SR@0.1m(ref)=49.31% SPL@0.1m(ref)=0.2428
[ZSON3 EVAL] 1301/2000 scene=p53SfW6mjZe.basis episode=13 target=sofa success=1 spl=0.7224 reason=object_found steps=44 runtime=36.4s SR=49.35% (642/1301) mean_SPL=0.2431 SR@0.1m(ref)=49.35% SPL@0.1m(ref)=0.2431
[ZSON3 EVAL] 1302/2000 scene=p53SfW6mjZe.basis episode=14 target=toilet success=0 spl=0.0000 reason=robot_stuck steps=228 runtime=150.9s SR=49.31% (642/1302) mean_SPL=0.2429 SR@0.1m(ref)=49.31% SPL@0.1m(ref)=0.2429
[ZSON3 EVAL] 1303/2000 scene=p53SfW6mjZe.basis episode=15 target=tv_monitor success=0 spl=0.0000 reason=max_steps_reached steps=490 runtime=468.9s SR=49.27% (642/1303) mean_SPL=0.2428 SR@0.1m(ref)=49.27% SPL@0.1m(ref)=0.2428
[ZSON3 EVAL] 1304/2000 scene=p53SfW6mjZe.basis episode=16 target=tv_monitor success=0 spl=0.0000 reason=robot_stuck steps=372 runtime=203.9s SR=49.23% (642/1304) mean_SPL=0.2426 SR@0.1m(ref)=49.23% SPL@0.1m(ref)=0.2426
[ZSON3 EVAL] 1305/2000 scene=p53SfW6mjZe.basis episode=17 target=chair success=0 spl=0.0000 reason=max_steps_reached steps=488 runtime=283.8s SR=49.20% (642/1305) mean_SPL=0.2424 SR@0.1m(ref)=49.20% SPL@0.1m(ref)=0.2424
[ZSON3 EVAL] 1306/2000 scene=p53SfW6mjZe.basis episode=18 target=bed success=1 spl=0.7912 reason=object_found steps=54 runtime=32.6s SR=49.23% (643/1306) mean_SPL=0.2428 SR@0.1m(ref)=49.23% SPL@0.1m(ref)=0.2428
[ZSON3 EVAL] 1307/2000 scene=p53SfW6mjZe.basis episode=19 target=chair success=0 spl=0.0000 reason=max_steps_reached steps=498 runtime=297.6s SR=49.20% (643/1307) mean_SPL=0.2426 SR@0.1m(ref)=49.20% SPL@0.1m(ref)=0.2426
[ZSON3 EVAL] 1308/2000 scene=p53SfW6mjZe.basis episode=20 target=tv_monitor success=0 spl=0.0000 reason=max_steps_reached steps=488 runtime=546.5s SR=49.16% (643/1308) mean_SPL=0.2424 SR@0.1m(ref)=49.16% SPL@0.1m(ref)=0.2424
[ZSON3 EVAL] 1309/2000 scene=p53SfW6mjZe.basis episode=21 target=toilet success=0 spl=0.0000 reason=max_steps_reached steps=498 runtime=583.2s SR=49.12% (643/1309) mean_SPL=0.2422 SR@0.1m(ref)=49.12% SPL@0.1m(ref)=0.2422
[ZSON3 EVAL] 1310/2000 scene=p53SfW6mjZe.basis episode=22 target=bed success=1 spl=0.3265 reason=object_found steps=171 runtime=116.7s SR=49.16% (644/1310) mean_SPL=0.2423 SR@0.1m(ref)=49.16% SPL@0.1m(ref)=0.2423
[ZSON3 EVAL] 1311/2000 scene=p53SfW6mjZe.basis episode=23 target=toilet success=0 spl=0.0000 reason=robot_stuck steps=416 runtime=568.4s SR=49.12% (644/1311) mean_SPL=0.2421 SR@0.1m(ref)=49.12% SPL@0.1m(ref)=0.2421
[ZSON3 EVAL] 1312/2000 scene=p53SfW6mjZe.basis episode=24 target=tv_monitor success=0 spl=0.0000 reason=max_steps_reached steps=500 runtime=562.8s SR=49.09% (644/1312) mean_SPL=0.2419 SR@0.1m(ref)=49.09% SPL@0.1m(ref)=0.2419
[ZSON3 EVAL] 1313/2000 scene=p53SfW6mjZe.basis episode=25 target=tv_monitor success=0 spl=0.0000 reason=robot_stuck steps=272 runtime=140.9s SR=49.05% (644/1313) mean_SPL=0.2418 SR@0.1m(ref)=49.05% SPL@0.1m(ref)=0.2418
[ZSON3 EVAL] 1314/2000 scene=p53SfW6mjZe.basis episode=26 target=chair success=1 spl=0.8670 reason=object_found steps=48 runtime=28.2s SR=49.09% (645/1314) mean_SPL=0.2422 SR@0.1m(ref)=49.09% SPL@0.1m(ref)=0.2422
[ZSON3 EVAL] 1315/2000 scene=p53SfW6mjZe.basis episode=27 target=chair success=0 spl=0.0000 reason=max_steps_reached steps=487 runtime=309.8s SR=49.05% (645/1315) mean_SPL=0.2420 SR@0.1m(ref)=49.05% SPL@0.1m(ref)=0.2420
[ZSON3 EVAL] 1316/2000 scene=p53SfW6mjZe.basis episode=28 target=toilet success=0 spl=0.0000 reason=max_steps_reached steps=498 runtime=368.8s SR=49.01% (645/1316) mean_SPL=0.2419 SR@0.1m(ref)=49.01% SPL@0.1m(ref)=0.2419
[ZSON3 EVAL] 1317/2000 scene=p53SfW6mjZe.basis episode=29 target=sofa success=1 spl=0.1604 reason=object_found steps=141 runtime=135.0s SR=49.05% (646/1317) mean_SPL=0.2418 SR@0.1m(ref)=49.05% SPL@0.1m(ref)=0.2418
[ZSON3 EVAL] 1318/2000 scene=p53SfW6mjZe.basis episode=30 target=toilet success=0 spl=0.0000 reason=max_steps_reached steps=494 runtime=440.0s SR=49.01% (646/1318) mean_SPL=0.2416 SR@0.1m(ref)=49.01% SPL@0.1m(ref)=0.2416
[ZSON3 EVAL] 1319/2000 scene=p53SfW6mjZe.basis episode=31 target=tv_monitor success=0 spl=0.0000 reason=max_steps_reached steps=496 runtime=262.2s SR=48.98% (646/1319) mean_SPL=0.2414 SR@0.1m(ref)=48.98% SPL@0.1m(ref)=0.2414
[ZSON3 EVAL] 1320/2000 scene=p53SfW6mjZe.basis episode=32 target=sofa success=1 spl=0.4718 reason=object_found steps=105 runtime=99.2s SR=49.02% (647/1320) mean_SPL=0.2416 SR@0.1m(ref)=49.02% SPL@0.1m(ref)=0.2416
[ZSON3 EVAL] 1321/2000 scene=p53SfW6mjZe.basis episode=33 target=bed success=1 spl=0.8633 reason=object_found steps=40 runtime=100.7s SR=49.05% (648/1321) mean_SPL=0.2421 SR@0.1m(ref)=49.05% SPL@0.1m(ref)=0.2421
[ZSON3 EVAL] 1322/2000 scene=p53SfW6mjZe.basis episode=34 target=bed success=0 spl=0.0000 reason=max_steps_reached steps=494 runtime=394.3s SR=49.02% (648/1322) mean_SPL=0.2419 SR@0.1m(ref)=49.02% SPL@0.1m(ref)=0.2419
[ZSON3 EVAL] 1323/2000 scene=p53SfW6mjZe.basis episode=35 target=sofa success=1 spl=0.7042 reason=object_found steps=148 runtime=70.1s SR=49.06% (649/1323) mean_SPL=0.2422 SR@0.1m(ref)=49.06% SPL@0.1m(ref)=0.2422
[ZSON3 EVAL] 1324/2000 scene=p53SfW6mjZe.basis episode=36 target=chair success=0 spl=0.0000 reason=false_positive steps=31 runtime=22.9s SR=49.02% (649/1324) mean_SPL=0.2421 SR@0.1m(ref)=49.02% SPL@0.1m(ref)=0.2421
[ZSON3 EVAL] 1325/2000 scene=p53SfW6mjZe.basis episode=37 target=bed success=1 spl=0.3820 reason=object_found steps=86 runtime=49.9s SR=49.06% (650/1325) mean_SPL=0.2422 SR@0.1m(ref)=49.06% SPL@0.1m(ref)=0.2422
[ZSON3 EVAL] 1326/2000 scene=p53SfW6mjZe.basis episode=38 target=toilet success=0 spl=0.0000 reason=max_steps_reached steps=493 runtime=482.5s SR=49.02% (650/1326) mean_SPL=0.2420 SR@0.1m(ref)=49.02% SPL@0.1m(ref)=0.2420
[ZSON3 EVAL] 1327/2000 scene=p53SfW6mjZe.basis episode=39 target=sofa success=0 spl=0.0000 reason=false_positive steps=46 runtime=37.4s SR=48.98% (650/1327) mean_SPL=0.2418 SR@0.1m(ref)=48.98% SPL@0.1m(ref)=0.2418
[ZSON3 EVAL] 1328/2000 scene=p53SfW6mjZe.basis episode=40 target=tv_monitor success=0 spl=0.0000 reason=false_positive steps=384 runtime=373.2s SR=48.95% (650/1328) mean_SPL=0.2416 SR@0.1m(ref)=48.95% SPL@0.1m(ref)=0.2416
[ZSON3 EVAL] 1329/2000 scene=p53SfW6mjZe.basis episode=41 target=bed success=1 spl=0.3696 reason=object_found steps=77 runtime=46.5s SR=48.98% (651/1329) mean_SPL=0.2417 SR@0.1m(ref)=48.98% SPL@0.1m(ref)=0.2417
[ZSON3 EVAL] 1330/2000 scene=p53SfW6mjZe.basis episode=42 target=sofa success=1 spl=0.4059 reason=object_found steps=140 runtime=85.3s SR=49.02% (652/1330) mean_SPL=0.2418 SR@0.1m(ref)=49.02% SPL@0.1m(ref)=0.2418
[ZSON3 EVAL] 1331/2000 scene=p53SfW6mjZe.basis episode=43 target=sofa success=1 spl=0.3360 reason=object_found steps=94 runtime=71.4s SR=49.06% (653/1331) mean_SPL=0.2419 SR@0.1m(ref)=49.06% SPL@0.1m(ref)=0.2419
[ZSON3 EVAL] 1332/2000 scene=p53SfW6mjZe.basis episode=44 target=tv_monitor success=1 spl=0.4511 reason=object_found steps=108 runtime=164.4s SR=49.10% (654/1332) mean_SPL=0.2421 SR@0.1m(ref)=49.10% SPL@0.1m(ref)=0.2421
[ZSON3 EVAL] 1333/2000 scene=p53SfW6mjZe.basis episode=45 target=sofa success=1 spl=0.6092 reason=object_found steps=115 runtime=48.8s SR=49.14% (655/1333) mean_SPL=0.2423 SR@0.1m(ref)=49.14% SPL@0.1m(ref)=0.2423
[ZSON3 EVAL] 1334/2000 scene=p53SfW6mjZe.basis episode=46 target=toilet success=0 spl=0.0000 reason=max_steps_reached steps=500 runtime=731.5s SR=49.10% (655/1334) mean_SPL=0.2422 SR@0.1m(ref)=49.10% SPL@0.1m(ref)=0.2422
[ZSON3 EVAL] 1335/2000 scene=p53SfW6mjZe.basis episode=47 target=tv_monitor success=0 spl=0.0000 reason=max_steps_reached steps=500 runtime=277.2s SR=49.06% (655/1335) mean_SPL=0.2420 SR@0.1m(ref)=49.06% SPL@0.1m(ref)=0.2420
[ZSON3 EVAL] 1336/2000 scene=p53SfW6mjZe.basis episode=48 target=bed success=0 spl=0.0000 reason=max_steps_reached steps=482 runtime=276.9s SR=49.03% (655/1336) mean_SPL=0.2418 SR@0.1m(ref)=49.03% SPL@0.1m(ref)=0.2418
[ZSON3 EVAL] 1337/2000 scene=p53SfW6mjZe.basis episode=49 target=bed success=1 spl=0.1415 reason=object_found steps=473 runtime=458.2s SR=49.07% (656/1337) mean_SPL=0.2417 SR@0.1m(ref)=49.07% SPL@0.1m(ref)=0.2417
[ZSON3 EVAL] 1338/2000 scene=p53SfW6mjZe.basis episode=50 target=toilet success=0 spl=0.0000 reason=max_steps_reached steps=489 runtime=459.5s SR=49.03% (656/1338) mean_SPL=0.2415 SR@0.1m(ref)=49.03% SPL@0.1m(ref)=0.2415
[ZSON3 EVAL] 1339/2000 scene=p53SfW6mjZe.basis episode=51 target=tv_monitor success=0 spl=0.0000 reason=max_steps_reached steps=497 runtime=273.6s SR=48.99% (656/1339) mean_SPL=0.2414 SR@0.1m(ref)=48.99% SPL@0.1m(ref)=0.2414
[ZSON3 EVAL] 1340/2000 scene=p53SfW6mjZe.basis episode=52 target=bed success=1 spl=0.1542 reason=object_found steps=345 runtime=321.4s SR=49.03% (657/1340) mean_SPL=0.2413 SR@0.1m(ref)=49.03% SPL@0.1m(ref)=0.2413
[ZSON3 EVAL] 1341/2000 scene=p53SfW6mjZe.basis episode=53 target=tv_monitor success=0 spl=0.0000 reason=max_steps_reached steps=496 runtime=563.2s SR=48.99% (657/1341) mean_SPL=0.2411 SR@0.1m(ref)=48.99% SPL@0.1m(ref)=0.2411
[ZSON3 EVAL] 1342/2000 scene=p53SfW6mjZe.basis episode=54 target=chair success=0 spl=0.0000 reason=false_positive steps=19 runtime=19.2s SR=48.96% (657/1342) mean_SPL=0.2409 SR@0.1m(ref)=48.96% SPL@0.1m(ref)=0.2409
[ZSON3 EVAL] 1343/2000 scene=p53SfW6mjZe.basis episode=55 target=toilet success=0 spl=0.0000 reason=max_steps_reached steps=493 runtime=539.6s SR=48.92% (657/1343) mean_SPL=0.2408 SR@0.1m(ref)=48.92% SPL@0.1m(ref)=0.2408
[ZSON3 EVAL] 1344/2000 scene=p53SfW6mjZe.basis episode=56 target=toilet success=1 spl=0.4777 reason=object_found steps=190 runtime=121.9s SR=48.96% (658/1344) mean_SPL=0.2409 SR@0.1m(ref)=48.96% SPL@0.1m(ref)=0.2409
[ZSON3 EVAL] 1345/2000 scene=p53SfW6mjZe.basis episode=57 target=tv_monitor success=1 spl=0.8020 reason=object_found steps=73 runtime=32.6s SR=49.00% (659/1345) mean_SPL=0.2414 SR@0.1m(ref)=49.00% SPL@0.1m(ref)=0.2414
[ZSON3 EVAL] 1346/2000 scene=p53SfW6mjZe.basis episode=58 target=toilet success=0 spl=0.0000 reason=max_steps_reached steps=495 runtime=472.2s SR=48.96% (659/1346) mean_SPL=0.2412 SR@0.1m(ref)=48.96% SPL@0.1m(ref)=0.2412
[ZSON3 EVAL] 1347/2000 scene=p53SfW6mjZe.basis episode=59 target=toilet success=0 spl=0.0000 reason=max_steps_reached steps=494 runtime=485.9s SR=48.92% (659/1347) mean_SPL=0.2410 SR@0.1m(ref)=48.92% SPL@0.1m(ref)=0.2410
[ZSON3 EVAL] 1348/2000 scene=p53SfW6mjZe.basis episode=60 target=chair success=0 spl=0.0000 reason=max_steps_reached steps=497 runtime=465.6s SR=48.89% (659/1348) mean_SPL=0.2408 SR@0.1m(ref)=48.89% SPL@0.1m(ref)=0.2408
[ZSON3 EVAL] 1349/2000 scene=p53SfW6mjZe.basis episode=61 target=sofa success=0 spl=0.0000 reason=max_steps_reached steps=500 runtime=427.0s SR=48.85% (659/1349) mean_SPL=0.2406 SR@0.1m(ref)=48.85% SPL@0.1m(ref)=0.2406
[ZSON3 EVAL] 1350/2000 scene=p53SfW6mjZe.basis episode=62 target=toilet success=1 spl=0.1372 reason=object_found steps=278 runtime=161.6s SR=48.89% (660/1350) mean_SPL=0.2406 SR@0.1m(ref)=48.89% SPL@0.1m(ref)=0.2406
[ZSON3 EVAL] 1351/2000 scene=p53SfW6mjZe.basis episode=63 target=chair success=0 spl=0.0000 reason=no_frontiers steps=442 runtime=247.2s SR=48.85% (660/1351) mean_SPL=0.2404 SR@0.1m(ref)=48.85% SPL@0.1m(ref)=0.2404
[ZSON3 EVAL] 1352/2000 scene=p53SfW6mjZe.basis episode=64 target=tv_monitor success=0 spl=0.0000 reason=max_steps_reached steps=493 runtime=274.0s SR=48.82% (660/1352) mean_SPL=0.2402 SR@0.1m(ref)=48.82% SPL@0.1m(ref)=0.2402
[ZSON3 EVAL] 1353/2000 scene=p53SfW6mjZe.basis episode=65 target=sofa success=0 spl=0.0000 reason=max_steps_reached steps=500 runtime=386.7s SR=48.78% (660/1353) mean_SPL=0.2400 SR@0.1m(ref)=48.78% SPL@0.1m(ref)=0.2400
[ZSON3 EVAL] 1354/2000 scene=p53SfW6mjZe.basis episode=66 target=tv_monitor success=0 spl=0.0000 reason=max_steps_reached steps=495 runtime=384.3s SR=48.74% (660/1354) mean_SPL=0.2399 SR@0.1m(ref)=48.74% SPL@0.1m(ref)=0.2399
[ZSON3 EVAL] 1355/2000 scene=p53SfW6mjZe.basis episode=67 target=tv_monitor success=0 spl=0.0000 reason=max_steps_reached steps=485 runtime=263.8s SR=48.71% (660/1355) mean_SPL=0.2397 SR@0.1m(ref)=48.71% SPL@0.1m(ref)=0.2397
[ZSON3 EVAL] 1356/2000 scene=p53SfW6mjZe.basis episode=68 target=sofa success=1 spl=0.3586 reason=object_found steps=97 runtime=91.3s SR=48.75% (661/1356) mean_SPL=0.2398 SR@0.1m(ref)=48.75% SPL@0.1m(ref)=0.2398
[ZSON3 EVAL] 1357/2000 scene=p53SfW6mjZe.basis episode=69 target=chair success=0 spl=0.0000 reason=false_positive steps=17 runtime=6.6s SR=48.71% (661/1357) mean_SPL=0.2396 SR@0.1m(ref)=48.71% SPL@0.1m(ref)=0.2396
[ZSON3 EVAL] 1358/2000 scene=p53SfW6mjZe.basis episode=70 target=bed success=0 spl=0.0000 reason=max_steps_reached steps=494 runtime=372.9s SR=48.67% (661/1358) mean_SPL=0.2394 SR@0.1m(ref)=48.67% SPL@0.1m(ref)=0.2394
[ZSON3 EVAL] 1359/2000 scene=p53SfW6mjZe.basis episode=71 target=toilet success=1 spl=0.1160 reason=object_found steps=194 runtime=117.4s SR=48.71% (662/1359) mean_SPL=0.2393 SR@0.1m(ref)=48.71% SPL@0.1m(ref)=0.2393
[ZSON3 EVAL] 1360/2000 scene=p53SfW6mjZe.basis episode=72 target=chair success=0 spl=0.0000 reason=max_steps_reached steps=493 runtime=289.6s SR=48.68% (662/1360) mean_SPL=0.2391 SR@0.1m(ref)=48.68% SPL@0.1m(ref)=0.2391
[ZSON3 EVAL] 1361/2000 scene=p53SfW6mjZe.basis episode=73 target=tv_monitor success=0 spl=0.0000 reason=max_steps_reached steps=484 runtime=593.8s SR=48.64% (662/1361) mean_SPL=0.2390 SR@0.1m(ref)=48.64% SPL@0.1m(ref)=0.2390
[ZSON3 EVAL] 1362/2000 scene=p53SfW6mjZe.basis episode=74 target=sofa success=1 spl=0.9218 reason=object_found steps=58 runtime=43.2s SR=48.68% (663/1362) mean_SPL=0.2395 SR@0.1m(ref)=48.68% SPL@0.1m(ref)=0.2395
[ZSON3 EVAL] 1363/2000 scene=p53SfW6mjZe.basis episode=75 target=sofa success=1 spl=0.3613 reason=object_found steps=207 runtime=120.8s SR=48.72% (664/1363) mean_SPL=0.2396 SR@0.1m(ref)=48.72% SPL@0.1m(ref)=0.2396
[ZSON3 EVAL] 1364/2000 scene=p53SfW6mjZe.basis episode=76 target=toilet success=1 spl=0.1592 reason=object_found steps=434 runtime=257.2s SR=48.75% (665/1364) mean_SPL=0.2395 SR@0.1m(ref)=48.75% SPL@0.1m(ref)=0.2395
[ZSON3 EVAL] 1365/2000 scene=p53SfW6mjZe.basis episode=77 target=toilet success=0 spl=0.0000 reason=max_steps_reached steps=488 runtime=446.3s SR=48.72% (665/1365) mean_SPL=0.2393 SR@0.1m(ref)=48.72% SPL@0.1m(ref)=0.2393
[ZSON3 EVAL] 1366/2000 scene=p53SfW6mjZe.basis episode=78 target=sofa success=1 spl=0.2292 reason=object_found steps=276 runtime=260.5s SR=48.76% (666/1366) mean_SPL=0.2393 SR@0.1m(ref)=48.76% SPL@0.1m(ref)=0.2393
[ZSON3 EVAL] 1367/2000 scene=p53SfW6mjZe.basis episode=79 target=tv_monitor success=0 spl=0.0000 reason=max_steps_reached steps=489 runtime=292.5s SR=48.72% (666/1367) mean_SPL=0.2391 SR@0.1m(ref)=48.72% SPL@0.1m(ref)=0.2391
[ZSON3 EVAL] 1368/2000 scene=p53SfW6mjZe.basis episode=80 target=chair success=1 spl=0.5928 reason=object_found steps=100 runtime=64.6s SR=48.76% (667/1368) mean_SPL=0.2394 SR@0.1m(ref)=48.76% SPL@0.1m(ref)=0.2394
[ZSON3 EVAL] 1369/2000 scene=p53SfW6mjZe.basis episode=81 target=chair success=0 spl=0.0000 reason=max_steps_reached steps=500 runtime=320.2s SR=48.72% (667/1369) mean_SPL=0.2392 SR@0.1m(ref)=48.72% SPL@0.1m(ref)=0.2392
[ZSON3 EVAL] 1370/2000 scene=p53SfW6mjZe.basis episode=82 target=sofa success=1 spl=0.2764 reason=object_found steps=305 runtime=177.6s SR=48.76% (668/1370) mean_SPL=0.2393 SR@0.1m(ref)=48.76% SPL@0.1m(ref)=0.2393
[ZSON3 EVAL] 1371/2000 scene=p53SfW6mjZe.basis episode=83 target=chair success=0 spl=0.0000 reason=false_positive steps=35 runtime=24.1s SR=48.72% (668/1371) mean_SPL=0.2391 SR@0.1m(ref)=48.72% SPL@0.1m(ref)=0.2391
[ZSON3 EVAL] 1372/2000 scene=p53SfW6mjZe.basis episode=84 target=tv_monitor success=0 spl=0.0000 reason=max_steps_reached steps=498 runtime=296.9s SR=48.69% (668/1372) mean_SPL=0.2389 SR@0.1m(ref)=48.69% SPL@0.1m(ref)=0.2389
[ZSON3 EVAL] 1373/2000 scene=p53SfW6mjZe.basis episode=85 target=tv_monitor success=0 spl=0.0000 reason=robot_stuck steps=447 runtime=418.0s SR=48.65% (668/1373) mean_SPL=0.2387 SR@0.1m(ref)=48.65% SPL@0.1m(ref)=0.2387
[ZSON3 EVAL] 1374/2000 scene=p53SfW6mjZe.basis episode=86 target=bed success=0 spl=0.0000 reason=false_positive steps=223 runtime=121.2s SR=48.62% (668/1374) mean_SPL=0.2386 SR@0.1m(ref)=48.62% SPL@0.1m(ref)=0.2386
[ZSON3 EVAL] 1375/2000 scene=p53SfW6mjZe.basis episode=87 target=bed success=1 spl=0.1408 reason=object_found steps=402 runtime=291.3s SR=48.65% (669/1375) mean_SPL=0.2385 SR@0.1m(ref)=48.65% SPL@0.1m(ref)=0.2385
[ZSON3 EVAL] 1376/2000 scene=p53SfW6mjZe.basis episode=88 target=bed success=0 spl=0.0000 reason=max_steps_reached steps=499 runtime=415.3s SR=48.62% (669/1376) mean_SPL=0.2383 SR@0.1m(ref)=48.62% SPL@0.1m(ref)=0.2383
[ZSON3 EVAL] 1377/2000 scene=p53SfW6mjZe.basis episode=89 target=chair success=1 spl=0.4771 reason=object_found steps=68 runtime=55.2s SR=48.66% (670/1377) mean_SPL=0.2385 SR@0.1m(ref)=48.66% SPL@0.1m(ref)=0.2385
[ZSON3 EVAL] 1378/2000 scene=p53SfW6mjZe.basis episode=90 target=bed success=1 spl=0.8195 reason=object_found steps=23 runtime=14.6s SR=48.69% (671/1378) mean_SPL=0.2389 SR@0.1m(ref)=48.69% SPL@0.1m(ref)=0.2389
[ZSON3 EVAL] 1379/2000 scene=p53SfW6mjZe.basis episode=91 target=toilet success=0 spl=0.0000 reason=robot_stuck steps=427 runtime=342.7s SR=48.66% (671/1379) mean_SPL=0.2387 SR@0.1m(ref)=48.66% SPL@0.1m(ref)=0.2387
[ZSON3 EVAL] 1380/2000 scene=p53SfW6mjZe.basis episode=92 target=chair success=0 spl=0.0000 reason=false_positive steps=51 runtime=22.3s SR=48.62% (671/1380) mean_SPL=0.2386 SR@0.1m(ref)=48.62% SPL@0.1m(ref)=0.2386
[ZSON3 EVAL] 1381/2000 scene=p53SfW6mjZe.basis episode=93 target=chair success=0 spl=0.0000 reason=false_positive steps=17 runtime=23.5s SR=48.59% (671/1381) mean_SPL=0.2384 SR@0.1m(ref)=48.59% SPL@0.1m(ref)=0.2384
[ZSON3 EVAL] 1382/2000 scene=p53SfW6mjZe.basis episode=94 target=bed success=0 spl=0.0000 reason=max_steps_reached steps=500 runtime=428.9s SR=48.55% (671/1382) mean_SPL=0.2382 SR@0.1m(ref)=48.55% SPL@0.1m(ref)=0.2382
[ZSON3 EVAL] 1383/2000 scene=p53SfW6mjZe.basis episode=95 target=tv_monitor success=0 spl=0.0000 reason=max_steps_reached steps=500 runtime=263.3s SR=48.52% (671/1383) mean_SPL=0.2380 SR@0.1m(ref)=48.52% SPL@0.1m(ref)=0.2380
[ZSON3 EVAL] 1384/2000 scene=p53SfW6mjZe.basis episode=96 target=tv_monitor success=0 spl=0.0000 reason=max_steps_reached steps=485 runtime=316.1s SR=48.48% (671/1384) mean_SPL=0.2379 SR@0.1m(ref)=48.48% SPL@0.1m(ref)=0.2379
[ZSON3 EVAL] 1385/2000 scene=p53SfW6mjZe.basis episode=97 target=bed success=1 spl=0.3934 reason=object_found steps=133 runtime=70.3s SR=48.52% (672/1385) mean_SPL=0.2380 SR@0.1m(ref)=48.52% SPL@0.1m(ref)=0.2380
[ZSON3 EVAL] 1386/2000 scene=p53SfW6mjZe.basis episode=98 target=bed success=0 spl=0.0000 reason=false_positive steps=193 runtime=143.7s SR=48.48% (672/1386) mean_SPL=0.2378 SR@0.1m(ref)=48.48% SPL@0.1m(ref)=0.2378
[ZSON3 EVAL] 1387/2000 scene=q3zU7Yy5E5s.basis episode=0 target=sofa success=0 spl=0.0000 reason=false_positive steps=72 runtime=48.8s SR=48.45% (672/1387) mean_SPL=0.2376 SR@0.1m(ref)=48.45% SPL@0.1m(ref)=0.2376
[ZSON3 EVAL] 1388/2000 scene=q3zU7Yy5E5s.basis episode=1 target=chair success=0 spl=0.0000 reason=robot_stuck steps=215 runtime=70.5s SR=48.41% (672/1388) mean_SPL=0.2375 SR@0.1m(ref)=48.41% SPL@0.1m(ref)=0.2375
[ZSON3 EVAL] 1389/2000 scene=q3zU7Yy5E5s.basis episode=2 target=chair success=1 spl=0.6288 reason=object_found steps=59 runtime=36.4s SR=48.45% (673/1389) mean_SPL=0.2377 SR@0.1m(ref)=48.45% SPL@0.1m(ref)=0.2377
[ZSON3 EVAL] 1390/2000 scene=q3zU7Yy5E5s.basis episode=3 target=chair success=1 spl=0.6404 reason=object_found steps=63 runtime=23.9s SR=48.49% (674/1390) mean_SPL=0.2380 SR@0.1m(ref)=48.49% SPL@0.1m(ref)=0.2380
[ZSON3 EVAL] 1391/2000 scene=q3zU7Yy5E5s.basis episode=4 target=tv_monitor success=0 spl=0.0000 reason=max_steps_reached steps=485 runtime=331.9s SR=48.45% (674/1391) mean_SPL=0.2379 SR@0.1m(ref)=48.45% SPL@0.1m(ref)=0.2379
[ZSON3 EVAL] 1392/2000 scene=q3zU7Yy5E5s.basis episode=5 target=chair success=1 spl=0.5497 reason=object_found steps=73 runtime=34.6s SR=48.49% (675/1392) mean_SPL=0.2381 SR@0.1m(ref)=48.49% SPL@0.1m(ref)=0.2381
[ZSON3 EVAL] 1393/2000 scene=q3zU7Yy5E5s.basis episode=6 target=tv_monitor success=0 spl=0.0000 reason=max_steps_reached steps=487 runtime=240.4s SR=48.46% (675/1393) mean_SPL=0.2379 SR@0.1m(ref)=48.46% SPL@0.1m(ref)=0.2379
[ZSON3 EVAL] 1394/2000 scene=q3zU7Yy5E5s.basis episode=7 target=sofa success=0 spl=0.0000 reason=false_positive steps=43 runtime=26.8s SR=48.42% (675/1394) mean_SPL=0.2377 SR@0.1m(ref)=48.42% SPL@0.1m(ref)=0.2377
[ZSON3 EVAL] 1395/2000 scene=q3zU7Yy5E5s.basis episode=8 target=toilet success=0 spl=0.0000 reason=max_steps_reached steps=481 runtime=212.6s SR=48.39% (675/1395) mean_SPL=0.2376 SR@0.1m(ref)=48.39% SPL@0.1m(ref)=0.2376
[ZSON3 EVAL] 1396/2000 scene=q3zU7Yy5E5s.basis episode=9 target=sofa success=0 spl=0.0000 reason=max_steps_reached steps=498 runtime=284.2s SR=48.35% (675/1396) mean_SPL=0.2374 SR@0.1m(ref)=48.35% SPL@0.1m(ref)=0.2374
[ZSON3 EVAL] 1397/2000 scene=q3zU7Yy5E5s.basis episode=10 target=sofa success=0 spl=0.0000 reason=max_steps_reached steps=478 runtime=240.3s SR=48.32% (675/1397) mean_SPL=0.2372 SR@0.1m(ref)=48.32% SPL@0.1m(ref)=0.2372
[ZSON3 EVAL] 1398/2000 scene=q3zU7Yy5E5s.basis episode=11 target=sofa success=0 spl=0.0000 reason=no_frontiers steps=426 runtime=199.2s SR=48.28% (675/1398) mean_SPL=0.2371 SR@0.1m(ref)=48.28% SPL@0.1m(ref)=0.2371
[ZSON3 EVAL] 1399/2000 scene=q3zU7Yy5E5s.basis episode=12 target=sofa success=0 spl=0.0000 reason=false_positive steps=181 runtime=105.3s SR=48.25% (675/1399) mean_SPL=0.2369 SR@0.1m(ref)=48.25% SPL@0.1m(ref)=0.2369
[ZSON3 EVAL] 1400/2000 scene=q3zU7Yy5E5s.basis episode=13 target=toilet success=1 spl=0.7103 reason=object_found steps=170 runtime=78.8s SR=48.29% (676/1400) mean_SPL=0.2372 SR@0.1m(ref)=48.29% SPL@0.1m(ref)=0.2372
[ZSON3 EVAL] 1401/2000 scene=q3zU7Yy5E5s.basis episode=14 target=tv_monitor success=0 spl=0.0000 reason=max_steps_reached steps=491 runtime=323.6s SR=48.25% (676/1401) mean_SPL=0.2371 SR@0.1m(ref)=48.25% SPL@0.1m(ref)=0.2371
[ZSON3 EVAL] 1402/2000 scene=q3zU7Yy5E5s.basis episode=15 target=tv_monitor success=0 spl=0.0000 reason=max_steps_reached steps=488 runtime=273.1s SR=48.22% (676/1402) mean_SPL=0.2369 SR@0.1m(ref)=48.22% SPL@0.1m(ref)=0.2369
[ZSON3 EVAL] 1403/2000 scene=q3zU7Yy5E5s.basis episode=16 target=chair success=1 spl=0.7330 reason=object_found steps=69 runtime=34.4s SR=48.25% (677/1403) mean_SPL=0.2373 SR@0.1m(ref)=48.25% SPL@0.1m(ref)=0.2373
[ZSON3 EVAL] 1404/2000 scene=q3zU7Yy5E5s.basis episode=17 target=bed success=1 spl=0.4051 reason=object_found steps=153 runtime=83.7s SR=48.29% (678/1404) mean_SPL=0.2374 SR@0.1m(ref)=48.29% SPL@0.1m(ref)=0.2374
[ZSON3 EVAL] 1405/2000 scene=q3zU7Yy5E5s.basis episode=18 target=bed success=0 spl=0.0000 reason=false_positive steps=22 runtime=21.2s SR=48.26% (678/1405) mean_SPL=0.2372 SR@0.1m(ref)=48.26% SPL@0.1m(ref)=0.2372
[ZSON3 EVAL] 1406/2000 scene=q3zU7Yy5E5s.basis episode=19 target=tv_monitor success=0 spl=0.0000 reason=max_steps_reached steps=498 runtime=238.3s SR=48.22% (678/1406) mean_SPL=0.2370 SR@0.1m(ref)=48.22% SPL@0.1m(ref)=0.2370
[ZSON3 EVAL] 1407/2000 scene=q3zU7Yy5E5s.basis episode=20 target=bed success=0 spl=0.0000 reason=false_positive steps=58 runtime=38.9s SR=48.19% (678/1407) mean_SPL=0.2369 SR@0.1m(ref)=48.19% SPL@0.1m(ref)=0.2369
[ZSON3 EVAL] 1408/2000 scene=q3zU7Yy5E5s.basis episode=21 target=tv_monitor success=0 spl=0.0000 reason=max_steps_reached steps=495 runtime=300.4s SR=48.15% (678/1408) mean_SPL=0.2367 SR@0.1m(ref)=48.15% SPL@0.1m(ref)=0.2367
[ZSON3 EVAL] 1409/2000 scene=q3zU7Yy5E5s.basis episode=22 target=bed success=0 spl=0.0000 reason=false_positive steps=104 runtime=77.5s SR=48.12% (678/1409) mean_SPL=0.2365 SR@0.1m(ref)=48.12% SPL@0.1m(ref)=0.2365
[ZSON3 EVAL] 1410/2000 scene=q3zU7Yy5E5s.basis episode=23 target=bed success=0 spl=0.0000 reason=false_positive steps=42 runtime=30.8s SR=48.09% (678/1410) mean_SPL=0.2364 SR@0.1m(ref)=48.09% SPL@0.1m(ref)=0.2364
[ZSON3 EVAL] 1411/2000 scene=q3zU7Yy5E5s.basis episode=24 target=tv_monitor success=0 spl=0.0000 reason=max_steps_reached steps=488 runtime=295.9s SR=48.05% (678/1411) mean_SPL=0.2362 SR@0.1m(ref)=48.05% SPL@0.1m(ref)=0.2362
[ZSON3 EVAL] 1412/2000 scene=q3zU7Yy5E5s.basis episode=25 target=tv_monitor success=0 spl=0.0000 reason=max_steps_reached steps=487 runtime=337.5s SR=48.02% (678/1412) mean_SPL=0.2360 SR@0.1m(ref)=48.02% SPL@0.1m(ref)=0.2360
[ZSON3 EVAL] 1413/2000 scene=q3zU7Yy5E5s.basis episode=26 target=chair success=1 spl=0.5693 reason=object_found steps=113 runtime=56.5s SR=48.05% (679/1413) mean_SPL=0.2363 SR@0.1m(ref)=48.05% SPL@0.1m(ref)=0.2363
[ZSON3 EVAL] 1414/2000 scene=q3zU7Yy5E5s.basis episode=27 target=toilet success=1 spl=0.6781 reason=object_found steps=85 runtime=33.0s SR=48.09% (680/1414) mean_SPL=0.2366 SR@0.1m(ref)=48.09% SPL@0.1m(ref)=0.2366
[ZSON3 EVAL] 1415/2000 scene=q3zU7Yy5E5s.basis episode=28 target=tv_monitor success=0 spl=0.0000 reason=max_steps_reached steps=487 runtime=280.8s SR=48.06% (680/1415) mean_SPL=0.2364 SR@0.1m(ref)=48.06% SPL@0.1m(ref)=0.2364
[ZSON3 EVAL] 1416/2000 scene=q3zU7Yy5E5s.basis episode=29 target=sofa success=0 spl=0.0000 reason=max_steps_reached steps=490 runtime=241.0s SR=48.02% (680/1416) mean_SPL=0.2362 SR@0.1m(ref)=48.02% SPL@0.1m(ref)=0.2362
[ZSON3 EVAL] 1417/2000 scene=q3zU7Yy5E5s.basis episode=30 target=toilet success=1 spl=0.4436 reason=object_found steps=167 runtime=120.4s SR=48.06% (681/1417) mean_SPL=0.2364 SR@0.1m(ref)=48.06% SPL@0.1m(ref)=0.2364
[ZSON3 EVAL] 1418/2000 scene=q3zU7Yy5E5s.basis episode=31 target=sofa success=0 spl=0.0000 reason=max_steps_reached steps=495 runtime=221.3s SR=48.03% (681/1418) mean_SPL=0.2362 SR@0.1m(ref)=48.03% SPL@0.1m(ref)=0.2362
[ZSON3 EVAL] 1419/2000 scene=q3zU7Yy5E5s.basis episode=32 target=toilet success=1 spl=0.8113 reason=object_found steps=87 runtime=47.2s SR=48.06% (682/1419) mean_SPL=0.2366 SR@0.1m(ref)=48.06% SPL@0.1m(ref)=0.2366
[ZSON3 EVAL] 1420/2000 scene=q3zU7Yy5E5s.basis episode=33 target=tv_monitor success=0 spl=0.0000 reason=max_steps_reached steps=495 runtime=273.7s SR=48.03% (682/1420) mean_SPL=0.2365 SR@0.1m(ref)=48.03% SPL@0.1m(ref)=0.2365
[ZSON3 EVAL] 1421/2000 scene=q3zU7Yy5E5s.basis episode=34 target=sofa success=0 spl=0.0000 reason=false_positive steps=106 runtime=48.5s SR=47.99% (682/1421) mean_SPL=0.2363 SR@0.1m(ref)=47.99% SPL@0.1m(ref)=0.2363
[ZSON3 EVAL] 1422/2000 scene=q3zU7Yy5E5s.basis episode=35 target=chair success=1 spl=0.1246 reason=object_found steps=358 runtime=236.9s SR=48.03% (683/1422) mean_SPL=0.2362 SR@0.1m(ref)=48.03% SPL@0.1m(ref)=0.2362
[ZSON3 EVAL] 1423/2000 scene=q3zU7Yy5E5s.basis episode=36 target=chair success=1 spl=0.5319 reason=object_found steps=89 runtime=49.9s SR=48.07% (684/1423) mean_SPL=0.2364 SR@0.1m(ref)=48.07% SPL@0.1m(ref)=0.2364
[ZSON3 EVAL] 1424/2000 scene=q3zU7Yy5E5s.basis episode=37 target=bed success=0 spl=0.0000 reason=false_positive steps=53 runtime=39.3s SR=48.03% (684/1424) mean_SPL=0.2363 SR@0.1m(ref)=48.03% SPL@0.1m(ref)=0.2363
[ZSON3 EVAL] 1425/2000 scene=q3zU7Yy5E5s.basis episode=38 target=tv_monitor success=0 spl=0.0000 reason=max_steps_reached steps=497 runtime=254.5s SR=48.00% (684/1425) mean_SPL=0.2361 SR@0.1m(ref)=48.00% SPL@0.1m(ref)=0.2361
[ZSON3 EVAL] 1426/2000 scene=q3zU7Yy5E5s.basis episode=39 target=sofa success=0 spl=0.0000 reason=max_steps_reached steps=495 runtime=234.9s SR=47.97% (684/1426) mean_SPL=0.2359 SR@0.1m(ref)=47.97% SPL@0.1m(ref)=0.2359
[ZSON3 EVAL] 1427/2000 scene=q3zU7Yy5E5s.basis episode=40 target=bed success=1 spl=0.6843 reason=object_found steps=81 runtime=36.5s SR=48.00% (685/1427) mean_SPL=0.2362 SR@0.1m(ref)=48.00% SPL@0.1m(ref)=0.2362
[ZSON3 EVAL] 1428/2000 scene=q3zU7Yy5E5s.basis episode=41 target=bed success=0 spl=0.0000 reason=false_positive steps=20 runtime=19.2s SR=47.97% (685/1428) mean_SPL=0.2361 SR@0.1m(ref)=47.97% SPL@0.1m(ref)=0.2361
[ZSON3 EVAL] 1429/2000 scene=q3zU7Yy5E5s.basis episode=42 target=toilet success=0 spl=0.0000 reason=max_steps_reached steps=488 runtime=302.8s SR=47.94% (685/1429) mean_SPL=0.2359 SR@0.1m(ref)=47.94% SPL@0.1m(ref)=0.2359
[ZSON3 EVAL] 1430/2000 scene=q3zU7Yy5E5s.basis episode=43 target=tv_monitor success=0 spl=0.0000 reason=max_steps_reached steps=491 runtime=285.7s SR=47.90% (685/1430) mean_SPL=0.2357 SR@0.1m(ref)=47.90% SPL@0.1m(ref)=0.2357
[ZSON3 EVAL] 1431/2000 scene=q3zU7Yy5E5s.basis episode=44 target=bed success=0 spl=0.0000 reason=false_positive steps=88 runtime=55.2s SR=47.87% (685/1431) mean_SPL=0.2356 SR@0.1m(ref)=47.87% SPL@0.1m(ref)=0.2356
[ZSON3 EVAL] 1432/2000 scene=q3zU7Yy5E5s.basis episode=45 target=chair success=1 spl=0.3124 reason=object_found steps=127 runtime=55.6s SR=47.91% (686/1432) mean_SPL=0.2356 SR@0.1m(ref)=47.91% SPL@0.1m(ref)=0.2356
[ZSON3 EVAL] 1433/2000 scene=q3zU7Yy5E5s.basis episode=46 target=toilet success=1 spl=0.7932 reason=object_found steps=54 runtime=28.0s SR=47.94% (687/1433) mean_SPL=0.2360 SR@0.1m(ref)=47.94% SPL@0.1m(ref)=0.2360
[ZSON3 EVAL] 1434/2000 scene=q3zU7Yy5E5s.basis episode=47 target=tv_monitor success=0 spl=0.0000 reason=max_steps_reached steps=485 runtime=324.0s SR=47.91% (687/1434) mean_SPL=0.2359 SR@0.1m(ref)=47.91% SPL@0.1m(ref)=0.2359
[ZSON3 EVAL] 1435/2000 scene=q3zU7Yy5E5s.basis episode=48 target=toilet success=1 spl=0.1678 reason=object_found steps=310 runtime=166.1s SR=47.94% (688/1435) mean_SPL=0.2358 SR@0.1m(ref)=47.94% SPL@0.1m(ref)=0.2358
[ZSON3 EVAL] 1436/2000 scene=q3zU7Yy5E5s.basis episode=49 target=sofa success=0 spl=0.0000 reason=max_steps_reached steps=500 runtime=241.2s SR=47.91% (688/1436) mean_SPL=0.2356 SR@0.1m(ref)=47.91% SPL@0.1m(ref)=0.2356
[ZSON3 EVAL] 1437/2000 scene=q3zU7Yy5E5s.basis episode=50 target=toilet success=1 spl=0.2536 reason=object_found steps=105 runtime=71.6s SR=47.95% (689/1437) mean_SPL=0.2357 SR@0.1m(ref)=47.95% SPL@0.1m(ref)=0.2357
[ZSON3 EVAL] 1438/2000 scene=q3zU7Yy5E5s.basis episode=51 target=tv_monitor success=0 spl=0.0000 reason=max_steps_reached steps=489 runtime=273.3s SR=47.91% (689/1438) mean_SPL=0.2355 SR@0.1m(ref)=47.91% SPL@0.1m(ref)=0.2355
[ZSON3 EVAL] 1439/2000 scene=q3zU7Yy5E5s.basis episode=52 target=sofa success=0 spl=0.0000 reason=max_steps_reached steps=488 runtime=236.5s SR=47.88% (689/1439) mean_SPL=0.2353 SR@0.1m(ref)=47.88% SPL@0.1m(ref)=0.2353
[ZSON3 EVAL] 1440/2000 scene=q3zU7Yy5E5s.basis episode=53 target=bed success=0 spl=0.0000 reason=false_positive steps=55 runtime=38.8s SR=47.85% (689/1440) mean_SPL=0.2352 SR@0.1m(ref)=47.85% SPL@0.1m(ref)=0.2352
[ZSON3 EVAL] 1441/2000 scene=q3zU7Yy5E5s.basis episode=54 target=sofa success=0 spl=0.0000 reason=max_steps_reached steps=489 runtime=237.9s SR=47.81% (689/1441) mean_SPL=0.2350 SR@0.1m(ref)=47.81% SPL@0.1m(ref)=0.2350
[ZSON3 EVAL] 1442/2000 scene=q3zU7Yy5E5s.basis episode=55 target=toilet success=1 spl=0.2341 reason=object_found steps=380 runtime=212.0s SR=47.85% (690/1442) mean_SPL=0.2350 SR@0.1m(ref)=47.85% SPL@0.1m(ref)=0.2350
[ZSON3 EVAL] 1443/2000 scene=q3zU7Yy5E5s.basis episode=56 target=tv_monitor success=0 spl=0.0000 reason=max_steps_reached steps=490 runtime=274.1s SR=47.82% (690/1443) mean_SPL=0.2348 SR@0.1m(ref)=47.82% SPL@0.1m(ref)=0.2348
[ZSON3 EVAL] 1444/2000 scene=q3zU7Yy5E5s.basis episode=57 target=toilet success=0 spl=0.0000 reason=false_positive steps=130 runtime=61.8s SR=47.78% (690/1444) mean_SPL=0.2347 SR@0.1m(ref)=47.78% SPL@0.1m(ref)=0.2347
[ZSON3 EVAL] 1445/2000 scene=q3zU7Yy5E5s.basis episode=58 target=chair success=1 spl=0.5288 reason=object_found steps=78 runtime=37.3s SR=47.82% (691/1445) mean_SPL=0.2349 SR@0.1m(ref)=47.82% SPL@0.1m(ref)=0.2349
[ZSON3 EVAL] 1446/2000 scene=q3zU7Yy5E5s.basis episode=59 target=sofa success=0 spl=0.0000 reason=max_steps_reached steps=490 runtime=223.5s SR=47.79% (691/1446) mean_SPL=0.2347 SR@0.1m(ref)=47.79% SPL@0.1m(ref)=0.2347
[ZSON3 EVAL] 1447/2000 scene=q3zU7Yy5E5s.basis episode=60 target=toilet success=0 spl=0.0000 reason=false_positive steps=54 runtime=25.3s SR=47.75% (691/1447) mean_SPL=0.2346 SR@0.1m(ref)=47.75% SPL@0.1m(ref)=0.2346
[ZSON3 EVAL] 1448/2000 scene=q3zU7Yy5E5s.basis episode=61 target=chair success=1 spl=0.7499 reason=object_found steps=45 runtime=22.7s SR=47.79% (692/1448) mean_SPL=0.2349 SR@0.1m(ref)=47.79% SPL@0.1m(ref)=0.2349
[ZSON3 EVAL] 1449/2000 scene=q3zU7Yy5E5s.basis episode=62 target=chair success=1 spl=0.7153 reason=object_found steps=78 runtime=38.6s SR=47.83% (693/1449) mean_SPL=0.2352 SR@0.1m(ref)=47.83% SPL@0.1m(ref)=0.2352
[ZSON3 EVAL] 1450/2000 scene=q3zU7Yy5E5s.basis episode=63 target=bed success=0 spl=0.0000 reason=false_positive steps=19 runtime=23.6s SR=47.79% (693/1450) mean_SPL=0.2351 SR@0.1m(ref)=47.79% SPL@0.1m(ref)=0.2351
[ZSON3 EVAL] 1451/2000 scene=q3zU7Yy5E5s.basis episode=64 target=chair success=1 spl=0.6785 reason=object_found steps=48 runtime=30.0s SR=47.83% (694/1451) mean_SPL=0.2354 SR@0.1m(ref)=47.83% SPL@0.1m(ref)=0.2354
[ZSON3 EVAL] 1452/2000 scene=q3zU7Yy5E5s.basis episode=65 target=bed success=0 spl=0.0000 reason=false_positive steps=134 runtime=94.5s SR=47.80% (694/1452) mean_SPL=0.2352 SR@0.1m(ref)=47.80% SPL@0.1m(ref)=0.2352
[ZSON3 EVAL] 1453/2000 scene=q3zU7Yy5E5s.basis episode=66 target=sofa success=0 spl=0.0000 reason=max_steps_reached steps=487 runtime=229.7s SR=47.76% (694/1453) mean_SPL=0.2351 SR@0.1m(ref)=47.76% SPL@0.1m(ref)=0.2351
[ZSON3 EVAL] 1454/2000 scene=q3zU7Yy5E5s.basis episode=67 target=bed success=1 spl=0.6339 reason=object_found steps=77 runtime=57.8s SR=47.80% (695/1454) mean_SPL=0.2353 SR@0.1m(ref)=47.80% SPL@0.1m(ref)=0.2353
[ZSON3 EVAL] 1455/2000 scene=q3zU7Yy5E5s.basis episode=68 target=tv_monitor success=0 spl=0.0000 reason=max_steps_reached steps=500 runtime=247.5s SR=47.77% (695/1455) mean_SPL=0.2352 SR@0.1m(ref)=47.77% SPL@0.1m(ref)=0.2352
[ZSON3 EVAL] 1456/2000 scene=q3zU7Yy5E5s.basis episode=69 target=tv_monitor success=1 spl=0.2044 reason=robot_stuck steps=469 runtime=268.8s SR=47.80% (696/1456) mean_SPL=0.2352 SR@0.1m(ref)=47.80% SPL@0.1m(ref)=0.2352
[ZSON3 EVAL] 1457/2000 scene=q3zU7Yy5E5s.basis episode=70 target=toilet success=1 spl=0.7727 reason=object_found steps=73 runtime=33.8s SR=47.84% (697/1457) mean_SPL=0.2355 SR@0.1m(ref)=47.84% SPL@0.1m(ref)=0.2355
[ZSON3 EVAL] 1458/2000 scene=q3zU7Yy5E5s.basis episode=71 target=bed success=0 spl=0.0000 reason=false_positive steps=25 runtime=18.0s SR=47.81% (697/1458) mean_SPL=0.2354 SR@0.1m(ref)=47.81% SPL@0.1m(ref)=0.2354
[ZSON3 EVAL] 1459/2000 scene=q3zU7Yy5E5s.basis episode=72 target=chair success=1 spl=0.5558 reason=object_found steps=67 runtime=36.1s SR=47.84% (698/1459) mean_SPL=0.2356 SR@0.1m(ref)=47.84% SPL@0.1m(ref)=0.2356
[ZSON3 EVAL] 1460/2000 scene=q3zU7Yy5E5s.basis episode=73 target=bed success=0 spl=0.0000 reason=false_positive steps=70 runtime=56.1s SR=47.81% (698/1460) mean_SPL=0.2354 SR@0.1m(ref)=47.81% SPL@0.1m(ref)=0.2354
[ZSON3 EVAL] 1461/2000 scene=q3zU7Yy5E5s.basis episode=74 target=sofa success=0 spl=0.0000 reason=max_steps_reached steps=496 runtime=230.7s SR=47.78% (698/1461) mean_SPL=0.2353 SR@0.1m(ref)=47.78% SPL@0.1m(ref)=0.2353
[ZSON3 EVAL] 1462/2000 scene=q3zU7Yy5E5s.basis episode=75 target=toilet success=1 spl=0.7536 reason=object_found steps=54 runtime=33.4s SR=47.81% (699/1462) mean_SPL=0.2356 SR@0.1m(ref)=47.81% SPL@0.1m(ref)=0.2356
[ZSON3 EVAL] 1463/2000 scene=q3zU7Yy5E5s.basis episode=76 target=bed success=0 spl=0.0000 reason=false_positive steps=25 runtime=31.9s SR=47.78% (699/1463) mean_SPL=0.2355 SR@0.1m(ref)=47.78% SPL@0.1m(ref)=0.2355
[ZSON3 EVAL] 1464/2000 scene=q3zU7Yy5E5s.basis episode=77 target=sofa success=0 spl=0.0000 reason=false_positive steps=37 runtime=27.4s SR=47.75% (699/1464) mean_SPL=0.2353 SR@0.1m(ref)=47.75% SPL@0.1m(ref)=0.2353
[ZSON3 EVAL] 1465/2000 scene=q3zU7Yy5E5s.basis episode=78 target=sofa success=0 spl=0.0000 reason=max_steps_reached steps=478 runtime=241.1s SR=47.71% (699/1465) mean_SPL=0.2351 SR@0.1m(ref)=47.71% SPL@0.1m(ref)=0.2351
[ZSON3 EVAL] 1466/2000 scene=q3zU7Yy5E5s.basis episode=79 target=tv_monitor success=0 spl=0.0000 reason=max_steps_reached steps=490 runtime=227.5s SR=47.68% (699/1466) mean_SPL=0.2350 SR@0.1m(ref)=47.68% SPL@0.1m(ref)=0.2350
[ZSON3 EVAL] 1467/2000 scene=q3zU7Yy5E5s.basis episode=80 target=tv_monitor success=0 spl=0.0000 reason=max_steps_reached steps=497 runtime=310.4s SR=47.65% (699/1467) mean_SPL=0.2348 SR@0.1m(ref)=47.65% SPL@0.1m(ref)=0.2348
[ZSON3 EVAL] 1468/2000 scene=q3zU7Yy5E5s.basis episode=81 target=bed success=0 spl=0.0000 reason=false_positive steps=67 runtime=38.6s SR=47.62% (699/1468) mean_SPL=0.2347 SR@0.1m(ref)=47.62% SPL@0.1m(ref)=0.2347
[ZSON3 EVAL] 1469/2000 scene=q3zU7Yy5E5s.basis episode=82 target=tv_monitor success=0 spl=0.0000 reason=max_steps_reached steps=493 runtime=242.2s SR=47.58% (699/1469) mean_SPL=0.2345 SR@0.1m(ref)=47.58% SPL@0.1m(ref)=0.2345
[ZSON3 EVAL] 1470/2000 scene=q3zU7Yy5E5s.basis episode=83 target=toilet success=0 spl=0.0000 reason=max_steps_reached steps=481 runtime=274.7s SR=47.55% (699/1470) mean_SPL=0.2343 SR@0.1m(ref)=47.55% SPL@0.1m(ref)=0.2343
[ZSON3 EVAL] 1471/2000 scene=q3zU7Yy5E5s.basis episode=84 target=sofa success=0 spl=0.0000 reason=false_positive steps=18 runtime=15.3s SR=47.52% (699/1471) mean_SPL=0.2342 SR@0.1m(ref)=47.52% SPL@0.1m(ref)=0.2342
[ZSON3 EVAL] 1472/2000 scene=q3zU7Yy5E5s.basis episode=85 target=tv_monitor success=0 spl=0.0000 reason=max_steps_reached steps=492 runtime=238.8s SR=47.49% (699/1472) mean_SPL=0.2340 SR@0.1m(ref)=47.49% SPL@0.1m(ref)=0.2340
[ZSON3 EVAL] 1473/2000 scene=q3zU7Yy5E5s.basis episode=86 target=chair success=1 spl=0.2280 reason=object_found steps=398 runtime=195.0s SR=47.52% (700/1473) mean_SPL=0.2340 SR@0.1m(ref)=47.52% SPL@0.1m(ref)=0.2340
[ZSON3 EVAL] 1474/2000 scene=q3zU7Yy5E5s.basis episode=87 target=chair success=1 spl=0.4234 reason=object_found steps=136 runtime=69.7s SR=47.56% (701/1474) mean_SPL=0.2341 SR@0.1m(ref)=47.56% SPL@0.1m(ref)=0.2341
[ZSON3 EVAL] 1475/2000 scene=q3zU7Yy5E5s.basis episode=88 target=toilet success=1 spl=0.4501 reason=object_found steps=167 runtime=94.2s SR=47.59% (702/1475) mean_SPL=0.2343 SR@0.1m(ref)=47.59% SPL@0.1m(ref)=0.2343
[ZSON3 EVAL] 1476/2000 scene=q3zU7Yy5E5s.basis episode=89 target=tv_monitor success=0 spl=0.0000 reason=max_steps_reached steps=493 runtime=282.2s SR=47.56% (702/1476) mean_SPL=0.2341 SR@0.1m(ref)=47.56% SPL@0.1m(ref)=0.2341
[ZSON3 EVAL] 1477/2000 scene=q3zU7Yy5E5s.basis episode=90 target=sofa success=0 spl=0.0000 reason=max_steps_reached steps=492 runtime=226.3s SR=47.53% (702/1477) mean_SPL=0.2340 SR@0.1m(ref)=47.53% SPL@0.1m(ref)=0.2340
[ZSON3 EVAL] 1478/2000 scene=q3zU7Yy5E5s.basis episode=91 target=chair success=1 spl=0.7728 reason=object_found steps=22 runtime=16.2s SR=47.56% (703/1478) mean_SPL=0.2343 SR@0.1m(ref)=47.56% SPL@0.1m(ref)=0.2343
[ZSON3 EVAL] 1479/2000 scene=q3zU7Yy5E5s.basis episode=92 target=toilet success=1 spl=0.6494 reason=object_found steps=100 runtime=129.9s SR=47.60% (704/1479) mean_SPL=0.2346 SR@0.1m(ref)=47.60% SPL@0.1m(ref)=0.2346
[ZSON3 EVAL] 1480/2000 scene=q3zU7Yy5E5s.basis episode=93 target=bed success=0 spl=0.0000 reason=false_positive steps=66 runtime=53.4s SR=47.57% (704/1480) mean_SPL=0.2345 SR@0.1m(ref)=47.57% SPL@0.1m(ref)=0.2345
[ZSON3 EVAL] 1481/2000 scene=q3zU7Yy5E5s.basis episode=94 target=bed success=0 spl=0.0000 reason=false_positive steps=50 runtime=35.9s SR=47.54% (704/1481) mean_SPL=0.2343 SR@0.1m(ref)=47.54% SPL@0.1m(ref)=0.2343
[ZSON3 EVAL] 1482/2000 scene=q3zU7Yy5E5s.basis episode=95 target=chair success=0 spl=0.0000 reason=max_steps_reached steps=485 runtime=250.0s SR=47.50% (704/1482) mean_SPL=0.2341 SR@0.1m(ref)=47.50% SPL@0.1m(ref)=0.2341
[ZSON3 EVAL] 1483/2000 scene=q3zU7Yy5E5s.basis episode=96 target=sofa success=0 spl=0.0000 reason=max_steps_reached steps=500 runtime=293.0s SR=47.47% (704/1483) mean_SPL=0.2340 SR@0.1m(ref)=47.47% SPL@0.1m(ref)=0.2340
[ZSON3 EVAL] 1484/2000 scene=q3zU7Yy5E5s.basis episode=97 target=chair success=1 spl=0.5254 reason=object_found steps=225 runtime=113.3s SR=47.51% (705/1484) mean_SPL=0.2342 SR@0.1m(ref)=47.51% SPL@0.1m(ref)=0.2342
[ZSON3 EVAL] 1485/2000 scene=q3zU7Yy5E5s.basis episode=98 target=toilet success=0 spl=0.0000 reason=false_positive steps=151 runtime=110.9s SR=47.47% (705/1485) mean_SPL=0.2340 SR@0.1m(ref)=47.47% SPL@0.1m(ref)=0.2340
[ZSON3 EVAL] 1486/2000 scene=qyAac8rV8Zk.basis episode=0 target=tv_monitor success=1 spl=0.1611 reason=object_found steps=151 runtime=103.1s SR=47.51% (706/1486) mean_SPL=0.2340 SR@0.1m(ref)=47.51% SPL@0.1m(ref)=0.2340
[ZSON3 EVAL] 1487/2000 scene=qyAac8rV8Zk.basis episode=1 target=sofa success=0 spl=0.0000 reason=max_steps_reached steps=483 runtime=326.9s SR=47.48% (706/1487) mean_SPL=0.2338 SR@0.1m(ref)=47.48% SPL@0.1m(ref)=0.2338
[ZSON3 EVAL] 1488/2000 scene=qyAac8rV8Zk.basis episode=2 target=toilet success=0 spl=0.0000 reason=robot_stuck steps=422 runtime=209.7s SR=47.45% (706/1488) mean_SPL=0.2337 SR@0.1m(ref)=47.45% SPL@0.1m(ref)=0.2337
[ZSON3 EVAL] 1489/2000 scene=qyAac8rV8Zk.basis episode=3 target=toilet success=0 spl=0.0000 reason=max_steps_reached steps=497 runtime=267.1s SR=47.41% (706/1489) mean_SPL=0.2335 SR@0.1m(ref)=47.41% SPL@0.1m(ref)=0.2335
[ZSON3 EVAL] 1490/2000 scene=qyAac8rV8Zk.basis episode=4 target=bed success=0 spl=0.0000 reason=max_steps_reached steps=498 runtime=280.2s SR=47.38% (706/1490) mean_SPL=0.2333 SR@0.1m(ref)=47.38% SPL@0.1m(ref)=0.2333
[ZSON3 EVAL] 1491/2000 scene=qyAac8rV8Zk.basis episode=5 target=bed success=0 spl=0.0000 reason=max_steps_reached steps=499 runtime=256.7s SR=47.35% (706/1491) mean_SPL=0.2332 SR@0.1m(ref)=47.35% SPL@0.1m(ref)=0.2332
[ZSON3 EVAL] 1492/2000 scene=qyAac8rV8Zk.basis episode=6 target=bed success=0 spl=0.0000 reason=max_steps_reached steps=499 runtime=253.1s SR=47.32% (706/1492) mean_SPL=0.2330 SR@0.1m(ref)=47.32% SPL@0.1m(ref)=0.2330
[ZSON3 EVAL] 1493/2000 scene=qyAac8rV8Zk.basis episode=7 target=bed success=0 spl=0.0000 reason=max_steps_reached steps=498 runtime=250.3s SR=47.29% (706/1493) mean_SPL=0.2329 SR@0.1m(ref)=47.29% SPL@0.1m(ref)=0.2329
[ZSON3 EVAL] 1494/2000 scene=qyAac8rV8Zk.basis episode=8 target=sofa success=0 spl=0.0000 reason=max_steps_reached steps=488 runtime=287.6s SR=47.26% (706/1494) mean_SPL=0.2327 SR@0.1m(ref)=47.26% SPL@0.1m(ref)=0.2327
[ZSON3 EVAL] 1495/2000 scene=qyAac8rV8Zk.basis episode=9 target=toilet success=0 spl=0.0000 reason=max_steps_reached steps=494 runtime=289.9s SR=47.22% (706/1495) mean_SPL=0.2326 SR@0.1m(ref)=47.22% SPL@0.1m(ref)=0.2326
[ZSON3 EVAL] 1496/2000 scene=qyAac8rV8Zk.basis episode=10 target=toilet success=0 spl=0.0000 reason=max_steps_reached steps=494 runtime=266.8s SR=47.19% (706/1496) mean_SPL=0.2324 SR@0.1m(ref)=47.19% SPL@0.1m(ref)=0.2324
[ZSON3 EVAL] 1497/2000 scene=qyAac8rV8Zk.basis episode=11 target=sofa success=1 spl=0.7233 reason=object_found steps=35 runtime=24.2s SR=47.23% (707/1497) mean_SPL=0.2327 SR@0.1m(ref)=47.23% SPL@0.1m(ref)=0.2327
[ZSON3 EVAL] 1498/2000 scene=qyAac8rV8Zk.basis episode=12 target=sofa success=1 spl=0.5816 reason=object_found steps=90 runtime=40.3s SR=47.26% (708/1498) mean_SPL=0.2330 SR@0.1m(ref)=47.26% SPL@0.1m(ref)=0.2330
[ZSON3 EVAL] 1499/2000 scene=qyAac8rV8Zk.basis episode=13 target=chair success=1 spl=0.6103 reason=object_found steps=41 runtime=26.2s SR=47.30% (709/1499) mean_SPL=0.2332 SR@0.1m(ref)=47.30% SPL@0.1m(ref)=0.2332
[ZSON3 EVAL] 1500/2000 scene=qyAac8rV8Zk.basis episode=14 target=tv_monitor success=1 spl=0.4754 reason=object_found steps=128 runtime=82.3s SR=47.33% (710/1500) mean_SPL=0.2334 SR@0.1m(ref)=47.33% SPL@0.1m(ref)=0.2334
[ZSON3 EVAL] 1501/2000 scene=qyAac8rV8Zk.basis episode=15 target=toilet success=0 spl=0.0000 reason=max_steps_reached steps=485 runtime=230.6s SR=47.30% (710/1501) mean_SPL=0.2332 SR@0.1m(ref)=47.30% SPL@0.1m(ref)=0.2332
[ZSON3 EVAL] 1502/2000 scene=qyAac8rV8Zk.basis episode=16 target=tv_monitor success=1 spl=0.3927 reason=object_found steps=143 runtime=95.6s SR=47.34% (711/1502) mean_SPL=0.2333 SR@0.1m(ref)=47.34% SPL@0.1m(ref)=0.2333
[ZSON3 EVAL] 1503/2000 scene=qyAac8rV8Zk.basis episode=17 target=chair success=1 spl=0.5531 reason=object_found steps=50 runtime=34.2s SR=47.37% (712/1503) mean_SPL=0.2335 SR@0.1m(ref)=47.37% SPL@0.1m(ref)=0.2335
[ZSON3 EVAL] 1504/2000 scene=qyAac8rV8Zk.basis episode=18 target=bed success=0 spl=0.0000 reason=max_steps_reached steps=495 runtime=291.3s SR=47.34% (712/1504) mean_SPL=0.2334 SR@0.1m(ref)=47.34% SPL@0.1m(ref)=0.2334
[ZSON3 EVAL] 1505/2000 scene=qyAac8rV8Zk.basis episode=19 target=chair success=1 spl=0.2060 reason=object_found steps=185 runtime=114.7s SR=47.38% (713/1505) mean_SPL=0.2334 SR@0.1m(ref)=47.38% SPL@0.1m(ref)=0.2334
[ZSON3 EVAL] 1506/2000 scene=qyAac8rV8Zk.basis episode=20 target=chair success=0 spl=0.0000 reason=max_steps_reached steps=487 runtime=339.9s SR=47.34% (713/1506) mean_SPL=0.2332 SR@0.1m(ref)=47.34% SPL@0.1m(ref)=0.2332
[ZSON3 EVAL] 1507/2000 scene=qyAac8rV8Zk.basis episode=21 target=tv_monitor success=1 spl=0.6155 reason=object_found steps=108 runtime=142.2s SR=47.38% (714/1507) mean_SPL=0.2335 SR@0.1m(ref)=47.38% SPL@0.1m(ref)=0.2335
[ZSON3 EVAL] 1508/2000 scene=qyAac8rV8Zk.basis episode=22 target=toilet success=0 spl=0.0000 reason=max_steps_reached steps=491 runtime=259.2s SR=47.35% (714/1508) mean_SPL=0.2333 SR@0.1m(ref)=47.35% SPL@0.1m(ref)=0.2333
[ZSON3 EVAL] 1509/2000 scene=qyAac8rV8Zk.basis episode=23 target=sofa success=1 spl=0.7621 reason=object_found steps=31 runtime=25.3s SR=47.38% (715/1509) mean_SPL=0.2337 SR@0.1m(ref)=47.38% SPL@0.1m(ref)=0.2337
[ZSON3 EVAL] 1510/2000 scene=qyAac8rV8Zk.basis episode=24 target=sofa success=1 spl=0.7579 reason=object_found steps=94 runtime=38.6s SR=47.42% (716/1510) mean_SPL=0.2340 SR@0.1m(ref)=47.42% SPL@0.1m(ref)=0.2340
[ZSON3 EVAL] 1511/2000 scene=qyAac8rV8Zk.basis episode=25 target=sofa success=0 spl=0.0000 reason=max_steps_reached steps=500 runtime=330.6s SR=47.39% (716/1511) mean_SPL=0.2339 SR@0.1m(ref)=47.39% SPL@0.1m(ref)=0.2339
[ZSON3 EVAL] 1512/2000 scene=qyAac8rV8Zk.basis episode=26 target=bed success=0 spl=0.0000 reason=max_steps_reached steps=495 runtime=248.2s SR=47.35% (716/1512) mean_SPL=0.2337 SR@0.1m(ref)=47.35% SPL@0.1m(ref)=0.2337
[ZSON3 EVAL] 1513/2000 scene=qyAac8rV8Zk.basis episode=27 target=tv_monitor success=1 spl=0.4024 reason=object_found steps=156 runtime=110.4s SR=47.39% (717/1513) mean_SPL=0.2338 SR@0.1m(ref)=47.39% SPL@0.1m(ref)=0.2338
[ZSON3 EVAL] 1514/2000 scene=qyAac8rV8Zk.basis episode=28 target=chair success=1 spl=0.5503 reason=object_found steps=55 runtime=31.8s SR=47.42% (718/1514) mean_SPL=0.2340 SR@0.1m(ref)=47.42% SPL@0.1m(ref)=0.2340
[ZSON3 EVAL] 1515/2000 scene=qyAac8rV8Zk.basis episode=29 target=tv_monitor success=1 spl=0.3165 reason=object_found steps=109 runtime=52.3s SR=47.46% (719/1515) mean_SPL=0.2341 SR@0.1m(ref)=47.46% SPL@0.1m(ref)=0.2341
[ZSON3 EVAL] 1516/2000 scene=qyAac8rV8Zk.basis episode=30 target=tv_monitor success=0 spl=0.0000 reason=max_steps_reached steps=500 runtime=306.6s SR=47.43% (719/1516) mean_SPL=0.2339 SR@0.1m(ref)=47.43% SPL@0.1m(ref)=0.2339
[ZSON3 EVAL] 1517/2000 scene=qyAac8rV8Zk.basis episode=31 target=tv_monitor success=0 spl=0.0000 reason=max_steps_reached steps=488 runtime=230.6s SR=47.40% (719/1517) mean_SPL=0.2338 SR@0.1m(ref)=47.40% SPL@0.1m(ref)=0.2338
[ZSON3 EVAL] 1518/2000 scene=qyAac8rV8Zk.basis episode=32 target=toilet success=0 spl=0.0000 reason=max_steps_reached steps=489 runtime=229.1s SR=47.36% (719/1518) mean_SPL=0.2336 SR@0.1m(ref)=47.36% SPL@0.1m(ref)=0.2336
[ZSON3 EVAL] 1519/2000 scene=qyAac8rV8Zk.basis episode=33 target=tv_monitor success=0 spl=0.0000 reason=max_steps_reached steps=491 runtime=254.7s SR=47.33% (719/1519) mean_SPL=0.2335 SR@0.1m(ref)=47.33% SPL@0.1m(ref)=0.2335
[ZSON3 EVAL] 1520/2000 scene=qyAac8rV8Zk.basis episode=34 target=bed success=0 spl=0.0000 reason=max_steps_reached steps=500 runtime=251.9s SR=47.30% (719/1520) mean_SPL=0.2333 SR@0.1m(ref)=47.30% SPL@0.1m(ref)=0.2333
[ZSON3 EVAL] 1521/2000 scene=qyAac8rV8Zk.basis episode=35 target=sofa success=0 spl=0.0000 reason=max_steps_reached steps=500 runtime=273.8s SR=47.27% (719/1521) mean_SPL=0.2332 SR@0.1m(ref)=47.27% SPL@0.1m(ref)=0.2332
[ZSON3 EVAL] 1522/2000 scene=qyAac8rV8Zk.basis episode=36 target=toilet success=0 spl=0.0000 reason=max_steps_reached steps=500 runtime=231.6s SR=47.24% (719/1522) mean_SPL=0.2330 SR@0.1m(ref)=47.24% SPL@0.1m(ref)=0.2330
[ZSON3 EVAL] 1523/2000 scene=qyAac8rV8Zk.basis episode=37 target=bed success=0 spl=0.0000 reason=max_steps_reached steps=496 runtime=341.6s SR=47.21% (719/1523) mean_SPL=0.2328 SR@0.1m(ref)=47.21% SPL@0.1m(ref)=0.2328
[ZSON3 EVAL] 1524/2000 scene=qyAac8rV8Zk.basis episode=38 target=bed success=0 spl=0.0000 reason=max_steps_reached steps=493 runtime=257.6s SR=47.18% (719/1524) mean_SPL=0.2327 SR@0.1m(ref)=47.18% SPL@0.1m(ref)=0.2327
[ZSON3 EVAL] 1525/2000 scene=qyAac8rV8Zk.basis episode=39 target=chair success=0 spl=0.0000 reason=max_steps_reached steps=478 runtime=274.1s SR=47.15% (719/1525) mean_SPL=0.2325 SR@0.1m(ref)=47.15% SPL@0.1m(ref)=0.2325
[ZSON3 EVAL] 1526/2000 scene=qyAac8rV8Zk.basis episode=40 target=sofa success=1 spl=0.6049 reason=object_found steps=32 runtime=25.4s SR=47.18% (720/1526) mean_SPL=0.2328 SR@0.1m(ref)=47.18% SPL@0.1m(ref)=0.2328
[ZSON3 EVAL] 1527/2000 scene=qyAac8rV8Zk.basis episode=41 target=tv_monitor success=0 spl=0.0000 reason=max_steps_reached steps=486 runtime=339.2s SR=47.15% (720/1527) mean_SPL=0.2326 SR@0.1m(ref)=47.15% SPL@0.1m(ref)=0.2326
[ZSON3 EVAL] 1528/2000 scene=qyAac8rV8Zk.basis episode=42 target=bed success=0 spl=0.0000 reason=max_steps_reached steps=496 runtime=269.6s SR=47.12% (720/1528) mean_SPL=0.2325 SR@0.1m(ref)=47.12% SPL@0.1m(ref)=0.2325
[ZSON3 EVAL] 1529/2000 scene=qyAac8rV8Zk.basis episode=43 target=toilet success=0 spl=0.0000 reason=false_positive steps=110 runtime=71.7s SR=47.09% (720/1529) mean_SPL=0.2323 SR@0.1m(ref)=47.09% SPL@0.1m(ref)=0.2323
[ZSON3 EVAL] 1530/2000 scene=qyAac8rV8Zk.basis episode=44 target=bed success=0 spl=0.0000 reason=no_frontiers steps=400 runtime=212.1s SR=47.06% (720/1530) mean_SPL=0.2322 SR@0.1m(ref)=47.06% SPL@0.1m(ref)=0.2322
[ZSON3 EVAL] 1531/2000 scene=qyAac8rV8Zk.basis episode=45 target=toilet success=0 spl=0.0000 reason=max_steps_reached steps=500 runtime=338.2s SR=47.03% (720/1531) mean_SPL=0.2320 SR@0.1m(ref)=47.03% SPL@0.1m(ref)=0.2320
[ZSON3 EVAL] 1532/2000 scene=qyAac8rV8Zk.basis episode=46 target=tv_monitor success=1 spl=0.8243 reason=object_found steps=43 runtime=19.2s SR=47.06% (721/1532) mean_SPL=0.2324 SR@0.1m(ref)=47.06% SPL@0.1m(ref)=0.2324
[ZSON3 EVAL] 1533/2000 scene=qyAac8rV8Zk.basis episode=47 target=tv_monitor success=1 spl=0.3899 reason=object_found steps=129 runtime=81.4s SR=47.10% (722/1533) mean_SPL=0.2325 SR@0.1m(ref)=47.10% SPL@0.1m(ref)=0.2325
[ZSON3 EVAL] 1534/2000 scene=qyAac8rV8Zk.basis episode=48 target=chair success=1 spl=0.6536 reason=object_found steps=59 runtime=33.5s SR=47.13% (723/1534) mean_SPL=0.2328 SR@0.1m(ref)=47.13% SPL@0.1m(ref)=0.2328
[ZSON3 EVAL] 1535/2000 scene=qyAac8rV8Zk.basis episode=49 target=bed success=0 spl=0.0000 reason=max_steps_reached steps=499 runtime=287.2s SR=47.10% (723/1535) mean_SPL=0.2326 SR@0.1m(ref)=47.10% SPL@0.1m(ref)=0.2326
[ZSON3 EVAL] 1536/2000 scene=qyAac8rV8Zk.basis episode=50 target=chair success=1 spl=0.7624 reason=object_found steps=35 runtime=31.9s SR=47.14% (724/1536) mean_SPL=0.2330 SR@0.1m(ref)=47.14% SPL@0.1m(ref)=0.2330
[ZSON3 EVAL] 1537/2000 scene=qyAac8rV8Zk.basis episode=51 target=sofa success=1 spl=0.3569 reason=object_found steps=84 runtime=59.9s SR=47.17% (725/1537) mean_SPL=0.2331 SR@0.1m(ref)=47.17% SPL@0.1m(ref)=0.2331
[ZSON3 EVAL] 1538/2000 scene=qyAac8rV8Zk.basis episode=52 target=chair success=1 spl=0.7687 reason=object_found steps=21 runtime=15.2s SR=47.20% (726/1538) mean_SPL=0.2334 SR@0.1m(ref)=47.20% SPL@0.1m(ref)=0.2334
[ZSON3 EVAL] 1539/2000 scene=qyAac8rV8Zk.basis episode=53 target=toilet success=0 spl=0.0000 reason=robot_stuck steps=233 runtime=122.5s SR=47.17% (726/1539) mean_SPL=0.2333 SR@0.1m(ref)=47.17% SPL@0.1m(ref)=0.2333
[ZSON3 EVAL] 1540/2000 scene=qyAac8rV8Zk.basis episode=54 target=sofa success=0 spl=0.0000 reason=max_steps_reached steps=487 runtime=275.7s SR=47.14% (726/1540) mean_SPL=0.2331 SR@0.1m(ref)=47.14% SPL@0.1m(ref)=0.2331
[ZSON3 EVAL] 1541/2000 scene=qyAac8rV8Zk.basis episode=55 target=tv_monitor success=1 spl=0.1323 reason=object_found steps=416 runtime=246.3s SR=47.18% (727/1541) mean_SPL=0.2330 SR@0.1m(ref)=47.18% SPL@0.1m(ref)=0.2330
[ZSON3 EVAL] 1542/2000 scene=qyAac8rV8Zk.basis episode=56 target=bed success=0 spl=0.0000 reason=max_steps_reached steps=500 runtime=284.1s SR=47.15% (727/1542) mean_SPL=0.2329 SR@0.1m(ref)=47.15% SPL@0.1m(ref)=0.2329
[ZSON3 EVAL] 1543/2000 scene=qyAac8rV8Zk.basis episode=57 target=chair success=0 spl=0.0000 reason=max_steps_reached steps=482 runtime=279.2s SR=47.12% (727/1543) mean_SPL=0.2327 SR@0.1m(ref)=47.12% SPL@0.1m(ref)=0.2327
[ZSON3 EVAL] 1544/2000 scene=qyAac8rV8Zk.basis episode=58 target=toilet success=0 spl=0.0000 reason=false_positive steps=77 runtime=52.4s SR=47.09% (727/1544) mean_SPL=0.2326 SR@0.1m(ref)=47.09% SPL@0.1m(ref)=0.2326
[ZSON3 EVAL] 1545/2000 scene=qyAac8rV8Zk.basis episode=59 target=chair success=1 spl=0.3727 reason=object_found steps=164 runtime=96.2s SR=47.12% (728/1545) mean_SPL=0.2327 SR@0.1m(ref)=47.12% SPL@0.1m(ref)=0.2327
[ZSON3 EVAL] 1546/2000 scene=qyAac8rV8Zk.basis episode=60 target=bed success=0 spl=0.0000 reason=max_steps_reached steps=500 runtime=280.4s SR=47.09% (728/1546) mean_SPL=0.2325 SR@0.1m(ref)=47.09% SPL@0.1m(ref)=0.2325
[ZSON3 EVAL] 1547/2000 scene=qyAac8rV8Zk.basis episode=61 target=bed success=0 spl=0.0000 reason=max_steps_reached steps=498 runtime=278.8s SR=47.06% (728/1547) mean_SPL=0.2324 SR@0.1m(ref)=47.06% SPL@0.1m(ref)=0.2324
[ZSON3 EVAL] 1548/2000 scene=qyAac8rV8Zk.basis episode=62 target=sofa success=1 spl=0.6855 reason=object_found steps=79 runtime=43.8s SR=47.09% (729/1548) mean_SPL=0.2327 SR@0.1m(ref)=47.09% SPL@0.1m(ref)=0.2327
[ZSON3 EVAL] 1549/2000 scene=qyAac8rV8Zk.basis episode=63 target=tv_monitor success=1 spl=0.1611 reason=object_found steps=135 runtime=90.0s SR=47.13% (730/1549) mean_SPL=0.2326 SR@0.1m(ref)=47.13% SPL@0.1m(ref)=0.2326
[ZSON3 EVAL] 1550/2000 scene=qyAac8rV8Zk.basis episode=64 target=sofa success=0 spl=0.0000 reason=max_steps_reached steps=492 runtime=310.5s SR=47.10% (730/1550) mean_SPL=0.2325 SR@0.1m(ref)=47.10% SPL@0.1m(ref)=0.2325
[ZSON3 EVAL] 1551/2000 scene=qyAac8rV8Zk.basis episode=65 target=tv_monitor success=1 spl=0.2653 reason=object_found steps=79 runtime=50.1s SR=47.13% (731/1551) mean_SPL=0.2325 SR@0.1m(ref)=47.13% SPL@0.1m(ref)=0.2325
[ZSON3 EVAL] 1552/2000 scene=qyAac8rV8Zk.basis episode=66 target=toilet success=0 spl=0.0000 reason=no_frontiers steps=494 runtime=272.4s SR=47.10% (731/1552) mean_SPL=0.2323 SR@0.1m(ref)=47.10% SPL@0.1m(ref)=0.2323
[ZSON3 EVAL] 1553/2000 scene=qyAac8rV8Zk.basis episode=67 target=toilet success=0 spl=0.0000 reason=max_steps_reached steps=480 runtime=341.5s SR=47.07% (731/1553) mean_SPL=0.2322 SR@0.1m(ref)=47.07% SPL@0.1m(ref)=0.2322
[ZSON3 EVAL] 1554/2000 scene=qyAac8rV8Zk.basis episode=68 target=toilet success=0 spl=0.0000 reason=false_positive steps=423 runtime=200.3s SR=47.04% (731/1554) mean_SPL=0.2320 SR@0.1m(ref)=47.04% SPL@0.1m(ref)=0.2320
[ZSON3 EVAL] 1555/2000 scene=qyAac8rV8Zk.basis episode=69 target=chair success=1 spl=0.4658 reason=object_found steps=80 runtime=46.2s SR=47.07% (732/1555) mean_SPL=0.2322 SR@0.1m(ref)=47.07% SPL@0.1m(ref)=0.2322
[ZSON3 EVAL] 1556/2000 scene=qyAac8rV8Zk.basis episode=70 target=sofa success=0 spl=0.0000 reason=max_steps_reached steps=488 runtime=277.4s SR=47.04% (732/1556) mean_SPL=0.2320 SR@0.1m(ref)=47.04% SPL@0.1m(ref)=0.2320
[ZSON3 EVAL] 1557/2000 scene=qyAac8rV8Zk.basis episode=71 target=chair success=1 spl=0.1940 reason=object_found steps=138 runtime=74.0s SR=47.08% (733/1557) mean_SPL=0.2320 SR@0.1m(ref)=47.08% SPL@0.1m(ref)=0.2320
[ZSON3 EVAL] 1558/2000 scene=qyAac8rV8Zk.basis episode=72 target=toilet success=0 spl=0.0000 reason=max_steps_reached steps=493 runtime=296.1s SR=47.05% (733/1558) mean_SPL=0.2319 SR@0.1m(ref)=47.05% SPL@0.1m(ref)=0.2319
[ZSON3 EVAL] 1559/2000 scene=qyAac8rV8Zk.basis episode=73 target=bed success=0 spl=0.0000 reason=max_steps_reached steps=500 runtime=258.1s SR=47.02% (733/1559) mean_SPL=0.2317 SR@0.1m(ref)=47.02% SPL@0.1m(ref)=0.2317
[ZSON3 EVAL] 1560/2000 scene=qyAac8rV8Zk.basis episode=74 target=tv_monitor success=1 spl=0.1988 reason=object_found steps=145 runtime=87.5s SR=47.05% (734/1560) mean_SPL=0.2317 SR@0.1m(ref)=47.05% SPL@0.1m(ref)=0.2317
[ZSON3 EVAL] 1561/2000 scene=qyAac8rV8Zk.basis episode=75 target=tv_monitor success=1 spl=0.2945 reason=object_found steps=206 runtime=118.7s SR=47.09% (735/1561) mean_SPL=0.2317 SR@0.1m(ref)=47.09% SPL@0.1m(ref)=0.2317
[ZSON3 EVAL] 1562/2000 scene=qyAac8rV8Zk.basis episode=76 target=toilet success=0 spl=0.0000 reason=max_steps_reached steps=499 runtime=281.6s SR=47.06% (735/1562) mean_SPL=0.2316 SR@0.1m(ref)=47.06% SPL@0.1m(ref)=0.2316
[ZSON3 EVAL] 1563/2000 scene=qyAac8rV8Zk.basis episode=77 target=chair success=0 spl=0.0000 reason=false_positive steps=28 runtime=19.4s SR=47.02% (735/1563) mean_SPL=0.2314 SR@0.1m(ref)=47.02% SPL@0.1m(ref)=0.2314
[ZSON3 EVAL] 1564/2000 scene=qyAac8rV8Zk.basis episode=78 target=toilet success=0 spl=0.0000 reason=false_positive steps=185 runtime=105.2s SR=46.99% (735/1564) mean_SPL=0.2313 SR@0.1m(ref)=46.99% SPL@0.1m(ref)=0.2313
[ZSON3 EVAL] 1565/2000 scene=qyAac8rV8Zk.basis episode=79 target=bed success=0 spl=0.0000 reason=max_steps_reached steps=496 runtime=296.6s SR=46.96% (735/1565) mean_SPL=0.2312 SR@0.1m(ref)=46.96% SPL@0.1m(ref)=0.2312
[ZSON3 EVAL] 1566/2000 scene=qyAac8rV8Zk.basis episode=80 target=tv_monitor success=0 spl=0.0000 reason=max_steps_reached steps=490 runtime=233.4s SR=46.93% (735/1566) mean_SPL=0.2310 SR@0.1m(ref)=46.93% SPL@0.1m(ref)=0.2310
[ZSON3 EVAL] 1567/2000 scene=qyAac8rV8Zk.basis episode=81 target=sofa success=0 spl=0.0000 reason=max_steps_reached steps=488 runtime=299.1s SR=46.90% (735/1567) mean_SPL=0.2309 SR@0.1m(ref)=46.90% SPL@0.1m(ref)=0.2309
[ZSON3 EVAL] 1568/2000 scene=qyAac8rV8Zk.basis episode=82 target=chair success=0 spl=0.0000 reason=max_steps_reached steps=487 runtime=327.0s SR=46.88% (735/1568) mean_SPL=0.2307 SR@0.1m(ref)=46.88% SPL@0.1m(ref)=0.2307
[ZSON3 EVAL] 1569/2000 scene=qyAac8rV8Zk.basis episode=83 target=tv_monitor success=0 spl=0.0000 reason=max_steps_reached steps=500 runtime=263.4s SR=46.85% (735/1569) mean_SPL=0.2306 SR@0.1m(ref)=46.85% SPL@0.1m(ref)=0.2306
[ZSON3 EVAL] 1570/2000 scene=qyAac8rV8Zk.basis episode=84 target=bed success=0 spl=0.0000 reason=max_steps_reached steps=498 runtime=273.0s SR=46.82% (735/1570) mean_SPL=0.2304 SR@0.1m(ref)=46.82% SPL@0.1m(ref)=0.2304
[ZSON3 EVAL] 1571/2000 scene=qyAac8rV8Zk.basis episode=85 target=sofa success=0 spl=0.0000 reason=max_steps_reached steps=498 runtime=268.5s SR=46.79% (735/1571) mean_SPL=0.2303 SR@0.1m(ref)=46.79% SPL@0.1m(ref)=0.2303
[ZSON3 EVAL] 1572/2000 scene=qyAac8rV8Zk.basis episode=86 target=bed success=0 spl=0.0000 reason=max_steps_reached steps=494 runtime=269.8s SR=46.76% (735/1572) mean_SPL=0.2301 SR@0.1m(ref)=46.76% SPL@0.1m(ref)=0.2301
[ZSON3 EVAL] 1573/2000 scene=qyAac8rV8Zk.basis episode=87 target=tv_monitor success=1 spl=0.4630 reason=object_found steps=124 runtime=71.7s SR=46.79% (736/1573) mean_SPL=0.2303 SR@0.1m(ref)=46.79% SPL@0.1m(ref)=0.2303
[ZSON3 EVAL] 1574/2000 scene=qyAac8rV8Zk.basis episode=88 target=chair success=0 spl=0.0000 reason=robot_stuck steps=338 runtime=215.9s SR=46.76% (736/1574) mean_SPL=0.2301 SR@0.1m(ref)=46.76% SPL@0.1m(ref)=0.2301
[ZSON3 EVAL] 1575/2000 scene=qyAac8rV8Zk.basis episode=89 target=chair success=1 spl=0.6659 reason=object_found steps=71 runtime=45.1s SR=46.79% (737/1575) mean_SPL=0.2304 SR@0.1m(ref)=46.79% SPL@0.1m(ref)=0.2304
[ZSON3 EVAL] 1576/2000 scene=qyAac8rV8Zk.basis episode=90 target=chair success=1 spl=0.6243 reason=object_found steps=82 runtime=41.0s SR=46.83% (738/1576) mean_SPL=0.2307 SR@0.1m(ref)=46.83% SPL@0.1m(ref)=0.2307
[ZSON3 EVAL] 1577/2000 scene=qyAac8rV8Zk.basis episode=91 target=toilet success=0 spl=0.0000 reason=max_steps_reached steps=498 runtime=255.4s SR=46.80% (738/1577) mean_SPL=0.2305 SR@0.1m(ref)=46.80% SPL@0.1m(ref)=0.2305
[ZSON3 EVAL] 1578/2000 scene=qyAac8rV8Zk.basis episode=92 target=sofa success=0 spl=0.0000 reason=max_steps_reached steps=486 runtime=284.8s SR=46.77% (738/1578) mean_SPL=0.2304 SR@0.1m(ref)=46.77% SPL@0.1m(ref)=0.2304
[ZSON3 EVAL] 1579/2000 scene=qyAac8rV8Zk.basis episode=93 target=tv_monitor success=1 spl=0.7794 reason=object_found steps=99 runtime=56.9s SR=46.80% (739/1579) mean_SPL=0.2307 SR@0.1m(ref)=46.80% SPL@0.1m(ref)=0.2307
[ZSON3 EVAL] 1580/2000 scene=qyAac8rV8Zk.basis episode=94 target=bed success=0 spl=0.0000 reason=max_steps_reached steps=494 runtime=256.0s SR=46.77% (739/1580) mean_SPL=0.2306 SR@0.1m(ref)=46.77% SPL@0.1m(ref)=0.2306
[ZSON3 EVAL] 1581/2000 scene=qyAac8rV8Zk.basis episode=95 target=bed success=0 spl=0.0000 reason=max_steps_reached steps=500 runtime=241.8s SR=46.74% (739/1581) mean_SPL=0.2304 SR@0.1m(ref)=46.74% SPL@0.1m(ref)=0.2304
[ZSON3 EVAL] 1582/2000 scene=qyAac8rV8Zk.basis episode=96 target=chair success=0 spl=0.0000 reason=max_steps_reached steps=491 runtime=307.3s SR=46.71% (739/1582) mean_SPL=0.2303 SR@0.1m(ref)=46.71% SPL@0.1m(ref)=0.2303
[ZSON3 EVAL] 1583/2000 scene=qyAac8rV8Zk.basis episode=97 target=tv_monitor success=1 spl=0.2724 reason=object_found steps=97 runtime=52.2s SR=46.75% (740/1583) mean_SPL=0.2303 SR@0.1m(ref)=46.75% SPL@0.1m(ref)=0.2303
[ZSON3 EVAL] 1584/2000 scene=qyAac8rV8Zk.basis episode=98 target=bed success=0 spl=0.0000 reason=no_frontiers steps=476 runtime=235.4s SR=46.72% (740/1584) mean_SPL=0.2302 SR@0.1m(ref)=46.72% SPL@0.1m(ref)=0.2302
[ZSON3 EVAL] 1585/2000 scene=svBbv1Pavdk.basis episode=0 target=tv_monitor success=1 spl=0.2096 reason=object_found steps=184 runtime=184.5s SR=46.75% (741/1585) mean_SPL=0.2301 SR@0.1m(ref)=46.75% SPL@0.1m(ref)=0.2301
[ZSON3 EVAL] 1586/2000 scene=svBbv1Pavdk.basis episode=1 target=toilet success=0 spl=0.0000 reason=max_steps_reached steps=500 runtime=343.4s SR=46.72% (741/1586) mean_SPL=0.2300 SR@0.1m(ref)=46.72% SPL@0.1m(ref)=0.2300
[ZSON3 EVAL] 1587/2000 scene=svBbv1Pavdk.basis episode=2 target=toilet success=0 spl=0.0000 reason=max_steps_reached steps=498 runtime=340.0s SR=46.69% (741/1587) mean_SPL=0.2298 SR@0.1m(ref)=46.69% SPL@0.1m(ref)=0.2298
[ZSON3 EVAL] 1588/2000 scene=svBbv1Pavdk.basis episode=3 target=plant success=1 spl=0.7674 reason=object_found steps=51 runtime=43.1s SR=46.73% (742/1588) mean_SPL=0.2302 SR@0.1m(ref)=46.73% SPL@0.1m(ref)=0.2302
[ZSON3 EVAL] 1589/2000 scene=svBbv1Pavdk.basis episode=4 target=sofa success=1 spl=0.5898 reason=object_found steps=54 runtime=127.3s SR=46.76% (743/1589) mean_SPL=0.2304 SR@0.1m(ref)=46.76% SPL@0.1m(ref)=0.2304
[ZSON3 EVAL] 1590/2000 scene=svBbv1Pavdk.basis episode=5 target=toilet success=1 spl=0.1295 reason=object_found steps=288 runtime=211.6s SR=46.79% (744/1590) mean_SPL=0.2304 SR@0.1m(ref)=46.79% SPL@0.1m(ref)=0.2304
[ZSON3 EVAL] 1591/2000 scene=svBbv1Pavdk.basis episode=6 target=plant success=0 spl=0.0000 reason=false_positive steps=33 runtime=16.4s SR=46.76% (744/1591) mean_SPL=0.2302 SR@0.1m(ref)=46.76% SPL@0.1m(ref)=0.2302
[ZSON3 EVAL] 1592/2000 scene=svBbv1Pavdk.basis episode=7 target=tv_monitor success=1 spl=0.1646 reason=object_found steps=205 runtime=118.1s SR=46.80% (745/1592) mean_SPL=0.2302 SR@0.1m(ref)=46.80% SPL@0.1m(ref)=0.2302
[ZSON3 EVAL] 1593/2000 scene=svBbv1Pavdk.basis episode=8 target=toilet success=0 spl=0.0000 reason=max_steps_reached steps=491 runtime=367.6s SR=46.77% (745/1593) mean_SPL=0.2300 SR@0.1m(ref)=46.77% SPL@0.1m(ref)=0.2300
[ZSON3 EVAL] 1594/2000 scene=svBbv1Pavdk.basis episode=9 target=sofa success=1 spl=0.1634 reason=object_found steps=192 runtime=103.2s SR=46.80% (746/1594) mean_SPL=0.2300 SR@0.1m(ref)=46.80% SPL@0.1m(ref)=0.2300
[ZSON3 EVAL] 1595/2000 scene=svBbv1Pavdk.basis episode=10 target=tv_monitor success=1 spl=0.7597 reason=object_found steps=196 runtime=98.0s SR=46.83% (747/1595) mean_SPL=0.2303 SR@0.1m(ref)=46.83% SPL@0.1m(ref)=0.2303
[ZSON3 EVAL] 1596/2000 scene=svBbv1Pavdk.basis episode=11 target=bed success=1 spl=0.4572 reason=object_found steps=161 runtime=105.3s SR=46.87% (748/1596) mean_SPL=0.2305 SR@0.1m(ref)=46.87% SPL@0.1m(ref)=0.2305
[ZSON3 EVAL] 1597/2000 scene=svBbv1Pavdk.basis episode=12 target=sofa success=1 spl=0.6459 reason=object_found steps=50 runtime=30.8s SR=46.90% (749/1597) mean_SPL=0.2307 SR@0.1m(ref)=46.90% SPL@0.1m(ref)=0.2307
[ZSON3 EVAL] 1598/2000 scene=svBbv1Pavdk.basis episode=13 target=bed success=1 spl=0.4526 reason=object_found steps=225 runtime=138.5s SR=46.93% (750/1598) mean_SPL=0.2309 SR@0.1m(ref)=46.93% SPL@0.1m(ref)=0.2309
[ZSON3 EVAL] 1599/2000 scene=svBbv1Pavdk.basis episode=14 target=chair success=1 spl=0.7872 reason=object_found steps=29 runtime=15.3s SR=46.97% (751/1599) mean_SPL=0.2312 SR@0.1m(ref)=46.97% SPL@0.1m(ref)=0.2312
[ZSON3 EVAL] 1600/2000 scene=svBbv1Pavdk.basis episode=15 target=bed success=1 spl=0.8961 reason=object_found steps=60 runtime=48.6s SR=47.00% (752/1600) mean_SPL=0.2316 SR@0.1m(ref)=47.00% SPL@0.1m(ref)=0.2316
[ZSON3 EVAL] 1601/2000 scene=svBbv1Pavdk.basis episode=16 target=tv_monitor success=1 spl=0.8862 reason=object_found steps=67 runtime=61.3s SR=47.03% (753/1601) mean_SPL=0.2320 SR@0.1m(ref)=47.03% SPL@0.1m(ref)=0.2320
[ZSON3 EVAL] 1602/2000 scene=svBbv1Pavdk.basis episode=17 target=plant success=0 spl=0.0000 reason=false_positive steps=31 runtime=15.0s SR=47.00% (753/1602) mean_SPL=0.2319 SR@0.1m(ref)=47.00% SPL@0.1m(ref)=0.2319
[ZSON3 EVAL] 1603/2000 scene=svBbv1Pavdk.basis episode=18 target=sofa success=0 spl=0.0000 reason=false_positive steps=37 runtime=29.9s SR=46.97% (753/1603) mean_SPL=0.2317 SR@0.1m(ref)=46.97% SPL@0.1m(ref)=0.2317
[ZSON3 EVAL] 1604/2000 scene=svBbv1Pavdk.basis episode=19 target=sofa success=1 spl=0.3660 reason=object_found steps=134 runtime=89.0s SR=47.01% (754/1604) mean_SPL=0.2318 SR@0.1m(ref)=47.01% SPL@0.1m(ref)=0.2318
[ZSON3 EVAL] 1605/2000 scene=svBbv1Pavdk.basis episode=20 target=sofa success=1 spl=0.2979 reason=object_found steps=178 runtime=132.7s SR=47.04% (755/1605) mean_SPL=0.2319 SR@0.1m(ref)=47.04% SPL@0.1m(ref)=0.2319
[ZSON3 EVAL] 1606/2000 scene=svBbv1Pavdk.basis episode=21 target=tv_monitor success=1 spl=0.8253 reason=object_found steps=30 runtime=20.2s SR=47.07% (756/1606) mean_SPL=0.2322 SR@0.1m(ref)=47.07% SPL@0.1m(ref)=0.2322
[ZSON3 EVAL] 1607/2000 scene=svBbv1Pavdk.basis episode=22 target=plant success=0 spl=0.0000 reason=false_positive steps=25 runtime=11.5s SR=47.04% (756/1607) mean_SPL=0.2321 SR@0.1m(ref)=47.04% SPL@0.1m(ref)=0.2321
[ZSON3 EVAL] 1608/2000 scene=svBbv1Pavdk.basis episode=23 target=bed success=0 spl=0.0000 reason=max_steps_reached steps=494 runtime=372.4s SR=47.01% (756/1608) mean_SPL=0.2319 SR@0.1m(ref)=47.01% SPL@0.1m(ref)=0.2319
[ZSON3 EVAL] 1609/2000 scene=svBbv1Pavdk.basis episode=24 target=sofa success=1 spl=0.6072 reason=object_found steps=55 runtime=47.6s SR=47.05% (757/1609) mean_SPL=0.2322 SR@0.1m(ref)=47.05% SPL@0.1m(ref)=0.2322
[ZSON3 EVAL] 1610/2000 scene=svBbv1Pavdk.basis episode=25 target=sofa success=1 spl=0.2952 reason=object_found steps=223 runtime=116.8s SR=47.08% (758/1610) mean_SPL=0.2322 SR@0.1m(ref)=47.08% SPL@0.1m(ref)=0.2322
[ZSON3 EVAL] 1611/2000 scene=svBbv1Pavdk.basis episode=26 target=toilet success=1 spl=0.1618 reason=object_found steps=365 runtime=269.9s SR=47.11% (759/1611) mean_SPL=0.2322 SR@0.1m(ref)=47.11% SPL@0.1m(ref)=0.2322
[ZSON3 EVAL] 1612/2000 scene=svBbv1Pavdk.basis episode=27 target=bed success=1 spl=0.5266 reason=object_found steps=161 runtime=113.8s SR=47.15% (760/1612) mean_SPL=0.2324 SR@0.1m(ref)=47.15% SPL@0.1m(ref)=0.2324
[ZSON3 EVAL] 1613/2000 scene=svBbv1Pavdk.basis episode=28 target=plant success=1 spl=0.7159 reason=object_found steps=56 runtime=35.3s SR=47.18% (761/1613) mean_SPL=0.2327 SR@0.1m(ref)=47.18% SPL@0.1m(ref)=0.2327
[ZSON3 EVAL] 1614/2000 scene=svBbv1Pavdk.basis episode=29 target=tv_monitor success=1 spl=0.1768 reason=object_found steps=230 runtime=215.8s SR=47.21% (762/1614) mean_SPL=0.2326 SR@0.1m(ref)=47.21% SPL@0.1m(ref)=0.2326
[ZSON3 EVAL] 1615/2000 scene=svBbv1Pavdk.basis episode=30 target=plant success=0 spl=0.0000 reason=false_positive steps=10 runtime=5.9s SR=47.18% (762/1615) mean_SPL=0.2325 SR@0.1m(ref)=47.18% SPL@0.1m(ref)=0.2325
[ZSON3 EVAL] 1616/2000 scene=svBbv1Pavdk.basis episode=31 target=plant success=1 spl=0.6926 reason=object_found steps=39 runtime=28.5s SR=47.22% (763/1616) mean_SPL=0.2328 SR@0.1m(ref)=47.22% SPL@0.1m(ref)=0.2328
[ZSON3 EVAL] 1617/2000 scene=svBbv1Pavdk.basis episode=32 target=bed success=1 spl=0.3634 reason=object_found steps=76 runtime=30.9s SR=47.25% (764/1617) mean_SPL=0.2328 SR@0.1m(ref)=47.25% SPL@0.1m(ref)=0.2328
[ZSON3 EVAL] 1618/2000 scene=svBbv1Pavdk.basis episode=33 target=chair success=1 spl=0.8259 reason=object_found steps=30 runtime=25.8s SR=47.28% (765/1618) mean_SPL=0.2332 SR@0.1m(ref)=47.28% SPL@0.1m(ref)=0.2332
[ZSON3 EVAL] 1619/2000 scene=svBbv1Pavdk.basis episode=34 target=bed success=1 spl=0.6235 reason=object_found steps=141 runtime=115.6s SR=47.31% (766/1619) mean_SPL=0.2334 SR@0.1m(ref)=47.31% SPL@0.1m(ref)=0.2334
[ZSON3 EVAL] 1620/2000 scene=svBbv1Pavdk.basis episode=35 target=plant success=0 spl=0.0000 reason=false_positive steps=30 runtime=15.8s SR=47.28% (766/1620) mean_SPL=0.2333 SR@0.1m(ref)=47.28% SPL@0.1m(ref)=0.2333
[ZSON3 EVAL] 1621/2000 scene=svBbv1Pavdk.basis episode=36 target=sofa success=1 spl=0.4558 reason=object_found steps=84 runtime=58.7s SR=47.32% (767/1621) mean_SPL=0.2334 SR@0.1m(ref)=47.32% SPL@0.1m(ref)=0.2334
[ZSON3 EVAL] 1622/2000 scene=svBbv1Pavdk.basis episode=37 target=tv_monitor success=1 spl=0.5575 reason=object_found steps=58 runtime=51.0s SR=47.35% (768/1622) mean_SPL=0.2336 SR@0.1m(ref)=47.35% SPL@0.1m(ref)=0.2336
[ZSON3 EVAL] 1623/2000 scene=svBbv1Pavdk.basis episode=38 target=sofa success=1 spl=0.4592 reason=object_found steps=72 runtime=46.3s SR=47.38% (769/1623) mean_SPL=0.2338 SR@0.1m(ref)=47.38% SPL@0.1m(ref)=0.2338
[ZSON3 EVAL] 1624/2000 scene=svBbv1Pavdk.basis episode=39 target=bed success=0 spl=0.0000 reason=false_positive steps=114 runtime=74.4s SR=47.35% (769/1624) mean_SPL=0.2336 SR@0.1m(ref)=47.35% SPL@0.1m(ref)=0.2336
[ZSON3 EVAL] 1625/2000 scene=svBbv1Pavdk.basis episode=40 target=chair success=1 spl=0.4114 reason=object_found steps=83 runtime=44.2s SR=47.38% (770/1625) mean_SPL=0.2337 SR@0.1m(ref)=47.38% SPL@0.1m(ref)=0.2337
[ZSON3 EVAL] 1626/2000 scene=svBbv1Pavdk.basis episode=41 target=plant success=1 spl=0.7017 reason=object_found steps=51 runtime=45.9s SR=47.42% (771/1626) mean_SPL=0.2340 SR@0.1m(ref)=47.42% SPL@0.1m(ref)=0.2340
[ZSON3 EVAL] 1627/2000 scene=svBbv1Pavdk.basis episode=42 target=bed success=1 spl=0.6294 reason=object_found steps=86 runtime=55.1s SR=47.45% (772/1627) mean_SPL=0.2343 SR@0.1m(ref)=47.45% SPL@0.1m(ref)=0.2343
[ZSON3 EVAL] 1628/2000 scene=svBbv1Pavdk.basis episode=43 target=bed success=1 spl=0.7096 reason=object_found steps=101 runtime=71.4s SR=47.48% (773/1628) mean_SPL=0.2346 SR@0.1m(ref)=47.48% SPL@0.1m(ref)=0.2346
[ZSON3 EVAL] 1629/2000 scene=svBbv1Pavdk.basis episode=44 target=chair success=0 spl=0.0000 reason=max_steps_reached steps=482 runtime=140.6s SR=47.45% (773/1629) mean_SPL=0.2344 SR@0.1m(ref)=47.45% SPL@0.1m(ref)=0.2344
[ZSON3 EVAL] 1630/2000 scene=svBbv1Pavdk.basis episode=45 target=sofa success=1 spl=0.4816 reason=object_found steps=105 runtime=77.5s SR=47.48% (774/1630) mean_SPL=0.2346 SR@0.1m(ref)=47.48% SPL@0.1m(ref)=0.2346
[ZSON3 EVAL] 1631/2000 scene=svBbv1Pavdk.basis episode=46 target=chair success=1 spl=0.7362 reason=object_found steps=43 runtime=29.3s SR=47.52% (775/1631) mean_SPL=0.2349 SR@0.1m(ref)=47.52% SPL@0.1m(ref)=0.2349
[ZSON3 EVAL] 1632/2000 scene=svBbv1Pavdk.basis episode=47 target=tv_monitor success=1 spl=0.7985 reason=object_found steps=42 runtime=31.3s SR=47.55% (776/1632) mean_SPL=0.2352 SR@0.1m(ref)=47.55% SPL@0.1m(ref)=0.2352
[ZSON3 EVAL] 1633/2000 scene=svBbv1Pavdk.basis episode=48 target=plant success=0 spl=0.0000 reason=false_positive steps=79 runtime=57.0s SR=47.52% (776/1633) mean_SPL=0.2351 SR@0.1m(ref)=47.52% SPL@0.1m(ref)=0.2351
[ZSON3 EVAL] 1634/2000 scene=svBbv1Pavdk.basis episode=49 target=bed success=1 spl=0.3993 reason=object_found steps=217 runtime=177.3s SR=47.55% (777/1634) mean_SPL=0.2352 SR@0.1m(ref)=47.55% SPL@0.1m(ref)=0.2352
[ZSON3 EVAL] 1635/2000 scene=svBbv1Pavdk.basis episode=50 target=chair success=1 spl=0.7801 reason=object_found steps=40 runtime=101.6s SR=47.58% (778/1635) mean_SPL=0.2355 SR@0.1m(ref)=47.58% SPL@0.1m(ref)=0.2355
[ZSON3 EVAL] 1636/2000 scene=svBbv1Pavdk.basis episode=51 target=plant success=0 spl=0.0000 reason=false_positive steps=34 runtime=14.4s SR=47.56% (778/1636) mean_SPL=0.2354 SR@0.1m(ref)=47.56% SPL@0.1m(ref)=0.2354
[ZSON3 EVAL] 1637/2000 scene=svBbv1Pavdk.basis episode=52 target=tv_monitor success=1 spl=0.8651 reason=object_found steps=34 runtime=27.6s SR=47.59% (779/1637) mean_SPL=0.2358 SR@0.1m(ref)=47.59% SPL@0.1m(ref)=0.2358
[ZSON3 EVAL] 1638/2000 scene=svBbv1Pavdk.basis episode=53 target=tv_monitor success=1 spl=0.6212 reason=object_found steps=61 runtime=48.1s SR=47.62% (780/1638) mean_SPL=0.2360 SR@0.1m(ref)=47.62% SPL@0.1m(ref)=0.2360
[ZSON3 EVAL] 1639/2000 scene=svBbv1Pavdk.basis episode=54 target=tv_monitor success=1 spl=0.5210 reason=object_found steps=78 runtime=67.0s SR=47.65% (781/1639) mean_SPL=0.2362 SR@0.1m(ref)=47.65% SPL@0.1m(ref)=0.2362
[ZSON3 EVAL] 1640/2000 scene=svBbv1Pavdk.basis episode=55 target=toilet success=0 spl=0.0000 reason=max_steps_reached steps=488 runtime=313.1s SR=47.62% (781/1640) mean_SPL=0.2360 SR@0.1m(ref)=47.62% SPL@0.1m(ref)=0.2360
[ZSON3 EVAL] 1641/2000 scene=svBbv1Pavdk.basis episode=56 target=tv_monitor success=1 spl=0.5415 reason=object_found steps=72 runtime=55.0s SR=47.65% (782/1641) mean_SPL=0.2362 SR@0.1m(ref)=47.65% SPL@0.1m(ref)=0.2362
[ZSON3 EVAL] 1642/2000 scene=svBbv1Pavdk.basis episode=57 target=tv_monitor success=1 spl=0.4421 reason=object_found steps=125 runtime=89.6s SR=47.69% (783/1642) mean_SPL=0.2363 SR@0.1m(ref)=47.69% SPL@0.1m(ref)=0.2363
[ZSON3 EVAL] 1643/2000 scene=svBbv1Pavdk.basis episode=58 target=chair success=0 spl=0.0000 reason=max_steps_reached steps=471 runtime=174.6s SR=47.66% (783/1643) mean_SPL=0.2362 SR@0.1m(ref)=47.66% SPL@0.1m(ref)=0.2362
[ZSON3 EVAL] 1644/2000 scene=svBbv1Pavdk.basis episode=59 target=chair success=0 spl=0.0000 reason=false_positive steps=18 runtime=7.0s SR=47.63% (783/1644) mean_SPL=0.2360 SR@0.1m(ref)=47.63% SPL@0.1m(ref)=0.2360
[ZSON3 EVAL] 1645/2000 scene=svBbv1Pavdk.basis episode=60 target=plant success=0 spl=0.0000 reason=false_positive steps=31 runtime=17.0s SR=47.60% (783/1645) mean_SPL=0.2359 SR@0.1m(ref)=47.60% SPL@0.1m(ref)=0.2359
[ZSON3 EVAL] 1646/2000 scene=svBbv1Pavdk.basis episode=61 target=chair success=1 spl=0.4894 reason=object_found steps=43 runtime=32.6s SR=47.63% (784/1646) mean_SPL=0.2361 SR@0.1m(ref)=47.63% SPL@0.1m(ref)=0.2361
[ZSON3 EVAL] 1647/2000 scene=svBbv1Pavdk.basis episode=62 target=tv_monitor success=1 spl=0.6019 reason=object_found steps=66 runtime=53.7s SR=47.66% (785/1647) mean_SPL=0.2363 SR@0.1m(ref)=47.66% SPL@0.1m(ref)=0.2363
[ZSON3 EVAL] 1648/2000 scene=svBbv1Pavdk.basis episode=63 target=tv_monitor success=1 spl=0.9110 reason=object_found steps=51 runtime=32.7s SR=47.69% (786/1648) mean_SPL=0.2367 SR@0.1m(ref)=47.69% SPL@0.1m(ref)=0.2367
[ZSON3 EVAL] 1649/2000 scene=svBbv1Pavdk.basis episode=64 target=chair success=0 spl=0.0000 reason=false_positive steps=91 runtime=44.4s SR=47.67% (786/1649) mean_SPL=0.2365 SR@0.1m(ref)=47.67% SPL@0.1m(ref)=0.2365
[ZSON3 EVAL] 1650/2000 scene=svBbv1Pavdk.basis episode=65 target=plant success=0 spl=0.0000 reason=false_positive steps=25 runtime=16.6s SR=47.64% (786/1650) mean_SPL=0.2364 SR@0.1m(ref)=47.64% SPL@0.1m(ref)=0.2364
[ZSON3 EVAL] 1651/2000 scene=svBbv1Pavdk.basis episode=66 target=plant success=1 spl=0.7453 reason=object_found steps=34 runtime=24.9s SR=47.67% (787/1651) mean_SPL=0.2367 SR@0.1m(ref)=47.67% SPL@0.1m(ref)=0.2367
[ZSON3 EVAL] 1652/2000 scene=svBbv1Pavdk.basis episode=67 target=toilet success=0 spl=0.0000 reason=max_steps_reached steps=498 runtime=371.7s SR=47.64% (787/1652) mean_SPL=0.2366 SR@0.1m(ref)=47.64% SPL@0.1m(ref)=0.2366
[ZSON3 EVAL] 1653/2000 scene=svBbv1Pavdk.basis episode=68 target=toilet success=0 spl=0.0000 reason=max_steps_reached steps=500 runtime=406.9s SR=47.61% (787/1653) mean_SPL=0.2364 SR@0.1m(ref)=47.61% SPL@0.1m(ref)=0.2364
[ZSON3 EVAL] 1654/2000 scene=svBbv1Pavdk.basis episode=69 target=bed success=1 spl=0.5395 reason=object_found steps=146 runtime=91.8s SR=47.64% (788/1654) mean_SPL=0.2366 SR@0.1m(ref)=47.64% SPL@0.1m(ref)=0.2366
[ZSON3 EVAL] 1655/2000 scene=svBbv1Pavdk.basis episode=70 target=chair success=0 spl=0.0000 reason=robot_stuck steps=258 runtime=89.4s SR=47.61% (788/1655) mean_SPL=0.2365 SR@0.1m(ref)=47.61% SPL@0.1m(ref)=0.2365
[ZSON3 EVAL] 1656/2000 scene=svBbv1Pavdk.basis episode=71 target=chair success=0 spl=0.0000 reason=false_positive steps=13 runtime=8.7s SR=47.58% (788/1656) mean_SPL=0.2363 SR@0.1m(ref)=47.58% SPL@0.1m(ref)=0.2363
[ZSON3 EVAL] 1657/2000 scene=svBbv1Pavdk.basis episode=72 target=tv_monitor success=1 spl=0.8219 reason=object_found steps=51 runtime=32.5s SR=47.62% (789/1657) mean_SPL=0.2367 SR@0.1m(ref)=47.62% SPL@0.1m(ref)=0.2367
[ZSON3 EVAL] 1658/2000 scene=svBbv1Pavdk.basis episode=73 target=bed success=1 spl=0.7716 reason=object_found steps=56 runtime=39.3s SR=47.65% (790/1658) mean_SPL=0.2370 SR@0.1m(ref)=47.65% SPL@0.1m(ref)=0.2370
[ZSON3 EVAL] 1659/2000 scene=svBbv1Pavdk.basis episode=74 target=sofa success=1 spl=0.2604 reason=object_found steps=117 runtime=100.8s SR=47.68% (791/1659) mean_SPL=0.2370 SR@0.1m(ref)=47.68% SPL@0.1m(ref)=0.2370
[ZSON3 EVAL] 1660/2000 scene=svBbv1Pavdk.basis episode=75 target=toilet success=1 spl=0.6220 reason=object_found steps=211 runtime=174.3s SR=47.71% (792/1660) mean_SPL=0.2372 SR@0.1m(ref)=47.71% SPL@0.1m(ref)=0.2372
[ZSON3 EVAL] 1661/2000 scene=svBbv1Pavdk.basis episode=76 target=toilet success=0 spl=0.0000 reason=false_positive steps=77 runtime=70.7s SR=47.68% (792/1661) mean_SPL=0.2371 SR@0.1m(ref)=47.68% SPL@0.1m(ref)=0.2371
[ZSON3 EVAL] 1662/2000 scene=svBbv1Pavdk.basis episode=77 target=toilet success=1 spl=0.2221 reason=object_found steps=314 runtime=237.7s SR=47.71% (793/1662) mean_SPL=0.2371 SR@0.1m(ref)=47.71% SPL@0.1m(ref)=0.2371
[ZSON3 EVAL] 1663/2000 scene=svBbv1Pavdk.basis episode=78 target=tv_monitor success=1 spl=0.2141 reason=object_found steps=255 runtime=182.4s SR=47.75% (794/1663) mean_SPL=0.2371 SR@0.1m(ref)=47.75% SPL@0.1m(ref)=0.2371
[ZSON3 EVAL] 1664/2000 scene=svBbv1Pavdk.basis episode=79 target=toilet success=0 spl=0.0000 reason=max_steps_reached steps=497 runtime=381.0s SR=47.72% (794/1664) mean_SPL=0.2369 SR@0.1m(ref)=47.72% SPL@0.1m(ref)=0.2369
[ZSON3 EVAL] 1665/2000 scene=svBbv1Pavdk.basis episode=80 target=tv_monitor success=1 spl=0.2142 reason=object_found steps=197 runtime=137.2s SR=47.75% (795/1665) mean_SPL=0.2369 SR@0.1m(ref)=47.75% SPL@0.1m(ref)=0.2369
[ZSON3 EVAL] 1666/2000 scene=svBbv1Pavdk.basis episode=81 target=chair success=0 spl=0.0000 reason=false_positive steps=8 runtime=6.9s SR=47.72% (795/1666) mean_SPL=0.2368 SR@0.1m(ref)=47.72% SPL@0.1m(ref)=0.2368
[ZSON3 EVAL] 1667/2000 scene=svBbv1Pavdk.basis episode=82 target=toilet success=1 spl=0.5019 reason=object_found steps=157 runtime=108.3s SR=47.75% (796/1667) mean_SPL=0.2369 SR@0.1m(ref)=47.75% SPL@0.1m(ref)=0.2369
[ZSON3 EVAL] 1668/2000 scene=svBbv1Pavdk.basis episode=83 target=sofa success=1 spl=0.4152 reason=object_found steps=83 runtime=67.9s SR=47.78% (797/1668) mean_SPL=0.2370 SR@0.1m(ref)=47.78% SPL@0.1m(ref)=0.2370
[ZSON3 EVAL] 1669/2000 scene=svBbv1Pavdk.basis episode=84 target=sofa success=1 spl=0.1218 reason=object_found steps=193 runtime=133.1s SR=47.81% (798/1669) mean_SPL=0.2370 SR@0.1m(ref)=47.81% SPL@0.1m(ref)=0.2370
[ZSON3 EVAL] 1670/2000 scene=svBbv1Pavdk.basis episode=85 target=bed success=1 spl=0.6175 reason=object_found steps=115 runtime=88.8s SR=47.84% (799/1670) mean_SPL=0.2372 SR@0.1m(ref)=47.84% SPL@0.1m(ref)=0.2372
[ZSON3 EVAL] 1671/2000 scene=svBbv1Pavdk.basis episode=86 target=sofa success=1 spl=0.7213 reason=object_found steps=21 runtime=22.8s SR=47.88% (800/1671) mean_SPL=0.2375 SR@0.1m(ref)=47.88% SPL@0.1m(ref)=0.2375
[ZSON3 EVAL] 1672/2000 scene=svBbv1Pavdk.basis episode=87 target=toilet success=1 spl=0.4283 reason=object_found steps=67 runtime=39.6s SR=47.91% (801/1672) mean_SPL=0.2376 SR@0.1m(ref)=47.91% SPL@0.1m(ref)=0.2376
[ZSON3 EVAL] 1673/2000 scene=svBbv1Pavdk.basis episode=88 target=tv_monitor success=1 spl=0.1801 reason=object_found steps=99 runtime=71.6s SR=47.94% (802/1673) mean_SPL=0.2376 SR@0.1m(ref)=47.94% SPL@0.1m(ref)=0.2376
[ZSON3 EVAL] 1674/2000 scene=svBbv1Pavdk.basis episode=89 target=bed success=1 spl=0.3660 reason=object_found steps=118 runtime=102.8s SR=47.97% (803/1674) mean_SPL=0.2376 SR@0.1m(ref)=47.97% SPL@0.1m(ref)=0.2376
[ZSON3 EVAL] 1675/2000 scene=svBbv1Pavdk.basis episode=90 target=bed success=1 spl=0.8321 reason=object_found steps=66 runtime=47.0s SR=48.00% (804/1675) mean_SPL=0.2380 SR@0.1m(ref)=48.00% SPL@0.1m(ref)=0.2380
[ZSON3 EVAL] 1676/2000 scene=svBbv1Pavdk.basis episode=91 target=plant success=1 spl=0.7706 reason=object_found steps=39 runtime=30.7s SR=48.03% (805/1676) mean_SPL=0.2383 SR@0.1m(ref)=48.03% SPL@0.1m(ref)=0.2383
[ZSON3 EVAL] 1677/2000 scene=svBbv1Pavdk.basis episode=92 target=plant success=1 spl=0.4476 reason=object_found steps=80 runtime=71.1s SR=48.06% (806/1677) mean_SPL=0.2384 SR@0.1m(ref)=48.06% SPL@0.1m(ref)=0.2384
[ZSON3 EVAL] 1678/2000 scene=svBbv1Pavdk.basis episode=93 target=bed success=1 spl=0.8652 reason=object_found steps=36 runtime=31.1s SR=48.09% (807/1678) mean_SPL=0.2388 SR@0.1m(ref)=48.09% SPL@0.1m(ref)=0.2388
[ZSON3 EVAL] 1679/2000 scene=svBbv1Pavdk.basis episode=94 target=toilet success=1 spl=0.3053 reason=object_found steps=254 runtime=162.4s SR=48.12% (808/1679) mean_SPL=0.2389 SR@0.1m(ref)=48.12% SPL@0.1m(ref)=0.2389
[ZSON3 EVAL] 1680/2000 scene=svBbv1Pavdk.basis episode=95 target=tv_monitor success=1 spl=0.4832 reason=object_found steps=47 runtime=37.3s SR=48.15% (809/1680) mean_SPL=0.2390 SR@0.1m(ref)=48.15% SPL@0.1m(ref)=0.2390
[ZSON3 EVAL] 1681/2000 scene=svBbv1Pavdk.basis episode=96 target=toilet success=0 spl=0.0000 reason=false_positive steps=285 runtime=101.4s SR=48.13% (809/1681) mean_SPL=0.2389 SR@0.1m(ref)=48.13% SPL@0.1m(ref)=0.2389
[ZSON3 EVAL] 1682/2000 scene=svBbv1Pavdk.basis episode=97 target=chair success=1 spl=0.6695 reason=object_found steps=75 runtime=38.6s SR=48.16% (810/1682) mean_SPL=0.2391 SR@0.1m(ref)=48.16% SPL@0.1m(ref)=0.2391
[ZSON3 EVAL] 1683/2000 scene=svBbv1Pavdk.basis episode=98 target=chair success=0 spl=0.0000 reason=exception steps=450 runtime=142.1s SR=48.13% (810/1683) mean_SPL=0.2390 SR@0.1m(ref)=48.13% SPL@0.1m(ref)=0.2390
[ZSON3 EVAL] 1684/2000 scene=wcojb4TFT35.basis episode=0 target=toilet success=0 spl=0.0000 reason=false_positive steps=292 runtime=146.0s SR=48.10% (810/1684) mean_SPL=0.2388 SR@0.1m(ref)=48.10% SPL@0.1m(ref)=0.2388
[ZSON3 EVAL] 1685/2000 scene=wcojb4TFT35.basis episode=1 target=tv_monitor success=1 spl=0.1378 reason=object_found steps=302 runtime=168.2s SR=48.13% (811/1685) mean_SPL=0.2388 SR@0.1m(ref)=48.13% SPL@0.1m(ref)=0.2388
[ZSON3 EVAL] 1686/2000 scene=wcojb4TFT35.basis episode=2 target=sofa success=1 spl=0.5122 reason=object_found steps=108 runtime=74.5s SR=48.16% (812/1686) mean_SPL=0.2389 SR@0.1m(ref)=48.16% SPL@0.1m(ref)=0.2389
[ZSON3 EVAL] 1687/2000 scene=wcojb4TFT35.basis episode=3 target=bed success=0 spl=0.0000 reason=robot_stuck steps=202 runtime=126.1s SR=48.13% (812/1687) mean_SPL=0.2388 SR@0.1m(ref)=48.13% SPL@0.1m(ref)=0.2388
[ZSON3 EVAL] 1688/2000 scene=wcojb4TFT35.basis episode=4 target=toilet success=0 spl=0.0000 reason=false_positive steps=357 runtime=198.8s SR=48.10% (812/1688) mean_SPL=0.2387 SR@0.1m(ref)=48.10% SPL@0.1m(ref)=0.2387
[ZSON3 EVAL] 1689/2000 scene=wcojb4TFT35.basis episode=5 target=tv_monitor success=1 spl=0.8044 reason=object_found steps=43 runtime=20.9s SR=48.13% (813/1689) mean_SPL=0.2390 SR@0.1m(ref)=48.13% SPL@0.1m(ref)=0.2390
[ZSON3 EVAL] 1690/2000 scene=wcojb4TFT35.basis episode=6 target=tv_monitor success=1 spl=0.7680 reason=object_found steps=42 runtime=19.0s SR=48.17% (814/1690) mean_SPL=0.2393 SR@0.1m(ref)=48.17% SPL@0.1m(ref)=0.2393
[ZSON3 EVAL] 1691/2000 scene=wcojb4TFT35.basis episode=7 target=chair success=1 spl=0.4168 reason=object_found steps=187 runtime=92.5s SR=48.20% (815/1691) mean_SPL=0.2394 SR@0.1m(ref)=48.20% SPL@0.1m(ref)=0.2394
[ZSON3 EVAL] 1692/2000 scene=wcojb4TFT35.basis episode=8 target=bed success=0 spl=0.0000 reason=max_steps_reached steps=473 runtime=316.5s SR=48.17% (815/1692) mean_SPL=0.2393 SR@0.1m(ref)=48.17% SPL@0.1m(ref)=0.2393
[ZSON3 EVAL] 1693/2000 scene=wcojb4TFT35.basis episode=9 target=bed success=0 spl=0.0000 reason=max_steps_reached steps=483 runtime=347.0s SR=48.14% (815/1693) mean_SPL=0.2391 SR@0.1m(ref)=48.14% SPL@0.1m(ref)=0.2391
[ZSON3 EVAL] 1694/2000 scene=wcojb4TFT35.basis episode=10 target=tv_monitor success=1 spl=0.5460 reason=object_found steps=192 runtime=110.7s SR=48.17% (816/1694) mean_SPL=0.2393 SR@0.1m(ref)=48.17% SPL@0.1m(ref)=0.2393
[ZSON3 EVAL] 1695/2000 scene=wcojb4TFT35.basis episode=11 target=sofa success=1 spl=0.2879 reason=object_found steps=124 runtime=85.2s SR=48.20% (817/1695) mean_SPL=0.2393 SR@0.1m(ref)=48.20% SPL@0.1m(ref)=0.2393
[ZSON3 EVAL] 1696/2000 scene=wcojb4TFT35.basis episode=12 target=toilet success=0 spl=0.0000 reason=false_positive steps=272 runtime=167.1s SR=48.17% (817/1696) mean_SPL=0.2392 SR@0.1m(ref)=48.17% SPL@0.1m(ref)=0.2392
[ZSON3 EVAL] 1697/2000 scene=wcojb4TFT35.basis episode=13 target=chair success=1 spl=0.2253 reason=object_found steps=260 runtime=144.1s SR=48.20% (818/1697) mean_SPL=0.2392 SR@0.1m(ref)=48.20% SPL@0.1m(ref)=0.2392
[ZSON3 EVAL] 1698/2000 scene=wcojb4TFT35.basis episode=14 target=bed success=1 spl=0.5080 reason=object_found steps=39 runtime=22.9s SR=48.23% (819/1698) mean_SPL=0.2393 SR@0.1m(ref)=48.23% SPL@0.1m(ref)=0.2393
[ZSON3 EVAL] 1699/2000 scene=wcojb4TFT35.basis episode=15 target=chair success=1 spl=0.4509 reason=object_found steps=277 runtime=121.4s SR=48.26% (820/1699) mean_SPL=0.2395 SR@0.1m(ref)=48.26% SPL@0.1m(ref)=0.2395
[ZSON3 EVAL] 1700/2000 scene=wcojb4TFT35.basis episode=16 target=toilet success=0 spl=0.0000 reason=max_steps_reached steps=492 runtime=264.6s SR=48.24% (820/1700) mean_SPL=0.2393 SR@0.1m(ref)=48.24% SPL@0.1m(ref)=0.2393
[ZSON3 EVAL] 1701/2000 scene=wcojb4TFT35.basis episode=17 target=sofa success=1 spl=0.1809 reason=object_found steps=153 runtime=97.4s SR=48.27% (821/1701) mean_SPL=0.2393 SR@0.1m(ref)=48.27% SPL@0.1m(ref)=0.2393
[ZSON3 EVAL] 1702/2000 scene=wcojb4TFT35.basis episode=18 target=sofa success=1 spl=0.5021 reason=object_found steps=157 runtime=99.7s SR=48.30% (822/1702) mean_SPL=0.2394 SR@0.1m(ref)=48.30% SPL@0.1m(ref)=0.2394
[ZSON3 EVAL] 1703/2000 scene=wcojb4TFT35.basis episode=19 target=chair success=1 spl=0.6070 reason=object_found steps=72 runtime=42.6s SR=48.33% (823/1703) mean_SPL=0.2397 SR@0.1m(ref)=48.33% SPL@0.1m(ref)=0.2397
[ZSON3 EVAL] 1704/2000 scene=wcojb4TFT35.basis episode=20 target=tv_monitor success=1 spl=0.9007 reason=object_found steps=59 runtime=34.2s SR=48.36% (824/1704) mean_SPL=0.2401 SR@0.1m(ref)=48.36% SPL@0.1m(ref)=0.2401
[ZSON3 EVAL] 1705/2000 scene=wcojb4TFT35.basis episode=21 target=tv_monitor success=0 spl=0.0000 reason=max_steps_reached steps=495 runtime=303.3s SR=48.33% (824/1705) mean_SPL=0.2399 SR@0.1m(ref)=48.33% SPL@0.1m(ref)=0.2399
[ZSON3 EVAL] 1706/2000 scene=wcojb4TFT35.basis episode=22 target=toilet success=0 spl=0.0000 reason=max_steps_reached steps=500 runtime=231.6s SR=48.30% (824/1706) mean_SPL=0.2398 SR@0.1m(ref)=48.30% SPL@0.1m(ref)=0.2398
[ZSON3 EVAL] 1707/2000 scene=wcojb4TFT35.basis episode=23 target=chair success=0 spl=0.0000 reason=no_frontiers steps=88 runtime=37.7s SR=48.27% (824/1707) mean_SPL=0.2396 SR@0.1m(ref)=48.27% SPL@0.1m(ref)=0.2396
[ZSON3 EVAL] 1708/2000 scene=wcojb4TFT35.basis episode=24 target=tv_monitor success=1 spl=0.4189 reason=object_found steps=174 runtime=132.7s SR=48.30% (825/1708) mean_SPL=0.2397 SR@0.1m(ref)=48.30% SPL@0.1m(ref)=0.2397
[ZSON3 EVAL] 1709/2000 scene=wcojb4TFT35.basis episode=25 target=sofa success=1 spl=0.6531 reason=object_found steps=79 runtime=59.8s SR=48.33% (826/1709) mean_SPL=0.2400 SR@0.1m(ref)=48.33% SPL@0.1m(ref)=0.2400
[ZSON3 EVAL] 1710/2000 scene=wcojb4TFT35.basis episode=26 target=bed success=1 spl=0.4554 reason=object_found steps=424 runtime=276.4s SR=48.36% (827/1710) mean_SPL=0.2401 SR@0.1m(ref)=48.36% SPL@0.1m(ref)=0.2401
[ZSON3 EVAL] 1711/2000 scene=wcojb4TFT35.basis episode=27 target=sofa success=1 spl=0.8296 reason=object_found steps=46 runtime=30.3s SR=48.39% (828/1711) mean_SPL=0.2404 SR@0.1m(ref)=48.39% SPL@0.1m(ref)=0.2404
[ZSON3 EVAL] 1712/2000 scene=wcojb4TFT35.basis episode=28 target=sofa success=1 spl=0.2445 reason=object_found steps=196 runtime=149.2s SR=48.42% (829/1712) mean_SPL=0.2404 SR@0.1m(ref)=48.42% SPL@0.1m(ref)=0.2404
[ZSON3 EVAL] 1713/2000 scene=wcojb4TFT35.basis episode=29 target=bed success=0 spl=0.0000 reason=max_steps_reached steps=468 runtime=282.7s SR=48.39% (829/1713) mean_SPL=0.2403 SR@0.1m(ref)=48.39% SPL@0.1m(ref)=0.2403
[ZSON3 EVAL] 1714/2000 scene=wcojb4TFT35.basis episode=30 target=toilet success=0 spl=0.0000 reason=max_steps_reached steps=500 runtime=300.5s SR=48.37% (829/1714) mean_SPL=0.2402 SR@0.1m(ref)=48.37% SPL@0.1m(ref)=0.2402
[ZSON3 EVAL] 1715/2000 scene=wcojb4TFT35.basis episode=31 target=sofa success=1 spl=0.5417 reason=object_found steps=133 runtime=89.9s SR=48.40% (830/1715) mean_SPL=0.2403 SR@0.1m(ref)=48.40% SPL@0.1m(ref)=0.2403
[ZSON3 EVAL] 1716/2000 scene=wcojb4TFT35.basis episode=32 target=sofa success=1 spl=0.3555 reason=object_found steps=164 runtime=111.7s SR=48.43% (831/1716) mean_SPL=0.2404 SR@0.1m(ref)=48.43% SPL@0.1m(ref)=0.2404
[ZSON3 EVAL] 1717/2000 scene=wcojb4TFT35.basis episode=33 target=chair success=1 spl=0.5975 reason=object_found steps=85 runtime=55.2s SR=48.46% (832/1717) mean_SPL=0.2406 SR@0.1m(ref)=48.46% SPL@0.1m(ref)=0.2406
[ZSON3 EVAL] 1718/2000 scene=wcojb4TFT35.basis episode=34 target=sofa success=1 spl=0.2998 reason=object_found steps=169 runtime=107.3s SR=48.49% (833/1718) mean_SPL=0.2407 SR@0.1m(ref)=48.49% SPL@0.1m(ref)=0.2407
[ZSON3 EVAL] 1719/2000 scene=wcojb4TFT35.basis episode=35 target=tv_monitor success=1 spl=0.4191 reason=object_found steps=224 runtime=143.5s SR=48.52% (834/1719) mean_SPL=0.2408 SR@0.1m(ref)=48.52% SPL@0.1m(ref)=0.2408
[ZSON3 EVAL] 1720/2000 scene=wcojb4TFT35.basis episode=36 target=bed success=0 spl=0.0000 reason=false_positive steps=49 runtime=24.5s SR=48.49% (834/1720) mean_SPL=0.2406 SR@0.1m(ref)=48.49% SPL@0.1m(ref)=0.2406
[ZSON3 EVAL] 1721/2000 scene=wcojb4TFT35.basis episode=37 target=sofa success=1 spl=0.3897 reason=object_found steps=97 runtime=59.9s SR=48.52% (835/1721) mean_SPL=0.2407 SR@0.1m(ref)=48.52% SPL@0.1m(ref)=0.2407
[ZSON3 EVAL] 1722/2000 scene=wcojb4TFT35.basis episode=38 target=chair success=1 spl=0.2779 reason=object_found steps=145 runtime=78.7s SR=48.55% (836/1722) mean_SPL=0.2407 SR@0.1m(ref)=48.55% SPL@0.1m(ref)=0.2407
[ZSON3 EVAL] 1723/2000 scene=wcojb4TFT35.basis episode=39 target=sofa success=1 spl=0.2870 reason=object_found steps=195 runtime=115.4s SR=48.58% (837/1723) mean_SPL=0.2408 SR@0.1m(ref)=48.58% SPL@0.1m(ref)=0.2408
[ZSON3 EVAL] 1724/2000 scene=wcojb4TFT35.basis episode=40 target=tv_monitor success=1 spl=0.8917 reason=object_found steps=69 runtime=33.6s SR=48.61% (838/1724) mean_SPL=0.2411 SR@0.1m(ref)=48.61% SPL@0.1m(ref)=0.2411
[ZSON3 EVAL] 1725/2000 scene=wcojb4TFT35.basis episode=41 target=sofa success=1 spl=0.5106 reason=object_found steps=80 runtime=39.6s SR=48.64% (839/1725) mean_SPL=0.2413 SR@0.1m(ref)=48.64% SPL@0.1m(ref)=0.2413
[ZSON3 EVAL] 1726/2000 scene=wcojb4TFT35.basis episode=42 target=sofa success=1 spl=0.8268 reason=object_found steps=54 runtime=33.9s SR=48.67% (840/1726) mean_SPL=0.2416 SR@0.1m(ref)=48.67% SPL@0.1m(ref)=0.2416
[ZSON3 EVAL] 1727/2000 scene=wcojb4TFT35.basis episode=43 target=bed success=1 spl=0.5525 reason=object_found steps=67 runtime=40.1s SR=48.70% (841/1727) mean_SPL=0.2418 SR@0.1m(ref)=48.70% SPL@0.1m(ref)=0.2418
[ZSON3 EVAL] 1728/2000 scene=wcojb4TFT35.basis episode=44 target=sofa success=1 spl=0.7745 reason=object_found steps=62 runtime=42.1s SR=48.73% (842/1728) mean_SPL=0.2421 SR@0.1m(ref)=48.73% SPL@0.1m(ref)=0.2421
[ZSON3 EVAL] 1729/2000 scene=wcojb4TFT35.basis episode=45 target=chair success=0 spl=0.0000 reason=false_positive steps=28 runtime=25.6s SR=48.70% (842/1729) mean_SPL=0.2420 SR@0.1m(ref)=48.70% SPL@0.1m(ref)=0.2420
[ZSON3 EVAL] 1730/2000 scene=wcojb4TFT35.basis episode=46 target=bed success=0 spl=0.0000 reason=max_steps_reached steps=476 runtime=320.3s SR=48.67% (842/1730) mean_SPL=0.2418 SR@0.1m(ref)=48.67% SPL@0.1m(ref)=0.2418
[ZSON3 EVAL] 1731/2000 scene=wcojb4TFT35.basis episode=47 target=chair success=0 spl=0.0000 reason=robot_stuck steps=246 runtime=143.7s SR=48.64% (842/1731) mean_SPL=0.2417 SR@0.1m(ref)=48.64% SPL@0.1m(ref)=0.2417
[ZSON3 EVAL] 1732/2000 scene=wcojb4TFT35.basis episode=48 target=chair success=1 spl=0.4800 reason=object_found steps=409 runtime=218.9s SR=48.67% (843/1732) mean_SPL=0.2418 SR@0.1m(ref)=48.67% SPL@0.1m(ref)=0.2418
[ZSON3 EVAL] 1733/2000 scene=wcojb4TFT35.basis episode=49 target=chair success=1 spl=0.1980 reason=object_found steps=225 runtime=120.0s SR=48.70% (844/1733) mean_SPL=0.2418 SR@0.1m(ref)=48.70% SPL@0.1m(ref)=0.2418
[ZSON3 EVAL] 1734/2000 scene=wcojb4TFT35.basis episode=50 target=bed success=1 spl=0.7521 reason=object_found steps=55 runtime=29.7s SR=48.73% (845/1734) mean_SPL=0.2421 SR@0.1m(ref)=48.73% SPL@0.1m(ref)=0.2421
[ZSON3 EVAL] 1735/2000 scene=wcojb4TFT35.basis episode=51 target=bed success=1 spl=0.7450 reason=object_found steps=47 runtime=20.5s SR=48.76% (846/1735) mean_SPL=0.2424 SR@0.1m(ref)=48.76% SPL@0.1m(ref)=0.2424
[ZSON3 EVAL] 1736/2000 scene=wcojb4TFT35.basis episode=52 target=chair success=1 spl=0.3450 reason=object_found steps=162 runtime=84.4s SR=48.79% (847/1736) mean_SPL=0.2424 SR@0.1m(ref)=48.79% SPL@0.1m(ref)=0.2424
[ZSON3 EVAL] 1737/2000 scene=wcojb4TFT35.basis episode=53 target=tv_monitor success=1 spl=0.6620 reason=object_found steps=105 runtime=68.3s SR=48.82% (848/1737) mean_SPL=0.2427 SR@0.1m(ref)=48.82% SPL@0.1m(ref)=0.2427
[ZSON3 EVAL] 1738/2000 scene=wcojb4TFT35.basis episode=54 target=chair success=1 spl=0.2273 reason=object_found steps=219 runtime=110.8s SR=48.85% (849/1738) mean_SPL=0.2427 SR@0.1m(ref)=48.85% SPL@0.1m(ref)=0.2427
[ZSON3 EVAL] 1739/2000 scene=wcojb4TFT35.basis episode=55 target=tv_monitor success=1 spl=0.4007 reason=object_found steps=204 runtime=116.6s SR=48.88% (850/1739) mean_SPL=0.2428 SR@0.1m(ref)=48.88% SPL@0.1m(ref)=0.2428
[ZSON3 EVAL] 1740/2000 scene=wcojb4TFT35.basis episode=56 target=bed success=0 spl=0.0000 reason=max_steps_reached steps=477 runtime=336.1s SR=48.85% (850/1740) mean_SPL=0.2426 SR@0.1m(ref)=48.85% SPL@0.1m(ref)=0.2426
[ZSON3 EVAL] 1741/2000 scene=wcojb4TFT35.basis episode=57 target=chair success=0 spl=0.0000 reason=max_steps_reached steps=500 runtime=268.8s SR=48.82% (850/1741) mean_SPL=0.2425 SR@0.1m(ref)=48.82% SPL@0.1m(ref)=0.2425
[ZSON3 EVAL] 1742/2000 scene=wcojb4TFT35.basis episode=58 target=sofa success=1 spl=0.8376 reason=object_found steps=40 runtime=25.7s SR=48.85% (851/1742) mean_SPL=0.2428 SR@0.1m(ref)=48.85% SPL@0.1m(ref)=0.2428
[ZSON3 EVAL] 1743/2000 scene=wcojb4TFT35.basis episode=59 target=toilet success=0 spl=0.0000 reason=max_steps_reached steps=489 runtime=232.6s SR=48.82% (851/1743) mean_SPL=0.2427 SR@0.1m(ref)=48.82% SPL@0.1m(ref)=0.2427
[ZSON3 EVAL] 1744/2000 scene=wcojb4TFT35.basis episode=60 target=tv_monitor success=0 spl=0.0000 reason=false_positive steps=116 runtime=66.5s SR=48.80% (851/1744) mean_SPL=0.2426 SR@0.1m(ref)=48.80% SPL@0.1m(ref)=0.2426
[ZSON3 EVAL] 1745/2000 scene=wcojb4TFT35.basis episode=61 target=tv_monitor success=0 spl=0.0000 reason=max_steps_reached steps=493 runtime=273.4s SR=48.77% (851/1745) mean_SPL=0.2424 SR@0.1m(ref)=48.77% SPL@0.1m(ref)=0.2424
[ZSON3 EVAL] 1746/2000 scene=wcojb4TFT35.basis episode=62 target=sofa success=1 spl=0.1640 reason=object_found steps=135 runtime=81.7s SR=48.80% (852/1746) mean_SPL=0.2424 SR@0.1m(ref)=48.80% SPL@0.1m(ref)=0.2424
[ZSON3 EVAL] 1747/2000 scene=wcojb4TFT35.basis episode=63 target=bed success=0 spl=0.0000 reason=robot_stuck steps=244 runtime=141.4s SR=48.77% (852/1747) mean_SPL=0.2422 SR@0.1m(ref)=48.77% SPL@0.1m(ref)=0.2422
[ZSON3 EVAL] 1748/2000 scene=wcojb4TFT35.basis episode=64 target=bed success=1 spl=0.4210 reason=object_found steps=121 runtime=48.7s SR=48.80% (853/1748) mean_SPL=0.2423 SR@0.1m(ref)=48.80% SPL@0.1m(ref)=0.2423
[ZSON3 EVAL] 1749/2000 scene=wcojb4TFT35.basis episode=65 target=tv_monitor success=1 spl=0.8409 reason=object_found steps=76 runtime=35.5s SR=48.83% (854/1749) mean_SPL=0.2427 SR@0.1m(ref)=48.83% SPL@0.1m(ref)=0.2427
[ZSON3 EVAL] 1750/2000 scene=wcojb4TFT35.basis episode=66 target=bed success=1 spl=0.3960 reason=object_found steps=204 runtime=89.7s SR=48.86% (855/1750) mean_SPL=0.2428 SR@0.1m(ref)=48.86% SPL@0.1m(ref)=0.2428
[ZSON3 EVAL] 1751/2000 scene=wcojb4TFT35.basis episode=67 target=chair success=1 spl=0.2697 reason=object_found steps=204 runtime=111.4s SR=48.89% (856/1751) mean_SPL=0.2428 SR@0.1m(ref)=48.89% SPL@0.1m(ref)=0.2428
[ZSON3 EVAL] 1752/2000 scene=wcojb4TFT35.basis episode=68 target=chair success=1 spl=0.3350 reason=object_found steps=278 runtime=143.6s SR=48.92% (857/1752) mean_SPL=0.2428 SR@0.1m(ref)=48.92% SPL@0.1m(ref)=0.2428
[ZSON3 EVAL] 1753/2000 scene=wcojb4TFT35.basis episode=69 target=toilet success=0 spl=0.0000 reason=max_steps_reached steps=486 runtime=277.0s SR=48.89% (857/1753) mean_SPL=0.2427 SR@0.1m(ref)=48.89% SPL@0.1m(ref)=0.2427
[ZSON3 EVAL] 1754/2000 scene=wcojb4TFT35.basis episode=70 target=chair success=1 spl=0.3908 reason=object_found steps=153 runtime=96.6s SR=48.92% (858/1754) mean_SPL=0.2428 SR@0.1m(ref)=48.92% SPL@0.1m(ref)=0.2428
[ZSON3 EVAL] 1755/2000 scene=wcojb4TFT35.basis episode=71 target=toilet success=1 spl=0.7976 reason=object_found steps=56 runtime=24.2s SR=48.95% (859/1755) mean_SPL=0.2431 SR@0.1m(ref)=48.95% SPL@0.1m(ref)=0.2431
[ZSON3 EVAL] 1756/2000 scene=wcojb4TFT35.basis episode=72 target=tv_monitor success=1 spl=0.8708 reason=object_found steps=41 runtime=20.4s SR=48.97% (860/1756) mean_SPL=0.2435 SR@0.1m(ref)=48.97% SPL@0.1m(ref)=0.2435
[ZSON3 EVAL] 1757/2000 scene=wcojb4TFT35.basis episode=73 target=toilet success=0 spl=0.0000 reason=max_steps_reached steps=478 runtime=287.4s SR=48.95% (860/1757) mean_SPL=0.2433 SR@0.1m(ref)=48.95% SPL@0.1m(ref)=0.2433
[ZSON3 EVAL] 1758/2000 scene=wcojb4TFT35.basis episode=74 target=bed success=1 spl=0.2263 reason=object_found steps=110 runtime=57.8s SR=48.98% (861/1758) mean_SPL=0.2433 SR@0.1m(ref)=48.98% SPL@0.1m(ref)=0.2433
[ZSON3 EVAL] 1759/2000 scene=wcojb4TFT35.basis episode=75 target=chair success=1 spl=0.8330 reason=object_found steps=29 runtime=28.6s SR=49.01% (862/1759) mean_SPL=0.2436 SR@0.1m(ref)=49.01% SPL@0.1m(ref)=0.2436
[ZSON3 EVAL] 1760/2000 scene=wcojb4TFT35.basis episode=76 target=toilet success=0 spl=0.0000 reason=max_steps_reached steps=500 runtime=292.5s SR=48.98% (862/1760) mean_SPL=0.2435 SR@0.1m(ref)=48.98% SPL@0.1m(ref)=0.2435
[ZSON3 EVAL] 1761/2000 scene=wcojb4TFT35.basis episode=77 target=toilet success=1 spl=0.5285 reason=object_found steps=92 runtime=39.1s SR=49.01% (863/1761) mean_SPL=0.2437 SR@0.1m(ref)=49.01% SPL@0.1m(ref)=0.2437
[ZSON3 EVAL] 1762/2000 scene=wcojb4TFT35.basis episode=78 target=bed success=1 spl=0.3820 reason=object_found steps=81 runtime=109.0s SR=49.04% (864/1762) mean_SPL=0.2437 SR@0.1m(ref)=49.04% SPL@0.1m(ref)=0.2437
[ZSON3 EVAL] 1763/2000 scene=wcojb4TFT35.basis episode=79 target=tv_monitor success=1 spl=0.2143 reason=object_found steps=341 runtime=196.9s SR=49.06% (865/1763) mean_SPL=0.2437 SR@0.1m(ref)=49.06% SPL@0.1m(ref)=0.2437
[ZSON3 EVAL] 1764/2000 scene=wcojb4TFT35.basis episode=80 target=chair success=1 spl=0.3316 reason=object_found steps=289 runtime=147.7s SR=49.09% (866/1764) mean_SPL=0.2438 SR@0.1m(ref)=49.09% SPL@0.1m(ref)=0.2438
[ZSON3 EVAL] 1765/2000 scene=wcojb4TFT35.basis episode=81 target=toilet success=0 spl=0.0000 reason=false_positive steps=485 runtime=274.0s SR=49.07% (866/1765) mean_SPL=0.2436 SR@0.1m(ref)=49.07% SPL@0.1m(ref)=0.2436
[ZSON3 EVAL] 1766/2000 scene=wcojb4TFT35.basis episode=82 target=tv_monitor success=1 spl=0.1174 reason=object_found steps=239 runtime=149.5s SR=49.09% (867/1766) mean_SPL=0.2436 SR@0.1m(ref)=49.09% SPL@0.1m(ref)=0.2436
[ZSON3 EVAL] 1767/2000 scene=wcojb4TFT35.basis episode=83 target=toilet success=1 spl=0.8293 reason=object_found steps=77 runtime=40.3s SR=49.12% (868/1767) mean_SPL=0.2439 SR@0.1m(ref)=49.12% SPL@0.1m(ref)=0.2439
[ZSON3 EVAL] 1768/2000 scene=wcojb4TFT35.basis episode=84 target=toilet success=1 spl=0.7390 reason=object_found steps=86 runtime=43.6s SR=49.15% (869/1768) mean_SPL=0.2442 SR@0.1m(ref)=49.15% SPL@0.1m(ref)=0.2442
[ZSON3 EVAL] 1769/2000 scene=wcojb4TFT35.basis episode=85 target=toilet success=0 spl=0.0000 reason=max_steps_reached steps=484 runtime=370.8s SR=49.12% (869/1769) mean_SPL=0.2440 SR@0.1m(ref)=49.12% SPL@0.1m(ref)=0.2440
[ZSON3 EVAL] 1770/2000 scene=wcojb4TFT35.basis episode=86 target=tv_monitor success=1 spl=0.8650 reason=object_found steps=65 runtime=36.6s SR=49.15% (870/1770) mean_SPL=0.2444 SR@0.1m(ref)=49.15% SPL@0.1m(ref)=0.2444
[ZSON3 EVAL] 1771/2000 scene=wcojb4TFT35.basis episode=87 target=sofa success=1 spl=0.3684 reason=object_found steps=85 runtime=49.1s SR=49.18% (871/1771) mean_SPL=0.2445 SR@0.1m(ref)=49.18% SPL@0.1m(ref)=0.2445
[ZSON3 EVAL] 1772/2000 scene=wcojb4TFT35.basis episode=88 target=chair success=0 spl=0.0000 reason=false_positive steps=119 runtime=62.0s SR=49.15% (871/1772) mean_SPL=0.2443 SR@0.1m(ref)=49.15% SPL@0.1m(ref)=0.2443
[ZSON3 EVAL] 1773/2000 scene=wcojb4TFT35.basis episode=89 target=bed success=0 spl=0.0000 reason=max_steps_reached steps=470 runtime=297.9s SR=49.13% (871/1773) mean_SPL=0.2442 SR@0.1m(ref)=49.13% SPL@0.1m(ref)=0.2442
[ZSON3 EVAL] 1774/2000 scene=wcojb4TFT35.basis episode=90 target=toilet success=0 spl=0.0000 reason=max_steps_reached steps=496 runtime=272.3s SR=49.10% (871/1774) mean_SPL=0.2440 SR@0.1m(ref)=49.10% SPL@0.1m(ref)=0.2440
[ZSON3 EVAL] 1775/2000 scene=wcojb4TFT35.basis episode=91 target=chair success=1 spl=0.7007 reason=object_found steps=35 runtime=21.3s SR=49.13% (872/1775) mean_SPL=0.2443 SR@0.1m(ref)=49.13% SPL@0.1m(ref)=0.2443
[ZSON3 EVAL] 1776/2000 scene=wcojb4TFT35.basis episode=92 target=chair success=1 spl=0.3260 reason=object_found steps=168 runtime=92.7s SR=49.16% (873/1776) mean_SPL=0.2444 SR@0.1m(ref)=49.16% SPL@0.1m(ref)=0.2444
[ZSON3 EVAL] 1777/2000 scene=wcojb4TFT35.basis episode=93 target=toilet success=0 spl=0.0000 reason=robot_stuck steps=237 runtime=148.0s SR=49.13% (873/1777) mean_SPL=0.2442 SR@0.1m(ref)=49.13% SPL@0.1m(ref)=0.2442
[ZSON3 EVAL] 1778/2000 scene=wcojb4TFT35.basis episode=94 target=tv_monitor success=1 spl=0.8127 reason=object_found steps=53 runtime=25.3s SR=49.16% (874/1778) mean_SPL=0.2445 SR@0.1m(ref)=49.16% SPL@0.1m(ref)=0.2445
[ZSON3 EVAL] 1779/2000 scene=wcojb4TFT35.basis episode=95 target=bed success=0 spl=0.0000 reason=max_steps_reached steps=475 runtime=301.4s SR=49.13% (874/1779) mean_SPL=0.2444 SR@0.1m(ref)=49.13% SPL@0.1m(ref)=0.2444
[ZSON3 EVAL] 1780/2000 scene=wcojb4TFT35.basis episode=96 target=sofa success=1 spl=0.3443 reason=object_found steps=223 runtime=132.9s SR=49.16% (875/1780) mean_SPL=0.2445 SR@0.1m(ref)=49.16% SPL@0.1m(ref)=0.2445
[ZSON3 EVAL] 1781/2000 scene=wcojb4TFT35.basis episode=97 target=tv_monitor success=1 spl=0.8703 reason=object_found steps=60 runtime=33.3s SR=49.19% (876/1781) mean_SPL=0.2448 SR@0.1m(ref)=49.19% SPL@0.1m(ref)=0.2448
[ZSON3 EVAL] 1782/2000 scene=wcojb4TFT35.basis episode=98 target=chair success=1 spl=0.8124 reason=object_found steps=123 runtime=61.9s SR=49.21% (877/1782) mean_SPL=0.2451 SR@0.1m(ref)=49.21% SPL@0.1m(ref)=0.2451
[ZSON3 EVAL] 1783/2000 scene=ziup5kvtCCR.basis episode=0 target=plant success=1 spl=0.5434 reason=object_found steps=67 runtime=33.8s SR=49.24% (878/1783) mean_SPL=0.2453 SR@0.1m(ref)=49.24% SPL@0.1m(ref)=0.2453
[ZSON3 EVAL] 1784/2000 scene=ziup5kvtCCR.basis episode=1 target=chair success=1 spl=0.7707 reason=object_found steps=40 runtime=98.0s SR=49.27% (879/1784) mean_SPL=0.2456 SR@0.1m(ref)=49.27% SPL@0.1m(ref)=0.2456
[ZSON3 EVAL] 1785/2000 scene=ziup5kvtCCR.basis episode=2 target=toilet success=1 spl=0.2414 reason=object_found steps=378 runtime=249.5s SR=49.30% (880/1785) mean_SPL=0.2456 SR@0.1m(ref)=49.30% SPL@0.1m(ref)=0.2456
[ZSON3 EVAL] 1786/2000 scene=ziup5kvtCCR.basis episode=3 target=bed success=0 spl=0.0000 reason=false_positive steps=74 runtime=50.0s SR=49.27% (880/1786) mean_SPL=0.2454 SR@0.1m(ref)=49.27% SPL@0.1m(ref)=0.2454
[ZSON3 EVAL] 1787/2000 scene=ziup5kvtCCR.basis episode=4 target=toilet success=0 spl=0.0000 reason=max_steps_reached steps=497 runtime=350.9s SR=49.24% (880/1787) mean_SPL=0.2453 SR@0.1m(ref)=49.24% SPL@0.1m(ref)=0.2453
[ZSON3 EVAL] 1788/2000 scene=ziup5kvtCCR.basis episode=5 target=plant success=0 spl=0.0000 reason=robot_stuck steps=332 runtime=127.7s SR=49.22% (880/1788) mean_SPL=0.2452 SR@0.1m(ref)=49.22% SPL@0.1m(ref)=0.2452
[ZSON3 EVAL] 1789/2000 scene=ziup5kvtCCR.basis episode=6 target=toilet success=0 spl=0.0000 reason=max_steps_reached steps=496 runtime=314.6s SR=49.19% (880/1789) mean_SPL=0.2450 SR@0.1m(ref)=49.19% SPL@0.1m(ref)=0.2450
[ZSON3 EVAL] 1790/2000 scene=ziup5kvtCCR.basis episode=7 target=chair success=0 spl=0.0000 reason=false_positive steps=57 runtime=36.2s SR=49.16% (880/1790) mean_SPL=0.2449 SR@0.1m(ref)=49.16% SPL@0.1m(ref)=0.2449
[ZSON3 EVAL] 1791/2000 scene=ziup5kvtCCR.basis episode=8 target=sofa success=0 spl=0.0000 reason=false_positive steps=352 runtime=209.8s SR=49.13% (880/1791) mean_SPL=0.2448 SR@0.1m(ref)=49.13% SPL@0.1m(ref)=0.2448
[ZSON3 EVAL] 1792/2000 scene=ziup5kvtCCR.basis episode=9 target=plant success=1 spl=0.3172 reason=object_found steps=69 runtime=40.9s SR=49.16% (881/1792) mean_SPL=0.2448 SR@0.1m(ref)=49.16% SPL@0.1m(ref)=0.2448
[ZSON3 EVAL] 1793/2000 scene=ziup5kvtCCR.basis episode=10 target=plant success=1 spl=0.8353 reason=object_found steps=81 runtime=42.3s SR=49.19% (882/1793) mean_SPL=0.2451 SR@0.1m(ref)=49.19% SPL@0.1m(ref)=0.2451
[ZSON3 EVAL] 1794/2000 scene=ziup5kvtCCR.basis episode=11 target=chair success=0 spl=0.0000 reason=false_positive steps=21 runtime=21.4s SR=49.16% (882/1794) mean_SPL=0.2450 SR@0.1m(ref)=49.16% SPL@0.1m(ref)=0.2450
[ZSON3 EVAL] 1795/2000 scene=ziup5kvtCCR.basis episode=12 target=tv_monitor success=1 spl=0.8665 reason=object_found steps=39 runtime=25.7s SR=49.19% (883/1795) mean_SPL=0.2453 SR@0.1m(ref)=49.19% SPL@0.1m(ref)=0.2453
[ZSON3 EVAL] 1796/2000 scene=ziup5kvtCCR.basis episode=13 target=toilet success=1 spl=0.9139 reason=object_found steps=84 runtime=58.5s SR=49.22% (884/1796) mean_SPL=0.2457 SR@0.1m(ref)=49.22% SPL@0.1m(ref)=0.2457
[ZSON3 EVAL] 1797/2000 scene=ziup5kvtCCR.basis episode=14 target=bed success=1 spl=0.3075 reason=object_found steps=241 runtime=201.8s SR=49.25% (885/1797) mean_SPL=0.2457 SR@0.1m(ref)=49.25% SPL@0.1m(ref)=0.2457
[ZSON3 EVAL] 1798/2000 scene=ziup5kvtCCR.basis episode=15 target=plant success=1 spl=0.6094 reason=object_found steps=28 runtime=21.0s SR=49.28% (886/1798) mean_SPL=0.2459 SR@0.1m(ref)=49.28% SPL@0.1m(ref)=0.2459
[ZSON3 EVAL] 1799/2000 scene=ziup5kvtCCR.basis episode=16 target=chair success=0 spl=0.0000 reason=false_positive steps=64 runtime=39.4s SR=49.25% (886/1799) mean_SPL=0.2458 SR@0.1m(ref)=49.25% SPL@0.1m(ref)=0.2458
[ZSON3 EVAL] 1800/2000 scene=ziup5kvtCCR.basis episode=17 target=toilet success=0 spl=0.0000 reason=max_steps_reached steps=487 runtime=258.5s SR=49.22% (886/1800) mean_SPL=0.2457 SR@0.1m(ref)=49.22% SPL@0.1m(ref)=0.2457
[ZSON3 EVAL] 1801/2000 scene=ziup5kvtCCR.basis episode=18 target=tv_monitor success=1 spl=0.1425 reason=object_found steps=280 runtime=207.5s SR=49.25% (887/1801) mean_SPL=0.2456 SR@0.1m(ref)=49.25% SPL@0.1m(ref)=0.2456
[ZSON3 EVAL] 1802/2000 scene=ziup5kvtCCR.basis episode=19 target=tv_monitor success=1 spl=0.8730 reason=object_found steps=46 runtime=28.3s SR=49.28% (888/1802) mean_SPL=0.2460 SR@0.1m(ref)=49.28% SPL@0.1m(ref)=0.2460
[ZSON3 EVAL] 1803/2000 scene=ziup5kvtCCR.basis episode=20 target=tv_monitor success=1 spl=0.2498 reason=object_found steps=103 runtime=68.1s SR=49.31% (889/1803) mean_SPL=0.2460 SR@0.1m(ref)=49.31% SPL@0.1m(ref)=0.2460
[ZSON3 EVAL] 1804/2000 scene=ziup5kvtCCR.basis episode=21 target=sofa success=0 spl=0.0000 reason=false_positive steps=41 runtime=28.7s SR=49.28% (889/1804) mean_SPL=0.2458 SR@0.1m(ref)=49.28% SPL@0.1m(ref)=0.2458
[ZSON3 EVAL] 1805/2000 scene=ziup5kvtCCR.basis episode=22 target=sofa success=0 spl=0.0000 reason=false_positive steps=206 runtime=115.3s SR=49.25% (889/1805) mean_SPL=0.2457 SR@0.1m(ref)=49.25% SPL@0.1m(ref)=0.2457
[ZSON3 EVAL] 1806/2000 scene=ziup5kvtCCR.basis episode=23 target=plant success=1 spl=0.6122 reason=object_found steps=70 runtime=46.7s SR=49.28% (890/1806) mean_SPL=0.2459 SR@0.1m(ref)=49.28% SPL@0.1m(ref)=0.2459
[ZSON3 EVAL] 1807/2000 scene=ziup5kvtCCR.basis episode=24 target=chair success=1 spl=0.4813 reason=object_found steps=113 runtime=56.6s SR=49.31% (891/1807) mean_SPL=0.2460 SR@0.1m(ref)=49.31% SPL@0.1m(ref)=0.2460
[ZSON3 EVAL] 1808/2000 scene=ziup5kvtCCR.basis episode=25 target=tv_monitor success=1 spl=0.4081 reason=object_found steps=141 runtime=85.3s SR=49.34% (892/1808) mean_SPL=0.2461 SR@0.1m(ref)=49.34% SPL@0.1m(ref)=0.2461
[ZSON3 EVAL] 1809/2000 scene=ziup5kvtCCR.basis episode=26 target=plant success=1 spl=0.6463 reason=object_found steps=55 runtime=29.9s SR=49.36% (893/1809) mean_SPL=0.2463 SR@0.1m(ref)=49.36% SPL@0.1m(ref)=0.2463
[ZSON3 EVAL] 1810/2000 scene=ziup5kvtCCR.basis episode=27 target=toilet success=1 spl=0.2747 reason=object_found steps=301 runtime=157.2s SR=49.39% (894/1810) mean_SPL=0.2464 SR@0.1m(ref)=49.39% SPL@0.1m(ref)=0.2464
[ZSON3 EVAL] 1811/2000 scene=ziup5kvtCCR.basis episode=28 target=chair success=0 spl=0.0000 reason=false_positive steps=41 runtime=28.6s SR=49.36% (894/1811) mean_SPL=0.2462 SR@0.1m(ref)=49.36% SPL@0.1m(ref)=0.2462
[ZSON3 EVAL] 1812/2000 scene=ziup5kvtCCR.basis episode=29 target=tv_monitor success=0 spl=0.0000 reason=false_positive steps=72 runtime=30.9s SR=49.34% (894/1812) mean_SPL=0.2461 SR@0.1m(ref)=49.34% SPL@0.1m(ref)=0.2461
[ZSON3 EVAL] 1813/2000 scene=ziup5kvtCCR.basis episode=30 target=sofa success=1 spl=0.2911 reason=object_found steps=246 runtime=147.4s SR=49.37% (895/1813) mean_SPL=0.2461 SR@0.1m(ref)=49.37% SPL@0.1m(ref)=0.2461
[ZSON3 EVAL] 1814/2000 scene=ziup5kvtCCR.basis episode=31 target=toilet success=0 spl=0.0000 reason=robot_stuck steps=441 runtime=296.8s SR=49.34% (895/1814) mean_SPL=0.2460 SR@0.1m(ref)=49.34% SPL@0.1m(ref)=0.2460
[ZSON3 EVAL] 1815/2000 scene=ziup5kvtCCR.basis episode=32 target=bed success=1 spl=0.2210 reason=object_found steps=357 runtime=213.3s SR=49.37% (896/1815) mean_SPL=0.2460 SR@0.1m(ref)=49.37% SPL@0.1m(ref)=0.2460
[ZSON3 EVAL] 1816/2000 scene=ziup5kvtCCR.basis episode=33 target=chair success=1 spl=0.4363 reason=object_found steps=90 runtime=45.7s SR=49.39% (897/1816) mean_SPL=0.2461 SR@0.1m(ref)=49.39% SPL@0.1m(ref)=0.2461
[ZSON3 EVAL] 1817/2000 scene=ziup5kvtCCR.basis episode=34 target=chair success=0 spl=0.0000 reason=false_positive steps=19 runtime=14.6s SR=49.37% (897/1817) mean_SPL=0.2459 SR@0.1m(ref)=49.37% SPL@0.1m(ref)=0.2459
[ZSON3 EVAL] 1818/2000 scene=ziup5kvtCCR.basis episode=35 target=toilet success=1 spl=0.7110 reason=object_found steps=86 runtime=52.6s SR=49.39% (898/1818) mean_SPL=0.2462 SR@0.1m(ref)=49.39% SPL@0.1m(ref)=0.2462
[ZSON3 EVAL] 1819/2000 scene=ziup5kvtCCR.basis episode=36 target=toilet success=1 spl=0.1565 reason=object_found steps=284 runtime=174.7s SR=49.42% (899/1819) mean_SPL=0.2461 SR@0.1m(ref)=49.42% SPL@0.1m(ref)=0.2461
[ZSON3 EVAL] 1820/2000 scene=ziup5kvtCCR.basis episode=37 target=chair success=1 spl=0.7112 reason=object_found steps=47 runtime=34.2s SR=49.45% (900/1820) mean_SPL=0.2464 SR@0.1m(ref)=49.45% SPL@0.1m(ref)=0.2464
[ZSON3 EVAL] 1821/2000 scene=ziup5kvtCCR.basis episode=38 target=toilet success=0 spl=0.0000 reason=false_positive steps=42 runtime=23.4s SR=49.42% (900/1821) mean_SPL=0.2463 SR@0.1m(ref)=49.42% SPL@0.1m(ref)=0.2463
[ZSON3 EVAL] 1822/2000 scene=ziup5kvtCCR.basis episode=39 target=sofa success=0 spl=0.0000 reason=false_positive steps=93 runtime=127.6s SR=49.40% (900/1822) mean_SPL=0.2461 SR@0.1m(ref)=49.40% SPL@0.1m(ref)=0.2461
[ZSON3 EVAL] 1823/2000 scene=ziup5kvtCCR.basis episode=40 target=sofa success=1 spl=0.3554 reason=object_found steps=110 runtime=70.2s SR=49.42% (901/1823) mean_SPL=0.2462 SR@0.1m(ref)=49.42% SPL@0.1m(ref)=0.2462
[ZSON3 EVAL] 1824/2000 scene=ziup5kvtCCR.basis episode=41 target=sofa success=0 spl=0.0000 reason=false_positive steps=222 runtime=123.0s SR=49.40% (901/1824) mean_SPL=0.2460 SR@0.1m(ref)=49.40% SPL@0.1m(ref)=0.2460
[ZSON3 EVAL] 1825/2000 scene=ziup5kvtCCR.basis episode=42 target=bed success=0 spl=0.0000 reason=max_steps_reached steps=489 runtime=184.7s SR=49.37% (901/1825) mean_SPL=0.2459 SR@0.1m(ref)=49.37% SPL@0.1m(ref)=0.2459
[ZSON3 EVAL] 1826/2000 scene=ziup5kvtCCR.basis episode=43 target=sofa success=1 spl=0.7829 reason=object_found steps=67 runtime=32.6s SR=49.40% (902/1826) mean_SPL=0.2462 SR@0.1m(ref)=49.40% SPL@0.1m(ref)=0.2462
[ZSON3 EVAL] 1827/2000 scene=ziup5kvtCCR.basis episode=44 target=sofa success=1 spl=0.7050 reason=object_found steps=52 runtime=30.1s SR=49.43% (903/1827) mean_SPL=0.2465 SR@0.1m(ref)=49.43% SPL@0.1m(ref)=0.2465
[ZSON3 EVAL] 1828/2000 scene=ziup5kvtCCR.basis episode=45 target=toilet success=1 spl=0.7603 reason=object_found steps=187 runtime=109.6s SR=49.45% (904/1828) mean_SPL=0.2467 SR@0.1m(ref)=49.45% SPL@0.1m(ref)=0.2467
[ZSON3 EVAL] 1829/2000 scene=ziup5kvtCCR.basis episode=46 target=plant success=1 spl=0.7561 reason=object_found steps=72 runtime=42.0s SR=49.48% (905/1829) mean_SPL=0.2470 SR@0.1m(ref)=49.48% SPL@0.1m(ref)=0.2470
[ZSON3 EVAL] 1830/2000 scene=ziup5kvtCCR.basis episode=47 target=toilet success=1 spl=0.4479 reason=object_found steps=226 runtime=158.6s SR=49.51% (906/1830) mean_SPL=0.2471 SR@0.1m(ref)=49.51% SPL@0.1m(ref)=0.2471
[ZSON3 EVAL] 1831/2000 scene=ziup5kvtCCR.basis episode=48 target=sofa success=1 spl=0.8236 reason=object_found steps=20 runtime=15.5s SR=49.54% (907/1831) mean_SPL=0.2474 SR@0.1m(ref)=49.54% SPL@0.1m(ref)=0.2474
[ZSON3 EVAL] 1832/2000 scene=ziup5kvtCCR.basis episode=49 target=bed success=1 spl=0.2609 reason=object_found steps=271 runtime=175.1s SR=49.56% (908/1832) mean_SPL=0.2474 SR@0.1m(ref)=49.56% SPL@0.1m(ref)=0.2474
[ZSON3 EVAL] 1833/2000 scene=ziup5kvtCCR.basis episode=50 target=toilet success=1 spl=0.8497 reason=object_found steps=110 runtime=79.5s SR=49.59% (909/1833) mean_SPL=0.2478 SR@0.1m(ref)=49.59% SPL@0.1m(ref)=0.2478
[ZSON3 EVAL] 1834/2000 scene=ziup5kvtCCR.basis episode=51 target=bed success=1 spl=0.2769 reason=object_found steps=182 runtime=158.4s SR=49.62% (910/1834) mean_SPL=0.2478 SR@0.1m(ref)=49.62% SPL@0.1m(ref)=0.2478
[ZSON3 EVAL] 1835/2000 scene=ziup5kvtCCR.basis episode=52 target=tv_monitor success=1 spl=0.2590 reason=object_found steps=192 runtime=112.2s SR=49.65% (911/1835) mean_SPL=0.2478 SR@0.1m(ref)=49.65% SPL@0.1m(ref)=0.2478
[ZSON3 EVAL] 1836/2000 scene=ziup5kvtCCR.basis episode=53 target=tv_monitor success=1 spl=0.8185 reason=object_found steps=51 runtime=27.9s SR=49.67% (912/1836) mean_SPL=0.2481 SR@0.1m(ref)=49.67% SPL@0.1m(ref)=0.2481
[ZSON3 EVAL] 1837/2000 scene=ziup5kvtCCR.basis episode=54 target=bed success=1 spl=0.3361 reason=object_found steps=155 runtime=102.2s SR=49.70% (913/1837) mean_SPL=0.2482 SR@0.1m(ref)=49.70% SPL@0.1m(ref)=0.2482
[ZSON3 EVAL] 1838/2000 scene=ziup5kvtCCR.basis episode=55 target=chair success=0 spl=0.0000 reason=false_positive steps=73 runtime=32.1s SR=49.67% (913/1838) mean_SPL=0.2480 SR@0.1m(ref)=49.67% SPL@0.1m(ref)=0.2480
[ZSON3 EVAL] 1839/2000 scene=ziup5kvtCCR.basis episode=56 target=sofa success=0 spl=0.0000 reason=false_positive steps=251 runtime=139.4s SR=49.65% (913/1839) mean_SPL=0.2479 SR@0.1m(ref)=49.65% SPL@0.1m(ref)=0.2479
[ZSON3 EVAL] 1840/2000 scene=ziup5kvtCCR.basis episode=57 target=tv_monitor success=1 spl=0.8040 reason=object_found steps=36 runtime=20.5s SR=49.67% (914/1840) mean_SPL=0.2482 SR@0.1m(ref)=49.67% SPL@0.1m(ref)=0.2482
[ZSON3 EVAL] 1841/2000 scene=ziup5kvtCCR.basis episode=58 target=bed success=1 spl=0.6667 reason=object_found steps=173 runtime=144.7s SR=49.70% (915/1841) mean_SPL=0.2484 SR@0.1m(ref)=49.70% SPL@0.1m(ref)=0.2484
[ZSON3 EVAL] 1842/2000 scene=ziup5kvtCCR.basis episode=59 target=bed success=1 spl=0.4112 reason=object_found steps=302 runtime=224.4s SR=49.73% (916/1842) mean_SPL=0.2485 SR@0.1m(ref)=49.73% SPL@0.1m(ref)=0.2485
[ZSON3 EVAL] 1843/2000 scene=ziup5kvtCCR.basis episode=60 target=bed success=1 spl=0.2442 reason=object_found steps=159 runtime=103.1s SR=49.76% (917/1843) mean_SPL=0.2485 SR@0.1m(ref)=49.76% SPL@0.1m(ref)=0.2485
[ZSON3 EVAL] 1844/2000 scene=ziup5kvtCCR.basis episode=61 target=bed success=1 spl=0.6036 reason=object_found steps=215 runtime=164.6s SR=49.78% (918/1844) mean_SPL=0.2487 SR@0.1m(ref)=49.78% SPL@0.1m(ref)=0.2487
[ZSON3 EVAL] 1845/2000 scene=ziup5kvtCCR.basis episode=62 target=plant success=1 spl=0.8553 reason=object_found steps=41 runtime=26.6s SR=49.81% (919/1845) mean_SPL=0.2490 SR@0.1m(ref)=49.81% SPL@0.1m(ref)=0.2490
[ZSON3 EVAL] 1846/2000 scene=ziup5kvtCCR.basis episode=63 target=sofa success=0 spl=0.0000 reason=false_positive steps=149 runtime=81.4s SR=49.78% (919/1846) mean_SPL=0.2489 SR@0.1m(ref)=49.78% SPL@0.1m(ref)=0.2489
[ZSON3 EVAL] 1847/2000 scene=ziup5kvtCCR.basis episode=64 target=chair success=1 spl=0.8814 reason=object_found steps=44 runtime=24.7s SR=49.81% (920/1847) mean_SPL=0.2492 SR@0.1m(ref)=49.81% SPL@0.1m(ref)=0.2492
[ZSON3 EVAL] 1848/2000 scene=ziup5kvtCCR.basis episode=65 target=chair success=0 spl=0.0000 reason=false_positive steps=53 runtime=28.3s SR=49.78% (920/1848) mean_SPL=0.2491 SR@0.1m(ref)=49.78% SPL@0.1m(ref)=0.2491
[ZSON3 EVAL] 1849/2000 scene=ziup5kvtCCR.basis episode=66 target=bed success=1 spl=0.8445 reason=object_found steps=78 runtime=55.3s SR=49.81% (921/1849) mean_SPL=0.2494 SR@0.1m(ref)=49.81% SPL@0.1m(ref)=0.2494
[ZSON3 EVAL] 1850/2000 scene=ziup5kvtCCR.basis episode=67 target=chair success=1 spl=0.6681 reason=object_found steps=92 runtime=48.0s SR=49.84% (922/1850) mean_SPL=0.2496 SR@0.1m(ref)=49.84% SPL@0.1m(ref)=0.2496
[ZSON3 EVAL] 1851/2000 scene=ziup5kvtCCR.basis episode=68 target=plant success=1 spl=0.2280 reason=object_found steps=234 runtime=128.8s SR=49.86% (923/1851) mean_SPL=0.2496 SR@0.1m(ref)=49.86% SPL@0.1m(ref)=0.2496
[ZSON3 EVAL] 1852/2000 scene=ziup5kvtCCR.basis episode=69 target=toilet success=1 spl=0.8845 reason=object_found steps=41 runtime=22.9s SR=49.89% (924/1852) mean_SPL=0.2500 SR@0.1m(ref)=49.89% SPL@0.1m(ref)=0.2500
[ZSON3 EVAL] 1853/2000 scene=ziup5kvtCCR.basis episode=70 target=sofa success=1 spl=0.7966 reason=object_found steps=54 runtime=24.3s SR=49.92% (925/1853) mean_SPL=0.2503 SR@0.1m(ref)=49.92% SPL@0.1m(ref)=0.2503
[ZSON3 EVAL] 1854/2000 scene=ziup5kvtCCR.basis episode=71 target=tv_monitor success=1 spl=0.8518 reason=object_found steps=60 runtime=46.4s SR=49.95% (926/1854) mean_SPL=0.2506 SR@0.1m(ref)=49.95% SPL@0.1m(ref)=0.2506
[ZSON3 EVAL] 1855/2000 scene=ziup5kvtCCR.basis episode=72 target=toilet success=1 spl=0.7317 reason=object_found steps=145 runtime=81.0s SR=49.97% (927/1855) mean_SPL=0.2509 SR@0.1m(ref)=49.97% SPL@0.1m(ref)=0.2509
[ZSON3 EVAL] 1856/2000 scene=ziup5kvtCCR.basis episode=73 target=bed success=1 spl=0.5390 reason=object_found steps=173 runtime=102.4s SR=50.00% (928/1856) mean_SPL=0.2510 SR@0.1m(ref)=50.00% SPL@0.1m(ref)=0.2510
[ZSON3 EVAL] 1857/2000 scene=ziup5kvtCCR.basis episode=74 target=bed success=0 spl=0.0000 reason=false_positive steps=165 runtime=122.3s SR=49.97% (928/1857) mean_SPL=0.2509 SR@0.1m(ref)=49.97% SPL@0.1m(ref)=0.2509
[ZSON3 EVAL] 1858/2000 scene=ziup5kvtCCR.basis episode=75 target=chair success=0 spl=0.0000 reason=false_positive steps=49 runtime=33.6s SR=49.95% (928/1858) mean_SPL=0.2507 SR@0.1m(ref)=49.95% SPL@0.1m(ref)=0.2507
[ZSON3 EVAL] 1859/2000 scene=ziup5kvtCCR.basis episode=76 target=chair success=1 spl=0.6887 reason=object_found steps=24 runtime=14.5s SR=49.97% (929/1859) mean_SPL=0.2510 SR@0.1m(ref)=49.97% SPL@0.1m(ref)=0.2510
[ZSON3 EVAL] 1860/2000 scene=ziup5kvtCCR.basis episode=77 target=tv_monitor success=1 spl=0.8315 reason=object_found steps=29 runtime=16.1s SR=50.00% (930/1860) mean_SPL=0.2513 SR@0.1m(ref)=50.00% SPL@0.1m(ref)=0.2513
[ZSON3 EVAL] 1861/2000 scene=ziup5kvtCCR.basis episode=78 target=bed success=1 spl=0.5546 reason=object_found steps=196 runtime=160.7s SR=50.03% (931/1861) mean_SPL=0.2514 SR@0.1m(ref)=50.03% SPL@0.1m(ref)=0.2514
[ZSON3 EVAL] 1862/2000 scene=ziup5kvtCCR.basis episode=79 target=tv_monitor success=1 spl=0.8135 reason=object_found steps=75 runtime=58.3s SR=50.05% (932/1862) mean_SPL=0.2518 SR@0.1m(ref)=50.05% SPL@0.1m(ref)=0.2518
[ZSON3 EVAL] 1863/2000 scene=ziup5kvtCCR.basis episode=80 target=plant success=1 spl=0.7356 reason=object_found steps=188 runtime=82.1s SR=50.08% (933/1863) mean_SPL=0.2520 SR@0.1m(ref)=50.08% SPL@0.1m(ref)=0.2520
[ZSON3 EVAL] 1864/2000 scene=ziup5kvtCCR.basis episode=81 target=bed success=1 spl=0.2749 reason=object_found steps=198 runtime=141.1s SR=50.11% (934/1864) mean_SPL=0.2520 SR@0.1m(ref)=50.11% SPL@0.1m(ref)=0.2520
[ZSON3 EVAL] 1865/2000 scene=ziup5kvtCCR.basis episode=82 target=chair success=0 spl=0.0000 reason=false_positive steps=85 runtime=37.4s SR=50.08% (934/1865) mean_SPL=0.2519 SR@0.1m(ref)=50.08% SPL@0.1m(ref)=0.2519
[ZSON3 EVAL] 1866/2000 scene=ziup5kvtCCR.basis episode=83 target=sofa success=0 spl=0.0000 reason=false_positive steps=154 runtime=90.4s SR=50.05% (934/1866) mean_SPL=0.2518 SR@0.1m(ref)=50.05% SPL@0.1m(ref)=0.2518
[ZSON3 EVAL] 1867/2000 scene=ziup5kvtCCR.basis episode=84 target=plant success=1 spl=0.7737 reason=object_found steps=34 runtime=23.0s SR=50.08% (935/1867) mean_SPL=0.2520 SR@0.1m(ref)=50.08% SPL@0.1m(ref)=0.2520
[ZSON3 EVAL] 1868/2000 scene=ziup5kvtCCR.basis episode=85 target=tv_monitor success=1 spl=0.2314 reason=object_found steps=193 runtime=153.6s SR=50.11% (936/1868) mean_SPL=0.2520 SR@0.1m(ref)=50.11% SPL@0.1m(ref)=0.2520
[ZSON3 EVAL] 1869/2000 scene=ziup5kvtCCR.basis episode=86 target=tv_monitor success=1 spl=0.2962 reason=object_found steps=175 runtime=112.1s SR=50.13% (937/1869) mean_SPL=0.2520 SR@0.1m(ref)=50.13% SPL@0.1m(ref)=0.2520
[ZSON3 EVAL] 1870/2000 scene=ziup5kvtCCR.basis episode=87 target=tv_monitor success=1 spl=0.3388 reason=object_found steps=103 runtime=43.8s SR=50.16% (938/1870) mean_SPL=0.2521 SR@0.1m(ref)=50.16% SPL@0.1m(ref)=0.2521
[ZSON3 EVAL] 1871/2000 scene=ziup5kvtCCR.basis episode=88 target=bed success=1 spl=0.2986 reason=object_found steps=201 runtime=199.1s SR=50.19% (939/1871) mean_SPL=0.2521 SR@0.1m(ref)=50.19% SPL@0.1m(ref)=0.2521
[ZSON3 EVAL] 1872/2000 scene=ziup5kvtCCR.basis episode=89 target=sofa success=1 spl=0.5436 reason=object_found steps=76 runtime=39.5s SR=50.21% (940/1872) mean_SPL=0.2523 SR@0.1m(ref)=50.21% SPL@0.1m(ref)=0.2523
[ZSON3 EVAL] 1873/2000 scene=ziup5kvtCCR.basis episode=90 target=plant success=1 spl=0.8135 reason=object_found steps=53 runtime=23.2s SR=50.24% (941/1873) mean_SPL=0.2526 SR@0.1m(ref)=50.24% SPL@0.1m(ref)=0.2526
[ZSON3 EVAL] 1874/2000 scene=ziup5kvtCCR.basis episode=91 target=toilet success=1 spl=0.6770 reason=object_found steps=126 runtime=82.9s SR=50.27% (942/1874) mean_SPL=0.2528 SR@0.1m(ref)=50.27% SPL@0.1m(ref)=0.2528
[ZSON3 EVAL] 1875/2000 scene=ziup5kvtCCR.basis episode=92 target=toilet success=1 spl=0.2258 reason=object_found steps=107 runtime=73.3s SR=50.29% (943/1875) mean_SPL=0.2528 SR@0.1m(ref)=50.29% SPL@0.1m(ref)=0.2528
[ZSON3 EVAL] 1876/2000 scene=ziup5kvtCCR.basis episode=93 target=plant success=1 spl=0.8291 reason=object_found steps=61 runtime=34.5s SR=50.32% (944/1876) mean_SPL=0.2531 SR@0.1m(ref)=50.32% SPL@0.1m(ref)=0.2531
[ZSON3 EVAL] 1877/2000 scene=ziup5kvtCCR.basis episode=94 target=plant success=1 spl=0.3501 reason=object_found steps=68 runtime=47.2s SR=50.35% (945/1877) mean_SPL=0.2531 SR@0.1m(ref)=50.35% SPL@0.1m(ref)=0.2531
[ZSON3 EVAL] 1878/2000 scene=ziup5kvtCCR.basis episode=95 target=tv_monitor success=1 spl=0.4624 reason=object_found steps=135 runtime=72.9s SR=50.37% (946/1878) mean_SPL=0.2533 SR@0.1m(ref)=50.37% SPL@0.1m(ref)=0.2533
[ZSON3 EVAL] 1879/2000 scene=ziup5kvtCCR.basis episode=96 target=sofa success=1 spl=0.3694 reason=object_found steps=191 runtime=103.0s SR=50.40% (947/1879) mean_SPL=0.2533 SR@0.1m(ref)=50.40% SPL@0.1m(ref)=0.2533
[ZSON3 EVAL] 1880/2000 scene=ziup5kvtCCR.basis episode=97 target=plant success=0 spl=0.0000 reason=robot_stuck steps=260 runtime=88.5s SR=50.37% (947/1880) mean_SPL=0.2532 SR@0.1m(ref)=50.37% SPL@0.1m(ref)=0.2532
[ZSON3 EVAL] 1881/2000 scene=ziup5kvtCCR.basis episode=98 target=plant success=1 spl=0.6330 reason=object_found steps=40 runtime=24.7s SR=50.40% (948/1881) mean_SPL=0.2534 SR@0.1m(ref)=50.40% SPL@0.1m(ref)=0.2534
[ZSON3 EVAL] 1882/2000 scene=zt1RVoi7PcG.basis episode=0 target=toilet success=0 spl=0.0000 reason=max_steps_reached steps=465 runtime=371.7s SR=50.37% (948/1882) mean_SPL=0.2532 SR@0.1m(ref)=50.37% SPL@0.1m(ref)=0.2532
[ZSON3 EVAL] 1883/2000 scene=zt1RVoi7PcG.basis episode=1 target=toilet success=1 spl=0.1625 reason=object_found steps=459 runtime=338.6s SR=50.40% (949/1883) mean_SPL=0.2532 SR@0.1m(ref)=50.40% SPL@0.1m(ref)=0.2532
[ZSON3 EVAL] 1884/2000 scene=zt1RVoi7PcG.basis episode=2 target=toilet success=1 spl=0.2182 reason=object_found steps=131 runtime=113.3s SR=50.42% (950/1884) mean_SPL=0.2532 SR@0.1m(ref)=50.42% SPL@0.1m(ref)=0.2532
[ZSON3 EVAL] 1885/2000 scene=zt1RVoi7PcG.basis episode=3 target=toilet success=1 spl=0.3685 reason=object_found steps=165 runtime=136.6s SR=50.45% (951/1885) mean_SPL=0.2532 SR@0.1m(ref)=50.45% SPL@0.1m(ref)=0.2532
[ZSON3 EVAL] 1886/2000 scene=zt1RVoi7PcG.basis episode=4 target=tv_monitor success=0 spl=0.0000 reason=false_positive steps=50 runtime=24.3s SR=50.42% (951/1886) mean_SPL=0.2531 SR@0.1m(ref)=50.42% SPL@0.1m(ref)=0.2531
[ZSON3 EVAL] 1887/2000 scene=zt1RVoi7PcG.basis episode=5 target=chair success=1 spl=0.5862 reason=object_found steps=71 runtime=46.8s SR=50.45% (952/1887) mean_SPL=0.2533 SR@0.1m(ref)=50.45% SPL@0.1m(ref)=0.2533
[ZSON3 EVAL] 1888/2000 scene=zt1RVoi7PcG.basis episode=6 target=chair success=1 spl=0.7043 reason=object_found steps=42 runtime=17.6s SR=50.48% (953/1888) mean_SPL=0.2535 SR@0.1m(ref)=50.48% SPL@0.1m(ref)=0.2535
[ZSON3 EVAL] 1889/2000 scene=zt1RVoi7PcG.basis episode=7 target=toilet success=1 spl=0.2032 reason=object_found steps=330 runtime=265.6s SR=50.50% (954/1889) mean_SPL=0.2535 SR@0.1m(ref)=50.50% SPL@0.1m(ref)=0.2535
[ZSON3 EVAL] 1890/2000 scene=zt1RVoi7PcG.basis episode=8 target=sofa success=1 spl=0.6629 reason=object_found steps=66 runtime=60.6s SR=50.53% (955/1890) mean_SPL=0.2537 SR@0.1m(ref)=50.53% SPL@0.1m(ref)=0.2537
[ZSON3 EVAL] 1891/2000 scene=zt1RVoi7PcG.basis episode=9 target=bed success=0 spl=0.0000 reason=max_steps_reached steps=497 runtime=322.8s SR=50.50% (955/1891) mean_SPL=0.2536 SR@0.1m(ref)=50.50% SPL@0.1m(ref)=0.2536
[ZSON3 EVAL] 1892/2000 scene=zt1RVoi7PcG.basis episode=10 target=chair success=0 spl=0.0000 reason=false_positive steps=112 runtime=57.9s SR=50.48% (955/1892) mean_SPL=0.2534 SR@0.1m(ref)=50.48% SPL@0.1m(ref)=0.2534
[ZSON3 EVAL] 1893/2000 scene=zt1RVoi7PcG.basis episode=11 target=bed success=0 spl=0.0000 reason=false_positive steps=84 runtime=37.4s SR=50.45% (955/1893) mean_SPL=0.2533 SR@0.1m(ref)=50.45% SPL@0.1m(ref)=0.2533
[ZSON3 EVAL] 1894/2000 scene=zt1RVoi7PcG.basis episode=12 target=tv_monitor success=0 spl=0.0000 reason=false_positive steps=130 runtime=102.0s SR=50.42% (955/1894) mean_SPL=0.2532 SR@0.1m(ref)=50.42% SPL@0.1m(ref)=0.2532
[ZSON3 EVAL] 1895/2000 scene=zt1RVoi7PcG.basis episode=13 target=bed success=0 spl=0.0000 reason=max_steps_reached steps=500 runtime=406.9s SR=50.40% (955/1895) mean_SPL=0.2530 SR@0.1m(ref)=50.40% SPL@0.1m(ref)=0.2530
[ZSON3 EVAL] 1896/2000 scene=zt1RVoi7PcG.basis episode=14 target=toilet success=1 spl=0.1099 reason=object_found steps=329 runtime=213.5s SR=50.42% (956/1896) mean_SPL=0.2530 SR@0.1m(ref)=50.42% SPL@0.1m(ref)=0.2530
[ZSON3 EVAL] 1897/2000 scene=zt1RVoi7PcG.basis episode=15 target=toilet success=0 spl=0.0000 reason=max_steps_reached steps=498 runtime=379.0s SR=50.40% (956/1897) mean_SPL=0.2528 SR@0.1m(ref)=50.40% SPL@0.1m(ref)=0.2528
[ZSON3 EVAL] 1898/2000 scene=zt1RVoi7PcG.basis episode=16 target=chair success=1 spl=0.2767 reason=object_found steps=86 runtime=62.1s SR=50.42% (957/1898) mean_SPL=0.2528 SR@0.1m(ref)=50.42% SPL@0.1m(ref)=0.2528
[ZSON3 EVAL] 1899/2000 scene=zt1RVoi7PcG.basis episode=17 target=bed success=1 spl=0.5335 reason=object_found steps=95 runtime=62.6s SR=50.45% (958/1899) mean_SPL=0.2530 SR@0.1m(ref)=50.45% SPL@0.1m(ref)=0.2530
[ZSON3 EVAL] 1900/2000 scene=zt1RVoi7PcG.basis episode=18 target=bed success=0 spl=0.0000 reason=max_steps_reached steps=498 runtime=371.7s SR=50.42% (958/1900) mean_SPL=0.2529 SR@0.1m(ref)=50.42% SPL@0.1m(ref)=0.2529
[ZSON3 EVAL] 1901/2000 scene=zt1RVoi7PcG.basis episode=19 target=sofa success=1 spl=0.4943 reason=object_found steps=46 runtime=34.3s SR=50.45% (959/1901) mean_SPL=0.2530 SR@0.1m(ref)=50.45% SPL@0.1m(ref)=0.2530
[ZSON3 EVAL] 1902/2000 scene=zt1RVoi7PcG.basis episode=20 target=sofa success=1 spl=0.4349 reason=object_found steps=112 runtime=48.5s SR=50.47% (960/1902) mean_SPL=0.2531 SR@0.1m(ref)=50.47% SPL@0.1m(ref)=0.2531
[ZSON3 EVAL] 1903/2000 scene=zt1RVoi7PcG.basis episode=21 target=toilet success=0 spl=0.0000 reason=max_steps_reached steps=495 runtime=524.7s SR=50.45% (960/1903) mean_SPL=0.2530 SR@0.1m(ref)=50.45% SPL@0.1m(ref)=0.2530
[ZSON3 EVAL] 1904/2000 scene=zt1RVoi7PcG.basis episode=22 target=sofa success=1 spl=0.0937 reason=object_found steps=317 runtime=274.8s SR=50.47% (961/1904) mean_SPL=0.2529 SR@0.1m(ref)=50.47% SPL@0.1m(ref)=0.2529
[ZSON3 EVAL] 1905/2000 scene=zt1RVoi7PcG.basis episode=23 target=sofa success=0 spl=0.0000 reason=false_positive steps=73 runtime=43.9s SR=50.45% (961/1905) mean_SPL=0.2527 SR@0.1m(ref)=50.45% SPL@0.1m(ref)=0.2527
[ZSON3 EVAL] 1906/2000 scene=zt1RVoi7PcG.basis episode=24 target=sofa success=1 spl=0.7616 reason=object_found steps=35 runtime=22.0s SR=50.47% (962/1906) mean_SPL=0.2530 SR@0.1m(ref)=50.47% SPL@0.1m(ref)=0.2530
[ZSON3 EVAL] 1907/2000 scene=zt1RVoi7PcG.basis episode=25 target=bed success=1 spl=0.6713 reason=object_found steps=42 runtime=22.6s SR=50.50% (963/1907) mean_SPL=0.2532 SR@0.1m(ref)=50.50% SPL@0.1m(ref)=0.2532
[ZSON3 EVAL] 1908/2000 scene=zt1RVoi7PcG.basis episode=26 target=bed success=0 spl=0.0000 reason=false_positive steps=166 runtime=109.6s SR=50.47% (963/1908) mean_SPL=0.2531 SR@0.1m(ref)=50.47% SPL@0.1m(ref)=0.2531
[ZSON3 EVAL] 1909/2000 scene=zt1RVoi7PcG.basis episode=27 target=tv_monitor success=0 spl=0.0000 reason=false_positive steps=27 runtime=11.7s SR=50.45% (963/1909) mean_SPL=0.2530 SR@0.1m(ref)=50.45% SPL@0.1m(ref)=0.2530
[ZSON3 EVAL] 1910/2000 scene=zt1RVoi7PcG.basis episode=28 target=chair success=0 spl=0.0000 reason=false_positive steps=73 runtime=57.5s SR=50.42% (963/1910) mean_SPL=0.2528 SR@0.1m(ref)=50.42% SPL@0.1m(ref)=0.2528
[ZSON3 EVAL] 1911/2000 scene=zt1RVoi7PcG.basis episode=29 target=bed success=0 spl=0.0000 reason=max_steps_reached steps=500 runtime=313.5s SR=50.39% (963/1911) mean_SPL=0.2527 SR@0.1m(ref)=50.39% SPL@0.1m(ref)=0.2527
[ZSON3 EVAL] 1912/2000 scene=zt1RVoi7PcG.basis episode=30 target=tv_monitor success=0 spl=0.0000 reason=false_positive steps=38 runtime=16.7s SR=50.37% (963/1912) mean_SPL=0.2526 SR@0.1m(ref)=50.37% SPL@0.1m(ref)=0.2526
[ZSON3 EVAL] 1913/2000 scene=zt1RVoi7PcG.basis episode=31 target=tv_monitor success=0 spl=0.0000 reason=false_positive steps=12 runtime=10.9s SR=50.34% (963/1913) mean_SPL=0.2524 SR@0.1m(ref)=50.34% SPL@0.1m(ref)=0.2524
[ZSON3 EVAL] 1914/2000 scene=zt1RVoi7PcG.basis episode=32 target=bed success=0 spl=0.0000 reason=max_steps_reached steps=500 runtime=345.8s SR=50.31% (963/1914) mean_SPL=0.2523 SR@0.1m(ref)=50.31% SPL@0.1m(ref)=0.2523
[ZSON3 EVAL] 1915/2000 scene=zt1RVoi7PcG.basis episode=33 target=sofa success=0 spl=0.0000 reason=false_positive steps=27 runtime=17.5s SR=50.29% (963/1915) mean_SPL=0.2522 SR@0.1m(ref)=50.29% SPL@0.1m(ref)=0.2522
[ZSON3 EVAL] 1916/2000 scene=zt1RVoi7PcG.basis episode=34 target=tv_monitor success=0 spl=0.0000 reason=false_positive steps=90 runtime=58.0s SR=50.26% (963/1916) mean_SPL=0.2520 SR@0.1m(ref)=50.26% SPL@0.1m(ref)=0.2520
[ZSON3 EVAL] 1917/2000 scene=zt1RVoi7PcG.basis episode=35 target=toilet success=0 spl=0.0000 reason=max_steps_reached steps=498 runtime=479.6s SR=50.23% (963/1917) mean_SPL=0.2519 SR@0.1m(ref)=50.23% SPL@0.1m(ref)=0.2519
[ZSON3 EVAL] 1918/2000 scene=zt1RVoi7PcG.basis episode=36 target=bed success=1 spl=0.8805 reason=object_found steps=52 runtime=35.4s SR=50.26% (964/1918) mean_SPL=0.2522 SR@0.1m(ref)=50.26% SPL@0.1m(ref)=0.2522
[ZSON3 EVAL] 1919/2000 scene=zt1RVoi7PcG.basis episode=37 target=sofa success=1 spl=0.7265 reason=object_found steps=42 runtime=27.4s SR=50.29% (965/1919) mean_SPL=0.2525 SR@0.1m(ref)=50.29% SPL@0.1m(ref)=0.2525
[ZSON3 EVAL] 1920/2000 scene=zt1RVoi7PcG.basis episode=38 target=bed success=1 spl=0.6047 reason=object_found steps=37 runtime=15.2s SR=50.31% (966/1920) mean_SPL=0.2527 SR@0.1m(ref)=50.31% SPL@0.1m(ref)=0.2527
[ZSON3 EVAL] 1921/2000 scene=zt1RVoi7PcG.basis episode=39 target=sofa success=1 spl=0.8041 reason=object_found steps=44 runtime=32.7s SR=50.34% (967/1921) mean_SPL=0.2529 SR@0.1m(ref)=50.34% SPL@0.1m(ref)=0.2529
[ZSON3 EVAL] 1922/2000 scene=zt1RVoi7PcG.basis episode=40 target=toilet success=1 spl=0.1039 reason=object_found steps=452 runtime=314.6s SR=50.36% (968/1922) mean_SPL=0.2529 SR@0.1m(ref)=50.36% SPL@0.1m(ref)=0.2529
[ZSON3 EVAL] 1923/2000 scene=zt1RVoi7PcG.basis episode=41 target=tv_monitor success=0 spl=0.0000 reason=false_positive steps=12 runtime=5.9s SR=50.34% (968/1923) mean_SPL=0.2527 SR@0.1m(ref)=50.34% SPL@0.1m(ref)=0.2527
[ZSON3 EVAL] 1924/2000 scene=zt1RVoi7PcG.basis episode=42 target=toilet success=1 spl=0.7876 reason=object_found steps=91 runtime=139.8s SR=50.36% (969/1924) mean_SPL=0.2530 SR@0.1m(ref)=50.36% SPL@0.1m(ref)=0.2530
[ZSON3 EVAL] 1925/2000 scene=zt1RVoi7PcG.basis episode=43 target=sofa success=1 spl=0.7107 reason=object_found steps=84 runtime=57.9s SR=50.39% (970/1925) mean_SPL=0.2533 SR@0.1m(ref)=50.39% SPL@0.1m(ref)=0.2533
[ZSON3 EVAL] 1926/2000 scene=zt1RVoi7PcG.basis episode=44 target=tv_monitor success=0 spl=0.0000 reason=false_positive steps=20 runtime=11.9s SR=50.36% (970/1926) mean_SPL=0.2531 SR@0.1m(ref)=50.36% SPL@0.1m(ref)=0.2531
[ZSON3 EVAL] 1927/2000 scene=zt1RVoi7PcG.basis episode=45 target=toilet success=0 spl=0.0000 reason=max_steps_reached steps=500 runtime=355.6s SR=50.34% (970/1927) mean_SPL=0.2530 SR@0.1m(ref)=50.34% SPL@0.1m(ref)=0.2530
[ZSON3 EVAL] 1928/2000 scene=zt1RVoi7PcG.basis episode=46 target=tv_monitor success=0 spl=0.0000 reason=false_positive steps=156 runtime=100.2s SR=50.31% (970/1928) mean_SPL=0.2529 SR@0.1m(ref)=50.31% SPL@0.1m(ref)=0.2529
[ZSON3 EVAL] 1929/2000 scene=zt1RVoi7PcG.basis episode=47 target=tv_monitor success=0 spl=0.0000 reason=false_positive steps=12 runtime=5.7s SR=50.29% (970/1929) mean_SPL=0.2527 SR@0.1m(ref)=50.29% SPL@0.1m(ref)=0.2527
[ZSON3 EVAL] 1930/2000 scene=zt1RVoi7PcG.basis episode=48 target=toilet success=0 spl=0.0000 reason=max_steps_reached steps=500 runtime=289.7s SR=50.26% (970/1930) mean_SPL=0.2526 SR@0.1m(ref)=50.26% SPL@0.1m(ref)=0.2526
[ZSON3 EVAL] 1931/2000 scene=zt1RVoi7PcG.basis episode=49 target=toilet success=1 spl=0.4339 reason=object_found steps=127 runtime=100.8s SR=50.28% (971/1931) mean_SPL=0.2527 SR@0.1m(ref)=50.28% SPL@0.1m(ref)=0.2527
[ZSON3 EVAL] 1932/2000 scene=zt1RVoi7PcG.basis episode=50 target=sofa success=1 spl=0.8073 reason=object_found steps=43 runtime=26.6s SR=50.31% (972/1932) mean_SPL=0.2530 SR@0.1m(ref)=50.31% SPL@0.1m(ref)=0.2530
[ZSON3 EVAL] 1933/2000 scene=zt1RVoi7PcG.basis episode=51 target=tv_monitor success=0 spl=0.0000 reason=false_positive steps=96 runtime=81.0s SR=50.28% (972/1933) mean_SPL=0.2528 SR@0.1m(ref)=50.28% SPL@0.1m(ref)=0.2528
[ZSON3 EVAL] 1934/2000 scene=zt1RVoi7PcG.basis episode=52 target=bed success=0 spl=0.0000 reason=false_positive steps=140 runtime=102.6s SR=50.26% (972/1934) mean_SPL=0.2527 SR@0.1m(ref)=50.26% SPL@0.1m(ref)=0.2527
[ZSON3 EVAL] 1935/2000 scene=zt1RVoi7PcG.basis episode=53 target=tv_monitor success=0 spl=0.0000 reason=false_positive steps=35 runtime=22.7s SR=50.23% (972/1935) mean_SPL=0.2526 SR@0.1m(ref)=50.23% SPL@0.1m(ref)=0.2526
[ZSON3 EVAL] 1936/2000 scene=zt1RVoi7PcG.basis episode=54 target=chair success=1 spl=0.7185 reason=object_found steps=40 runtime=31.6s SR=50.26% (973/1936) mean_SPL=0.2528 SR@0.1m(ref)=50.26% SPL@0.1m(ref)=0.2528
[ZSON3 EVAL] 1937/2000 scene=zt1RVoi7PcG.basis episode=55 target=tv_monitor success=0 spl=0.0000 reason=false_positive steps=66 runtime=114.8s SR=50.23% (973/1937) mean_SPL=0.2527 SR@0.1m(ref)=50.23% SPL@0.1m(ref)=0.2527
[ZSON3 EVAL] 1938/2000 scene=zt1RVoi7PcG.basis episode=56 target=chair success=1 spl=0.6185 reason=object_found steps=105 runtime=49.4s SR=50.26% (974/1938) mean_SPL=0.2529 SR@0.1m(ref)=50.26% SPL@0.1m(ref)=0.2529
[ZSON3 EVAL] 1939/2000 scene=zt1RVoi7PcG.basis episode=57 target=chair success=1 spl=0.3392 reason=object_found steps=58 runtime=56.5s SR=50.28% (975/1939) mean_SPL=0.2529 SR@0.1m(ref)=50.28% SPL@0.1m(ref)=0.2529
[ZSON3 EVAL] 1940/2000 scene=zt1RVoi7PcG.basis episode=58 target=sofa success=1 spl=0.7661 reason=object_found steps=36 runtime=21.8s SR=50.31% (976/1940) mean_SPL=0.2532 SR@0.1m(ref)=50.31% SPL@0.1m(ref)=0.2532
[ZSON3 EVAL] 1941/2000 scene=zt1RVoi7PcG.basis episode=59 target=bed success=0 spl=0.0000 reason=false_positive steps=43 runtime=40.0s SR=50.28% (976/1941) mean_SPL=0.2531 SR@0.1m(ref)=50.28% SPL@0.1m(ref)=0.2531
[ZSON3 EVAL] 1942/2000 scene=zt1RVoi7PcG.basis episode=60 target=toilet success=1 spl=0.1608 reason=object_found steps=455 runtime=339.3s SR=50.31% (977/1942) mean_SPL=0.2530 SR@0.1m(ref)=50.31% SPL@0.1m(ref)=0.2530
[ZSON3 EVAL] 1943/2000 scene=zt1RVoi7PcG.basis episode=61 target=sofa success=1 spl=0.6097 reason=object_found steps=60 runtime=34.3s SR=50.33% (978/1943) mean_SPL=0.2532 SR@0.1m(ref)=50.33% SPL@0.1m(ref)=0.2532
[ZSON3 EVAL] 1944/2000 scene=zt1RVoi7PcG.basis episode=62 target=sofa success=0 spl=0.0000 reason=false_positive steps=14 runtime=9.9s SR=50.31% (978/1944) mean_SPL=0.2531 SR@0.1m(ref)=50.31% SPL@0.1m(ref)=0.2531
[ZSON3 EVAL] 1945/2000 scene=zt1RVoi7PcG.basis episode=63 target=bed success=0 spl=0.0000 reason=max_steps_reached steps=500 runtime=367.3s SR=50.28% (978/1945) mean_SPL=0.2529 SR@0.1m(ref)=50.28% SPL@0.1m(ref)=0.2529
[ZSON3 EVAL] 1946/2000 scene=zt1RVoi7PcG.basis episode=64 target=chair success=1 spl=0.1964 reason=object_found steps=135 runtime=91.4s SR=50.31% (979/1946) mean_SPL=0.2529 SR@0.1m(ref)=50.31% SPL@0.1m(ref)=0.2529
[ZSON3 EVAL] 1947/2000 scene=zt1RVoi7PcG.basis episode=65 target=sofa success=1 spl=0.4066 reason=object_found steps=179 runtime=144.9s SR=50.33% (980/1947) mean_SPL=0.2530 SR@0.1m(ref)=50.33% SPL@0.1m(ref)=0.2530
[ZSON3 EVAL] 1948/2000 scene=zt1RVoi7PcG.basis episode=66 target=bed success=0 spl=0.0000 reason=false_positive steps=259 runtime=256.7s SR=50.31% (980/1948) mean_SPL=0.2529 SR@0.1m(ref)=50.31% SPL@0.1m(ref)=0.2529
[ZSON3 EVAL] 1949/2000 scene=zt1RVoi7PcG.basis episode=67 target=bed success=0 spl=0.0000 reason=max_steps_reached steps=500 runtime=383.4s SR=50.28% (980/1949) mean_SPL=0.2527 SR@0.1m(ref)=50.28% SPL@0.1m(ref)=0.2527
[ZSON3 EVAL] 1950/2000 scene=zt1RVoi7PcG.basis episode=68 target=toilet success=1 spl=0.1801 reason=object_found steps=136 runtime=101.5s SR=50.31% (981/1950) mean_SPL=0.2527 SR@0.1m(ref)=50.31% SPL@0.1m(ref)=0.2527
[ZSON3 EVAL] 1951/2000 scene=zt1RVoi7PcG.basis episode=69 target=tv_monitor success=0 spl=0.0000 reason=false_positive steps=141 runtime=96.7s SR=50.28% (981/1951) mean_SPL=0.2526 SR@0.1m(ref)=50.28% SPL@0.1m(ref)=0.2526
[ZSON3 EVAL] 1952/2000 scene=zt1RVoi7PcG.basis episode=70 target=sofa success=1 spl=0.7284 reason=object_found steps=49 runtime=24.0s SR=50.31% (982/1952) mean_SPL=0.2528 SR@0.1m(ref)=50.31% SPL@0.1m(ref)=0.2528
[ZSON3 EVAL] 1953/2000 scene=zt1RVoi7PcG.basis episode=71 target=toilet success=0 spl=0.0000 reason=max_steps_reached steps=498 runtime=267.7s SR=50.28% (982/1953) mean_SPL=0.2527 SR@0.1m(ref)=50.28% SPL@0.1m(ref)=0.2527
[ZSON3 EVAL] 1954/2000 scene=zt1RVoi7PcG.basis episode=72 target=chair success=0 spl=0.0000 reason=false_positive steps=17 runtime=9.4s SR=50.26% (982/1954) mean_SPL=0.2525 SR@0.1m(ref)=50.26% SPL@0.1m(ref)=0.2525
[ZSON3 EVAL] 1955/2000 scene=zt1RVoi7PcG.basis episode=73 target=tv_monitor success=0 spl=0.0000 reason=false_positive steps=96 runtime=68.1s SR=50.23% (982/1955) mean_SPL=0.2524 SR@0.1m(ref)=50.23% SPL@0.1m(ref)=0.2524
[ZSON3 EVAL] 1956/2000 scene=zt1RVoi7PcG.basis episode=74 target=chair success=0 spl=0.0000 reason=false_positive steps=71 runtime=50.6s SR=50.20% (982/1956) mean_SPL=0.2523 SR@0.1m(ref)=50.20% SPL@0.1m(ref)=0.2523
[ZSON3 EVAL] 1957/2000 scene=zt1RVoi7PcG.basis episode=75 target=chair success=0 spl=0.0000 reason=false_positive steps=32 runtime=18.4s SR=50.18% (982/1957) mean_SPL=0.2522 SR@0.1m(ref)=50.18% SPL@0.1m(ref)=0.2522
[ZSON3 EVAL] 1958/2000 scene=zt1RVoi7PcG.basis episode=76 target=tv_monitor success=0 spl=0.0000 reason=false_positive steps=61 runtime=37.6s SR=50.15% (982/1958) mean_SPL=0.2520 SR@0.1m(ref)=50.15% SPL@0.1m(ref)=0.2520
[ZSON3 EVAL] 1959/2000 scene=zt1RVoi7PcG.basis episode=77 target=chair success=0 spl=0.0000 reason=false_positive steps=181 runtime=93.0s SR=50.13% (982/1959) mean_SPL=0.2519 SR@0.1m(ref)=50.13% SPL@0.1m(ref)=0.2519
[ZSON3 EVAL] 1960/2000 scene=zt1RVoi7PcG.basis episode=78 target=chair success=0 spl=0.0000 reason=false_positive steps=280 runtime=741.3s SR=50.10% (982/1960) mean_SPL=0.2518 SR@0.1m(ref)=50.10% SPL@0.1m(ref)=0.2518
[ZSON3 EVAL] 1961/2000 scene=zt1RVoi7PcG.basis episode=79 target=chair success=1 spl=0.4441 reason=object_found steps=99 runtime=50.3s SR=50.13% (983/1961) mean_SPL=0.2519 SR@0.1m(ref)=50.13% SPL@0.1m(ref)=0.2519
[ZSON3 EVAL] 1962/2000 scene=zt1RVoi7PcG.basis episode=80 target=toilet success=1 spl=0.1310 reason=object_found steps=443 runtime=399.2s SR=50.15% (984/1962) mean_SPL=0.2518 SR@0.1m(ref)=50.15% SPL@0.1m(ref)=0.2518
[ZSON3 EVAL] 1963/2000 scene=zt1RVoi7PcG.basis episode=81 target=tv_monitor success=0 spl=0.0000 reason=false_positive steps=107 runtime=88.9s SR=50.13% (984/1963) mean_SPL=0.2517 SR@0.1m(ref)=50.13% SPL@0.1m(ref)=0.2517
[ZSON3 EVAL] 1964/2000 scene=zt1RVoi7PcG.basis episode=82 target=sofa success=0 spl=0.0000 reason=max_steps_reached steps=499 runtime=253.2s SR=50.10% (984/1964) mean_SPL=0.2516 SR@0.1m(ref)=50.10% SPL@0.1m(ref)=0.2516
[ZSON3 EVAL] 1965/2000 scene=zt1RVoi7PcG.basis episode=83 target=sofa success=1 spl=0.2919 reason=object_found steps=116 runtime=98.7s SR=50.13% (985/1965) mean_SPL=0.2516 SR@0.1m(ref)=50.13% SPL@0.1m(ref)=0.2516
[ZSON3 EVAL] 1966/2000 scene=zt1RVoi7PcG.basis episode=84 target=toilet success=1 spl=0.1419 reason=object_found steps=444 runtime=279.3s SR=50.15% (986/1966) mean_SPL=0.2515 SR@0.1m(ref)=50.15% SPL@0.1m(ref)=0.2515
[ZSON3 EVAL] 1967/2000 scene=zt1RVoi7PcG.basis episode=85 target=tv_monitor success=0 spl=0.0000 reason=false_positive steps=296 runtime=251.6s SR=50.13% (986/1967) mean_SPL=0.2514 SR@0.1m(ref)=50.13% SPL@0.1m(ref)=0.2514
[ZSON3 EVAL] 1968/2000 scene=zt1RVoi7PcG.basis episode=86 target=sofa success=1 spl=0.8559 reason=object_found steps=93 runtime=67.4s SR=50.15% (987/1968) mean_SPL=0.2517 SR@0.1m(ref)=50.15% SPL@0.1m(ref)=0.2517
[ZSON3 EVAL] 1969/2000 scene=zt1RVoi7PcG.basis episode=87 target=toilet success=1 spl=0.3886 reason=object_found steps=184 runtime=140.0s SR=50.18% (988/1969) mean_SPL=0.2518 SR@0.1m(ref)=50.18% SPL@0.1m(ref)=0.2518
[ZSON3 EVAL] 1970/2000 scene=zt1RVoi7PcG.basis episode=88 target=bed success=0 spl=0.0000 reason=false_positive steps=85 runtime=153.0s SR=50.15% (988/1970) mean_SPL=0.2516 SR@0.1m(ref)=50.15% SPL@0.1m(ref)=0.2516
[ZSON3 EVAL] 1971/2000 scene=zt1RVoi7PcG.basis episode=89 target=bed success=0 spl=0.0000 reason=false_positive steps=369 runtime=296.6s SR=50.13% (988/1971) mean_SPL=0.2515 SR@0.1m(ref)=50.13% SPL@0.1m(ref)=0.2515
[ZSON3 EVAL] 1972/2000 scene=zt1RVoi7PcG.basis episode=90 target=toilet success=1 spl=0.1173 reason=object_found steps=382 runtime=340.9s SR=50.15% (989/1972) mean_SPL=0.2514 SR@0.1m(ref)=50.15% SPL@0.1m(ref)=0.2514
[ZSON3 EVAL] 1973/2000 scene=zt1RVoi7PcG.basis episode=91 target=toilet success=1 spl=0.0955 reason=object_found steps=294 runtime=303.1s SR=50.18% (990/1973) mean_SPL=0.2514 SR@0.1m(ref)=50.18% SPL@0.1m(ref)=0.2514
[ZSON3 EVAL] 1974/2000 scene=zt1RVoi7PcG.basis episode=92 target=tv_monitor success=0 spl=0.0000 reason=false_positive steps=125 runtime=100.8s SR=50.15% (990/1974) mean_SPL=0.2512 SR@0.1m(ref)=50.15% SPL@0.1m(ref)=0.2512
[ZSON3 EVAL] 1975/2000 scene=zt1RVoi7PcG.basis episode=93 target=tv_monitor success=0 spl=0.0000 reason=false_positive steps=61 runtime=37.0s SR=50.13% (990/1975) mean_SPL=0.2511 SR@0.1m(ref)=50.13% SPL@0.1m(ref)=0.2511
[ZSON3 EVAL] 1976/2000 scene=zt1RVoi7PcG.basis episode=94 target=sofa success=1 spl=0.5800 reason=object_found steps=77 runtime=48.7s SR=50.15% (991/1976) mean_SPL=0.2513 SR@0.1m(ref)=50.15% SPL@0.1m(ref)=0.2513
[ZSON3 EVAL] 1977/2000 scene=zt1RVoi7PcG.basis episode=95 target=sofa success=1 spl=0.6162 reason=object_found steps=60 runtime=38.0s SR=50.18% (992/1977) mean_SPL=0.2515 SR@0.1m(ref)=50.18% SPL@0.1m(ref)=0.2515
[ZSON3 EVAL] 1978/2000 scene=zt1RVoi7PcG.basis episode=96 target=chair success=0 spl=0.0000 reason=false_positive steps=34 runtime=19.0s SR=50.15% (992/1978) mean_SPL=0.2513 SR@0.1m(ref)=50.15% SPL@0.1m(ref)=0.2513
[ZSON3 EVAL] 1979/2000 scene=zt1RVoi7PcG.basis episode=97 target=chair success=1 spl=0.2795 reason=object_found steps=119 runtime=153.8s SR=50.18% (993/1979) mean_SPL=0.2513 SR@0.1m(ref)=50.18% SPL@0.1m(ref)=0.2513
[ZSON3 EVAL] 1980/2000 scene=zt1RVoi7PcG.basis episode=98 target=bed success=0 spl=0.0000 reason=max_steps_reached steps=500 runtime=371.3s SR=50.15% (993/1980) mean_SPL=0.2512 SR@0.1m(ref)=50.15% SPL@0.1m(ref)=0.2512
[ZSON3 EVAL] 1981/2000 scene=zt1RVoi7PcG.basis episode=99 target=chair success=1 spl=0.1329 reason=object_found steps=304 runtime=198.7s SR=50.18% (994/1981) mean_SPL=0.2512 SR@0.1m(ref)=50.18% SPL@0.1m(ref)=0.2512
[ZSON3 EVAL] 1982/2000 scene=zt1RVoi7PcG.basis episode=100 target=chair success=1 spl=0.4309 reason=object_found steps=62 runtime=48.6s SR=50.20% (995/1982) mean_SPL=0.2513 SR@0.1m(ref)=50.20% SPL@0.1m(ref)=0.2513
[ZSON3 EVAL] 1983/2000 scene=zt1RVoi7PcG.basis episode=101 target=tv_monitor success=0 spl=0.0000 reason=false_positive steps=387 runtime=332.0s SR=50.18% (995/1983) mean_SPL=0.2511 SR@0.1m(ref)=50.18% SPL@0.1m(ref)=0.2511
[ZSON3 EVAL] 1984/2000 scene=zt1RVoi7PcG.basis episode=102 target=toilet success=1 spl=0.3105 reason=object_found steps=194 runtime=145.3s SR=50.20% (996/1984) mean_SPL=0.2512 SR@0.1m(ref)=50.20% SPL@0.1m(ref)=0.2512
[ZSON3 EVAL] 1985/2000 scene=zt1RVoi7PcG.basis episode=103 target=tv_monitor success=0 spl=0.0000 reason=false_positive steps=23 runtime=9.3s SR=50.18% (996/1985) mean_SPL=0.2510 SR@0.1m(ref)=50.18% SPL@0.1m(ref)=0.2510
[ZSON3 EVAL] 1986/2000 scene=zt1RVoi7PcG.basis episode=104 target=chair success=0 spl=0.0000 reason=false_positive steps=110 runtime=66.8s SR=50.15% (996/1986) mean_SPL=0.2509 SR@0.1m(ref)=50.15% SPL@0.1m(ref)=0.2509
[ZSON3 EVAL] 1987/2000 scene=zt1RVoi7PcG.basis episode=105 target=sofa success=0 spl=0.0000 reason=false_positive steps=55 runtime=30.2s SR=50.13% (996/1987) mean_SPL=0.2508 SR@0.1m(ref)=50.13% SPL@0.1m(ref)=0.2508
[ZSON3 EVAL] 1988/2000 scene=zt1RVoi7PcG.basis episode=106 target=bed success=1 spl=0.8714 reason=object_found steps=38 runtime=21.0s SR=50.15% (997/1988) mean_SPL=0.2511 SR@0.1m(ref)=50.15% SPL@0.1m(ref)=0.2511
[ZSON3 EVAL] 1989/2000 scene=zt1RVoi7PcG.basis episode=107 target=bed success=0 spl=0.0000 reason=false_positive steps=29 runtime=23.3s SR=50.13% (997/1989) mean_SPL=0.2510 SR@0.1m(ref)=50.13% SPL@0.1m(ref)=0.2510
[ZSON3 EVAL] 1990/2000 scene=zt1RVoi7PcG.basis episode=108 target=toilet success=0 spl=0.0000 reason=max_steps_reached steps=500 runtime=544.0s SR=50.10% (997/1990) mean_SPL=0.2508 SR@0.1m(ref)=50.10% SPL@0.1m(ref)=0.2508
[ZSON3 EVAL] 1991/2000 scene=zt1RVoi7PcG.basis episode=109 target=bed success=0 spl=0.0000 reason=max_steps_reached steps=500 runtime=358.8s SR=50.08% (997/1991) mean_SPL=0.2507 SR@0.1m(ref)=50.08% SPL@0.1m(ref)=0.2507
[ZSON3 EVAL] 1992/2000 scene=zt1RVoi7PcG.basis episode=110 target=sofa success=1 spl=0.8412 reason=object_found steps=30 runtime=23.4s SR=50.10% (998/1992) mean_SPL=0.2510 SR@0.1m(ref)=50.10% SPL@0.1m(ref)=0.2510
[ZSON3 EVAL] 1993/2000 scene=zt1RVoi7PcG.basis episode=111 target=tv_monitor success=0 spl=0.0000 reason=false_positive steps=186 runtime=158.3s SR=50.08% (998/1993) mean_SPL=0.2509 SR@0.1m(ref)=50.08% SPL@0.1m(ref)=0.2509
[ZSON3 EVAL] 1994/2000 scene=zt1RVoi7PcG.basis episode=112 target=chair success=0 spl=0.0000 reason=false_positive steps=32 runtime=29.3s SR=50.05% (998/1994) mean_SPL=0.2508 SR@0.1m(ref)=50.05% SPL@0.1m(ref)=0.2508
[ZSON3 EVAL] 1995/2000 scene=zt1RVoi7PcG.basis episode=113 target=tv_monitor success=0 spl=0.0000 reason=false_positive steps=396 runtime=350.5s SR=50.03% (998/1995) mean_SPL=0.2506 SR@0.1m(ref)=50.03% SPL@0.1m(ref)=0.2506
[ZSON3 EVAL] 1996/2000 scene=zt1RVoi7PcG.basis episode=114 target=chair success=1 spl=0.3357 reason=object_found steps=75 runtime=53.2s SR=50.05% (999/1996) mean_SPL=0.2507 SR@0.1m(ref)=50.05% SPL@0.1m(ref)=0.2507
[ZSON3 EVAL] 1997/2000 scene=zt1RVoi7PcG.basis episode=115 target=chair success=0 spl=0.0000 reason=false_positive steps=83 runtime=54.7s SR=50.03% (999/1997) mean_SPL=0.2505 SR@0.1m(ref)=50.03% SPL@0.1m(ref)=0.2505
[ZSON3 EVAL] 1998/2000 scene=zt1RVoi7PcG.basis episode=116 target=sofa success=1 spl=0.2692 reason=object_found steps=216 runtime=237.6s SR=50.05% (1000/1998) mean_SPL=0.2506 SR@0.1m(ref)=50.05% SPL@0.1m(ref)=0.2506
[ZSON3 EVAL] 1999/2000 scene=zt1RVoi7PcG.basis episode=117 target=bed success=0 spl=0.0000 reason=max_steps_reached steps=500 runtime=426.7s SR=50.03% (1000/1999) mean_SPL=0.2504 SR@0.1m(ref)=50.03% SPL@0.1m(ref)=0.2504
[ZSON3 EVAL] 2000/2000 scene=zt1RVoi7PcG.basis episode=118 target=chair success=0 spl=0.0000 reason=false_positive steps=89 runtime=59.5s SR=50.00% (1000/2000) mean_SPL=0.2503 SR@0.1m(ref)=50.00% SPL@0.1m(ref)=0.2503
[ZSON3 SUMMARY] episodes=2000 SR=50.00% SPL=0.2503 SR@0.1m(ref)=50.00% SPL@0.1m(ref)=0.2503 exceptions=4
