[ZSON3 LAUNCH] OF-ApexTarget-v1 deterministic full_hm3dv2 run_id=openfrontier_apextarget_v1_deterministic_full_hm3dv2_1000_seed20260727
[zson3:qwen-vllm] owned service is healthy pid=3618643 batch_invariant=1 prefix_cache=off: http://127.0.0.1:18080/v1/models
dino already listening on 12181
mobile_sam already listening on 12183
yolov7 already listening on 12184
qwen3-vl-8b  healthy  backend=vllm  http://127.0.0.1:18080
sam3  unavailable  127.0.0.1:12186
groundingdino  listening  127.0.0.1:12181
blip2-itm  unavailable  127.0.0.1:12182
mobile-sam  listening  127.0.0.1:12183
yolov7  listening  127.0.0.1:12184
[ZSON3 EVAL] start dataset=HM3Dv2-val seed=20260727 episodes=1000 mode=all resume_from=0 qwen_attention=unknown
[ZSON3 EVAL] 1/1000 scene=4ok3usBNeis.basis episode=0 target=bed success=1 spl=0.2178 reason=robot_stuck steps=430 runtime=273.9s SR=100.00% (1/1) mean_SPL=0.2178 SR@1m=100.00% SPL@1m=0.2178
[ZSON3 EVAL] 2/1000 scene=4ok3usBNeis.basis episode=1 target=toilet success=0 spl=0.0000 reason=no_frontiers steps=455 runtime=268.0s SR=50.00% (1/2) mean_SPL=0.1089 SR@1m=50.00% SPL@1m=0.1089
[ZSON3 EVAL] 3/1000 scene=4ok3usBNeis.basis episode=2 target=tv_monitor success=0 spl=0.0000 reason=max_steps_reached steps=485 runtime=275.7s SR=33.33% (1/3) mean_SPL=0.0726 SR@1m=33.33% SPL@1m=0.0726
[ZSON3 EVAL] 4/1000 scene=4ok3usBNeis.basis episode=3 target=chair success=1 spl=0.7448 reason=object_found steps=142 runtime=89.0s SR=50.00% (2/4) mean_SPL=0.2406 SR@1m=50.00% SPL@1m=0.2406
[ZSON3 EVAL] 5/1000 scene=4ok3usBNeis.basis episode=4 target=sofa success=1 spl=0.1684 reason=object_found steps=219 runtime=137.8s SR=60.00% (3/5) mean_SPL=0.2262 SR@1m=60.00% SPL@1m=0.2262
[ZSON3 EVAL] 6/1000 scene=4ok3usBNeis.basis episode=5 target=toilet success=0 spl=0.0000 reason=robot_stuck steps=381 runtime=210.3s SR=50.00% (3/6) mean_SPL=0.1885 SR@1m=50.00% SPL@1m=0.1885
[ZSON3 EVAL] 7/1000 scene=4ok3usBNeis.basis episode=6 target=sofa success=0 spl=0.0000 reason=false_positive steps=140 runtime=97.7s SR=42.86% (3/7) mean_SPL=0.1616 SR@1m=42.86% SPL@1m=0.1616
[ZSON3 EVAL] 8/1000 scene=4ok3usBNeis.basis episode=7 target=tv_monitor success=1 spl=0.7563 reason=object_found steps=78 runtime=56.6s SR=50.00% (4/8) mean_SPL=0.2359 SR@1m=50.00% SPL@1m=0.2359
[ZSON3 EVAL] 9/1000 scene=4ok3usBNeis.basis episode=8 target=toilet success=1 spl=0.4291 reason=object_found steps=141 runtime=91.9s SR=55.56% (5/9) mean_SPL=0.2574 SR@1m=55.56% SPL@1m=0.2574
[ZSON3 EVAL] 10/1000 scene=4ok3usBNeis.basis episode=9 target=chair success=1 spl=0.2443 reason=object_found steps=319 runtime=191.1s SR=60.00% (6/10) mean_SPL=0.2561 SR@1m=60.00% SPL@1m=0.2561
[ZSON3 EVAL] 11/1000 scene=4ok3usBNeis.basis episode=10 target=sofa success=1 spl=0.7522 reason=object_found steps=90 runtime=65.8s SR=63.64% (7/11) mean_SPL=0.3012 SR@1m=63.64% SPL@1m=0.3012
[ZSON3 EVAL] 12/1000 scene=4ok3usBNeis.basis episode=11 target=tv_monitor success=1 spl=0.2249 reason=object_found steps=234 runtime=178.0s SR=66.67% (8/12) mean_SPL=0.2948 SR@1m=66.67% SPL@1m=0.2948
[ZSON3 EVAL] 13/1000 scene=4ok3usBNeis.basis episode=12 target=chair success=1 spl=0.4734 reason=object_found steps=177 runtime=112.4s SR=69.23% (9/13) mean_SPL=0.3086 SR@1m=69.23% SPL@1m=0.3086
[ZSON3 EVAL] 14/1000 scene=4ok3usBNeis.basis episode=13 target=toilet success=1 spl=0.1316 reason=object_found steps=91 runtime=64.9s SR=71.43% (10/14) mean_SPL=0.2959 SR@1m=71.43% SPL@1m=0.2959
[ZSON3 EVAL] 15/1000 scene=4ok3usBNeis.basis episode=14 target=bed success=1 spl=0.8281 reason=robot_stuck steps=265 runtime=157.0s SR=73.33% (11/15) mean_SPL=0.3314 SR@1m=73.33% SPL@1m=0.3314
[ZSON3 EVAL] 16/1000 scene=4ok3usBNeis.basis episode=15 target=toilet success=1 spl=0.1628 reason=object_found steps=253 runtime=141.6s SR=75.00% (12/16) mean_SPL=0.3208 SR@1m=75.00% SPL@1m=0.3208
[ZSON3 EVAL] 17/1000 scene=4ok3usBNeis.basis episode=16 target=bed success=1 spl=0.3466 reason=object_found steps=165 runtime=108.2s SR=76.47% (13/17) mean_SPL=0.3224 SR@1m=76.47% SPL@1m=0.3224
[ZSON3 EVAL] 18/1000 scene=4ok3usBNeis.basis episode=17 target=chair success=1 spl=0.8033 reason=object_found steps=35 runtime=20.5s SR=77.78% (14/18) mean_SPL=0.3491 SR@1m=77.78% SPL@1m=0.3491
[ZSON3 EVAL] 19/1000 scene=4ok3usBNeis.basis episode=18 target=tv_monitor success=1 spl=0.3738 reason=object_found steps=184 runtime=187.1s SR=78.95% (15/19) mean_SPL=0.3504 SR@1m=78.95% SPL@1m=0.3504
[ZSON3 EVAL] 20/1000 scene=4ok3usBNeis.basis episode=19 target=chair success=1 spl=0.5109 reason=object_found steps=99 runtime=66.2s SR=80.00% (16/20) mean_SPL=0.3584 SR@1m=80.00% SPL@1m=0.3584
[ZSON3 EVAL] 21/1000 scene=4ok3usBNeis.basis episode=20 target=bed success=1 spl=0.2071 reason=object_found steps=198 runtime=130.5s SR=80.95% (17/21) mean_SPL=0.3512 SR@1m=80.95% SPL@1m=0.3512
[ZSON3 EVAL] 22/1000 scene=4ok3usBNeis.basis episode=21 target=bed success=1 spl=0.1450 reason=object_found steps=151 runtime=93.4s SR=81.82% (18/22) mean_SPL=0.3418 SR@1m=81.82% SPL@1m=0.3418
[ZSON3 EVAL] 23/1000 scene=4ok3usBNeis.basis episode=22 target=sofa success=1 spl=0.7694 reason=object_found steps=58 runtime=44.6s SR=82.61% (19/23) mean_SPL=0.3604 SR@1m=82.61% SPL@1m=0.3604
[ZSON3 EVAL] 24/1000 scene=4ok3usBNeis.basis episode=23 target=sofa success=1 spl=0.8329 reason=object_found steps=98 runtime=68.5s SR=83.33% (20/24) mean_SPL=0.3801 SR@1m=83.33% SPL@1m=0.3801
[ZSON3 EVAL] 25/1000 scene=4ok3usBNeis.basis episode=24 target=tv_monitor success=1 spl=0.8225 reason=object_found steps=105 runtime=77.7s SR=84.00% (21/25) mean_SPL=0.3978 SR@1m=84.00% SPL@1m=0.3978
[ZSON3 EVAL] 26/1000 scene=4ok3usBNeis.basis episode=25 target=sofa success=1 spl=0.4562 reason=object_found steps=203 runtime=134.1s SR=84.62% (22/26) mean_SPL=0.4001 SR@1m=84.62% SPL@1m=0.4001
[ZSON3 EVAL] 27/1000 scene=4ok3usBNeis.basis episode=26 target=chair success=1 spl=0.2630 reason=object_found steps=53 runtime=39.0s SR=85.19% (23/27) mean_SPL=0.3950 SR@1m=85.19% SPL@1m=0.3950
[ZSON3 EVAL] 28/1000 scene=4ok3usBNeis.basis episode=27 target=tv_monitor success=1 spl=0.2588 reason=object_found steps=310 runtime=239.9s SR=85.71% (24/28) mean_SPL=0.3901 SR@1m=85.71% SPL@1m=0.3901
[ZSON3 EVAL] 29/1000 scene=5cdEh9F2hJL.basis episode=0 target=tv_monitor success=0 spl=0.0000 reason=max_steps_reached steps=495 runtime=465.5s SR=82.76% (24/29) mean_SPL=0.3767 SR@1m=82.76% SPL@1m=0.3767
[ZSON3 EVAL] 30/1000 scene=5cdEh9F2hJL.basis episode=1 target=tv_monitor success=0 spl=0.0000 reason=false_positive steps=229 runtime=163.6s SR=80.00% (24/30) mean_SPL=0.3641 SR@1m=80.00% SPL@1m=0.3641
[ZSON3 EVAL] 31/1000 scene=5cdEh9F2hJL.basis episode=2 target=chair success=1 spl=0.2241 reason=object_found steps=70 runtime=54.6s SR=80.65% (25/31) mean_SPL=0.3596 SR@1m=80.65% SPL@1m=0.3596
[ZSON3 EVAL] 32/1000 scene=5cdEh9F2hJL.basis episode=3 target=sofa success=1 spl=0.7586 reason=object_found steps=36 runtime=24.7s SR=81.25% (26/32) mean_SPL=0.3721 SR@1m=81.25% SPL@1m=0.3721
[ZSON3 EVAL] 33/1000 scene=5cdEh9F2hJL.basis episode=4 target=tv_monitor success=0 spl=0.0000 reason=false_positive steps=37 runtime=24.3s SR=78.79% (26/33) mean_SPL=0.3608 SR@1m=78.79% SPL@1m=0.3608
[ZSON3 EVAL] 34/1000 scene=5cdEh9F2hJL.basis episode=5 target=chair success=1 spl=0.4059 reason=object_found steps=126 runtime=91.6s SR=79.41% (27/34) mean_SPL=0.3621 SR@1m=79.41% SPL@1m=0.3621
[ZSON3 EVAL] 35/1000 scene=5cdEh9F2hJL.basis episode=6 target=bed success=1 spl=0.0513 reason=object_found steps=363 runtime=317.3s SR=80.00% (28/35) mean_SPL=0.3532 SR@1m=80.00% SPL@1m=0.3532
[ZSON3 EVAL] 36/1000 scene=5cdEh9F2hJL.basis episode=7 target=sofa success=0 spl=0.0000 reason=object_found_at_1m_only steps=148 runtime=93.1s SR=77.78% (28/36) mean_SPL=0.3434 SR@1m=80.56% SPL@1m=0.3519
[ZSON3 EVAL] 37/1000 scene=5cdEh9F2hJL.basis episode=8 target=sofa success=0 spl=0.0000 reason=object_found_at_1m_only steps=72 runtime=58.1s SR=75.68% (28/37) mean_SPL=0.3341 SR@1m=81.08% SPL@1m=0.3647
[ZSON3 EVAL] 38/1000 scene=5cdEh9F2hJL.basis episode=9 target=plant success=0 spl=0.0000 reason=max_steps_reached steps=494 runtime=424.9s SR=73.68% (28/38) mean_SPL=0.3253 SR@1m=78.95% SPL@1m=0.3551
[ZSON3 EVAL] 39/1000 scene=5cdEh9F2hJL.basis episode=10 target=chair success=1 spl=0.4020 reason=object_found steps=82 runtime=68.0s SR=74.36% (29/39) mean_SPL=0.3273 SR@1m=79.49% SPL@1m=0.3563
[ZSON3 EVAL] 40/1000 scene=5cdEh9F2hJL.basis episode=11 target=plant success=0 spl=0.0000 reason=max_steps_reached steps=500 runtime=442.6s SR=72.50% (29/40) mean_SPL=0.3191 SR@1m=77.50% SPL@1m=0.3474
[ZSON3 EVAL] 41/1000 scene=5cdEh9F2hJL.basis episode=12 target=sofa success=1 spl=0.5547 reason=object_found steps=27 runtime=23.8s SR=73.17% (30/41) mean_SPL=0.3249 SR@1m=78.05% SPL@1m=0.3525
[ZSON3 EVAL] 42/1000 scene=5cdEh9F2hJL.basis episode=13 target=tv_monitor success=0 spl=0.0000 reason=false_positive steps=34 runtime=27.4s SR=71.43% (30/42) mean_SPL=0.3171 SR@1m=76.19% SPL@1m=0.3441
[ZSON3 EVAL] 43/1000 scene=5cdEh9F2hJL.basis episode=14 target=toilet success=0 spl=0.0000 reason=max_steps_reached steps=482 runtime=336.6s SR=69.77% (30/43) mean_SPL=0.3098 SR@1m=74.42% SPL@1m=0.3361
[ZSON3 EVAL] 44/1000 scene=5cdEh9F2hJL.basis episode=15 target=bed success=1 spl=0.8195 reason=object_found steps=54 runtime=33.5s SR=70.45% (31/44) mean_SPL=0.3213 SR@1m=75.00% SPL@1m=0.3470
[ZSON3 EVAL] 45/1000 scene=5cdEh9F2hJL.basis episode=16 target=tv_monitor success=0 spl=0.0000 reason=false_positive steps=194 runtime=138.6s SR=68.89% (31/45) mean_SPL=0.3142 SR@1m=73.33% SPL@1m=0.3393
[ZSON3 EVAL] 46/1000 scene=5cdEh9F2hJL.basis episode=17 target=toilet success=0 spl=0.0000 reason=robot_stuck steps=462 runtime=231.4s SR=67.39% (31/46) mean_SPL=0.3074 SR@1m=73.91% SPL@1m=0.3404
[ZSON3 EVAL] 47/1000 scene=5cdEh9F2hJL.basis episode=18 target=plant success=0 spl=0.0000 reason=max_steps_reached steps=498 runtime=359.6s SR=65.96% (31/47) mean_SPL=0.3008 SR@1m=72.34% SPL@1m=0.3332
[ZSON3 EVAL] 48/1000 scene=5cdEh9F2hJL.basis episode=19 target=toilet success=0 spl=0.0000 reason=false_positive steps=61 runtime=35.2s SR=64.58% (31/48) mean_SPL=0.2946 SR@1m=70.83% SPL@1m=0.3262
[ZSON3 EVAL] 49/1000 scene=5cdEh9F2hJL.basis episode=20 target=chair success=1 spl=0.3648 reason=object_found steps=166 runtime=63.7s SR=65.31% (32/49) mean_SPL=0.2960 SR@1m=71.43% SPL@1m=0.3270
[ZSON3 EVAL] 50/1000 scene=5cdEh9F2hJL.basis episode=21 target=toilet success=0 spl=0.0000 reason=object_found_at_1m_only steps=194 runtime=156.0s SR=64.00% (32/50) mean_SPL=0.2901 SR@1m=72.00% SPL@1m=0.3274
[ZSON3 EVAL] 51/1000 scene=5cdEh9F2hJL.basis episode=22 target=bed success=1 spl=0.1804 reason=object_found steps=345 runtime=287.9s SR=64.71% (33/51) mean_SPL=0.2879 SR@1m=72.55% SPL@1m=0.3245
[ZSON3 EVAL] 52/1000 scene=5cdEh9F2hJL.basis episode=23 target=sofa success=1 spl=0.4682 reason=object_found steps=238 runtime=163.8s SR=65.38% (34/52) mean_SPL=0.2914 SR@1m=73.08% SPL@1m=0.3272
[ZSON3 EVAL] 53/1000 scene=5cdEh9F2hJL.basis episode=24 target=plant success=0 spl=0.0000 reason=max_steps_reached steps=498 runtime=467.4s SR=64.15% (34/53) mean_SPL=0.2859 SR@1m=71.70% SPL@1m=0.3211
[ZSON3 EVAL] 54/1000 scene=5cdEh9F2hJL.basis episode=25 target=plant success=0 spl=0.0000 reason=no_frontiers steps=373 runtime=234.9s SR=62.96% (34/54) mean_SPL=0.2806 SR@1m=70.37% SPL@1m=0.3151
[ZSON3 EVAL] 55/1000 scene=5cdEh9F2hJL.basis episode=26 target=chair success=1 spl=0.1534 reason=object_found steps=210 runtime=163.6s SR=63.64% (35/55) mean_SPL=0.2783 SR@1m=70.91% SPL@1m=0.3122
[ZSON3 EVAL] 56/1000 scene=5cdEh9F2hJL.basis episode=27 target=bed success=1 spl=0.2337 reason=object_found steps=329 runtime=271.6s SR=64.29% (36/56) mean_SPL=0.2775 SR@1m=71.43% SPL@1m=0.3108
[ZSON3 EVAL] 57/1000 scene=6s7QHgap2fW.basis episode=0 target=sofa success=0 spl=0.0000 reason=max_steps_reached steps=499 runtime=290.2s SR=63.16% (36/57) mean_SPL=0.2726 SR@1m=70.18% SPL@1m=0.3053
[ZSON3 EVAL] 58/1000 scene=6s7QHgap2fW.basis episode=1 target=chair success=1 spl=0.1806 reason=object_found steps=285 runtime=182.7s SR=63.79% (37/58) mean_SPL=0.2710 SR@1m=70.69% SPL@1m=0.3032
[ZSON3 EVAL] 59/1000 scene=6s7QHgap2fW.basis episode=2 target=plant success=0 spl=0.0000 reason=max_steps_reached steps=464 runtime=229.0s SR=62.71% (37/59) mean_SPL=0.2664 SR@1m=69.49% SPL@1m=0.2980
[ZSON3 EVAL] 60/1000 scene=6s7QHgap2fW.basis episode=3 target=toilet success=0 spl=0.0000 reason=false_positive steps=157 runtime=108.9s SR=61.67% (37/60) mean_SPL=0.2620 SR@1m=68.33% SPL@1m=0.2931
[ZSON3 EVAL] 61/1000 scene=6s7QHgap2fW.basis episode=4 target=bed success=0 spl=0.0000 reason=false_positive steps=83 runtime=40.4s SR=60.66% (37/61) mean_SPL=0.2577 SR@1m=67.21% SPL@1m=0.2883
[ZSON3 EVAL] 62/1000 scene=6s7QHgap2fW.basis episode=5 target=sofa success=0 spl=0.0000 reason=max_steps_reached steps=495 runtime=382.5s SR=59.68% (37/62) mean_SPL=0.2536 SR@1m=66.13% SPL@1m=0.2836
[ZSON3 EVAL] 63/1000 scene=6s7QHgap2fW.basis episode=6 target=sofa success=0 spl=0.0000 reason=object_found_at_1m_only steps=112 runtime=81.9s SR=58.73% (37/63) mean_SPL=0.2495 SR@1m=66.67% SPL@1m=0.2911
[ZSON3 EVAL] 64/1000 scene=6s7QHgap2fW.basis episode=7 target=bed success=0 spl=0.0000 reason=false_positive steps=24 runtime=17.6s SR=57.81% (37/64) mean_SPL=0.2456 SR@1m=65.62% SPL@1m=0.2865
[ZSON3 EVAL] 65/1000 scene=6s7QHgap2fW.basis episode=8 target=sofa success=0 spl=0.0000 reason=object_found_at_1m_only steps=62 runtime=43.7s SR=56.92% (37/65) mean_SPL=0.2419 SR@1m=66.15% SPL@1m=0.2948
[ZSON3 EVAL] 66/1000 scene=6s7QHgap2fW.basis episode=9 target=plant success=0 spl=0.0000 reason=max_steps_reached steps=495 runtime=304.6s SR=56.06% (37/66) mean_SPL=0.2382 SR@1m=65.15% SPL@1m=0.2903
[ZSON3 EVAL] 67/1000 scene=6s7QHgap2fW.basis episode=10 target=tv_monitor success=0 spl=0.0000 reason=max_steps_reached steps=500 runtime=267.4s SR=55.22% (37/67) mean_SPL=0.2346 SR@1m=64.18% SPL@1m=0.2860
[ZSON3 EVAL] 68/1000 scene=6s7QHgap2fW.basis episode=11 target=bed success=1 spl=0.5401 reason=object_found steps=37 runtime=20.7s SR=55.88% (38/68) mean_SPL=0.2391 SR@1m=64.71% SPL@1m=0.2897
[ZSON3 EVAL] 69/1000 scene=6s7QHgap2fW.basis episode=12 target=toilet success=0 spl=0.0000 reason=false_positive steps=133 runtime=89.7s SR=55.07% (38/69) mean_SPL=0.2357 SR@1m=63.77% SPL@1m=0.2855
[ZSON3 EVAL] 70/1000 scene=6s7QHgap2fW.basis episode=13 target=bed success=0 spl=0.0000 reason=false_positive steps=52 runtime=42.8s SR=54.29% (38/70) mean_SPL=0.2323 SR@1m=62.86% SPL@1m=0.2814
[ZSON3 EVAL] 71/1000 scene=6s7QHgap2fW.basis episode=14 target=tv_monitor success=0 spl=0.0000 reason=max_steps_reached steps=500 runtime=385.4s SR=53.52% (38/71) mean_SPL=0.2290 SR@1m=61.97% SPL@1m=0.2775
[ZSON3 EVAL] 72/1000 scene=6s7QHgap2fW.basis episode=15 target=tv_monitor success=0 spl=0.0000 reason=max_steps_reached steps=500 runtime=305.0s SR=52.78% (38/72) mean_SPL=0.2258 SR@1m=61.11% SPL@1m=0.2736
[ZSON3 EVAL] 73/1000 scene=6s7QHgap2fW.basis episode=16 target=bed success=0 spl=0.0000 reason=false_positive steps=50 runtime=40.3s SR=52.05% (38/73) mean_SPL=0.2227 SR@1m=60.27% SPL@1m=0.2699
[ZSON3 EVAL] 74/1000 scene=6s7QHgap2fW.basis episode=17 target=tv_monitor success=0 spl=0.0000 reason=max_steps_reached steps=488 runtime=315.7s SR=51.35% (38/74) mean_SPL=0.2197 SR@1m=59.46% SPL@1m=0.2662
[ZSON3 EVAL] 75/1000 scene=6s7QHgap2fW.basis episode=18 target=plant success=0 spl=0.0000 reason=false_positive steps=94 runtime=64.5s SR=50.67% (38/75) mean_SPL=0.2168 SR@1m=58.67% SPL@1m=0.2627
[ZSON3 EVAL] 76/1000 scene=6s7QHgap2fW.basis episode=19 target=plant success=0 spl=0.0000 reason=max_steps_reached steps=497 runtime=320.7s SR=50.00% (38/76) mean_SPL=0.2140 SR@1m=57.89% SPL@1m=0.2592
[ZSON3 EVAL] 77/1000 scene=6s7QHgap2fW.basis episode=20 target=plant success=0 spl=0.0000 reason=object_found_at_1m_only steps=133 runtime=83.7s SR=49.35% (38/77) mean_SPL=0.2112 SR@1m=58.44% SPL@1m=0.2654
[ZSON3 EVAL] 78/1000 scene=6s7QHgap2fW.basis episode=21 target=chair success=1 spl=0.4099 reason=object_found steps=112 runtime=72.5s SR=50.00% (39/78) mean_SPL=0.2137 SR@1m=58.97% SPL@1m=0.2673
[ZSON3 EVAL] 79/1000 scene=6s7QHgap2fW.basis episode=22 target=toilet success=0 spl=0.0000 reason=max_steps_reached steps=493 runtime=330.5s SR=49.37% (39/79) mean_SPL=0.2110 SR@1m=58.23% SPL@1m=0.2639
[ZSON3 EVAL] 80/1000 scene=6s7QHgap2fW.basis episode=23 target=toilet success=0 spl=0.0000 reason=max_steps_reached steps=494 runtime=403.1s SR=48.75% (39/80) mean_SPL=0.2084 SR@1m=57.50% SPL@1m=0.2606
[ZSON3 EVAL] 81/1000 scene=6s7QHgap2fW.basis episode=24 target=sofa success=0 spl=0.0000 reason=object_found_at_1m_only steps=119 runtime=101.4s SR=48.15% (39/81) mean_SPL=0.2058 SR@1m=58.02% SPL@1m=0.2686
[ZSON3 EVAL] 82/1000 scene=6s7QHgap2fW.basis episode=25 target=toilet success=0 spl=0.0000 reason=max_steps_reached steps=497 runtime=309.2s SR=47.56% (39/82) mean_SPL=0.2033 SR@1m=57.32% SPL@1m=0.2653
[ZSON3 EVAL] 83/1000 scene=6s7QHgap2fW.basis episode=26 target=chair success=0 spl=0.0000 reason=object_found_at_1m_only steps=47 runtime=30.9s SR=46.99% (39/83) mean_SPL=0.2008 SR@1m=57.83% SPL@1m=0.2707
[ZSON3 EVAL] 84/1000 scene=6s7QHgap2fW.basis episode=27 target=tv_monitor success=0 spl=0.0000 reason=max_steps_reached steps=500 runtime=334.7s SR=46.43% (39/84) mean_SPL=0.1985 SR@1m=57.14% SPL@1m=0.2674
[ZSON3 EVAL] 85/1000 scene=7MXmsvcQjpJ.basis episode=0 target=chair success=0 spl=0.0000 reason=max_steps_reached steps=495 runtime=289.8s SR=45.88% (39/85) mean_SPL=0.1961 SR@1m=56.47% SPL@1m=0.2643
[ZSON3 EVAL] 86/1000 scene=7MXmsvcQjpJ.basis episode=1 target=sofa success=1 spl=0.4759 reason=object_found steps=139 runtime=179.7s SR=46.51% (40/86) mean_SPL=0.1994 SR@1m=56.98% SPL@1m=0.2668
[ZSON3 EVAL] 87/1000 scene=7MXmsvcQjpJ.basis episode=2 target=bed success=0 spl=0.0000 reason=robot_stuck steps=266 runtime=93.3s SR=45.98% (40/87) mean_SPL=0.1971 SR@1m=57.47% SPL@1m=0.2714
[ZSON3 EVAL] 88/1000 scene=7MXmsvcQjpJ.basis episode=3 target=chair success=1 spl=0.2798 reason=object_found steps=140 runtime=101.0s SR=46.59% (41/88) mean_SPL=0.1980 SR@1m=57.95% SPL@1m=0.2715
[ZSON3 EVAL] 89/1000 scene=7MXmsvcQjpJ.basis episode=4 target=sofa success=1 spl=0.6936 reason=object_found steps=233 runtime=160.9s SR=47.19% (42/89) mean_SPL=0.2036 SR@1m=58.43% SPL@1m=0.2763
[ZSON3 EVAL] 90/1000 scene=7MXmsvcQjpJ.basis episode=5 target=plant success=0 spl=0.0000 reason=robot_stuck steps=378 runtime=224.8s SR=46.67% (42/90) mean_SPL=0.2013 SR@1m=57.78% SPL@1m=0.2732
[ZSON3 EVAL] 91/1000 scene=7MXmsvcQjpJ.basis episode=6 target=toilet success=0 spl=0.0000 reason=max_steps_reached steps=486 runtime=423.6s SR=46.15% (42/91) mean_SPL=0.1991 SR@1m=57.14% SPL@1m=0.2702
[ZSON3 EVAL] 92/1000 scene=7MXmsvcQjpJ.basis episode=7 target=sofa success=1 spl=0.5187 reason=robot_stuck steps=229 runtime=133.6s SR=46.74% (43/92) mean_SPL=0.2026 SR@1m=57.61% SPL@1m=0.2729
[ZSON3 EVAL] 93/1000 scene=7MXmsvcQjpJ.basis episode=8 target=toilet success=0 spl=0.0000 reason=max_steps_reached steps=487 runtime=331.5s SR=46.24% (43/93) mean_SPL=0.2004 SR@1m=56.99% SPL@1m=0.2700
[ZSON3 EVAL] 94/1000 scene=7MXmsvcQjpJ.basis episode=9 target=chair success=0 spl=0.0000 reason=object_found_at_1m_only steps=19 runtime=12.0s SR=45.74% (43/94) mean_SPL=0.1983 SR@1m=57.45% SPL@1m=0.2730
[ZSON3 EVAL] 95/1000 scene=7MXmsvcQjpJ.basis episode=10 target=chair success=1 spl=0.1745 reason=object_found steps=124 runtime=79.2s SR=46.32% (44/95) mean_SPL=0.1980 SR@1m=57.89% SPL@1m=0.2719
[ZSON3 EVAL] 96/1000 scene=7MXmsvcQjpJ.basis episode=11 target=bed success=0 spl=0.0000 reason=object_found_at_1m_only steps=79 runtime=41.6s SR=45.83% (44/96) mean_SPL=0.1960 SR@1m=58.33% SPL@1m=0.2737
[ZSON3 EVAL] 97/1000 scene=7MXmsvcQjpJ.basis episode=12 target=sofa success=0 spl=0.0000 reason=max_steps_reached steps=485 runtime=290.2s SR=45.36% (44/97) mean_SPL=0.1939 SR@1m=57.73% SPL@1m=0.2708
[ZSON3 EVAL] 98/1000 scene=7MXmsvcQjpJ.basis episode=13 target=bed success=0 spl=0.0000 reason=object_found_at_1m_only steps=84 runtime=45.4s SR=44.90% (44/98) mean_SPL=0.1920 SR@1m=58.16% SPL@1m=0.2747
[ZSON3 EVAL] 99/1000 scene=7MXmsvcQjpJ.basis episode=14 target=plant success=0 spl=0.0000 reason=max_steps_reached steps=495 runtime=336.1s SR=44.44% (44/99) mean_SPL=0.1900 SR@1m=57.58% SPL@1m=0.2720
[ZSON3 EVAL] 100/1000 scene=7MXmsvcQjpJ.basis episode=15 target=bed success=0 spl=0.0000 reason=object_found_at_1m_only steps=51 runtime=30.8s SR=44.00% (44/100) mean_SPL=0.1881 SR@1m=58.00% SPL@1m=0.2744
[ZSON3 EVAL] 101/1000 scene=7MXmsvcQjpJ.basis episode=16 target=bed success=0 spl=0.0000 reason=object_found_at_1m_only steps=133 runtime=58.6s SR=43.56% (44/101) mean_SPL=0.1863 SR@1m=58.42% SPL@1m=0.2755
[ZSON3 EVAL] 102/1000 scene=7MXmsvcQjpJ.basis episode=17 target=chair success=0 spl=0.0000 reason=false_positive steps=212 runtime=96.6s SR=43.14% (44/102) mean_SPL=0.1844 SR@1m=57.84% SPL@1m=0.2728
[ZSON3 EVAL] 103/1000 scene=7MXmsvcQjpJ.basis episode=18 target=sofa success=0 spl=0.0000 reason=robot_stuck steps=440 runtime=365.1s SR=42.72% (44/103) mean_SPL=0.1826 SR@1m=57.28% SPL@1m=0.2701
[ZSON3 EVAL] 104/1000 scene=7MXmsvcQjpJ.basis episode=19 target=toilet success=0 spl=0.0000 reason=robot_stuck steps=396 runtime=394.0s SR=42.31% (44/104) mean_SPL=0.1809 SR@1m=56.73% SPL@1m=0.2675
[ZSON3 EVAL] 105/1000 scene=7MXmsvcQjpJ.basis episode=20 target=plant success=0 spl=0.0000 reason=max_steps_reached steps=495 runtime=355.1s SR=41.90% (44/105) mean_SPL=0.1792 SR@1m=56.19% SPL@1m=0.2650
[ZSON3 EVAL] 106/1000 scene=7MXmsvcQjpJ.basis episode=21 target=toilet success=1 spl=0.7482 reason=object_found steps=331 runtime=205.6s SR=42.45% (45/106) mean_SPL=0.1845 SR@1m=56.60% SPL@1m=0.2695
[ZSON3 EVAL] 107/1000 scene=7MXmsvcQjpJ.basis episode=22 target=chair success=0 spl=0.0000 reason=object_found_at_1m_only steps=130 runtime=95.9s SR=42.06% (45/107) mean_SPL=0.1828 SR@1m=57.01% SPL@1m=0.2682
[ZSON3 EVAL] 108/1000 scene=7MXmsvcQjpJ.basis episode=23 target=plant success=0 spl=0.0000 reason=max_steps_reached steps=497 runtime=384.7s SR=41.67% (45/108) mean_SPL=0.1811 SR@1m=56.48% SPL@1m=0.2657
[ZSON3 EVAL] 109/1000 scene=7MXmsvcQjpJ.basis episode=24 target=toilet success=1 spl=0.1760 reason=object_found steps=180 runtime=127.3s SR=42.20% (46/109) mean_SPL=0.1811 SR@1m=56.88% SPL@1m=0.2649
[ZSON3 EVAL] 110/1000 scene=7MXmsvcQjpJ.basis episode=25 target=sofa success=0 spl=0.0000 reason=max_steps_reached steps=494 runtime=289.8s SR=41.82% (46/110) mean_SPL=0.1794 SR@1m=56.36% SPL@1m=0.2625
[ZSON3 EVAL] 111/1000 scene=7MXmsvcQjpJ.basis episode=26 target=plant success=0 spl=0.0000 reason=max_steps_reached steps=490 runtime=391.0s SR=41.44% (46/111) mean_SPL=0.1778 SR@1m=55.86% SPL@1m=0.2601
[ZSON3 EVAL] 112/1000 scene=7MXmsvcQjpJ.basis episode=27 target=plant success=0 spl=0.0000 reason=max_steps_reached steps=494 runtime=405.7s SR=41.07% (46/112) mean_SPL=0.1762 SR@1m=55.36% SPL@1m=0.2578
[ZSON3 EVAL] 113/1000 scene=BAbdmeyTvMZ.basis episode=0 target=chair success=0 spl=0.0000 reason=object_found_at_1m_only steps=50 runtime=26.4s SR=40.71% (46/113) mean_SPL=0.1747 SR@1m=55.75% SPL@1m=0.2624
[ZSON3 EVAL] 114/1000 scene=BAbdmeyTvMZ.basis episode=1 target=tv_monitor success=0 spl=0.0000 reason=max_steps_reached steps=491 runtime=478.2s SR=40.35% (46/114) mean_SPL=0.1731 SR@1m=55.26% SPL@1m=0.2601
[ZSON3 EVAL] 115/1000 scene=BAbdmeyTvMZ.basis episode=2 target=bed success=0 spl=0.0000 reason=object_found_at_1m_only steps=149 runtime=123.3s SR=40.00% (46/115) mean_SPL=0.1716 SR@1m=55.65% SPL@1m=0.2598
[ZSON3 EVAL] 116/1000 scene=BAbdmeyTvMZ.basis episode=3 target=bed success=0 spl=0.0000 reason=object_found_at_1m_only steps=367 runtime=339.4s SR=39.66% (46/116) mean_SPL=0.1701 SR@1m=56.03% SPL@1m=0.2590
[ZSON3 EVAL] 117/1000 scene=BAbdmeyTvMZ.basis episode=4 target=bed success=0 spl=0.0000 reason=robot_stuck steps=236 runtime=252.2s SR=39.32% (46/117) mean_SPL=0.1687 SR@1m=55.56% SPL@1m=0.2568
[ZSON3 EVAL] 118/1000 scene=BAbdmeyTvMZ.basis episode=5 target=toilet success=0 spl=0.0000 reason=max_steps_reached steps=494 runtime=420.3s SR=38.98% (46/118) mean_SPL=0.1673 SR@1m=55.08% SPL@1m=0.2546
[ZSON3 EVAL] 119/1000 scene=BAbdmeyTvMZ.basis episode=6 target=chair success=0 spl=0.0000 reason=object_found_at_1m_only steps=65 runtime=49.2s SR=38.66% (46/119) mean_SPL=0.1659 SR@1m=55.46% SPL@1m=0.2545
[ZSON3 EVAL] 120/1000 scene=BAbdmeyTvMZ.basis episode=7 target=sofa success=1 spl=0.4174 reason=object_found steps=125 runtime=93.8s SR=39.17% (47/120) mean_SPL=0.1680 SR@1m=55.83% SPL@1m=0.2558
[ZSON3 EVAL] 121/1000 scene=BAbdmeyTvMZ.basis episode=8 target=sofa success=0 spl=0.0000 reason=object_found_at_1m_only steps=82 runtime=52.5s SR=38.84% (47/121) mean_SPL=0.1666 SR@1m=56.20% SPL@1m=0.2608
[ZSON3 EVAL] 122/1000 scene=BAbdmeyTvMZ.basis episode=9 target=tv_monitor success=0 spl=0.0000 reason=max_steps_reached steps=493 runtime=440.8s SR=38.52% (47/122) mean_SPL=0.1652 SR@1m=55.74% SPL@1m=0.2586
[ZSON3 EVAL] 123/1000 scene=BAbdmeyTvMZ.basis episode=10 target=sofa success=0 spl=0.0000 reason=object_found_at_1m_only steps=63 runtime=44.1s SR=38.21% (47/123) mean_SPL=0.1639 SR@1m=56.10% SPL@1m=0.2586
[ZSON3 EVAL] 124/1000 scene=BAbdmeyTvMZ.basis episode=11 target=chair success=0 spl=0.0000 reason=object_found_at_1m_only steps=58 runtime=35.2s SR=37.90% (47/124) mean_SPL=0.1625 SR@1m=56.45% SPL@1m=0.2618
[ZSON3 EVAL] 125/1000 scene=BAbdmeyTvMZ.basis episode=12 target=sofa success=0 spl=0.0000 reason=object_found_at_1m_only steps=101 runtime=70.3s SR=37.60% (47/125) mean_SPL=0.1612 SR@1m=56.80% SPL@1m=0.2617
[ZSON3 EVAL] 126/1000 scene=BAbdmeyTvMZ.basis episode=13 target=bed success=0 spl=0.0000 reason=max_steps_reached steps=489 runtime=428.9s SR=37.30% (47/126) mean_SPL=0.1600 SR@1m=56.35% SPL@1m=0.2596
[ZSON3 EVAL] 127/1000 scene=BAbdmeyTvMZ.basis episode=14 target=sofa success=0 spl=0.0000 reason=object_found_at_1m_only steps=108 runtime=60.3s SR=37.01% (47/127) mean_SPL=0.1587 SR@1m=56.69% SPL@1m=0.2620
[ZSON3 EVAL] 128/1000 scene=BAbdmeyTvMZ.basis episode=15 target=toilet success=0 spl=0.0000 reason=robot_stuck steps=399 runtime=368.9s SR=36.72% (47/128) mean_SPL=0.1575 SR@1m=56.25% SPL@1m=0.2599
[ZSON3 EVAL] 129/1000 scene=BAbdmeyTvMZ.basis episode=16 target=toilet success=0 spl=0.0000 reason=object_found_at_1m_only steps=208 runtime=170.8s SR=36.43% (47/129) mean_SPL=0.1562 SR@1m=56.59% SPL@1m=0.2594
[ZSON3 EVAL] 130/1000 scene=BAbdmeyTvMZ.basis episode=17 target=chair success=1 spl=0.1070 reason=object_found steps=128 runtime=95.7s SR=36.92% (48/130) mean_SPL=0.1559 SR@1m=56.92% SPL@1m=0.2583
[ZSON3 EVAL] 131/1000 scene=BAbdmeyTvMZ.basis episode=18 target=sofa success=0 spl=0.0000 reason=false_positive steps=28 runtime=30.5s SR=36.64% (48/131) mean_SPL=0.1547 SR@1m=56.49% SPL@1m=0.2563
[ZSON3 EVAL] 132/1000 scene=BAbdmeyTvMZ.basis episode=19 target=bed success=0 spl=0.0000 reason=object_found_at_1m_only steps=406 runtime=448.2s SR=36.36% (48/132) mean_SPL=0.1535 SR@1m=56.82% SPL@1m=0.2552
[ZSON3 EVAL] 133/1000 scene=BAbdmeyTvMZ.basis episode=20 target=chair success=0 spl=0.0000 reason=robot_stuck steps=216 runtime=79.8s SR=36.09% (48/133) mean_SPL=0.1523 SR@1m=57.14% SPL@1m=0.2573
[ZSON3 EVAL] 134/1000 scene=BAbdmeyTvMZ.basis episode=21 target=toilet success=0 spl=0.0000 reason=max_steps_reached steps=497 runtime=346.0s SR=35.82% (48/134) mean_SPL=0.1512 SR@1m=56.72% SPL@1m=0.2554
[ZSON3 EVAL] 135/1000 scene=BAbdmeyTvMZ.basis episode=22 target=bed success=0 spl=0.0000 reason=object_found_at_1m_only steps=91 runtime=74.4s SR=35.56% (48/135) mean_SPL=0.1501 SR@1m=57.04% SPL@1m=0.2550
[ZSON3 EVAL] 136/1000 scene=BAbdmeyTvMZ.basis episode=23 target=tv_monitor success=0 spl=0.0000 reason=max_steps_reached steps=480 runtime=420.0s SR=35.29% (48/136) mean_SPL=0.1490 SR@1m=56.62% SPL@1m=0.2531
[ZSON3 EVAL] 137/1000 scene=BAbdmeyTvMZ.basis episode=24 target=chair success=0 spl=0.0000 reason=robot_stuck steps=286 runtime=122.7s SR=35.04% (48/137) mean_SPL=0.1479 SR@1m=56.93% SPL@1m=0.2541
[ZSON3 EVAL] 138/1000 scene=BAbdmeyTvMZ.basis episode=25 target=toilet success=0 spl=0.0000 reason=max_steps_reached steps=500 runtime=403.6s SR=34.78% (48/138) mean_SPL=0.1468 SR@1m=56.52% SPL@1m=0.2523
[ZSON3 EVAL] 139/1000 scene=BAbdmeyTvMZ.basis episode=26 target=tv_monitor success=0 spl=0.0000 reason=max_steps_reached steps=494 runtime=452.2s SR=34.53% (48/139) mean_SPL=0.1458 SR@1m=56.12% SPL@1m=0.2505
[ZSON3 EVAL] 140/1000 scene=BAbdmeyTvMZ.basis episode=27 target=toilet success=0 spl=0.0000 reason=no_frontiers steps=219 runtime=174.4s SR=34.29% (48/140) mean_SPL=0.1447 SR@1m=55.71% SPL@1m=0.2487
[ZSON3 EVAL] 141/1000 scene=CrMo8WxCyVb.basis episode=0 target=plant success=0 spl=0.0000 reason=max_steps_reached steps=499 runtime=365.0s SR=34.04% (48/141) mean_SPL=0.1437 SR@1m=55.32% SPL@1m=0.2469
[ZSON3 EVAL] 142/1000 scene=CrMo8WxCyVb.basis episode=1 target=toilet success=0 spl=0.0000 reason=max_steps_reached steps=497 runtime=459.1s SR=33.80% (48/142) mean_SPL=0.1427 SR@1m=54.93% SPL@1m=0.2452
[ZSON3 EVAL] 143/1000 scene=CrMo8WxCyVb.basis episode=2 target=sofa success=0 spl=0.0000 reason=object_found_at_1m_only steps=42 runtime=39.6s SR=33.57% (48/143) mean_SPL=0.1417 SR@1m=55.24% SPL@1m=0.2494
[ZSON3 EVAL] 144/1000 scene=CrMo8WxCyVb.basis episode=3 target=plant success=0 spl=0.0000 reason=max_steps_reached steps=495 runtime=519.1s SR=33.33% (48/144) mean_SPL=0.1407 SR@1m=54.86% SPL@1m=0.2476
[ZSON3 EVAL] 145/1000 scene=CrMo8WxCyVb.basis episode=4 target=toilet success=0 spl=0.0000 reason=exception steps=492 runtime=534.0s SR=33.10% (48/145) mean_SPL=0.1397 SR@1m=54.48% SPL@1m=0.2459
[ZSON3 EVAL] 146/1000 scene=CrMo8WxCyVb.basis episode=5 target=toilet success=0 spl=0.0000 reason=max_steps_reached steps=500 runtime=372.0s SR=32.88% (48/146) mean_SPL=0.1388 SR@1m=54.11% SPL@1m=0.2442
[ZSON3 EVAL] 147/1000 scene=CrMo8WxCyVb.basis episode=6 target=plant success=0 spl=0.0000 reason=max_steps_reached steps=489 runtime=403.0s SR=32.65% (48/147) mean_SPL=0.1378 SR@1m=53.74% SPL@1m=0.2426
[ZSON3 EVAL] 148/1000 scene=CrMo8WxCyVb.basis episode=7 target=chair success=1 spl=0.3412 reason=object_found steps=231 runtime=226.1s SR=33.11% (49/148) mean_SPL=0.1392 SR@1m=54.05% SPL@1m=0.2433
[ZSON3 EVAL] 149/1000 scene=CrMo8WxCyVb.basis episode=8 target=bed success=1 spl=0.7889 reason=object_found steps=70 runtime=191.6s SR=33.56% (50/149) mean_SPL=0.1436 SR@1m=54.36% SPL@1m=0.2469
[ZSON3 EVAL] 150/1000 scene=CrMo8WxCyVb.basis episode=9 target=plant success=0 spl=0.0000 reason=max_steps_reached steps=498 runtime=440.7s SR=33.33% (50/150) mean_SPL=0.1426 SR@1m=54.00% SPL@1m=0.2453
[ZSON3 EVAL] 151/1000 scene=CrMo8WxCyVb.basis episode=10 target=toilet success=1 spl=0.5652 reason=object_found steps=159 runtime=80.5s SR=33.77% (51/151) mean_SPL=0.1454 SR@1m=54.30% SPL@1m=0.2474
[ZSON3 EVAL] 152/1000 scene=CrMo8WxCyVb.basis episode=11 target=plant success=0 spl=0.0000 reason=max_steps_reached steps=493 runtime=466.0s SR=33.55% (51/152) mean_SPL=0.1445 SR@1m=53.95% SPL@1m=0.2458
[ZSON3 EVAL] 153/1000 scene=CrMo8WxCyVb.basis episode=12 target=plant success=0 spl=0.0000 reason=max_steps_reached steps=494 runtime=413.5s SR=33.33% (51/153) mean_SPL=0.1435 SR@1m=53.59% SPL@1m=0.2442
[ZSON3 EVAL] 154/1000 scene=CrMo8WxCyVb.basis episode=13 target=sofa success=0 spl=0.0000 reason=false_positive steps=115 runtime=72.4s SR=33.12% (51/154) mean_SPL=0.1426 SR@1m=53.25% SPL@1m=0.2426
[ZSON3 EVAL] 155/1000 scene=CrMo8WxCyVb.basis episode=14 target=toilet success=0 spl=0.0000 reason=max_steps_reached steps=498 runtime=391.1s SR=32.90% (51/155) mean_SPL=0.1417 SR@1m=52.90% SPL@1m=0.2410
[ZSON3 EVAL] 156/1000 scene=CrMo8WxCyVb.basis episode=15 target=sofa success=0 spl=0.0000 reason=false_positive steps=67 runtime=37.7s SR=32.69% (51/156) mean_SPL=0.1407 SR@1m=52.56% SPL@1m=0.2395
[ZSON3 EVAL] 157/1000 scene=CrMo8WxCyVb.basis episode=16 target=toilet success=0 spl=0.0000 reason=max_steps_reached steps=493 runtime=464.4s SR=32.48% (51/157) mean_SPL=0.1399 SR@1m=52.23% SPL@1m=0.2379
[ZSON3 EVAL] 158/1000 scene=CrMo8WxCyVb.basis episode=17 target=chair success=1 spl=0.1026 reason=object_found steps=363 runtime=399.0s SR=32.91% (52/158) mean_SPL=0.1396 SR@1m=52.53% SPL@1m=0.2371
[ZSON3 EVAL] 159/1000 scene=CrMo8WxCyVb.basis episode=18 target=sofa success=0 spl=0.0000 reason=object_found_at_1m_only steps=39 runtime=26.9s SR=32.70% (52/159) mean_SPL=0.1387 SR@1m=52.83% SPL@1m=0.2399
[ZSON3 EVAL] 160/1000 scene=CrMo8WxCyVb.basis episode=19 target=bed success=1 spl=0.3236 reason=object_found steps=99 runtime=54.8s SR=33.12% (53/160) mean_SPL=0.1399 SR@1m=53.12% SPL@1m=0.2404
[ZSON3 EVAL] 161/1000 scene=CrMo8WxCyVb.basis episode=20 target=sofa success=0 spl=0.0000 reason=object_found_at_1m_only steps=94 runtime=70.4s SR=32.92% (53/161) mean_SPL=0.1390 SR@1m=53.42% SPL@1m=0.2396
[ZSON3 EVAL] 162/1000 scene=CrMo8WxCyVb.basis episode=21 target=chair success=1 spl=0.4331 reason=object_found steps=152 runtime=131.5s SR=33.33% (54/162) mean_SPL=0.1408 SR@1m=53.70% SPL@1m=0.2408
[ZSON3 EVAL] 163/1000 scene=CrMo8WxCyVb.basis episode=22 target=bed success=1 spl=0.5265 reason=object_found steps=58 runtime=38.3s SR=33.74% (55/163) mean_SPL=0.1432 SR@1m=53.99% SPL@1m=0.2425
[ZSON3 EVAL] 164/1000 scene=CrMo8WxCyVb.basis episode=23 target=bed success=0 spl=0.0000 reason=robot_stuck steps=248 runtime=116.9s SR=33.54% (55/164) mean_SPL=0.1423 SR@1m=53.66% SPL@1m=0.2411
[ZSON3 EVAL] 165/1000 scene=CrMo8WxCyVb.basis episode=24 target=bed success=0 spl=0.0000 reason=robot_stuck steps=213 runtime=75.2s SR=33.33% (55/165) mean_SPL=0.1415 SR@1m=53.33% SPL@1m=0.2396
[ZSON3 EVAL] 166/1000 scene=CrMo8WxCyVb.basis episode=25 target=chair success=1 spl=0.2730 reason=object_found steps=211 runtime=244.6s SR=33.73% (56/166) mean_SPL=0.1423 SR@1m=53.61% SPL@1m=0.2398
[ZSON3 EVAL] 167/1000 scene=CrMo8WxCyVb.basis episode=26 target=chair success=0 spl=0.0000 reason=robot_stuck steps=221 runtime=117.9s SR=33.53% (56/167) mean_SPL=0.1414 SR@1m=53.29% SPL@1m=0.2384
[ZSON3 EVAL] 168/1000 scene=CrMo8WxCyVb.basis episode=27 target=bed success=1 spl=0.3463 reason=object_found steps=36 runtime=36.0s SR=33.93% (57/168) mean_SPL=0.1426 SR@1m=53.57% SPL@1m=0.2390
[ZSON3 EVAL] 169/1000 scene=DYehNKdT76V.basis episode=0 target=plant success=0 spl=0.0000 reason=max_steps_reached steps=500 runtime=364.7s SR=33.73% (57/169) mean_SPL=0.1418 SR@1m=53.25% SPL@1m=0.2376
[ZSON3 EVAL] 170/1000 scene=DYehNKdT76V.basis episode=1 target=chair success=1 spl=0.7244 reason=object_found steps=170 runtime=116.7s SR=34.12% (58/170) mean_SPL=0.1452 SR@1m=53.53% SPL@1m=0.2404
[ZSON3 EVAL] 171/1000 scene=DYehNKdT76V.basis episode=2 target=sofa success=0 spl=0.0000 reason=object_found_at_1m_only steps=135 runtime=93.4s SR=33.92% (58/171) mean_SPL=0.1444 SR@1m=53.80% SPL@1m=0.2417
[ZSON3 EVAL] 172/1000 scene=DYehNKdT76V.basis episode=3 target=sofa success=0 spl=0.0000 reason=false_positive steps=184 runtime=104.0s SR=33.72% (58/172) mean_SPL=0.1435 SR@1m=53.49% SPL@1m=0.2403
[ZSON3 EVAL] 173/1000 scene=DYehNKdT76V.basis episode=4 target=plant success=0 spl=0.0000 reason=max_steps_reached steps=492 runtime=358.1s SR=33.53% (58/173) mean_SPL=0.1427 SR@1m=53.18% SPL@1m=0.2389
[ZSON3 EVAL] 174/1000 scene=DYehNKdT76V.basis episode=5 target=plant success=0 spl=0.0000 reason=max_steps_reached steps=498 runtime=283.7s SR=33.33% (58/174) mean_SPL=0.1419 SR@1m=52.87% SPL@1m=0.2375
[ZSON3 EVAL] 175/1000 scene=DYehNKdT76V.basis episode=6 target=chair success=0 spl=0.0000 reason=max_steps_reached steps=486 runtime=343.4s SR=33.14% (58/175) mean_SPL=0.1411 SR@1m=52.57% SPL@1m=0.2361
[ZSON3 EVAL] 176/1000 scene=DYehNKdT76V.basis episode=7 target=plant success=0 spl=0.0000 reason=max_steps_reached steps=495 runtime=319.6s SR=32.95% (58/176) mean_SPL=0.1403 SR@1m=52.27% SPL@1m=0.2348
[ZSON3 EVAL] 177/1000 scene=DYehNKdT76V.basis episode=8 target=toilet success=0 spl=0.0000 reason=robot_stuck steps=481 runtime=282.5s SR=32.77% (58/177) mean_SPL=0.1395 SR@1m=51.98% SPL@1m=0.2335
[ZSON3 EVAL] 178/1000 scene=DYehNKdT76V.basis episode=9 target=chair success=0 spl=0.0000 reason=max_steps_reached steps=487 runtime=296.0s SR=32.58% (58/178) mean_SPL=0.1387 SR@1m=51.69% SPL@1m=0.2322
[ZSON3 EVAL] 179/1000 scene=DYehNKdT76V.basis episode=10 target=bed success=0 spl=0.0000 reason=object_found_at_1m_only steps=302 runtime=178.0s SR=32.40% (58/179) mean_SPL=0.1379 SR@1m=51.96% SPL@1m=0.2338
[ZSON3 EVAL] 180/1000 scene=DYehNKdT76V.basis episode=11 target=plant success=0 spl=0.0000 reason=max_steps_reached steps=500 runtime=332.7s SR=32.22% (58/180) mean_SPL=0.1371 SR@1m=51.67% SPL@1m=0.2325
[ZSON3 EVAL] 181/1000 scene=DYehNKdT76V.basis episode=12 target=sofa success=0 spl=0.0000 reason=false_positive steps=50 runtime=34.8s SR=32.04% (58/181) mean_SPL=0.1364 SR@1m=51.38% SPL@1m=0.2312
[ZSON3 EVAL] 182/1000 scene=DYehNKdT76V.basis episode=13 target=sofa success=0 spl=0.0000 reason=false_positive steps=128 runtime=76.9s SR=31.87% (58/182) mean_SPL=0.1356 SR@1m=51.10% SPL@1m=0.2299
[ZSON3 EVAL] 183/1000 scene=DYehNKdT76V.basis episode=14 target=bed success=0 spl=0.0000 reason=max_steps_reached steps=496 runtime=380.9s SR=31.69% (58/183) mean_SPL=0.1349 SR@1m=50.82% SPL@1m=0.2286
[ZSON3 EVAL] 184/1000 scene=DYehNKdT76V.basis episode=15 target=toilet success=0 spl=0.0000 reason=max_steps_reached steps=500 runtime=268.6s SR=31.52% (58/184) mean_SPL=0.1342 SR@1m=50.54% SPL@1m=0.2274
[ZSON3 EVAL] 185/1000 scene=DYehNKdT76V.basis episode=16 target=bed success=0 spl=0.0000 reason=object_found_at_1m_only steps=338 runtime=310.9s SR=31.35% (58/185) mean_SPL=0.1334 SR@1m=50.81% SPL@1m=0.2271
[ZSON3 EVAL] 186/1000 scene=DYehNKdT76V.basis episode=17 target=chair success=0 spl=0.0000 reason=object_found_at_1m_only steps=20 runtime=18.2s SR=31.18% (58/186) mean_SPL=0.1327 SR@1m=51.08% SPL@1m=0.2303
[ZSON3 EVAL] 187/1000 scene=DYehNKdT76V.basis episode=18 target=toilet success=0 spl=0.0000 reason=object_found_at_1m_only steps=351 runtime=241.6s SR=31.02% (58/187) mean_SPL=0.1320 SR@1m=51.34% SPL@1m=0.2307
[ZSON3 EVAL] 188/1000 scene=DYehNKdT76V.basis episode=19 target=toilet success=0 spl=0.0000 reason=object_found_at_1m_only steps=216 runtime=128.3s SR=30.85% (58/188) mean_SPL=0.1313 SR@1m=51.60% SPL@1m=0.2321
[ZSON3 EVAL] 189/1000 scene=DYehNKdT76V.basis episode=20 target=toilet success=1 spl=0.4788 reason=object_found steps=148 runtime=86.9s SR=31.22% (59/189) mean_SPL=0.1331 SR@1m=51.85% SPL@1m=0.2334
[ZSON3 EVAL] 190/1000 scene=DYehNKdT76V.basis episode=21 target=toilet success=0 spl=0.0000 reason=max_steps_reached steps=499 runtime=336.3s SR=31.05% (59/190) mean_SPL=0.1324 SR@1m=51.58% SPL@1m=0.2322
[ZSON3 EVAL] 191/1000 scene=DYehNKdT76V.basis episode=22 target=chair success=1 spl=0.7915 reason=object_found steps=60 runtime=30.2s SR=31.41% (60/191) mean_SPL=0.1359 SR@1m=51.83% SPL@1m=0.2351
[ZSON3 EVAL] 192/1000 scene=DYehNKdT76V.basis episode=23 target=sofa success=0 spl=0.0000 reason=object_found_at_1m_only steps=82 runtime=48.1s SR=31.25% (60/192) mean_SPL=0.1352 SR@1m=52.08% SPL@1m=0.2348
[ZSON3 EVAL] 193/1000 scene=DYehNKdT76V.basis episode=24 target=plant success=0 spl=0.0000 reason=max_steps_reached steps=493 runtime=347.5s SR=31.09% (60/193) mean_SPL=0.1345 SR@1m=51.81% SPL@1m=0.2335
[ZSON3 EVAL] 194/1000 scene=DYehNKdT76V.basis episode=25 target=sofa success=0 spl=0.0000 reason=object_found_at_1m_only steps=86 runtime=44.0s SR=30.93% (60/194) mean_SPL=0.1338 SR@1m=52.06% SPL@1m=0.2337
[ZSON3 EVAL] 195/1000 scene=DYehNKdT76V.basis episode=26 target=bed success=0 spl=0.0000 reason=max_steps_reached steps=495 runtime=350.1s SR=30.77% (60/195) mean_SPL=0.1331 SR@1m=51.79% SPL@1m=0.2325
[ZSON3 EVAL] 196/1000 scene=DYehNKdT76V.basis episode=27 target=chair success=0 spl=0.0000 reason=object_found_at_1m_only steps=338 runtime=235.1s SR=30.61% (60/196) mean_SPL=0.1324 SR@1m=52.04% SPL@1m=0.2321
[ZSON3 EVAL] 197/1000 scene=Dd4bFSTQ8gi.basis episode=0 target=chair success=1 spl=0.3524 reason=object_found steps=115 runtime=89.1s SR=30.96% (61/197) mean_SPL=0.1335 SR@1m=52.28% SPL@1m=0.2327
[ZSON3 EVAL] 198/1000 scene=Dd4bFSTQ8gi.basis episode=1 target=chair success=1 spl=0.7640 reason=object_found steps=61 runtime=64.4s SR=31.31% (62/198) mean_SPL=0.1367 SR@1m=52.53% SPL@1m=0.2354
[ZSON3 EVAL] 199/1000 scene=Dd4bFSTQ8gi.basis episode=2 target=plant success=1 spl=0.4378 reason=object_found steps=111 runtime=84.4s SR=31.66% (63/199) mean_SPL=0.1382 SR@1m=52.76% SPL@1m=0.2364
[ZSON3 EVAL] 200/1000 scene=Dd4bFSTQ8gi.basis episode=3 target=toilet success=1 spl=0.0979 reason=object_found steps=356 runtime=340.1s SR=32.00% (64/200) mean_SPL=0.1380 SR@1m=53.00% SPL@1m=0.2357
[ZSON3 EVAL] 201/1000 scene=Dd4bFSTQ8gi.basis episode=4 target=plant success=1 spl=0.0524 reason=object_found steps=215 runtime=201.0s SR=32.34% (65/201) mean_SPL=0.1376 SR@1m=53.23% SPL@1m=0.2348
[ZSON3 EVAL] 202/1000 scene=Dd4bFSTQ8gi.basis episode=5 target=bed success=1 spl=0.7102 reason=object_found steps=84 runtime=81.9s SR=32.67% (66/202) mean_SPL=0.1405 SR@1m=53.47% SPL@1m=0.2371
[ZSON3 EVAL] 203/1000 scene=Dd4bFSTQ8gi.basis episode=6 target=chair success=0 spl=0.0000 reason=false_positive steps=74 runtime=63.5s SR=32.51% (66/203) mean_SPL=0.1398 SR@1m=53.20% SPL@1m=0.2360
[ZSON3 EVAL] 204/1000 scene=Dd4bFSTQ8gi.basis episode=7 target=sofa success=0 spl=0.0000 reason=object_found_at_1m_only steps=62 runtime=55.8s SR=32.35% (66/204) mean_SPL=0.1391 SR@1m=53.43% SPL@1m=0.2359
[ZSON3 EVAL] 205/1000 scene=Dd4bFSTQ8gi.basis episode=8 target=chair success=0 spl=0.0000 reason=false_positive steps=83 runtime=69.2s SR=32.20% (66/205) mean_SPL=0.1384 SR@1m=53.17% SPL@1m=0.2347
[ZSON3 EVAL] 206/1000 scene=Dd4bFSTQ8gi.basis episode=9 target=toilet success=1 spl=0.1748 reason=object_found steps=320 runtime=385.3s SR=32.52% (67/206) mean_SPL=0.1386 SR@1m=53.40% SPL@1m=0.2344
[ZSON3 EVAL] 207/1000 scene=Dd4bFSTQ8gi.basis episode=10 target=toilet success=0 spl=0.0000 reason=max_steps_reached steps=494 runtime=402.4s SR=32.37% (67/207) mean_SPL=0.1379 SR@1m=53.14% SPL@1m=0.2333
[ZSON3 EVAL] 208/1000 scene=Dd4bFSTQ8gi.basis episode=11 target=bed success=1 spl=0.5603 reason=object_found steps=152 runtime=120.5s SR=32.69% (68/208) mean_SPL=0.1399 SR@1m=53.37% SPL@1m=0.2349
[ZSON3 EVAL] 209/1000 scene=Dd4bFSTQ8gi.basis episode=12 target=plant success=1 spl=0.1438 reason=object_found steps=116 runtime=90.6s SR=33.01% (69/209) mean_SPL=0.1400 SR@1m=53.59% SPL@1m=0.2345
[ZSON3 EVAL] 210/1000 scene=Dd4bFSTQ8gi.basis episode=13 target=plant success=1 spl=0.4935 reason=object_found steps=94 runtime=100.6s SR=33.33% (70/210) mean_SPL=0.1416 SR@1m=53.81% SPL@1m=0.2357
[ZSON3 EVAL] 211/1000 scene=Dd4bFSTQ8gi.basis episode=14 target=sofa success=0 spl=0.0000 reason=object_found_at_1m_only steps=18 runtime=12.7s SR=33.18% (70/211) mean_SPL=0.1410 SR@1m=54.03% SPL@1m=0.2381
[ZSON3 EVAL] 212/1000 scene=Dd4bFSTQ8gi.basis episode=15 target=sofa success=0 spl=0.0000 reason=object_found_at_1m_only steps=126 runtime=99.7s SR=33.02% (70/212) mean_SPL=0.1403 SR@1m=54.25% SPL@1m=0.2379
[ZSON3 EVAL] 213/1000 scene=Dd4bFSTQ8gi.basis episode=16 target=plant success=1 spl=0.1997 reason=object_found steps=182 runtime=155.0s SR=33.33% (71/213) mean_SPL=0.1406 SR@1m=54.46% SPL@1m=0.2377
[ZSON3 EVAL] 214/1000 scene=Dd4bFSTQ8gi.basis episode=17 target=bed success=0 spl=0.0000 reason=false_positive steps=10 runtime=5.0s SR=33.18% (71/214) mean_SPL=0.1399 SR@1m=54.21% SPL@1m=0.2366
[ZSON3 EVAL] 215/1000 scene=Dd4bFSTQ8gi.basis episode=18 target=toilet success=1 spl=0.2388 reason=object_found steps=220 runtime=199.7s SR=33.49% (72/215) mean_SPL=0.1404 SR@1m=54.42% SPL@1m=0.2366
[ZSON3 EVAL] 216/1000 scene=Dd4bFSTQ8gi.basis episode=19 target=chair success=0 spl=0.0000 reason=object_found_at_1m_only steps=46 runtime=30.8s SR=33.33% (72/216) mean_SPL=0.1397 SR@1m=54.63% SPL@1m=0.2390
[ZSON3 EVAL] 217/1000 scene=Dd4bFSTQ8gi.basis episode=20 target=bed success=1 spl=0.6010 reason=object_found steps=138 runtime=117.1s SR=33.64% (73/217) mean_SPL=0.1419 SR@1m=54.84% SPL@1m=0.2406
[ZSON3 EVAL] 218/1000 scene=Dd4bFSTQ8gi.basis episode=21 target=plant success=1 spl=0.0938 reason=object_found steps=120 runtime=77.7s SR=33.94% (74/218) mean_SPL=0.1416 SR@1m=55.05% SPL@1m=0.2400
[ZSON3 EVAL] 219/1000 scene=Dd4bFSTQ8gi.basis episode=22 target=sofa success=0 spl=0.0000 reason=object_found_at_1m_only steps=41 runtime=29.2s SR=33.79% (74/219) mean_SPL=0.1410 SR@1m=55.25% SPL@1m=0.2408
[ZSON3 EVAL] 220/1000 scene=Dd4bFSTQ8gi.basis episode=23 target=toilet success=1 spl=0.7317 reason=object_found steps=181 runtime=167.3s SR=34.09% (75/220) mean_SPL=0.1437 SR@1m=55.45% SPL@1m=0.2430
[ZSON3 EVAL] 221/1000 scene=Dd4bFSTQ8gi.basis episode=24 target=toilet success=1 spl=0.1412 reason=object_found steps=434 runtime=326.5s SR=34.39% (76/221) mean_SPL=0.1437 SR@1m=55.66% SPL@1m=0.2426
[ZSON3 EVAL] 222/1000 scene=Dd4bFSTQ8gi.basis episode=25 target=sofa success=1 spl=0.6525 reason=object_found steps=20 runtime=12.3s SR=34.68% (77/222) mean_SPL=0.1460 SR@1m=55.86% SPL@1m=0.2444
[ZSON3 EVAL] 223/1000 scene=Dd4bFSTQ8gi.basis episode=26 target=chair success=0 spl=0.0000 reason=false_positive steps=433 runtime=344.8s SR=34.53% (77/223) mean_SPL=0.1453 SR@1m=55.61% SPL@1m=0.2433
[ZSON3 EVAL] 224/1000 scene=Dd4bFSTQ8gi.basis episode=27 target=sofa success=0 spl=0.0000 reason=object_found_at_1m_only steps=256 runtime=227.2s SR=34.38% (77/224) mean_SPL=0.1447 SR@1m=55.80% SPL@1m=0.2427
[ZSON3 EVAL] 225/1000 scene=GLAQ4DNUx5U.basis episode=0 target=toilet success=0 spl=0.0000 reason=max_steps_reached steps=500 runtime=368.7s SR=34.22% (77/225) mean_SPL=0.1440 SR@1m=55.56% SPL@1m=0.2417
[ZSON3 EVAL] 226/1000 scene=GLAQ4DNUx5U.basis episode=1 target=sofa success=1 spl=0.7137 reason=object_found steps=95 runtime=83.1s SR=34.51% (78/226) mean_SPL=0.1465 SR@1m=55.75% SPL@1m=0.2437
[ZSON3 EVAL] 227/1000 scene=GLAQ4DNUx5U.basis episode=2 target=bed success=1 spl=0.7633 reason=object_found steps=60 runtime=32.9s SR=34.80% (79/227) mean_SPL=0.1492 SR@1m=55.95% SPL@1m=0.2460
[ZSON3 EVAL] 228/1000 scene=GLAQ4DNUx5U.basis episode=3 target=tv_monitor success=1 spl=0.7761 reason=object_found steps=280 runtime=172.5s SR=35.09% (80/228) mean_SPL=0.1520 SR@1m=56.14% SPL@1m=0.2484
[ZSON3 EVAL] 229/1000 scene=GLAQ4DNUx5U.basis episode=4 target=plant success=0 spl=0.0000 reason=max_steps_reached steps=494 runtime=351.3s SR=34.93% (80/229) mean_SPL=0.1513 SR@1m=55.90% SPL@1m=0.2473
[ZSON3 EVAL] 230/1000 scene=GLAQ4DNUx5U.basis episode=5 target=toilet success=0 spl=0.0000 reason=max_steps_reached steps=493 runtime=396.0s SR=34.78% (80/230) mean_SPL=0.1507 SR@1m=55.65% SPL@1m=0.2462
[ZSON3 EVAL] 231/1000 scene=GLAQ4DNUx5U.basis episode=6 target=sofa success=1 spl=0.6114 reason=object_found steps=47 runtime=49.7s SR=35.06% (81/231) mean_SPL=0.1527 SR@1m=55.84% SPL@1m=0.2478
[ZSON3 EVAL] 232/1000 scene=GLAQ4DNUx5U.basis episode=7 target=toilet success=1 spl=0.4714 reason=object_found steps=104 runtime=159.1s SR=35.34% (82/232) mean_SPL=0.1540 SR@1m=56.03% SPL@1m=0.2487
[ZSON3 EVAL] 233/1000 scene=GLAQ4DNUx5U.basis episode=8 target=bed success=1 spl=0.3038 reason=object_found steps=229 runtime=194.7s SR=35.62% (83/233) mean_SPL=0.1547 SR@1m=56.22% SPL@1m=0.2490
[ZSON3 EVAL] 234/1000 scene=GLAQ4DNUx5U.basis episode=9 target=tv_monitor success=1 spl=0.6335 reason=object_found steps=38 runtime=23.5s SR=35.90% (84/234) mean_SPL=0.1567 SR@1m=56.41% SPL@1m=0.2506
[ZSON3 EVAL] 235/1000 scene=GLAQ4DNUx5U.basis episode=10 target=sofa success=1 spl=0.7405 reason=object_found steps=43 runtime=37.7s SR=36.17% (85/235) mean_SPL=0.1592 SR@1m=56.60% SPL@1m=0.2527
[ZSON3 EVAL] 236/1000 scene=GLAQ4DNUx5U.basis episode=11 target=sofa success=1 spl=0.2580 reason=object_found steps=225 runtime=174.2s SR=36.44% (86/236) mean_SPL=0.1596 SR@1m=56.78% SPL@1m=0.2527
[ZSON3 EVAL] 237/1000 scene=GLAQ4DNUx5U.basis episode=12 target=tv_monitor success=1 spl=0.4909 reason=object_found steps=248 runtime=156.1s SR=36.71% (87/237) mean_SPL=0.1610 SR@1m=56.96% SPL@1m=0.2537
[ZSON3 EVAL] 238/1000 scene=GLAQ4DNUx5U.basis episode=13 target=toilet success=0 spl=0.0000 reason=max_steps_reached steps=496 runtime=347.2s SR=36.55% (87/238) mean_SPL=0.1604 SR@1m=56.72% SPL@1m=0.2527
[ZSON3 EVAL] 239/1000 scene=GLAQ4DNUx5U.basis episode=14 target=plant success=0 spl=0.0000 reason=max_steps_reached steps=477 runtime=358.5s SR=36.40% (87/239) mean_SPL=0.1597 SR@1m=56.49% SPL@1m=0.2516
[ZSON3 EVAL] 240/1000 scene=GLAQ4DNUx5U.basis episode=15 target=bed success=0 spl=0.0000 reason=false_positive steps=216 runtime=186.2s SR=36.25% (87/240) mean_SPL=0.1590 SR@1m=56.25% SPL@1m=0.2506
[ZSON3 EVAL] 241/1000 scene=GLAQ4DNUx5U.basis episode=16 target=chair success=1 spl=0.5110 reason=object_found steps=124 runtime=59.4s SR=36.51% (88/241) mean_SPL=0.1605 SR@1m=56.43% SPL@1m=0.2516
[ZSON3 EVAL] 242/1000 scene=GLAQ4DNUx5U.basis episode=17 target=bed success=1 spl=0.2875 reason=object_found steps=224 runtime=248.7s SR=36.78% (89/242) mean_SPL=0.1610 SR@1m=56.61% SPL@1m=0.2518
[ZSON3 EVAL] 243/1000 scene=GLAQ4DNUx5U.basis episode=18 target=chair success=1 spl=0.7618 reason=object_found steps=55 runtime=37.0s SR=37.04% (90/243) mean_SPL=0.1635 SR@1m=56.79% SPL@1m=0.2539
[ZSON3 EVAL] 244/1000 scene=GLAQ4DNUx5U.basis episode=19 target=plant success=0 spl=0.0000 reason=max_steps_reached steps=497 runtime=383.3s SR=36.89% (90/244) mean_SPL=0.1628 SR@1m=56.56% SPL@1m=0.2528
[ZSON3 EVAL] 245/1000 scene=GLAQ4DNUx5U.basis episode=20 target=plant success=0 spl=0.0000 reason=max_steps_reached steps=495 runtime=426.2s SR=36.73% (90/245) mean_SPL=0.1621 SR@1m=56.33% SPL@1m=0.2518
[ZSON3 EVAL] 246/1000 scene=GLAQ4DNUx5U.basis episode=21 target=chair success=1 spl=0.1036 reason=object_found steps=398 runtime=284.9s SR=36.99% (91/246) mean_SPL=0.1619 SR@1m=56.50% SPL@1m=0.2512
[ZSON3 EVAL] 247/1000 scene=GLAQ4DNUx5U.basis episode=22 target=chair success=1 spl=0.2624 reason=object_found steps=239 runtime=192.2s SR=37.25% (92/247) mean_SPL=0.1623 SR@1m=56.68% SPL@1m=0.2513
[ZSON3 EVAL] 248/1000 scene=GLAQ4DNUx5U.basis episode=23 target=tv_monitor success=1 spl=0.2551 reason=object_found steps=237 runtime=170.7s SR=37.50% (93/248) mean_SPL=0.1627 SR@1m=56.85% SPL@1m=0.2513
[ZSON3 EVAL] 249/1000 scene=GLAQ4DNUx5U.basis episode=24 target=chair success=1 spl=0.5070 reason=object_found steps=91 runtime=67.1s SR=37.75% (94/249) mean_SPL=0.1641 SR@1m=57.03% SPL@1m=0.2523
[ZSON3 EVAL] 250/1000 scene=GLAQ4DNUx5U.basis episode=25 target=toilet success=1 spl=0.1108 reason=object_found steps=295 runtime=207.7s SR=38.00% (95/250) mean_SPL=0.1639 SR@1m=57.20% SPL@1m=0.2517
[ZSON3 EVAL] 251/1000 scene=GLAQ4DNUx5U.basis episode=26 target=sofa success=1 spl=0.6865 reason=object_found steps=133 runtime=88.7s SR=38.25% (96/251) mean_SPL=0.1659 SR@1m=57.37% SPL@1m=0.2535
[ZSON3 EVAL] 252/1000 scene=GLAQ4DNUx5U.basis episode=27 target=plant success=0 spl=0.0000 reason=max_steps_reached steps=483 runtime=385.3s SR=38.10% (96/252) mean_SPL=0.1653 SR@1m=57.14% SPL@1m=0.2525
[ZSON3 EVAL] 253/1000 scene=HY1NcmCgn3n.basis episode=0 target=plant success=0 spl=0.0000 reason=max_steps_reached steps=500 runtime=613.6s SR=37.94% (96/253) mean_SPL=0.1646 SR@1m=56.92% SPL@1m=0.2515
[ZSON3 EVAL] 254/1000 scene=HY1NcmCgn3n.basis episode=1 target=plant success=0 spl=0.0000 reason=max_steps_reached steps=498 runtime=596.8s SR=37.80% (96/254) mean_SPL=0.1640 SR@1m=56.69% SPL@1m=0.2505
[ZSON3 EVAL] 255/1000 scene=HY1NcmCgn3n.basis episode=2 target=plant success=0 spl=0.0000 reason=max_steps_reached steps=500 runtime=292.0s SR=37.65% (96/255) mean_SPL=0.1633 SR@1m=56.47% SPL@1m=0.2495
[ZSON3 EVAL] 256/1000 scene=HY1NcmCgn3n.basis episode=3 target=plant success=0 spl=0.0000 reason=max_steps_reached steps=500 runtime=557.6s SR=37.50% (96/256) mean_SPL=0.1627 SR@1m=56.25% SPL@1m=0.2485
[ZSON3 EVAL] 257/1000 scene=HY1NcmCgn3n.basis episode=4 target=plant success=0 spl=0.0000 reason=object_found_at_1m_only steps=105 runtime=75.3s SR=37.35% (96/257) mean_SPL=0.1621 SR@1m=56.42% SPL@1m=0.2487
[ZSON3 EVAL] 258/1000 scene=HY1NcmCgn3n.basis episode=5 target=plant success=0 spl=0.0000 reason=robot_stuck steps=316 runtime=150.5s SR=37.21% (96/258) mean_SPL=0.1614 SR@1m=56.59% SPL@1m=0.2496
[ZSON3 EVAL] 259/1000 scene=HY1NcmCgn3n.basis episode=6 target=plant success=0 spl=0.0000 reason=max_steps_reached steps=500 runtime=626.1s SR=37.07% (96/259) mean_SPL=0.1608 SR@1m=56.37% SPL@1m=0.2487
[ZSON3 EVAL] 260/1000 scene=HY1NcmCgn3n.basis episode=7 target=plant success=0 spl=0.0000 reason=max_steps_reached steps=499 runtime=467.8s SR=36.92% (96/260) mean_SPL=0.1602 SR@1m=56.15% SPL@1m=0.2477
[ZSON3 EVAL] 261/1000 scene=HY1NcmCgn3n.basis episode=8 target=plant success=0 spl=0.0000 reason=max_steps_reached steps=499 runtime=580.0s SR=36.78% (96/261) mean_SPL=0.1596 SR@1m=55.94% SPL@1m=0.2468
[ZSON3 EVAL] 262/1000 scene=HY1NcmCgn3n.basis episode=9 target=tv_monitor success=0 spl=0.0000 reason=max_steps_reached steps=500 runtime=683.3s SR=36.64% (96/262) mean_SPL=0.1590 SR@1m=55.73% SPL@1m=0.2458
[ZSON3 EVAL] 263/1000 scene=HY1NcmCgn3n.basis episode=10 target=tv_monitor success=0 spl=0.0000 reason=max_steps_reached steps=496 runtime=767.3s SR=36.50% (96/263) mean_SPL=0.1584 SR@1m=55.51% SPL@1m=0.2449
[ZSON3 EVAL] 264/1000 scene=HY1NcmCgn3n.basis episode=11 target=tv_monitor success=0 spl=0.0000 reason=max_steps_reached steps=500 runtime=512.2s SR=36.36% (96/264) mean_SPL=0.1578 SR@1m=55.30% SPL@1m=0.2440
[ZSON3 EVAL] 265/1000 scene=HY1NcmCgn3n.basis episode=12 target=tv_monitor success=0 spl=0.0000 reason=max_steps_reached steps=493 runtime=564.5s SR=36.23% (96/265) mean_SPL=0.1572 SR@1m=55.09% SPL@1m=0.2430
[ZSON3 EVAL] 266/1000 scene=HY1NcmCgn3n.basis episode=13 target=tv_monitor success=0 spl=0.0000 reason=max_steps_reached steps=500 runtime=551.5s SR=36.09% (96/266) mean_SPL=0.1566 SR@1m=54.89% SPL@1m=0.2421
[ZSON3 EVAL] 267/1000 scene=HY1NcmCgn3n.basis episode=14 target=tv_monitor success=0 spl=0.0000 reason=max_steps_reached steps=496 runtime=574.6s SR=35.96% (96/267) mean_SPL=0.1560 SR@1m=54.68% SPL@1m=0.2412
[ZSON3 EVAL] 268/1000 scene=HY1NcmCgn3n.basis episode=15 target=tv_monitor success=0 spl=0.0000 reason=max_steps_reached steps=499 runtime=469.7s SR=35.82% (96/268) mean_SPL=0.1554 SR@1m=54.48% SPL@1m=0.2403
[ZSON3 EVAL] 269/1000 scene=HY1NcmCgn3n.basis episode=16 target=tv_monitor success=0 spl=0.0000 reason=max_steps_reached steps=500 runtime=425.8s SR=35.69% (96/269) mean_SPL=0.1548 SR@1m=54.28% SPL@1m=0.2394
[ZSON3 EVAL] 270/1000 scene=HY1NcmCgn3n.basis episode=17 target=tv_monitor success=0 spl=0.0000 reason=max_steps_reached steps=500 runtime=602.1s SR=35.56% (96/270) mean_SPL=0.1543 SR@1m=54.07% SPL@1m=0.2385
[ZSON3 EVAL] 271/1000 scene=HY1NcmCgn3n.basis episode=18 target=chair success=1 spl=0.6573 reason=object_found steps=107 runtime=74.2s SR=35.79% (97/271) mean_SPL=0.1561 SR@1m=54.24% SPL@1m=0.2401
[ZSON3 EVAL] 272/1000 scene=HY1NcmCgn3n.basis episode=19 target=chair success=1 spl=0.6037 reason=object_found steps=47 runtime=33.8s SR=36.03% (98/272) mean_SPL=0.1578 SR@1m=54.41% SPL@1m=0.2414
[ZSON3 EVAL] 273/1000 scene=HY1NcmCgn3n.basis episode=20 target=chair success=0 spl=0.0000 reason=object_found_at_1m_only steps=40 runtime=15.0s SR=35.90% (98/273) mean_SPL=0.1572 SR@1m=54.58% SPL@1m=0.2439
[ZSON3 EVAL] 274/1000 scene=HY1NcmCgn3n.basis episode=21 target=chair success=1 spl=0.3010 reason=object_found steps=112 runtime=54.3s SR=36.13% (99/274) mean_SPL=0.1577 SR@1m=54.74% SPL@1m=0.2441
[ZSON3 EVAL] 275/1000 scene=HY1NcmCgn3n.basis episode=22 target=chair success=1 spl=0.3578 reason=object_found steps=87 runtime=48.3s SR=36.36% (100/275) mean_SPL=0.1584 SR@1m=54.91% SPL@1m=0.2445
[ZSON3 EVAL] 276/1000 scene=HY1NcmCgn3n.basis episode=23 target=chair success=1 spl=0.5929 reason=object_found steps=118 runtime=94.5s SR=36.59% (101/276) mean_SPL=0.1600 SR@1m=55.07% SPL@1m=0.2457
[ZSON3 EVAL] 277/1000 scene=HY1NcmCgn3n.basis episode=24 target=chair success=1 spl=0.8157 reason=object_found steps=39 runtime=25.3s SR=36.82% (102/277) mean_SPL=0.1624 SR@1m=55.23% SPL@1m=0.2478
[ZSON3 EVAL] 278/1000 scene=HY1NcmCgn3n.basis episode=25 target=chair success=1 spl=0.8360 reason=object_found steps=68 runtime=43.3s SR=37.05% (103/278) mean_SPL=0.1648 SR@1m=55.40% SPL@1m=0.2499
[ZSON3 EVAL] 279/1000 scene=HY1NcmCgn3n.basis episode=26 target=chair success=1 spl=0.4329 reason=object_found steps=44 runtime=36.8s SR=37.28% (104/279) mean_SPL=0.1658 SR@1m=55.56% SPL@1m=0.2506
[ZSON3 EVAL] 280/1000 scene=LT9Jq6dN3Ea.basis episode=0 target=tv_monitor success=0 spl=0.0000 reason=max_steps_reached steps=490 runtime=389.4s SR=37.14% (104/280) mean_SPL=0.1652 SR@1m=55.36% SPL@1m=0.2497
[ZSON3 EVAL] 281/1000 scene=LT9Jq6dN3Ea.basis episode=1 target=tv_monitor success=1 spl=0.7426 reason=robot_stuck steps=241 runtime=82.6s SR=37.37% (105/281) mean_SPL=0.1672 SR@1m=55.52% SPL@1m=0.2514
[ZSON3 EVAL] 282/1000 scene=LT9Jq6dN3Ea.basis episode=2 target=chair success=0 spl=0.0000 reason=object_found_at_1m_only steps=171 runtime=105.8s SR=37.23% (105/282) mean_SPL=0.1666 SR@1m=55.67% SPL@1m=0.2523
[ZSON3 EVAL] 283/1000 scene=LT9Jq6dN3Ea.basis episode=3 target=toilet success=1 spl=0.1308 reason=object_found steps=326 runtime=286.9s SR=37.46% (106/283) mean_SPL=0.1665 SR@1m=55.83% SPL@1m=0.2518
[ZSON3 EVAL] 284/1000 scene=LT9Jq6dN3Ea.basis episode=4 target=sofa success=0 spl=0.0000 reason=object_found_at_1m_only steps=63 runtime=73.0s SR=37.32% (106/284) mean_SPL=0.1659 SR@1m=55.99% SPL@1m=0.2530
[ZSON3 EVAL] 285/1000 scene=LT9Jq6dN3Ea.basis episode=5 target=tv_monitor success=0 spl=0.0000 reason=max_steps_reached steps=498 runtime=360.9s SR=37.19% (106/285) mean_SPL=0.1653 SR@1m=55.79% SPL@1m=0.2522
[ZSON3 EVAL] 286/1000 scene=LT9Jq6dN3Ea.basis episode=6 target=chair success=1 spl=0.3402 reason=object_found steps=122 runtime=81.4s SR=37.41% (107/286) mean_SPL=0.1659 SR@1m=55.94% SPL@1m=0.2525
[ZSON3 EVAL] 287/1000 scene=LT9Jq6dN3Ea.basis episode=7 target=bed success=1 spl=0.2530 reason=object_found steps=114 runtime=62.7s SR=37.63% (108/287) mean_SPL=0.1663 SR@1m=56.10% SPL@1m=0.2525
[ZSON3 EVAL] 288/1000 scene=LT9Jq6dN3Ea.basis episode=8 target=plant success=1 spl=0.3017 reason=object_found steps=213 runtime=164.3s SR=37.85% (109/288) mean_SPL=0.1667 SR@1m=56.25% SPL@1m=0.2526
[ZSON3 EVAL] 289/1000 scene=LT9Jq6dN3Ea.basis episode=9 target=sofa success=1 spl=0.2240 reason=max_steps_reached steps=500 runtime=374.4s SR=38.06% (110/289) mean_SPL=0.1669 SR@1m=56.40% SPL@1m=0.2525
[ZSON3 EVAL] 290/1000 scene=LT9Jq6dN3Ea.basis episode=10 target=chair success=1 spl=0.1768 reason=object_found steps=333 runtime=246.0s SR=38.28% (111/290) mean_SPL=0.1670 SR@1m=56.55% SPL@1m=0.2523
[ZSON3 EVAL] 291/1000 scene=LT9Jq6dN3Ea.basis episode=11 target=chair success=1 spl=0.2154 reason=object_found steps=151 runtime=105.6s SR=38.49% (112/291) mean_SPL=0.1671 SR@1m=56.70% SPL@1m=0.2522
[ZSON3 EVAL] 292/1000 scene=LT9Jq6dN3Ea.basis episode=12 target=plant success=0 spl=0.0000 reason=object_found_at_1m_only steps=265 runtime=179.2s SR=38.36% (112/292) mean_SPL=0.1666 SR@1m=56.85% SPL@1m=0.2515
[ZSON3 EVAL] 293/1000 scene=LT9Jq6dN3Ea.basis episode=13 target=sofa success=0 spl=0.0000 reason=max_steps_reached steps=490 runtime=324.5s SR=38.23% (112/293) mean_SPL=0.1660 SR@1m=56.66% SPL@1m=0.2507
[ZSON3 EVAL] 294/1000 scene=LT9Jq6dN3Ea.basis episode=14 target=bed success=1 spl=0.6833 reason=object_found steps=50 runtime=24.3s SR=38.44% (113/294) mean_SPL=0.1677 SR@1m=56.80% SPL@1m=0.2521
[ZSON3 EVAL] 295/1000 scene=LT9Jq6dN3Ea.basis episode=15 target=toilet success=0 spl=0.0000 reason=max_steps_reached steps=498 runtime=315.7s SR=38.31% (113/295) mean_SPL=0.1672 SR@1m=56.61% SPL@1m=0.2513
[ZSON3 EVAL] 296/1000 scene=LT9Jq6dN3Ea.basis episode=16 target=tv_monitor success=0 spl=0.0000 reason=max_steps_reached steps=500 runtime=634.9s SR=38.18% (113/296) mean_SPL=0.1666 SR@1m=56.42% SPL@1m=0.2504
[ZSON3 EVAL] 297/1000 scene=LT9Jq6dN3Ea.basis episode=17 target=plant success=0 spl=0.0000 reason=object_found_at_1m_only steps=273 runtime=273.8s SR=38.05% (113/297) mean_SPL=0.1660 SR@1m=56.57% SPL@1m=0.2500
[ZSON3 EVAL] 298/1000 scene=LT9Jq6dN3Ea.basis episode=18 target=toilet success=0 spl=0.0000 reason=robot_stuck steps=418 runtime=257.5s SR=37.92% (113/298) mean_SPL=0.1655 SR@1m=56.38% SPL@1m=0.2491
[ZSON3 EVAL] 299/1000 scene=LT9Jq6dN3Ea.basis episode=19 target=chair success=0 spl=0.0000 reason=object_found_at_1m_only steps=61 runtime=47.0s SR=37.79% (113/299) mean_SPL=0.1649 SR@1m=56.52% SPL@1m=0.2506
[ZSON3 EVAL] 300/1000 scene=LT9Jq6dN3Ea.basis episode=20 target=plant success=0 spl=0.0000 reason=object_found_at_1m_only steps=23 runtime=15.5s SR=37.67% (113/300) mean_SPL=0.1644 SR@1m=56.67% SPL@1m=0.2520
[ZSON3 EVAL] 301/1000 scene=LT9Jq6dN3Ea.basis episode=21 target=sofa success=1 spl=0.6026 reason=object_found steps=107 runtime=74.1s SR=37.87% (114/301) mean_SPL=0.1658 SR@1m=56.81% SPL@1m=0.2531
[ZSON3 EVAL] 302/1000 scene=LT9Jq6dN3Ea.basis episode=22 target=bed success=1 spl=0.2841 reason=object_found steps=77 runtime=68.4s SR=38.08% (115/302) mean_SPL=0.1662 SR@1m=56.95% SPL@1m=0.2532
[ZSON3 EVAL] 303/1000 scene=LT9Jq6dN3Ea.basis episode=23 target=toilet success=0 spl=0.0000 reason=max_steps_reached steps=500 runtime=592.9s SR=37.95% (115/303) mean_SPL=0.1657 SR@1m=56.77% SPL@1m=0.2524
[ZSON3 EVAL] 304/1000 scene=LT9Jq6dN3Ea.basis episode=24 target=plant success=0 spl=0.0000 reason=object_found_at_1m_only steps=149 runtime=175.3s SR=37.83% (115/304) mean_SPL=0.1651 SR@1m=56.91% SPL@1m=0.2519
[ZSON3 EVAL] 305/1000 scene=LT9Jq6dN3Ea.basis episode=25 target=sofa success=1 spl=0.4737 reason=object_found steps=174 runtime=150.4s SR=38.03% (116/305) mean_SPL=0.1662 SR@1m=57.05% SPL@1m=0.2526
[ZSON3 EVAL] 306/1000 scene=LT9Jq6dN3Ea.basis episode=26 target=bed success=1 spl=0.5642 reason=object_found steps=200 runtime=159.7s SR=38.24% (117/306) mean_SPL=0.1675 SR@1m=57.19% SPL@1m=0.2536
[ZSON3 EVAL] 307/1000 scene=LT9Jq6dN3Ea.basis episode=27 target=toilet success=1 spl=0.1854 reason=max_steps_reached steps=500 runtime=487.7s SR=38.44% (118/307) mean_SPL=0.1675 SR@1m=57.33% SPL@1m=0.2534
[ZSON3 EVAL] 308/1000 scene=MHPLjHsuG27.basis episode=0 target=toilet success=1 spl=0.1890 reason=object_found steps=302 runtime=166.1s SR=38.64% (119/308) mean_SPL=0.1676 SR@1m=57.47% SPL@1m=0.2532
[ZSON3 EVAL] 309/1000 scene=MHPLjHsuG27.basis episode=1 target=bed success=0 spl=0.0000 reason=max_steps_reached steps=494 runtime=304.5s SR=38.51% (119/309) mean_SPL=0.1670 SR@1m=57.28% SPL@1m=0.2524
[ZSON3 EVAL] 310/1000 scene=MHPLjHsuG27.basis episode=2 target=tv_monitor success=0 spl=0.0000 reason=robot_stuck steps=352 runtime=165.3s SR=38.39% (119/310) mean_SPL=0.1665 SR@1m=57.42% SPL@1m=0.2522
[ZSON3 EVAL] 311/1000 scene=MHPLjHsuG27.basis episode=3 target=tv_monitor success=0 spl=0.0000 reason=object_found_at_1m_only steps=271 runtime=201.6s SR=38.26% (119/311) mean_SPL=0.1660 SR@1m=57.56% SPL@1m=0.2525
[ZSON3 EVAL] 312/1000 scene=MHPLjHsuG27.basis episode=4 target=toilet success=1 spl=0.4042 reason=object_found steps=307 runtime=160.7s SR=38.46% (120/312) mean_SPL=0.1667 SR@1m=57.69% SPL@1m=0.2530
[ZSON3 EVAL] 313/1000 scene=MHPLjHsuG27.basis episode=5 target=sofa success=0 spl=0.0000 reason=max_steps_reached steps=485 runtime=361.9s SR=38.34% (120/313) mean_SPL=0.1662 SR@1m=57.51% SPL@1m=0.2522
[ZSON3 EVAL] 314/1000 scene=MHPLjHsuG27.basis episode=6 target=plant success=0 spl=0.0000 reason=max_steps_reached steps=493 runtime=295.3s SR=38.22% (120/314) mean_SPL=0.1657 SR@1m=57.32% SPL@1m=0.2514
[ZSON3 EVAL] 315/1000 scene=MHPLjHsuG27.basis episode=7 target=chair success=1 spl=0.3435 reason=object_found steps=51 runtime=33.4s SR=38.41% (121/315) mean_SPL=0.1662 SR@1m=57.46% SPL@1m=0.2517
[ZSON3 EVAL] 316/1000 scene=MHPLjHsuG27.basis episode=8 target=sofa success=0 spl=0.0000 reason=max_steps_reached steps=485 runtime=386.2s SR=38.29% (121/316) mean_SPL=0.1657 SR@1m=57.28% SPL@1m=0.2509
[ZSON3 EVAL] 317/1000 scene=MHPLjHsuG27.basis episode=9 target=toilet success=1 spl=0.3862 reason=object_found steps=81 runtime=59.7s SR=38.49% (122/317) mean_SPL=0.1664 SR@1m=57.41% SPL@1m=0.2513
[ZSON3 EVAL] 318/1000 scene=MHPLjHsuG27.basis episode=10 target=chair success=1 spl=0.5970 reason=object_found steps=57 runtime=43.7s SR=38.68% (123/318) mean_SPL=0.1678 SR@1m=57.55% SPL@1m=0.2524
[ZSON3 EVAL] 319/1000 scene=MHPLjHsuG27.basis episode=11 target=plant success=0 spl=0.0000 reason=max_steps_reached steps=489 runtime=293.7s SR=38.56% (123/319) mean_SPL=0.1672 SR@1m=57.37% SPL@1m=0.2516
[ZSON3 EVAL] 320/1000 scene=MHPLjHsuG27.basis episode=12 target=chair success=1 spl=0.4941 reason=object_found steps=83 runtime=50.7s SR=38.75% (124/320) mean_SPL=0.1682 SR@1m=57.50% SPL@1m=0.2524
[ZSON3 EVAL] 321/1000 scene=MHPLjHsuG27.basis episode=13 target=sofa success=1 spl=0.3226 reason=object_found steps=95 runtime=64.8s SR=38.94% (125/321) mean_SPL=0.1687 SR@1m=57.63% SPL@1m=0.2526
[ZSON3 EVAL] 322/1000 scene=MHPLjHsuG27.basis episode=14 target=bed success=0 spl=0.0000 reason=false_positive steps=20 runtime=15.1s SR=38.82% (125/322) mean_SPL=0.1682 SR@1m=57.45% SPL@1m=0.2518
[ZSON3 EVAL] 323/1000 scene=MHPLjHsuG27.basis episode=15 target=sofa success=0 spl=0.0000 reason=max_steps_reached steps=491 runtime=459.3s SR=38.70% (125/323) mean_SPL=0.1677 SR@1m=57.28% SPL@1m=0.2510
[ZSON3 EVAL] 324/1000 scene=MHPLjHsuG27.basis episode=16 target=tv_monitor success=1 spl=0.4685 reason=robot_stuck steps=386 runtime=169.4s SR=38.89% (126/324) mean_SPL=0.1686 SR@1m=57.41% SPL@1m=0.2517
[ZSON3 EVAL] 325/1000 scene=MHPLjHsuG27.basis episode=17 target=tv_monitor success=0 spl=0.0000 reason=max_steps_reached steps=482 runtime=337.2s SR=38.77% (126/325) mean_SPL=0.1681 SR@1m=57.23% SPL@1m=0.2509
[ZSON3 EVAL] 326/1000 scene=MHPLjHsuG27.basis episode=18 target=tv_monitor success=0 spl=0.0000 reason=max_steps_reached steps=484 runtime=346.5s SR=38.65% (126/326) mean_SPL=0.1676 SR@1m=57.06% SPL@1m=0.2501
[ZSON3 EVAL] 327/1000 scene=MHPLjHsuG27.basis episode=19 target=plant success=0 spl=0.0000 reason=max_steps_reached steps=494 runtime=305.7s SR=38.53% (126/327) mean_SPL=0.1671 SR@1m=56.88% SPL@1m=0.2494
[ZSON3 EVAL] 328/1000 scene=MHPLjHsuG27.basis episode=20 target=toilet success=0 spl=0.0000 reason=robot_stuck steps=379 runtime=178.5s SR=38.41% (126/328) mean_SPL=0.1666 SR@1m=57.01% SPL@1m=0.2502
[ZSON3 EVAL] 329/1000 scene=MHPLjHsuG27.basis episode=21 target=plant success=0 spl=0.0000 reason=max_steps_reached steps=500 runtime=296.8s SR=38.30% (126/329) mean_SPL=0.1661 SR@1m=56.84% SPL@1m=0.2494
[ZSON3 EVAL] 330/1000 scene=MHPLjHsuG27.basis episode=22 target=sofa success=0 spl=0.0000 reason=max_steps_reached steps=490 runtime=485.1s SR=38.18% (126/330) mean_SPL=0.1655 SR@1m=56.67% SPL@1m=0.2487
[ZSON3 EVAL] 331/1000 scene=MHPLjHsuG27.basis episode=23 target=chair success=1 spl=0.5586 reason=object_found steps=107 runtime=62.2s SR=38.37% (127/331) mean_SPL=0.1667 SR@1m=56.80% SPL@1m=0.2496
[ZSON3 EVAL] 332/1000 scene=MHPLjHsuG27.basis episode=24 target=bed success=0 spl=0.0000 reason=max_steps_reached steps=497 runtime=291.5s SR=38.25% (127/332) mean_SPL=0.1662 SR@1m=56.63% SPL@1m=0.2488
[ZSON3 EVAL] 333/1000 scene=MHPLjHsuG27.basis episode=25 target=bed success=0 spl=0.0000 reason=object_found_at_1m_only steps=141 runtime=125.1s SR=38.14% (127/333) mean_SPL=0.1657 SR@1m=56.76% SPL@1m=0.2490
[ZSON3 EVAL] 334/1000 scene=MHPLjHsuG27.basis episode=26 target=bed success=0 spl=0.0000 reason=object_found_at_1m_only steps=70 runtime=47.7s SR=38.02% (127/334) mean_SPL=0.1652 SR@1m=56.89% SPL@1m=0.2496
[ZSON3 EVAL] 335/1000 scene=MHPLjHsuG27.basis episode=27 target=chair success=1 spl=0.2714 reason=object_found steps=105 runtime=141.9s SR=38.21% (128/335) mean_SPL=0.1656 SR@1m=57.01% SPL@1m=0.2497
[ZSON3 EVAL] 336/1000 scene=Nfvxx8J5NCo.basis episode=0 target=sofa success=0 spl=0.0000 reason=object_found_at_1m_only steps=112 runtime=83.1s SR=38.10% (128/336) mean_SPL=0.1651 SR@1m=57.14% SPL@1m=0.2511
[ZSON3 EVAL] 337/1000 scene=Nfvxx8J5NCo.basis episode=1 target=tv_monitor success=0 spl=0.0000 reason=object_found_at_1m_only steps=303 runtime=238.9s SR=37.98% (128/337) mean_SPL=0.1646 SR@1m=57.27% SPL@1m=0.2505
[ZSON3 EVAL] 338/1000 scene=Nfvxx8J5NCo.basis episode=2 target=toilet success=0 spl=0.0000 reason=max_steps_reached steps=499 runtime=380.4s SR=37.87% (128/338) mean_SPL=0.1641 SR@1m=57.10% SPL@1m=0.2498
[ZSON3 EVAL] 339/1000 scene=Nfvxx8J5NCo.basis episode=3 target=sofa success=0 spl=0.0000 reason=object_found_at_1m_only steps=64 runtime=46.1s SR=37.76% (128/339) mean_SPL=0.1636 SR@1m=57.23% SPL@1m=0.2504
[ZSON3 EVAL] 340/1000 scene=Nfvxx8J5NCo.basis episode=4 target=sofa success=0 spl=0.0000 reason=object_found_at_1m_only steps=196 runtime=115.9s SR=37.65% (128/340) mean_SPL=0.1631 SR@1m=57.35% SPL@1m=0.2509
[ZSON3 EVAL] 341/1000 scene=Nfvxx8J5NCo.basis episode=5 target=toilet success=0 spl=0.0000 reason=max_steps_reached steps=496 runtime=399.3s SR=37.54% (128/341) mean_SPL=0.1626 SR@1m=57.18% SPL@1m=0.2502
[ZSON3 EVAL] 342/1000 scene=Nfvxx8J5NCo.basis episode=6 target=bed success=0 spl=0.0000 reason=object_found_at_1m_only steps=70 runtime=34.9s SR=37.43% (128/342) mean_SPL=0.1622 SR@1m=57.31% SPL@1m=0.2513
[ZSON3 EVAL] 343/1000 scene=Nfvxx8J5NCo.basis episode=7 target=bed success=1 spl=0.3262 reason=object_found steps=103 runtime=85.8s SR=37.61% (129/343) mean_SPL=0.1626 SR@1m=57.43% SPL@1m=0.2515
[ZSON3 EVAL] 344/1000 scene=Nfvxx8J5NCo.basis episode=8 target=tv_monitor success=0 spl=0.0000 reason=object_found_at_1m_only steps=174 runtime=138.5s SR=37.50% (129/344) mean_SPL=0.1622 SR@1m=57.56% SPL@1m=0.2517
[ZSON3 EVAL] 345/1000 scene=Nfvxx8J5NCo.basis episode=9 target=chair success=0 spl=0.0000 reason=object_found_at_1m_only steps=37 runtime=28.2s SR=37.39% (129/345) mean_SPL=0.1617 SR@1m=57.68% SPL@1m=0.2530
[ZSON3 EVAL] 346/1000 scene=Nfvxx8J5NCo.basis episode=10 target=tv_monitor success=0 spl=0.0000 reason=object_found_at_1m_only steps=244 runtime=170.6s SR=37.28% (129/346) mean_SPL=0.1612 SR@1m=57.80% SPL@1m=0.2530
[ZSON3 EVAL] 347/1000 scene=Nfvxx8J5NCo.basis episode=11 target=bed success=0 spl=0.0000 reason=object_found_at_1m_only steps=161 runtime=114.5s SR=37.18% (129/347) mean_SPL=0.1608 SR@1m=57.93% SPL@1m=0.2529
[ZSON3 EVAL] 348/1000 scene=Nfvxx8J5NCo.basis episode=12 target=toilet success=0 spl=0.0000 reason=max_steps_reached steps=496 runtime=328.9s SR=37.07% (129/348) mean_SPL=0.1603 SR@1m=57.76% SPL@1m=0.2522
[ZSON3 EVAL] 349/1000 scene=Nfvxx8J5NCo.basis episode=13 target=tv_monitor success=0 spl=0.0000 reason=robot_stuck steps=387 runtime=191.5s SR=36.96% (129/349) mean_SPL=0.1598 SR@1m=57.88% SPL@1m=0.2525
[ZSON3 EVAL] 350/1000 scene=Nfvxx8J5NCo.basis episode=14 target=toilet success=0 spl=0.0000 reason=max_steps_reached steps=492 runtime=362.0s SR=36.86% (129/350) mean_SPL=0.1594 SR@1m=57.71% SPL@1m=0.2518
[ZSON3 EVAL] 351/1000 scene=Nfvxx8J5NCo.basis episode=15 target=sofa success=0 spl=0.0000 reason=object_found_at_1m_only steps=24 runtime=19.7s SR=36.75% (129/351) mean_SPL=0.1589 SR@1m=57.83% SPL@1m=0.2534
[ZSON3 EVAL] 352/1000 scene=Nfvxx8J5NCo.basis episode=16 target=sofa success=0 spl=0.0000 reason=object_found_at_1m_only steps=198 runtime=125.6s SR=36.65% (129/352) mean_SPL=0.1585 SR@1m=57.95% SPL@1m=0.2539
[ZSON3 EVAL] 353/1000 scene=Nfvxx8J5NCo.basis episode=17 target=bed success=1 spl=0.4133 reason=object_found steps=173 runtime=122.8s SR=36.83% (130/353) mean_SPL=0.1592 SR@1m=58.07% SPL@1m=0.2544
[ZSON3 EVAL] 354/1000 scene=Nfvxx8J5NCo.basis episode=18 target=chair success=0 spl=0.0000 reason=object_found_at_1m_only steps=115 runtime=80.8s SR=36.72% (130/354) mean_SPL=0.1588 SR@1m=58.19% SPL@1m=0.2545
[ZSON3 EVAL] 355/1000 scene=Nfvxx8J5NCo.basis episode=19 target=bed success=0 spl=0.0000 reason=object_found_at_1m_only steps=30 runtime=18.6s SR=36.62% (130/355) mean_SPL=0.1583 SR@1m=58.31% SPL@1m=0.2557
[ZSON3 EVAL] 356/1000 scene=Nfvxx8J5NCo.basis episode=20 target=toilet success=0 spl=0.0000 reason=object_found_at_1m_only steps=198 runtime=151.2s SR=36.52% (130/356) mean_SPL=0.1579 SR@1m=58.43% SPL@1m=0.2555
[ZSON3 EVAL] 357/1000 scene=Nfvxx8J5NCo.basis episode=21 target=chair success=0 spl=0.0000 reason=object_found_at_1m_only steps=89 runtime=49.1s SR=36.41% (130/357) mean_SPL=0.1574 SR@1m=58.54% SPL@1m=0.2564
[ZSON3 EVAL] 358/1000 scene=Nfvxx8J5NCo.basis episode=22 target=tv_monitor success=0 spl=0.0000 reason=robot_stuck steps=222 runtime=79.8s SR=36.31% (130/358) mean_SPL=0.1570 SR@1m=58.66% SPL@1m=0.2578
[ZSON3 EVAL] 359/1000 scene=Nfvxx8J5NCo.basis episode=23 target=bed success=0 spl=0.0000 reason=object_found_at_1m_only steps=253 runtime=238.5s SR=36.21% (130/359) mean_SPL=0.1565 SR@1m=58.77% SPL@1m=0.2576
[ZSON3 EVAL] 360/1000 scene=Nfvxx8J5NCo.basis episode=24 target=chair success=0 spl=0.0000 reason=object_found_at_1m_only steps=99 runtime=80.9s SR=36.11% (130/360) mean_SPL=0.1561 SR@1m=58.89% SPL@1m=0.2577
[ZSON3 EVAL] 361/1000 scene=Nfvxx8J5NCo.basis episode=25 target=chair success=0 spl=0.0000 reason=object_found_at_1m_only steps=83 runtime=60.0s SR=36.01% (130/361) mean_SPL=0.1557 SR@1m=59.00% SPL@1m=0.2581
[ZSON3 EVAL] 362/1000 scene=Nfvxx8J5NCo.basis episode=26 target=tv_monitor success=0 spl=0.0000 reason=object_found_at_1m_only steps=74 runtime=36.6s SR=35.91% (130/362) mean_SPL=0.1552 SR@1m=59.12% SPL@1m=0.2591
[ZSON3 EVAL] 363/1000 scene=Nfvxx8J5NCo.basis episode=27 target=sofa success=0 spl=0.0000 reason=object_found_at_1m_only steps=44 runtime=28.0s SR=35.81% (130/363) mean_SPL=0.1548 SR@1m=59.23% SPL@1m=0.2606
[ZSON3 EVAL] 364/1000 scene=QaLdnwvtxbs.basis episode=0 target=bed success=0 spl=0.0000 reason=object_found_at_1m_only steps=120 runtime=141.8s SR=35.71% (130/364) mean_SPL=0.1544 SR@1m=59.34% SPL@1m=0.2611
[ZSON3 EVAL] 365/1000 scene=QaLdnwvtxbs.basis episode=1 target=sofa success=0 spl=0.0000 reason=object_found_at_1m_only steps=55 runtime=37.2s SR=35.62% (130/365) mean_SPL=0.1540 SR@1m=59.45% SPL@1m=0.2625
[ZSON3 EVAL] 366/1000 scene=QaLdnwvtxbs.basis episode=2 target=sofa success=0 spl=0.0000 reason=object_found_at_1m_only steps=74 runtime=41.5s SR=35.52% (130/366) mean_SPL=0.1536 SR@1m=59.56% SPL@1m=0.2637
[ZSON3 EVAL] 367/1000 scene=QaLdnwvtxbs.basis episode=3 target=tv_monitor success=0 spl=0.0000 reason=robot_stuck steps=232 runtime=78.6s SR=35.42% (130/367) mean_SPL=0.1531 SR@1m=59.67% SPL@1m=0.2644
[ZSON3 EVAL] 368/1000 scene=QaLdnwvtxbs.basis episode=4 target=sofa success=0 spl=0.0000 reason=object_found_at_1m_only steps=200 runtime=157.1s SR=35.33% (130/368) mean_SPL=0.1527 SR@1m=59.78% SPL@1m=0.2640
[ZSON3 EVAL] 369/1000 scene=QaLdnwvtxbs.basis episode=5 target=bed success=0 spl=0.0000 reason=object_found_at_1m_only steps=321 runtime=204.3s SR=35.23% (130/369) mean_SPL=0.1523 SR@1m=59.89% SPL@1m=0.2635
[ZSON3 EVAL] 370/1000 scene=QaLdnwvtxbs.basis episode=6 target=chair success=0 spl=0.0000 reason=object_found_at_1m_only steps=398 runtime=281.5s SR=35.14% (130/370) mean_SPL=0.1519 SR@1m=60.00% SPL@1m=0.2631
[ZSON3 EVAL] 371/1000 scene=QaLdnwvtxbs.basis episode=7 target=toilet success=0 spl=0.0000 reason=object_found_at_1m_only steps=197 runtime=141.6s SR=35.04% (130/371) mean_SPL=0.1515 SR@1m=60.11% SPL@1m=0.2635
[ZSON3 EVAL] 372/1000 scene=QaLdnwvtxbs.basis episode=8 target=bed success=0 spl=0.0000 reason=object_found_at_1m_only steps=136 runtime=86.8s SR=34.95% (130/372) mean_SPL=0.1511 SR@1m=60.22% SPL@1m=0.2641
[ZSON3 EVAL] 373/1000 scene=QaLdnwvtxbs.basis episode=9 target=sofa success=0 spl=0.0000 reason=object_found_at_1m_only steps=78 runtime=42.4s SR=34.85% (130/373) mean_SPL=0.1507 SR@1m=60.32% SPL@1m=0.2648
[ZSON3 EVAL] 374/1000 scene=QaLdnwvtxbs.basis episode=10 target=toilet success=0 spl=0.0000 reason=object_found_at_1m_only steps=300 runtime=223.7s SR=34.76% (130/374) mean_SPL=0.1503 SR@1m=60.43% SPL@1m=0.2647
[ZSON3 EVAL] 375/1000 scene=QaLdnwvtxbs.basis episode=11 target=tv_monitor success=0 spl=0.0000 reason=robot_stuck steps=233 runtime=94.3s SR=34.67% (130/375) mean_SPL=0.1499 SR@1m=60.53% SPL@1m=0.2649
[ZSON3 EVAL] 376/1000 scene=QaLdnwvtxbs.basis episode=12 target=toilet success=0 spl=0.0000 reason=object_found_at_1m_only steps=144 runtime=108.4s SR=34.57% (130/376) mean_SPL=0.1495 SR@1m=60.64% SPL@1m=0.2656
[ZSON3 EVAL] 377/1000 scene=QaLdnwvtxbs.basis episode=13 target=sofa success=0 spl=0.0000 reason=object_found_at_1m_only steps=86 runtime=60.9s SR=34.48% (130/377) mean_SPL=0.1491 SR@1m=60.74% SPL@1m=0.2663
[ZSON3 EVAL] 378/1000 scene=QaLdnwvtxbs.basis episode=14 target=bed success=0 spl=0.0000 reason=object_found_at_1m_only steps=62 runtime=33.6s SR=34.39% (130/378) mean_SPL=0.1487 SR@1m=60.85% SPL@1m=0.2674
[ZSON3 EVAL] 379/1000 scene=QaLdnwvtxbs.basis episode=15 target=chair success=0 spl=0.0000 reason=object_found_at_1m_only steps=186 runtime=122.8s SR=34.30% (130/379) mean_SPL=0.1483 SR@1m=60.95% SPL@1m=0.2671
[ZSON3 EVAL] 380/1000 scene=QaLdnwvtxbs.basis episode=16 target=toilet success=0 spl=0.0000 reason=object_found_at_1m_only steps=405 runtime=290.2s SR=34.21% (130/380) mean_SPL=0.1479 SR@1m=61.05% SPL@1m=0.2672
[ZSON3 EVAL] 381/1000 scene=QaLdnwvtxbs.basis episode=17 target=tv_monitor success=0 spl=0.0000 reason=object_found_at_1m_only steps=59 runtime=51.5s SR=34.12% (130/381) mean_SPL=0.1475 SR@1m=61.15% SPL@1m=0.2686
[ZSON3 EVAL] 382/1000 scene=QaLdnwvtxbs.basis episode=18 target=sofa success=0 spl=0.0000 reason=object_found_at_1m_only steps=101 runtime=75.1s SR=34.03% (130/382) mean_SPL=0.1471 SR@1m=61.26% SPL@1m=0.2697
[ZSON3 EVAL] 383/1000 scene=QaLdnwvtxbs.basis episode=19 target=tv_monitor success=0 spl=0.0000 reason=robot_stuck steps=296 runtime=154.1s SR=33.94% (130/383) mean_SPL=0.1467 SR@1m=61.36% SPL@1m=0.2703
[ZSON3 EVAL] 384/1000 scene=QaLdnwvtxbs.basis episode=20 target=chair success=0 spl=0.0000 reason=object_found_at_1m_only steps=128 runtime=106.2s SR=33.85% (130/384) mean_SPL=0.1464 SR@1m=61.46% SPL@1m=0.2702
[ZSON3 EVAL] 385/1000 scene=QaLdnwvtxbs.basis episode=21 target=chair success=0 spl=0.0000 reason=object_found_at_1m_only steps=60 runtime=43.1s SR=33.77% (130/385) mean_SPL=0.1460 SR@1m=61.56% SPL@1m=0.2712
[ZSON3 EVAL] 386/1000 scene=QaLdnwvtxbs.basis episode=22 target=toilet success=0 spl=0.0000 reason=object_found_at_1m_only steps=164 runtime=120.0s SR=33.68% (130/386) mean_SPL=0.1456 SR@1m=61.66% SPL@1m=0.2715
[ZSON3 EVAL] 387/1000 scene=QaLdnwvtxbs.basis episode=23 target=bed success=0 spl=0.0000 reason=object_found_at_1m_only steps=112 runtime=65.7s SR=33.59% (130/387) mean_SPL=0.1452 SR@1m=61.76% SPL@1m=0.2725
[ZSON3 EVAL] 388/1000 scene=QaLdnwvtxbs.basis episode=24 target=chair success=0 spl=0.0000 reason=object_found_at_1m_only steps=22 runtime=10.7s SR=33.51% (130/388) mean_SPL=0.1448 SR@1m=61.86% SPL@1m=0.2730
[ZSON3 EVAL] 389/1000 scene=QaLdnwvtxbs.basis episode=25 target=tv_monitor success=0 spl=0.0000 reason=object_found_at_1m_only steps=330 runtime=260.4s SR=33.42% (130/389) mean_SPL=0.1445 SR@1m=61.95% SPL@1m=0.2727
[ZSON3 EVAL] 390/1000 scene=QaLdnwvtxbs.basis episode=26 target=toilet success=0 spl=0.0000 reason=object_found_at_1m_only steps=95 runtime=74.9s SR=33.33% (130/390) mean_SPL=0.1441 SR@1m=62.05% SPL@1m=0.2741
[ZSON3 EVAL] 391/1000 scene=QaLdnwvtxbs.basis episode=27 target=tv_monitor success=0 spl=0.0000 reason=object_found_at_1m_only steps=101 runtime=60.8s SR=33.25% (130/391) mean_SPL=0.1437 SR@1m=62.15% SPL@1m=0.2741
[ZSON3 EVAL] 392/1000 scene=TEEsavR23oF.basis episode=0 target=toilet success=0 spl=0.0000 reason=max_steps_reached steps=500 runtime=605.6s SR=33.16% (130/392) mean_SPL=0.1434 SR@1m=61.99% SPL@1m=0.2734
[ZSON3 EVAL] 393/1000 scene=TEEsavR23oF.basis episode=1 target=bed success=0 spl=0.0000 reason=object_found_at_1m_only steps=258 runtime=230.1s SR=33.08% (130/393) mean_SPL=0.1430 SR@1m=62.09% SPL@1m=0.2734
[ZSON3 EVAL] 394/1000 scene=TEEsavR23oF.basis episode=2 target=sofa success=0 spl=0.0000 reason=object_found_at_1m_only steps=358 runtime=278.7s SR=32.99% (130/394) mean_SPL=0.1426 SR@1m=62.18% SPL@1m=0.2732
[ZSON3 EVAL] 395/1000 scene=TEEsavR23oF.basis episode=3 target=bed success=0 spl=0.0000 reason=max_steps_reached steps=498 runtime=609.4s SR=32.91% (130/395) mean_SPL=0.1423 SR@1m=62.03% SPL@1m=0.2725
[ZSON3 EVAL] 396/1000 scene=TEEsavR23oF.basis episode=4 target=bed success=0 spl=0.0000 reason=object_found_at_1m_only steps=317 runtime=228.5s SR=32.83% (130/396) mean_SPL=0.1419 SR@1m=62.12% SPL@1m=0.2722
[ZSON3 EVAL] 397/1000 scene=TEEsavR23oF.basis episode=5 target=chair success=0 spl=0.0000 reason=object_found_at_1m_only steps=28 runtime=16.9s SR=32.75% (130/397) mean_SPL=0.1416 SR@1m=62.22% SPL@1m=0.2734
[ZSON3 EVAL] 398/1000 scene=TEEsavR23oF.basis episode=6 target=tv_monitor success=1 spl=0.7318 reason=object_found steps=76 runtime=54.0s SR=32.91% (131/398) mean_SPL=0.1430 SR@1m=62.31% SPL@1m=0.2745
[ZSON3 EVAL] 399/1000 scene=TEEsavR23oF.basis episode=7 target=bed success=0 spl=0.0000 reason=object_found_at_1m_only steps=219 runtime=203.4s SR=32.83% (131/399) mean_SPL=0.1427 SR@1m=62.41% SPL@1m=0.2743
[ZSON3 EVAL] 400/1000 scene=TEEsavR23oF.basis episode=8 target=sofa success=0 spl=0.0000 reason=object_found_at_1m_only steps=163 runtime=137.9s SR=32.75% (131/400) mean_SPL=0.1423 SR@1m=62.50% SPL@1m=0.2743
[ZSON3 EVAL] 401/1000 scene=TEEsavR23oF.basis episode=9 target=sofa success=0 spl=0.0000 reason=object_found_at_1m_only steps=444 runtime=279.9s SR=32.67% (131/401) mean_SPL=0.1420 SR@1m=62.59% SPL@1m=0.2742
[ZSON3 EVAL] 402/1000 scene=TEEsavR23oF.basis episode=10 target=tv_monitor success=0 spl=0.0000 reason=max_steps_reached steps=494 runtime=925.6s SR=32.59% (131/402) mean_SPL=0.1416 SR@1m=62.44% SPL@1m=0.2735
[ZSON3 EVAL] 403/1000 scene=TEEsavR23oF.basis episode=11 target=chair success=1 spl=0.2119 reason=object_found steps=159 runtime=135.2s SR=32.75% (132/403) mean_SPL=0.1418 SR@1m=62.53% SPL@1m=0.2733
[ZSON3 EVAL] 404/1000 scene=TEEsavR23oF.basis episode=12 target=chair success=0 spl=0.0000 reason=object_found_at_1m_only steps=44 runtime=25.5s SR=32.67% (132/404) mean_SPL=0.1414 SR@1m=62.62% SPL@1m=0.2745
[ZSON3 EVAL] 405/1000 scene=TEEsavR23oF.basis episode=13 target=toilet success=0 spl=0.0000 reason=max_steps_reached steps=499 runtime=675.6s SR=32.59% (132/405) mean_SPL=0.1411 SR@1m=62.47% SPL@1m=0.2738
[ZSON3 EVAL] 406/1000 scene=TEEsavR23oF.basis episode=14 target=plant success=0 spl=0.0000 reason=max_steps_reached steps=499 runtime=852.8s SR=32.51% (132/406) mean_SPL=0.1407 SR@1m=62.32% SPL@1m=0.2732
[ZSON3 EVAL] 407/1000 scene=TEEsavR23oF.basis episode=15 target=toilet success=0 spl=0.0000 reason=max_steps_reached steps=496 runtime=1479.7s SR=32.43% (132/407) mean_SPL=0.1404 SR@1m=62.16% SPL@1m=0.2725
[ZSON3 EVAL] 408/1000 scene=TEEsavR23oF.basis episode=16 target=plant success=0 spl=0.0000 reason=false_positive steps=32 runtime=23.9s SR=32.35% (132/408) mean_SPL=0.1401 SR@1m=62.01% SPL@1m=0.2718
[ZSON3 EVAL] 409/1000 scene=TEEsavR23oF.basis episode=17 target=chair success=0 spl=0.0000 reason=object_found_at_1m_only steps=19 runtime=12.7s SR=32.27% (132/409) mean_SPL=0.1397 SR@1m=62.10% SPL@1m=0.2724
[ZSON3 EVAL] 410/1000 scene=TEEsavR23oF.basis episode=18 target=plant success=0 spl=0.0000 reason=max_steps_reached steps=486 runtime=975.1s SR=32.20% (132/410) mean_SPL=0.1394 SR@1m=61.95% SPL@1m=0.2717
[ZSON3 EVAL] 411/1000 scene=TEEsavR23oF.basis episode=19 target=plant success=0 spl=0.0000 reason=object_found_at_1m_only steps=468 runtime=338.1s SR=32.12% (132/411) mean_SPL=0.1390 SR@1m=62.04% SPL@1m=0.2713
[ZSON3 EVAL] 412/1000 scene=TEEsavR23oF.basis episode=20 target=plant success=0 spl=0.0000 reason=robot_stuck steps=250 runtime=153.3s SR=32.04% (132/412) mean_SPL=0.1387 SR@1m=62.14% SPL@1m=0.2721
[ZSON3 EVAL] 413/1000 scene=TEEsavR23oF.basis episode=21 target=tv_monitor success=0 spl=0.0000 reason=false_positive steps=181 runtime=128.6s SR=31.96% (132/413) mean_SPL=0.1384 SR@1m=61.99% SPL@1m=0.2715
[ZSON3 EVAL] 414/1000 scene=TEEsavR23oF.basis episode=22 target=sofa success=0 spl=0.0000 reason=object_found_at_1m_only steps=259 runtime=223.4s SR=31.88% (132/414) mean_SPL=0.1380 SR@1m=62.08% SPL@1m=0.2715
[ZSON3 EVAL] 415/1000 scene=TEEsavR23oF.basis episode=23 target=bed success=0 spl=0.0000 reason=max_steps_reached steps=497 runtime=846.7s SR=31.81% (132/415) mean_SPL=0.1377 SR@1m=61.93% SPL@1m=0.2709
[ZSON3 EVAL] 416/1000 scene=TEEsavR23oF.basis episode=24 target=tv_monitor success=0 spl=0.0000 reason=max_steps_reached steps=499 runtime=656.3s SR=31.73% (132/416) mean_SPL=0.1374 SR@1m=61.78% SPL@1m=0.2702
[ZSON3 EVAL] 417/1000 scene=TEEsavR23oF.basis episode=25 target=toilet success=0 spl=0.0000 reason=max_steps_reached steps=500 runtime=453.8s SR=31.65% (132/417) mean_SPL=0.1370 SR@1m=61.87% SPL@1m=0.2698
[ZSON3 EVAL] 418/1000 scene=TEEsavR23oF.basis episode=26 target=chair success=1 spl=0.3650 reason=object_found steps=105 runtime=111.2s SR=31.82% (133/418) mean_SPL=0.1376 SR@1m=61.96% SPL@1m=0.2700
[ZSON3 EVAL] 419/1000 scene=TEEsavR23oF.basis episode=27 target=toilet success=0 spl=0.0000 reason=object_found_at_1m_only steps=226 runtime=148.2s SR=31.74% (133/419) mean_SPL=0.1373 SR@1m=62.05% SPL@1m=0.2699
[ZSON3 EVAL] 420/1000 scene=VBzV5z6i1WS.basis episode=0 target=toilet success=1 spl=0.5042 reason=object_found steps=227 runtime=196.7s SR=31.90% (134/420) mean_SPL=0.1381 SR@1m=62.14% SPL@1m=0.2704
[ZSON3 EVAL] 421/1000 scene=VBzV5z6i1WS.basis episode=1 target=sofa success=1 spl=0.7239 reason=robot_stuck steps=268 runtime=163.8s SR=32.07% (135/421) mean_SPL=0.1395 SR@1m=62.23% SPL@1m=0.2715
[ZSON3 EVAL] 422/1000 scene=VBzV5z6i1WS.basis episode=2 target=tv_monitor success=1 spl=0.2502 reason=object_found steps=177 runtime=131.4s SR=32.23% (136/422) mean_SPL=0.1398 SR@1m=62.32% SPL@1m=0.2714
[ZSON3 EVAL] 423/1000 scene=VBzV5z6i1WS.basis episode=3 target=tv_monitor success=1 spl=0.2892 reason=object_found steps=108 runtime=113.4s SR=32.39% (137/423) mean_SPL=0.1401 SR@1m=62.41% SPL@1m=0.2715
[ZSON3 EVAL] 424/1000 scene=VBzV5z6i1WS.basis episode=4 target=toilet success=1 spl=0.0610 reason=object_found steps=376 runtime=396.2s SR=32.55% (138/424) mean_SPL=0.1399 SR@1m=62.50% SPL@1m=0.2710
[ZSON3 EVAL] 425/1000 scene=VBzV5z6i1WS.basis episode=5 target=bed success=1 spl=0.6499 reason=object_found steps=108 runtime=90.2s SR=32.71% (139/425) mean_SPL=0.1411 SR@1m=62.59% SPL@1m=0.2719
[ZSON3 EVAL] 426/1000 scene=VBzV5z6i1WS.basis episode=6 target=chair success=1 spl=0.2268 reason=object_found steps=127 runtime=96.5s SR=32.86% (140/426) mean_SPL=0.1413 SR@1m=62.68% SPL@1m=0.2718
[ZSON3 EVAL] 427/1000 scene=VBzV5z6i1WS.basis episode=7 target=bed success=1 spl=0.8406 reason=object_found steps=34 runtime=29.8s SR=33.02% (141/427) mean_SPL=0.1430 SR@1m=62.76% SPL@1m=0.2731
[ZSON3 EVAL] 428/1000 scene=VBzV5z6i1WS.basis episode=8 target=plant success=1 spl=0.2931 reason=object_found steps=198 runtime=193.2s SR=33.18% (142/428) mean_SPL=0.1433 SR@1m=62.85% SPL@1m=0.2732
[ZSON3 EVAL] 429/1000 scene=VBzV5z6i1WS.basis episode=9 target=toilet success=0 spl=0.0000 reason=max_steps_reached steps=496 runtime=586.2s SR=33.10% (142/429) mean_SPL=0.1430 SR@1m=62.70% SPL@1m=0.2725
[ZSON3 EVAL] 430/1000 scene=VBzV5z6i1WS.basis episode=10 target=plant success=0 spl=0.0000 reason=max_steps_reached steps=493 runtime=549.2s SR=33.02% (142/430) mean_SPL=0.1427 SR@1m=62.56% SPL@1m=0.2719
[ZSON3 EVAL] 431/1000 scene=VBzV5z6i1WS.basis episode=11 target=plant success=1 spl=0.3713 reason=object_found steps=88 runtime=89.0s SR=33.18% (143/431) mean_SPL=0.1432 SR@1m=62.65% SPL@1m=0.2721
[ZSON3 EVAL] 432/1000 scene=VBzV5z6i1WS.basis episode=12 target=sofa success=1 spl=0.3861 reason=object_found steps=40 runtime=36.4s SR=33.33% (144/432) mean_SPL=0.1438 SR@1m=62.73% SPL@1m=0.2724
[ZSON3 EVAL] 433/1000 scene=VBzV5z6i1WS.basis episode=13 target=chair success=1 spl=0.4233 reason=object_found steps=28 runtime=14.4s SR=33.49% (145/433) mean_SPL=0.1444 SR@1m=62.82% SPL@1m=0.2727
[ZSON3 EVAL] 434/1000 scene=VBzV5z6i1WS.basis episode=14 target=tv_monitor success=0 spl=0.0000 reason=object_found_at_1m_only steps=290 runtime=314.4s SR=33.41% (145/434) mean_SPL=0.1441 SR@1m=62.90% SPL@1m=0.2723
[ZSON3 EVAL] 435/1000 scene=VBzV5z6i1WS.basis episode=15 target=chair success=1 spl=0.4118 reason=object_found steps=53 runtime=34.1s SR=33.56% (146/435) mean_SPL=0.1447 SR@1m=62.99% SPL@1m=0.2726
[ZSON3 EVAL] 436/1000 scene=VBzV5z6i1WS.basis episode=16 target=sofa success=0 spl=0.0000 reason=robot_stuck steps=368 runtime=288.4s SR=33.49% (146/436) mean_SPL=0.1444 SR@1m=63.07% SPL@1m=0.2732
[ZSON3 EVAL] 437/1000 scene=VBzV5z6i1WS.basis episode=17 target=bed success=1 spl=0.4153 reason=object_found steps=98 runtime=98.3s SR=33.64% (147/437) mean_SPL=0.1450 SR@1m=63.16% SPL@1m=0.2735
[ZSON3 EVAL] 438/1000 scene=VBzV5z6i1WS.basis episode=18 target=bed success=1 spl=0.2700 reason=object_found steps=232 runtime=183.2s SR=33.79% (148/438) mean_SPL=0.1453 SR@1m=63.24% SPL@1m=0.2735
[ZSON3 EVAL] 439/1000 scene=VBzV5z6i1WS.basis episode=19 target=chair success=1 spl=0.2963 reason=object_found steps=45 runtime=29.3s SR=33.94% (149/439) mean_SPL=0.1456 SR@1m=63.33% SPL@1m=0.2736
[ZSON3 EVAL] 440/1000 scene=VBzV5z6i1WS.basis episode=20 target=toilet success=1 spl=0.8184 reason=object_found steps=49 runtime=47.2s SR=34.09% (150/440) mean_SPL=0.1471 SR@1m=63.41% SPL@1m=0.2748
[ZSON3 EVAL] 441/1000 scene=VBzV5z6i1WS.basis episode=21 target=tv_monitor success=0 spl=0.0000 reason=object_found_at_1m_only steps=197 runtime=204.0s SR=34.01% (150/441) mean_SPL=0.1468 SR@1m=63.49% SPL@1m=0.2744
[ZSON3 EVAL] 442/1000 scene=VBzV5z6i1WS.basis episode=22 target=plant success=1 spl=0.1357 reason=object_found steps=464 runtime=465.6s SR=34.16% (151/442) mean_SPL=0.1468 SR@1m=63.57% SPL@1m=0.2741
[ZSON3 EVAL] 443/1000 scene=VBzV5z6i1WS.basis episode=23 target=bed success=1 spl=0.2870 reason=object_found steps=117 runtime=97.7s SR=34.31% (152/443) mean_SPL=0.1471 SR@1m=63.66% SPL@1m=0.2741
[ZSON3 EVAL] 444/1000 scene=VBzV5z6i1WS.basis episode=24 target=sofa success=0 spl=0.0000 reason=false_positive steps=6 runtime=9.5s SR=34.23% (152/444) mean_SPL=0.1468 SR@1m=63.51% SPL@1m=0.2735
[ZSON3 EVAL] 445/1000 scene=VBzV5z6i1WS.basis episode=25 target=chair success=1 spl=0.5309 reason=object_found steps=48 runtime=33.4s SR=34.38% (153/445) mean_SPL=0.1476 SR@1m=63.60% SPL@1m=0.2741
[ZSON3 EVAL] 446/1000 scene=VBzV5z6i1WS.basis episode=26 target=sofa success=0 spl=0.0000 reason=false_positive steps=155 runtime=120.8s SR=34.30% (153/446) mean_SPL=0.1473 SR@1m=63.45% SPL@1m=0.2734
[ZSON3 EVAL] 447/1000 scene=VBzV5z6i1WS.basis episode=27 target=tv_monitor success=1 spl=0.1097 reason=object_found steps=189 runtime=162.9s SR=34.45% (154/447) mean_SPL=0.1472 SR@1m=63.53% SPL@1m=0.2731
[ZSON3 EVAL] 448/1000 scene=XB4GS9ShBRE.basis episode=0 target=plant success=1 spl=0.7377 reason=robot_stuck steps=275 runtime=135.3s SR=34.60% (155/448) mean_SPL=0.1485 SR@1m=63.62% SPL@1m=0.2741
[ZSON3 EVAL] 449/1000 scene=XB4GS9ShBRE.basis episode=1 target=bed success=1 spl=0.4613 reason=object_found steps=63 runtime=46.7s SR=34.74% (156/449) mean_SPL=0.1492 SR@1m=63.70% SPL@1m=0.2745
[ZSON3 EVAL] 450/1000 scene=XB4GS9ShBRE.basis episode=2 target=sofa success=0 spl=0.0000 reason=false_positive steps=89 runtime=43.9s SR=34.67% (156/450) mean_SPL=0.1489 SR@1m=63.56% SPL@1m=0.2739
[ZSON3 EVAL] 451/1000 scene=XB4GS9ShBRE.basis episode=3 target=tv_monitor success=0 spl=0.0000 reason=false_positive steps=136 runtime=68.4s SR=34.59% (156/451) mean_SPL=0.1486 SR@1m=63.41% SPL@1m=0.2733
[ZSON3 EVAL] 452/1000 scene=XB4GS9ShBRE.basis episode=4 target=toilet success=0 spl=0.0000 reason=false_positive steps=299 runtime=191.9s SR=34.51% (156/452) mean_SPL=0.1482 SR@1m=63.27% SPL@1m=0.2727
[ZSON3 EVAL] 453/1000 scene=XB4GS9ShBRE.basis episode=5 target=tv_monitor success=0 spl=0.0000 reason=false_positive steps=238 runtime=168.2s SR=34.44% (156/453) mean_SPL=0.1479 SR@1m=63.13% SPL@1m=0.2721
[ZSON3 EVAL] 454/1000 scene=XB4GS9ShBRE.basis episode=6 target=sofa success=1 spl=0.7614 reason=object_found steps=64 runtime=41.7s SR=34.58% (157/454) mean_SPL=0.1493 SR@1m=63.22% SPL@1m=0.2732
[ZSON3 EVAL] 455/1000 scene=XB4GS9ShBRE.basis episode=7 target=toilet success=0 spl=0.0000 reason=max_steps_reached steps=490 runtime=340.4s SR=34.51% (157/455) mean_SPL=0.1489 SR@1m=63.08% SPL@1m=0.2726
[ZSON3 EVAL] 456/1000 scene=XB4GS9ShBRE.basis episode=8 target=bed success=1 spl=0.5624 reason=object_found steps=119 runtime=45.3s SR=34.65% (158/456) mean_SPL=0.1498 SR@1m=63.16% SPL@1m=0.2732
[ZSON3 EVAL] 457/1000 scene=XB4GS9ShBRE.basis episode=9 target=toilet success=0 spl=0.0000 reason=max_steps_reached steps=500 runtime=349.9s SR=34.57% (158/457) mean_SPL=0.1495 SR@1m=63.02% SPL@1m=0.2726
[ZSON3 EVAL] 458/1000 scene=XB4GS9ShBRE.basis episode=10 target=bed success=1 spl=0.7541 reason=object_found steps=39 runtime=17.5s SR=34.72% (159/458) mean_SPL=0.1508 SR@1m=63.10% SPL@1m=0.2737
[ZSON3 EVAL] 459/1000 scene=XB4GS9ShBRE.basis episode=11 target=tv_monitor success=0 spl=0.0000 reason=false_positive steps=115 runtime=68.2s SR=34.64% (159/459) mean_SPL=0.1505 SR@1m=62.96% SPL@1m=0.2731
[ZSON3 EVAL] 460/1000 scene=XB4GS9ShBRE.basis episode=12 target=toilet success=0 spl=0.0000 reason=max_steps_reached steps=500 runtime=312.2s SR=34.57% (159/460) mean_SPL=0.1502 SR@1m=62.83% SPL@1m=0.2725
[ZSON3 EVAL] 461/1000 scene=XB4GS9ShBRE.basis episode=13 target=sofa success=1 spl=0.8465 reason=object_found steps=40 runtime=30.5s SR=34.71% (160/461) mean_SPL=0.1517 SR@1m=62.91% SPL@1m=0.2737
[ZSON3 EVAL] 462/1000 scene=XB4GS9ShBRE.basis episode=14 target=tv_monitor success=1 spl=0.1648 reason=object_found steps=203 runtime=135.0s SR=34.85% (161/462) mean_SPL=0.1517 SR@1m=62.99% SPL@1m=0.2735
[ZSON3 EVAL] 463/1000 scene=XB4GS9ShBRE.basis episode=15 target=bed success=1 spl=0.4868 reason=object_found steps=64 runtime=46.0s SR=34.99% (162/463) mean_SPL=0.1524 SR@1m=63.07% SPL@1m=0.2740
[ZSON3 EVAL] 464/1000 scene=XB4GS9ShBRE.basis episode=16 target=sofa success=0 spl=0.0000 reason=false_positive steps=70 runtime=39.0s SR=34.91% (162/464) mean_SPL=0.1521 SR@1m=62.93% SPL@1m=0.2734
[ZSON3 EVAL] 465/1000 scene=XB4GS9ShBRE.basis episode=17 target=chair success=0 spl=0.0000 reason=max_steps_reached steps=496 runtime=408.5s SR=34.84% (162/465) mean_SPL=0.1518 SR@1m=62.80% SPL@1m=0.2728
[ZSON3 EVAL] 466/1000 scene=XB4GS9ShBRE.basis episode=18 target=plant success=1 spl=0.0686 reason=max_steps_reached steps=500 runtime=295.8s SR=34.98% (163/466) mean_SPL=0.1516 SR@1m=62.88% SPL@1m=0.2723
[ZSON3 EVAL] 467/1000 scene=XB4GS9ShBRE.basis episode=19 target=chair success=1 spl=0.6508 reason=object_found steps=107 runtime=74.6s SR=35.12% (164/467) mean_SPL=0.1527 SR@1m=62.96% SPL@1m=0.2732
[ZSON3 EVAL] 468/1000 scene=XB4GS9ShBRE.basis episode=20 target=tv_monitor success=0 spl=0.0000 reason=robot_stuck steps=459 runtime=262.5s SR=35.04% (164/468) mean_SPL=0.1523 SR@1m=62.82% SPL@1m=0.2726
[ZSON3 EVAL] 469/1000 scene=XB4GS9ShBRE.basis episode=21 target=plant success=0 spl=0.0000 reason=max_steps_reached steps=494 runtime=330.8s SR=34.97% (164/469) mean_SPL=0.1520 SR@1m=62.69% SPL@1m=0.2720
[ZSON3 EVAL] 470/1000 scene=XB4GS9ShBRE.basis episode=22 target=bed success=1 spl=0.3700 reason=object_found steps=32 runtime=33.8s SR=35.11% (165/470) mean_SPL=0.1525 SR@1m=62.77% SPL@1m=0.2722
[ZSON3 EVAL] 471/1000 scene=XB4GS9ShBRE.basis episode=23 target=sofa success=1 spl=0.6777 reason=object_found steps=120 runtime=68.6s SR=35.24% (166/471) mean_SPL=0.1536 SR@1m=62.85% SPL@1m=0.2731
[ZSON3 EVAL] 472/1000 scene=XB4GS9ShBRE.basis episode=24 target=plant success=0 spl=0.0000 reason=max_steps_reached steps=497 runtime=310.8s SR=35.17% (166/472) mean_SPL=0.1533 SR@1m=62.71% SPL@1m=0.2725
[ZSON3 EVAL] 473/1000 scene=XB4GS9ShBRE.basis episode=25 target=chair success=0 spl=0.0000 reason=max_steps_reached steps=497 runtime=364.0s SR=35.10% (166/473) mean_SPL=0.1530 SR@1m=62.58% SPL@1m=0.2719
[ZSON3 EVAL] 474/1000 scene=XB4GS9ShBRE.basis episode=26 target=chair success=0 spl=0.0000 reason=max_steps_reached steps=491 runtime=367.4s SR=35.02% (166/474) mean_SPL=0.1526 SR@1m=62.45% SPL@1m=0.2713
[ZSON3 EVAL] 475/1000 scene=XB4GS9ShBRE.basis episode=27 target=toilet success=0 spl=0.0000 reason=max_steps_reached steps=487 runtime=279.9s SR=34.95% (166/475) mean_SPL=0.1523 SR@1m=62.32% SPL@1m=0.2708
[ZSON3 EVAL] 476/1000 scene=a8BtkwhxdRV.basis episode=0 target=sofa success=1 spl=0.2728 reason=object_found steps=116 runtime=99.4s SR=35.08% (167/476) mean_SPL=0.1526 SR@1m=62.39% SPL@1m=0.2708
[ZSON3 EVAL] 477/1000 scene=a8BtkwhxdRV.basis episode=1 target=chair success=0 spl=0.0000 reason=robot_stuck steps=306 runtime=178.3s SR=35.01% (167/477) mean_SPL=0.1522 SR@1m=62.47% SPL@1m=0.2705
[ZSON3 EVAL] 478/1000 scene=a8BtkwhxdRV.basis episode=2 target=sofa success=1 spl=0.1927 reason=object_found steps=118 runtime=83.3s SR=35.15% (168/478) mean_SPL=0.1523 SR@1m=62.55% SPL@1m=0.2704
[ZSON3 EVAL] 479/1000 scene=a8BtkwhxdRV.basis episode=3 target=toilet success=0 spl=0.0000 reason=object_found_at_1m_only steps=58 runtime=38.1s SR=35.07% (168/479) mean_SPL=0.1520 SR@1m=62.63% SPL@1m=0.2708
[ZSON3 EVAL] 480/1000 scene=a8BtkwhxdRV.basis episode=4 target=plant success=0 spl=0.0000 reason=max_steps_reached steps=496 runtime=492.3s SR=35.00% (168/480) mean_SPL=0.1517 SR@1m=62.50% SPL@1m=0.2702
[ZSON3 EVAL] 481/1000 scene=a8BtkwhxdRV.basis episode=5 target=tv_monitor success=0 spl=0.0000 reason=max_steps_reached steps=492 runtime=378.3s SR=34.93% (168/481) mean_SPL=0.1514 SR@1m=62.37% SPL@1m=0.2697
[ZSON3 EVAL] 482/1000 scene=a8BtkwhxdRV.basis episode=6 target=tv_monitor success=0 spl=0.0000 reason=object_found_at_1m_only steps=22 runtime=13.3s SR=34.85% (168/482) mean_SPL=0.1511 SR@1m=62.45% SPL@1m=0.2702
[ZSON3 EVAL] 483/1000 scene=a8BtkwhxdRV.basis episode=7 target=tv_monitor success=0 spl=0.0000 reason=object_found_at_1m_only steps=29 runtime=23.4s SR=34.78% (168/483) mean_SPL=0.1507 SR@1m=62.53% SPL@1m=0.2715
[ZSON3 EVAL] 484/1000 scene=a8BtkwhxdRV.basis episode=8 target=tv_monitor success=0 spl=0.0000 reason=object_found_at_1m_only steps=52 runtime=29.1s SR=34.71% (168/484) mean_SPL=0.1504 SR@1m=62.60% SPL@1m=0.2721
[ZSON3 EVAL] 485/1000 scene=a8BtkwhxdRV.basis episode=9 target=chair success=0 spl=0.0000 reason=object_found_at_1m_only steps=38 runtime=34.5s SR=34.64% (168/485) mean_SPL=0.1501 SR@1m=62.68% SPL@1m=0.2729
[ZSON3 EVAL] 486/1000 scene=a8BtkwhxdRV.basis episode=10 target=sofa success=1 spl=0.6388 reason=object_found steps=54 runtime=33.3s SR=34.77% (169/486) mean_SPL=0.1511 SR@1m=62.76% SPL@1m=0.2736
[ZSON3 EVAL] 487/1000 scene=a8BtkwhxdRV.basis episode=11 target=plant success=0 spl=0.0000 reason=max_steps_reached steps=489 runtime=434.9s SR=34.70% (169/487) mean_SPL=0.1508 SR@1m=62.63% SPL@1m=0.2730
[ZSON3 EVAL] 488/1000 scene=a8BtkwhxdRV.basis episode=12 target=bed success=1 spl=0.5260 reason=object_found steps=137 runtime=140.2s SR=34.84% (170/488) mean_SPL=0.1516 SR@1m=62.70% SPL@1m=0.2736
[ZSON3 EVAL] 489/1000 scene=a8BtkwhxdRV.basis episode=13 target=chair success=1 spl=0.1170 reason=robot_stuck steps=272 runtime=165.1s SR=34.97% (171/489) mean_SPL=0.1515 SR@1m=62.78% SPL@1m=0.2732
[ZSON3 EVAL] 490/1000 scene=a8BtkwhxdRV.basis episode=14 target=toilet success=0 spl=0.0000 reason=robot_stuck steps=420 runtime=274.6s SR=34.90% (171/490) mean_SPL=0.1512 SR@1m=62.65% SPL@1m=0.2727
[ZSON3 EVAL] 491/1000 scene=a8BtkwhxdRV.basis episode=15 target=bed success=0 spl=0.0000 reason=object_found_at_1m_only steps=31 runtime=14.4s SR=34.83% (171/491) mean_SPL=0.1509 SR@1m=62.73% SPL@1m=0.2738
[ZSON3 EVAL] 492/1000 scene=a8BtkwhxdRV.basis episode=16 target=bed success=1 spl=0.3498 reason=object_found steps=195 runtime=193.8s SR=34.96% (172/492) mean_SPL=0.1513 SR@1m=62.80% SPL@1m=0.2739
[ZSON3 EVAL] 493/1000 scene=a8BtkwhxdRV.basis episode=17 target=toilet success=0 spl=0.0000 reason=false_positive steps=329 runtime=100.7s SR=34.89% (172/493) mean_SPL=0.1510 SR@1m=62.68% SPL@1m=0.2734
[ZSON3 EVAL] 494/1000 scene=a8BtkwhxdRV.basis episode=18 target=bed success=1 spl=0.2523 reason=object_found steps=302 runtime=295.7s SR=35.02% (173/494) mean_SPL=0.1512 SR@1m=62.75% SPL@1m=0.2733
[ZSON3 EVAL] 495/1000 scene=a8BtkwhxdRV.basis episode=19 target=chair success=0 spl=0.0000 reason=object_found_at_1m_only steps=160 runtime=114.2s SR=34.95% (173/495) mean_SPL=0.1509 SR@1m=62.83% SPL@1m=0.2730
[ZSON3 EVAL] 496/1000 scene=a8BtkwhxdRV.basis episode=20 target=sofa success=1 spl=0.2667 reason=object_found steps=130 runtime=110.2s SR=35.08% (174/496) mean_SPL=0.1511 SR@1m=62.90% SPL@1m=0.2730
[ZSON3 EVAL] 497/1000 scene=a8BtkwhxdRV.basis episode=21 target=tv_monitor success=0 spl=0.0000 reason=max_steps_reached steps=482 runtime=291.0s SR=35.01% (174/497) mean_SPL=0.1508 SR@1m=62.78% SPL@1m=0.2724
[ZSON3 EVAL] 498/1000 scene=a8BtkwhxdRV.basis episode=22 target=plant success=0 spl=0.0000 reason=max_steps_reached steps=494 runtime=385.2s SR=34.94% (174/498) mean_SPL=0.1505 SR@1m=62.65% SPL@1m=0.2719
[ZSON3 EVAL] 499/1000 scene=a8BtkwhxdRV.basis episode=23 target=bed success=1 spl=0.5479 reason=object_found steps=105 runtime=49.8s SR=35.07% (175/499) mean_SPL=0.1513 SR@1m=62.73% SPL@1m=0.2724
[ZSON3 EVAL] 500/1000 scene=a8BtkwhxdRV.basis episode=24 target=toilet success=0 spl=0.0000 reason=max_steps_reached steps=473 runtime=335.3s SR=35.00% (175/500) mean_SPL=0.1510 SR@1m=62.60% SPL@1m=0.2719
[ZSON3 EVAL] 501/1000 scene=a8BtkwhxdRV.basis episode=25 target=toilet success=0 spl=0.0000 reason=object_found_at_1m_only steps=58 runtime=36.6s SR=34.93% (175/501) mean_SPL=0.1507 SR@1m=62.67% SPL@1m=0.2730
[ZSON3 EVAL] 502/1000 scene=a8BtkwhxdRV.basis episode=26 target=plant success=0 spl=0.0000 reason=max_steps_reached steps=495 runtime=361.0s SR=34.86% (175/502) mean_SPL=0.1504 SR@1m=62.55% SPL@1m=0.2724
[ZSON3 EVAL] 503/1000 scene=a8BtkwhxdRV.basis episode=27 target=plant success=0 spl=0.0000 reason=max_steps_reached steps=481 runtime=335.8s SR=34.79% (175/503) mean_SPL=0.1501 SR@1m=62.43% SPL@1m=0.2719
[ZSON3 EVAL] 504/1000 scene=bCPU9suPUw9.basis episode=0 target=chair success=1 spl=0.2674 reason=object_found steps=53 runtime=40.6s SR=34.92% (176/504) mean_SPL=0.1504 SR@1m=62.50% SPL@1m=0.2719
[ZSON3 EVAL] 505/1000 scene=bCPU9suPUw9.basis episode=1 target=bed success=0 spl=0.0000 reason=object_found_at_1m_only steps=172 runtime=186.6s SR=34.85% (176/505) mean_SPL=0.1501 SR@1m=62.57% SPL@1m=0.2726
[ZSON3 EVAL] 506/1000 scene=bCPU9suPUw9.basis episode=2 target=toilet success=0 spl=0.0000 reason=max_steps_reached steps=485 runtime=309.4s SR=34.78% (176/506) mean_SPL=0.1498 SR@1m=62.45% SPL@1m=0.2721
[ZSON3 EVAL] 507/1000 scene=bCPU9suPUw9.basis episode=3 target=bed success=1 spl=0.5862 reason=object_found steps=37 runtime=21.6s SR=34.91% (177/507) mean_SPL=0.1506 SR@1m=62.52% SPL@1m=0.2727
[ZSON3 EVAL] 508/1000 scene=bCPU9suPUw9.basis episode=4 target=bed success=0 spl=0.0000 reason=object_found_at_1m_only steps=290 runtime=171.9s SR=34.84% (177/508) mean_SPL=0.1503 SR@1m=62.60% SPL@1m=0.2727
[ZSON3 EVAL] 509/1000 scene=bCPU9suPUw9.basis episode=5 target=chair success=0 spl=0.0000 reason=false_positive steps=68 runtime=28.5s SR=34.77% (177/509) mean_SPL=0.1500 SR@1m=62.48% SPL@1m=0.2722
[ZSON3 EVAL] 510/1000 scene=bCPU9suPUw9.basis episode=6 target=sofa success=0 spl=0.0000 reason=object_found_at_1m_only steps=93 runtime=79.5s SR=34.71% (177/510) mean_SPL=0.1497 SR@1m=62.55% SPL@1m=0.2732
[ZSON3 EVAL] 511/1000 scene=bCPU9suPUw9.basis episode=7 target=chair success=0 spl=0.0000 reason=object_found_at_1m_only steps=179 runtime=94.0s SR=34.64% (177/511) mean_SPL=0.1494 SR@1m=62.62% SPL@1m=0.2735
[ZSON3 EVAL] 512/1000 scene=bCPU9suPUw9.basis episode=8 target=chair success=1 spl=0.4482 reason=object_found steps=28 runtime=26.6s SR=34.77% (178/512) mean_SPL=0.1500 SR@1m=62.70% SPL@1m=0.2738
[ZSON3 EVAL] 513/1000 scene=bCPU9suPUw9.basis episode=9 target=bed success=0 spl=0.0000 reason=object_found_at_1m_only steps=65 runtime=35.7s SR=34.70% (178/513) mean_SPL=0.1497 SR@1m=62.77% SPL@1m=0.2747
[ZSON3 EVAL] 514/1000 scene=bCPU9suPUw9.basis episode=10 target=toilet success=0 spl=0.0000 reason=object_found_at_1m_only steps=210 runtime=140.6s SR=34.63% (178/514) mean_SPL=0.1494 SR@1m=62.84% SPL@1m=0.2751
[ZSON3 EVAL] 515/1000 scene=bCPU9suPUw9.basis episode=11 target=plant success=0 spl=0.0000 reason=max_steps_reached steps=485 runtime=353.0s SR=34.56% (178/515) mean_SPL=0.1491 SR@1m=62.72% SPL@1m=0.2746
[ZSON3 EVAL] 516/1000 scene=bCPU9suPUw9.basis episode=12 target=bed success=0 spl=0.0000 reason=object_found_at_1m_only steps=74 runtime=51.2s SR=34.50% (178/516) mean_SPL=0.1489 SR@1m=62.79% SPL@1m=0.2755
[ZSON3 EVAL] 517/1000 scene=bCPU9suPUw9.basis episode=13 target=plant success=0 spl=0.0000 reason=max_steps_reached steps=492 runtime=321.9s SR=34.43% (178/517) mean_SPL=0.1486 SR@1m=62.67% SPL@1m=0.2750
[ZSON3 EVAL] 518/1000 scene=bCPU9suPUw9.basis episode=14 target=toilet success=1 spl=0.6127 reason=object_found steps=102 runtime=60.8s SR=34.56% (179/518) mean_SPL=0.1495 SR@1m=62.74% SPL@1m=0.2756
[ZSON3 EVAL] 519/1000 scene=bCPU9suPUw9.basis episode=15 target=sofa success=1 spl=0.8196 reason=object_found steps=110 runtime=71.2s SR=34.68% (180/519) mean_SPL=0.1508 SR@1m=62.81% SPL@1m=0.2767
[ZSON3 EVAL] 520/1000 scene=bCPU9suPUw9.basis episode=16 target=sofa success=0 spl=0.0000 reason=object_found_at_1m_only steps=59 runtime=50.2s SR=34.62% (180/520) mean_SPL=0.1505 SR@1m=62.88% SPL@1m=0.2776
[ZSON3 EVAL] 521/1000 scene=bCPU9suPUw9.basis episode=17 target=plant success=0 spl=0.0000 reason=max_steps_reached steps=495 runtime=331.1s SR=34.55% (180/521) mean_SPL=0.1502 SR@1m=62.76% SPL@1m=0.2770
[ZSON3 EVAL] 522/1000 scene=bCPU9suPUw9.basis episode=18 target=sofa success=0 spl=0.0000 reason=object_found_at_1m_only steps=42 runtime=27.6s SR=34.48% (180/522) mean_SPL=0.1499 SR@1m=62.84% SPL@1m=0.2777
[ZSON3 EVAL] 523/1000 scene=bCPU9suPUw9.basis episode=19 target=plant success=0 spl=0.0000 reason=max_steps_reached steps=490 runtime=304.2s SR=34.42% (180/523) mean_SPL=0.1496 SR@1m=62.72% SPL@1m=0.2771
[ZSON3 EVAL] 524/1000 scene=bCPU9suPUw9.basis episode=20 target=sofa success=1 spl=0.8357 reason=object_found steps=20 runtime=16.9s SR=34.54% (181/524) mean_SPL=0.1509 SR@1m=62.79% SPL@1m=0.2782
[ZSON3 EVAL] 525/1000 scene=bCPU9suPUw9.basis episode=21 target=sofa success=0 spl=0.0000 reason=max_steps_reached steps=492 runtime=314.6s SR=34.48% (181/525) mean_SPL=0.1506 SR@1m=62.67% SPL@1m=0.2777
[ZSON3 EVAL] 526/1000 scene=bCPU9suPUw9.basis episode=22 target=toilet success=0 spl=0.0000 reason=no_frontiers steps=411 runtime=256.0s SR=34.41% (181/526) mean_SPL=0.1503 SR@1m=62.55% SPL@1m=0.2772
[ZSON3 EVAL] 527/1000 scene=bCPU9suPUw9.basis episode=23 target=chair success=1 spl=0.5185 reason=object_found steps=33 runtime=23.1s SR=34.54% (182/527) mean_SPL=0.1510 SR@1m=62.62% SPL@1m=0.2776
[ZSON3 EVAL] 528/1000 scene=bCPU9suPUw9.basis episode=24 target=plant success=0 spl=0.0000 reason=max_steps_reached steps=497 runtime=303.6s SR=34.47% (182/528) mean_SPL=0.1508 SR@1m=62.50% SPL@1m=0.2771
[ZSON3 EVAL] 529/1000 scene=bCPU9suPUw9.basis episode=25 target=chair success=1 spl=0.3471 reason=object_found steps=36 runtime=47.7s SR=34.59% (183/529) mean_SPL=0.1511 SR@1m=62.57% SPL@1m=0.2772
[ZSON3 EVAL] 530/1000 scene=bCPU9suPUw9.basis episode=26 target=toilet success=0 spl=0.0000 reason=robot_stuck steps=446 runtime=314.5s SR=34.53% (183/530) mean_SPL=0.1508 SR@1m=62.64% SPL@1m=0.2776
[ZSON3 EVAL] 531/1000 scene=bCPU9suPUw9.basis episode=27 target=bed success=1 spl=0.3500 reason=object_found steps=85 runtime=43.2s SR=34.65% (184/531) mean_SPL=0.1512 SR@1m=62.71% SPL@1m=0.2777
[ZSON3 EVAL] 532/1000 scene=bxsVRursffK.basis episode=0 target=bed success=1 spl=0.6056 reason=object_found steps=136 runtime=59.1s SR=34.77% (185/532) mean_SPL=0.1521 SR@1m=62.78% SPL@1m=0.2783
[ZSON3 EVAL] 533/1000 scene=bxsVRursffK.basis episode=1 target=sofa success=1 spl=0.8674 reason=object_found steps=35 runtime=34.1s SR=34.90% (186/533) mean_SPL=0.1534 SR@1m=62.85% SPL@1m=0.2794
[ZSON3 EVAL] 534/1000 scene=bxsVRursffK.basis episode=2 target=bed success=0 spl=0.0000 reason=object_found_at_1m_only steps=76 runtime=46.7s SR=34.83% (186/534) mean_SPL=0.1531 SR@1m=62.92% SPL@1m=0.2802
[ZSON3 EVAL] 535/1000 scene=bxsVRursffK.basis episode=3 target=toilet success=1 spl=0.2348 reason=object_found steps=196 runtime=140.5s SR=34.95% (187/535) mean_SPL=0.1533 SR@1m=62.99% SPL@1m=0.2802
[ZSON3 EVAL] 536/1000 scene=bxsVRursffK.basis episode=4 target=plant success=0 spl=0.0000 reason=max_steps_reached steps=498 runtime=336.8s SR=34.89% (187/536) mean_SPL=0.1530 SR@1m=62.87% SPL@1m=0.2796
[ZSON3 EVAL] 537/1000 scene=bxsVRursffK.basis episode=5 target=chair success=1 spl=0.4776 reason=object_found steps=83 runtime=59.3s SR=35.01% (188/537) mean_SPL=0.1536 SR@1m=62.94% SPL@1m=0.2800
[ZSON3 EVAL] 538/1000 scene=bxsVRursffK.basis episode=6 target=plant success=0 spl=0.0000 reason=max_steps_reached steps=479 runtime=285.5s SR=34.94% (188/538) mean_SPL=0.1533 SR@1m=62.83% SPL@1m=0.2795
[ZSON3 EVAL] 539/1000 scene=bxsVRursffK.basis episode=7 target=chair success=0 spl=0.0000 reason=max_steps_reached steps=498 runtime=403.8s SR=34.88% (188/539) mean_SPL=0.1530 SR@1m=62.71% SPL@1m=0.2790
[ZSON3 EVAL] 540/1000 scene=bxsVRursffK.basis episode=8 target=chair success=0 spl=0.0000 reason=max_steps_reached steps=494 runtime=336.2s SR=34.81% (188/540) mean_SPL=0.1527 SR@1m=62.59% SPL@1m=0.2784
[ZSON3 EVAL] 541/1000 scene=bxsVRursffK.basis episode=9 target=toilet success=1 spl=0.8089 reason=object_found steps=58 runtime=32.2s SR=34.94% (189/541) mean_SPL=0.1540 SR@1m=62.66% SPL@1m=0.2794
[ZSON3 EVAL] 542/1000 scene=bxsVRursffK.basis episode=10 target=toilet success=0 spl=0.0000 reason=max_steps_reached steps=495 runtime=289.8s SR=34.87% (189/542) mean_SPL=0.1537 SR@1m=62.55% SPL@1m=0.2789
[ZSON3 EVAL] 543/1000 scene=bxsVRursffK.basis episode=11 target=plant success=0 spl=0.0000 reason=max_steps_reached steps=496 runtime=330.6s SR=34.81% (189/543) mean_SPL=0.1534 SR@1m=62.43% SPL@1m=0.2784
[ZSON3 EVAL] 544/1000 scene=bxsVRursffK.basis episode=12 target=sofa success=1 spl=0.8107 reason=object_found steps=34 runtime=21.8s SR=34.93% (190/544) mean_SPL=0.1546 SR@1m=62.50% SPL@1m=0.2794
[ZSON3 EVAL] 545/1000 scene=bxsVRursffK.basis episode=13 target=bed success=1 spl=0.6794 reason=object_found steps=48 runtime=24.8s SR=35.05% (191/545) mean_SPL=0.1556 SR@1m=62.57% SPL@1m=0.2801
[ZSON3 EVAL] 546/1000 scene=bxsVRursffK.basis episode=14 target=toilet success=1 spl=0.1623 reason=object_found steps=103 runtime=63.1s SR=35.16% (192/546) mean_SPL=0.1556 SR@1m=62.64% SPL@1m=0.2799
[ZSON3 EVAL] 547/1000 scene=bxsVRursffK.basis episode=15 target=sofa success=1 spl=0.7841 reason=object_found steps=17 runtime=15.7s SR=35.28% (193/547) mean_SPL=0.1567 SR@1m=62.71% SPL@1m=0.2808
[ZSON3 EVAL] 548/1000 scene=bxsVRursffK.basis episode=16 target=bed success=1 spl=0.7530 reason=object_found steps=62 runtime=31.7s SR=35.40% (194/548) mean_SPL=0.1578 SR@1m=62.77% SPL@1m=0.2817
[ZSON3 EVAL] 549/1000 scene=bxsVRursffK.basis episode=17 target=chair success=1 spl=0.7004 reason=object_found steps=24 runtime=17.7s SR=35.52% (195/549) mean_SPL=0.1588 SR@1m=62.84% SPL@1m=0.2824
[ZSON3 EVAL] 550/1000 scene=bxsVRursffK.basis episode=18 target=plant success=0 spl=0.0000 reason=no_frontiers steps=387 runtime=207.1s SR=35.45% (195/550) mean_SPL=0.1585 SR@1m=62.73% SPL@1m=0.2819
[ZSON3 EVAL] 551/1000 scene=bxsVRursffK.basis episode=19 target=sofa success=1 spl=0.7927 reason=object_found steps=33 runtime=27.5s SR=35.57% (196/551) mean_SPL=0.1597 SR@1m=62.79% SPL@1m=0.2829
[ZSON3 EVAL] 552/1000 scene=bxsVRursffK.basis episode=20 target=chair success=0 spl=0.0000 reason=max_steps_reached steps=496 runtime=331.3s SR=35.51% (196/552) mean_SPL=0.1594 SR@1m=62.68% SPL@1m=0.2823
[ZSON3 EVAL] 553/1000 scene=bxsVRursffK.basis episode=21 target=plant success=0 spl=0.0000 reason=max_steps_reached steps=489 runtime=334.9s SR=35.44% (196/553) mean_SPL=0.1591 SR@1m=62.57% SPL@1m=0.2818
[ZSON3 EVAL] 554/1000 scene=bxsVRursffK.basis episode=22 target=toilet success=0 spl=0.0000 reason=object_found_at_1m_only steps=350 runtime=233.3s SR=35.38% (196/554) mean_SPL=0.1588 SR@1m=62.64% SPL@1m=0.2815
[ZSON3 EVAL] 555/1000 scene=bxsVRursffK.basis episode=23 target=bed success=1 spl=0.1966 reason=object_found steps=113 runtime=70.3s SR=35.50% (197/555) mean_SPL=0.1589 SR@1m=62.70% SPL@1m=0.2813
[ZSON3 EVAL] 556/1000 scene=bxsVRursffK.basis episode=24 target=sofa success=1 spl=0.8636 reason=object_found steps=42 runtime=41.4s SR=35.61% (198/556) mean_SPL=0.1601 SR@1m=62.77% SPL@1m=0.2824
[ZSON3 EVAL] 557/1000 scene=bxsVRursffK.basis episode=25 target=bed success=0 spl=0.0000 reason=object_found_at_1m_only steps=101 runtime=52.7s SR=35.55% (198/557) mean_SPL=0.1598 SR@1m=62.84% SPL@1m=0.2827
[ZSON3 EVAL] 558/1000 scene=bxsVRursffK.basis episode=26 target=sofa success=0 spl=0.0000 reason=object_found_at_1m_only steps=35 runtime=38.1s SR=35.48% (198/558) mean_SPL=0.1596 SR@1m=62.90% SPL@1m=0.2835
[ZSON3 EVAL] 559/1000 scene=bxsVRursffK.basis episode=27 target=chair success=0 spl=0.0000 reason=max_steps_reached steps=490 runtime=363.8s SR=35.42% (198/559) mean_SPL=0.1593 SR@1m=62.79% SPL@1m=0.2829
[ZSON3 EVAL] 560/1000 scene=cvZr5TUy5C5.basis episode=0 target=tv_monitor success=0 spl=0.0000 reason=object_found_at_1m_only steps=119 runtime=83.5s SR=35.36% (198/560) mean_SPL=0.1590 SR@1m=62.86% SPL@1m=0.2830
[ZSON3 EVAL] 561/1000 scene=cvZr5TUy5C5.basis episode=1 target=tv_monitor success=0 spl=0.0000 reason=object_found_at_1m_only steps=127 runtime=62.9s SR=35.29% (198/561) mean_SPL=0.1587 SR@1m=62.92% SPL@1m=0.2836
[ZSON3 EVAL] 562/1000 scene=cvZr5TUy5C5.basis episode=2 target=tv_monitor success=0 spl=0.0000 reason=object_found_at_1m_only steps=135 runtime=88.9s SR=35.23% (198/562) mean_SPL=0.1584 SR@1m=62.99% SPL@1m=0.2837
[ZSON3 EVAL] 563/1000 scene=cvZr5TUy5C5.basis episode=3 target=chair success=0 spl=0.0000 reason=max_steps_reached steps=494 runtime=814.9s SR=35.17% (198/563) mean_SPL=0.1581 SR@1m=62.88% SPL@1m=0.2832
[ZSON3 EVAL] 564/1000 scene=cvZr5TUy5C5.basis episode=4 target=bed success=0 spl=0.0000 reason=false_positive steps=7 runtime=8.3s SR=35.11% (198/564) mean_SPL=0.1579 SR@1m=62.77% SPL@1m=0.2827
[ZSON3 EVAL] 565/1000 scene=cvZr5TUy5C5.basis episode=5 target=tv_monitor success=0 spl=0.0000 reason=object_found_at_1m_only steps=134 runtime=96.1s SR=35.04% (198/565) mean_SPL=0.1576 SR@1m=62.83% SPL@1m=0.2824
[ZSON3 EVAL] 566/1000 scene=cvZr5TUy5C5.basis episode=6 target=sofa success=1 spl=0.3386 reason=object_found steps=72 runtime=55.0s SR=35.16% (199/566) mean_SPL=0.1579 SR@1m=62.90% SPL@1m=0.2825
[ZSON3 EVAL] 567/1000 scene=cvZr5TUy5C5.basis episode=7 target=sofa success=1 spl=0.4754 reason=object_found steps=80 runtime=67.0s SR=35.27% (200/567) mean_SPL=0.1585 SR@1m=62.96% SPL@1m=0.2829
[ZSON3 EVAL] 568/1000 scene=cvZr5TUy5C5.basis episode=8 target=chair success=0 spl=0.0000 reason=max_steps_reached steps=494 runtime=778.6s SR=35.21% (200/568) mean_SPL=0.1582 SR@1m=62.85% SPL@1m=0.2824
[ZSON3 EVAL] 569/1000 scene=cvZr5TUy5C5.basis episode=9 target=toilet success=0 spl=0.0000 reason=object_found_at_1m_only steps=55 runtime=32.2s SR=35.15% (200/569) mean_SPL=0.1579 SR@1m=62.92% SPL@1m=0.2830
[ZSON3 EVAL] 570/1000 scene=cvZr5TUy5C5.basis episode=10 target=tv_monitor success=0 spl=0.0000 reason=object_found_at_1m_only steps=99 runtime=70.2s SR=35.09% (200/570) mean_SPL=0.1576 SR@1m=62.98% SPL@1m=0.2828
[ZSON3 EVAL] 571/1000 scene=cvZr5TUy5C5.basis episode=11 target=plant success=0 spl=0.0000 reason=max_steps_reached steps=481 runtime=257.4s SR=35.03% (200/571) mean_SPL=0.1573 SR@1m=62.87% SPL@1m=0.2823
[ZSON3 EVAL] 572/1000 scene=cvZr5TUy5C5.basis episode=12 target=bed success=1 spl=0.5079 reason=object_found steps=20 runtime=12.4s SR=35.14% (201/572) mean_SPL=0.1580 SR@1m=62.94% SPL@1m=0.2827
[ZSON3 EVAL] 573/1000 scene=cvZr5TUy5C5.basis episode=13 target=chair success=0 spl=0.0000 reason=max_steps_reached steps=500 runtime=824.2s SR=35.08% (201/573) mean_SPL=0.1577 SR@1m=63.00% SPL@1m=0.2825
[ZSON3 EVAL] 574/1000 scene=cvZr5TUy5C5.basis episode=14 target=sofa success=1 spl=0.8349 reason=object_found steps=76 runtime=55.9s SR=35.19% (202/574) mean_SPL=0.1589 SR@1m=63.07% SPL@1m=0.2835
[ZSON3 EVAL] 575/1000 scene=cvZr5TUy5C5.basis episode=15 target=bed success=0 spl=0.0000 reason=false_positive steps=18 runtime=12.6s SR=35.13% (202/575) mean_SPL=0.1586 SR@1m=62.96% SPL@1m=0.2830
[ZSON3 EVAL] 576/1000 scene=cvZr5TUy5C5.basis episode=16 target=plant success=1 spl=0.2586 reason=object_found steps=214 runtime=159.2s SR=35.24% (203/576) mean_SPL=0.1588 SR@1m=63.02% SPL@1m=0.2829
[ZSON3 EVAL] 577/1000 scene=cvZr5TUy5C5.basis episode=17 target=toilet success=1 spl=0.2769 reason=object_found steps=299 runtime=353.0s SR=35.36% (204/577) mean_SPL=0.1590 SR@1m=63.08% SPL@1m=0.2829
[ZSON3 EVAL] 578/1000 scene=cvZr5TUy5C5.basis episode=18 target=sofa success=1 spl=0.3464 reason=object_found steps=102 runtime=70.3s SR=35.47% (205/578) mean_SPL=0.1593 SR@1m=63.15% SPL@1m=0.2830
[ZSON3 EVAL] 579/1000 scene=cvZr5TUy5C5.basis episode=19 target=plant success=0 spl=0.0000 reason=max_steps_reached steps=500 runtime=726.4s SR=35.41% (205/579) mean_SPL=0.1590 SR@1m=63.04% SPL@1m=0.2825
[ZSON3 EVAL] 580/1000 scene=cvZr5TUy5C5.basis episode=20 target=bed success=1 spl=0.5136 reason=object_found steps=30 runtime=18.8s SR=35.52% (206/580) mean_SPL=0.1596 SR@1m=63.10% SPL@1m=0.2829
[ZSON3 EVAL] 581/1000 scene=cvZr5TUy5C5.basis episode=21 target=toilet success=0 spl=0.0000 reason=max_steps_reached steps=500 runtime=836.1s SR=35.46% (206/581) mean_SPL=0.1594 SR@1m=62.99% SPL@1m=0.2824
[ZSON3 EVAL] 582/1000 scene=cvZr5TUy5C5.basis episode=22 target=chair success=0 spl=0.0000 reason=object_found_at_1m_only steps=75 runtime=47.1s SR=35.40% (206/582) mean_SPL=0.1591 SR@1m=63.06% SPL@1m=0.2825
[ZSON3 EVAL] 583/1000 scene=cvZr5TUy5C5.basis episode=23 target=chair success=1 spl=0.2318 reason=object_found steps=60 runtime=46.3s SR=35.51% (207/583) mean_SPL=0.1592 SR@1m=63.12% SPL@1m=0.2825
[ZSON3 EVAL] 584/1000 scene=cvZr5TUy5C5.basis episode=24 target=plant success=0 spl=0.0000 reason=max_steps_reached steps=500 runtime=533.3s SR=35.45% (207/584) mean_SPL=0.1589 SR@1m=63.01% SPL@1m=0.2820
[ZSON3 EVAL] 585/1000 scene=cvZr5TUy5C5.basis episode=25 target=toilet success=0 spl=0.0000 reason=object_found_at_1m_only steps=351 runtime=258.1s SR=35.38% (207/585) mean_SPL=0.1587 SR@1m=63.08% SPL@1m=0.2818
[ZSON3 EVAL] 586/1000 scene=cvZr5TUy5C5.basis episode=26 target=plant success=0 spl=0.0000 reason=max_steps_reached steps=499 runtime=594.4s SR=35.32% (207/586) mean_SPL=0.1584 SR@1m=62.97% SPL@1m=0.2813
[ZSON3 EVAL] 587/1000 scene=cvZr5TUy5C5.basis episode=27 target=bed success=1 spl=0.8184 reason=object_found steps=25 runtime=15.8s SR=35.43% (208/587) mean_SPL=0.1595 SR@1m=63.03% SPL@1m=0.2822
[ZSON3 EVAL] 588/1000 scene=eF36g7L6Z9M.basis episode=0 target=plant success=0 spl=0.0000 reason=max_steps_reached steps=498 runtime=397.4s SR=35.37% (208/588) mean_SPL=0.1592 SR@1m=62.93% SPL@1m=0.2817
[ZSON3 EVAL] 589/1000 scene=eF36g7L6Z9M.basis episode=1 target=tv_monitor success=0 spl=0.0000 reason=no_frontiers steps=90 runtime=45.8s SR=35.31% (208/589) mean_SPL=0.1590 SR@1m=62.82% SPL@1m=0.2812
[ZSON3 EVAL] 590/1000 scene=eF36g7L6Z9M.basis episode=2 target=bed success=0 spl=0.0000 reason=false_positive steps=19 runtime=13.9s SR=35.25% (208/590) mean_SPL=0.1587 SR@1m=62.71% SPL@1m=0.2808
[ZSON3 EVAL] 591/1000 scene=eF36g7L6Z9M.basis episode=3 target=bed success=0 spl=0.0000 reason=max_steps_reached steps=500 runtime=1056.9s SR=35.19% (208/591) mean_SPL=0.1584 SR@1m=62.61% SPL@1m=0.2803
[ZSON3 EVAL] 592/1000 scene=eF36g7L6Z9M.basis episode=4 target=toilet success=0 spl=0.0000 reason=object_found_at_1m_only steps=215 runtime=230.3s SR=35.14% (208/592) mean_SPL=0.1582 SR@1m=62.67% SPL@1m=0.2802
[ZSON3 EVAL] 593/1000 scene=eF36g7L6Z9M.basis episode=5 target=tv_monitor success=0 spl=0.0000 reason=max_steps_reached steps=498 runtime=335.7s SR=35.08% (208/593) mean_SPL=0.1579 SR@1m=62.56% SPL@1m=0.2797
[ZSON3 EVAL] 594/1000 scene=eF36g7L6Z9M.basis episode=6 target=sofa success=0 spl=0.0000 reason=robot_stuck steps=216 runtime=91.8s SR=35.02% (208/594) mean_SPL=0.1576 SR@1m=62.46% SPL@1m=0.2792
[ZSON3 EVAL] 595/1000 scene=eF36g7L6Z9M.basis episode=7 target=bed success=0 spl=0.0000 reason=object_found_at_1m_only steps=223 runtime=198.2s SR=34.96% (208/595) mean_SPL=0.1574 SR@1m=62.52% SPL@1m=0.2791
[ZSON3 EVAL] 596/1000 scene=eF36g7L6Z9M.basis episode=8 target=plant success=0 spl=0.0000 reason=max_steps_reached steps=499 runtime=343.6s SR=34.90% (208/596) mean_SPL=0.1571 SR@1m=62.42% SPL@1m=0.2787
[ZSON3 EVAL] 597/1000 scene=eF36g7L6Z9M.basis episode=9 target=sofa success=0 spl=0.0000 reason=false_positive steps=35 runtime=22.1s SR=34.84% (208/597) mean_SPL=0.1568 SR@1m=62.31% SPL@1m=0.2782
[ZSON3 EVAL] 598/1000 scene=eF36g7L6Z9M.basis episode=10 target=plant success=0 spl=0.0000 reason=max_steps_reached steps=488 runtime=749.7s SR=34.78% (208/598) mean_SPL=0.1566 SR@1m=62.21% SPL@1m=0.2777
[ZSON3 EVAL] 599/1000 scene=eF36g7L6Z9M.basis episode=11 target=sofa success=0 spl=0.0000 reason=object_found_at_1m_only steps=239 runtime=348.1s SR=34.72% (208/599) mean_SPL=0.1563 SR@1m=62.27% SPL@1m=0.2776
[ZSON3 EVAL] 600/1000 scene=eF36g7L6Z9M.basis episode=12 target=chair success=1 spl=0.5843 reason=object_found steps=57 runtime=37.2s SR=34.83% (209/600) mean_SPL=0.1570 SR@1m=62.33% SPL@1m=0.2781
[ZSON3 EVAL] 601/1000 scene=eF36g7L6Z9M.basis episode=13 target=chair success=1 spl=0.8183 reason=object_found steps=121 runtime=77.7s SR=34.94% (210/601) mean_SPL=0.1581 SR@1m=62.40% SPL@1m=0.2790
[ZSON3 EVAL] 602/1000 scene=eF36g7L6Z9M.basis episode=14 target=chair success=1 spl=0.8627 reason=object_found steps=76 runtime=44.5s SR=35.05% (211/602) mean_SPL=0.1593 SR@1m=62.46% SPL@1m=0.2800
[ZSON3 EVAL] 603/1000 scene=eF36g7L6Z9M.basis episode=15 target=sofa success=0 spl=0.0000 reason=false_positive steps=317 runtime=223.5s SR=34.99% (211/603) mean_SPL=0.1590 SR@1m=62.35% SPL@1m=0.2795
[ZSON3 EVAL] 604/1000 scene=eF36g7L6Z9M.basis episode=16 target=sofa success=0 spl=0.0000 reason=object_found_at_1m_only steps=143 runtime=132.0s SR=34.93% (211/604) mean_SPL=0.1588 SR@1m=62.42% SPL@1m=0.2795
[ZSON3 EVAL] 605/1000 scene=eF36g7L6Z9M.basis episode=17 target=chair success=1 spl=0.3887 reason=object_found steps=223 runtime=143.8s SR=35.04% (212/605) mean_SPL=0.1592 SR@1m=62.48% SPL@1m=0.2797
[ZSON3 EVAL] 606/1000 scene=eF36g7L6Z9M.basis episode=18 target=toilet success=0 spl=0.0000 reason=max_steps_reached steps=500 runtime=1177.8s SR=34.98% (212/606) mean_SPL=0.1589 SR@1m=62.38% SPL@1m=0.2792
[ZSON3 EVAL] 607/1000 scene=eF36g7L6Z9M.basis episode=19 target=toilet success=0 spl=0.0000 reason=max_steps_reached steps=500 runtime=655.1s SR=34.93% (212/607) mean_SPL=0.1586 SR@1m=62.27% SPL@1m=0.2788
[ZSON3 EVAL] 608/1000 scene=eF36g7L6Z9M.basis episode=20 target=bed success=0 spl=0.0000 reason=robot_stuck steps=235 runtime=135.8s SR=34.87% (212/608) mean_SPL=0.1584 SR@1m=62.17% SPL@1m=0.2783
[ZSON3 EVAL] 609/1000 scene=eF36g7L6Z9M.basis episode=21 target=tv_monitor success=0 spl=0.0000 reason=robot_stuck steps=439 runtime=240.7s SR=34.81% (212/609) mean_SPL=0.1581 SR@1m=62.23% SPL@1m=0.2782
[ZSON3 EVAL] 610/1000 scene=eF36g7L6Z9M.basis episode=22 target=toilet success=0 spl=0.0000 reason=max_steps_reached steps=500 runtime=1250.5s SR=34.75% (212/610) mean_SPL=0.1579 SR@1m=62.13% SPL@1m=0.2777
[ZSON3 EVAL] 611/1000 scene=eF36g7L6Z9M.basis episode=23 target=plant success=0 spl=0.0000 reason=max_steps_reached steps=499 runtime=306.7s SR=34.70% (212/611) mean_SPL=0.1576 SR@1m=62.03% SPL@1m=0.2773
[ZSON3 EVAL] 612/1000 scene=eF36g7L6Z9M.basis episode=24 target=plant success=0 spl=0.0000 reason=max_steps_reached steps=497 runtime=294.1s SR=34.64% (212/612) mean_SPL=0.1573 SR@1m=61.93% SPL@1m=0.2768
[ZSON3 EVAL] 613/1000 scene=eF36g7L6Z9M.basis episode=25 target=chair success=1 spl=0.2491 reason=object_found steps=100 runtime=63.4s SR=34.75% (213/613) mean_SPL=0.1575 SR@1m=61.99% SPL@1m=0.2768
[ZSON3 EVAL] 614/1000 scene=eF36g7L6Z9M.basis episode=26 target=toilet success=1 spl=0.9006 reason=object_found steps=179 runtime=118.3s SR=34.85% (214/614) mean_SPL=0.1587 SR@1m=62.05% SPL@1m=0.2778
[ZSON3 EVAL] 615/1000 scene=eF36g7L6Z9M.basis episode=27 target=bed success=0 spl=0.0000 reason=false_positive steps=59 runtime=31.9s SR=34.80% (214/615) mean_SPL=0.1584 SR@1m=61.95% SPL@1m=0.2773
[ZSON3 EVAL] 616/1000 scene=h1zeeAwLh9Z.basis episode=0 target=bed success=0 spl=0.0000 reason=object_found_at_1m_only steps=84 runtime=37.9s SR=34.74% (214/616) mean_SPL=0.1582 SR@1m=62.01% SPL@1m=0.2780
[ZSON3 EVAL] 617/1000 scene=h1zeeAwLh9Z.basis episode=1 target=tv_monitor success=0 spl=0.0000 reason=object_found_at_1m_only steps=223 runtime=237.0s SR=34.68% (214/617) mean_SPL=0.1579 SR@1m=62.07% SPL@1m=0.2780
[ZSON3 EVAL] 618/1000 scene=h1zeeAwLh9Z.basis episode=2 target=toilet success=1 spl=0.4269 reason=object_found steps=231 runtime=160.1s SR=34.79% (215/618) mean_SPL=0.1584 SR@1m=62.14% SPL@1m=0.2783
[ZSON3 EVAL] 619/1000 scene=h1zeeAwLh9Z.basis episode=3 target=sofa success=0 spl=0.0000 reason=object_found_at_1m_only steps=279 runtime=223.4s SR=34.73% (215/619) mean_SPL=0.1581 SR@1m=62.20% SPL@1m=0.2779
[ZSON3 EVAL] 620/1000 scene=h1zeeAwLh9Z.basis episode=4 target=tv_monitor success=0 spl=0.0000 reason=object_found_at_1m_only steps=355 runtime=289.0s SR=34.68% (215/620) mean_SPL=0.1578 SR@1m=62.26% SPL@1m=0.2779
[ZSON3 EVAL] 621/1000 scene=h1zeeAwLh9Z.basis episode=5 target=bed success=0 spl=0.0000 reason=object_found_at_1m_only steps=115 runtime=57.0s SR=34.62% (215/621) mean_SPL=0.1576 SR@1m=62.32% SPL@1m=0.2785
[ZSON3 EVAL] 622/1000 scene=h1zeeAwLh9Z.basis episode=6 target=plant success=1 spl=0.2279 reason=object_found steps=122 runtime=101.5s SR=34.73% (216/622) mean_SPL=0.1577 SR@1m=62.38% SPL@1m=0.2784
[ZSON3 EVAL] 623/1000 scene=h1zeeAwLh9Z.basis episode=7 target=plant success=1 spl=0.3275 reason=object_found steps=177 runtime=141.3s SR=34.83% (217/623) mean_SPL=0.1580 SR@1m=62.44% SPL@1m=0.2785
[ZSON3 EVAL] 624/1000 scene=h1zeeAwLh9Z.basis episode=8 target=plant success=1 spl=0.3119 reason=object_found steps=112 runtime=95.7s SR=34.94% (218/624) mean_SPL=0.1582 SR@1m=62.50% SPL@1m=0.2786
[ZSON3 EVAL] 625/1000 scene=h1zeeAwLh9Z.basis episode=9 target=bed success=0 spl=0.0000 reason=object_found_at_1m_only steps=80 runtime=56.3s SR=34.88% (218/625) mean_SPL=0.1580 SR@1m=62.56% SPL@1m=0.2784
[ZSON3 EVAL] 626/1000 scene=h1zeeAwLh9Z.basis episode=10 target=sofa success=1 spl=0.5090 reason=object_found steps=70 runtime=60.1s SR=34.98% (219/626) mean_SPL=0.1585 SR@1m=62.62% SPL@1m=0.2788
[ZSON3 EVAL] 627/1000 scene=h1zeeAwLh9Z.basis episode=11 target=toilet success=0 spl=0.0000 reason=max_steps_reached steps=497 runtime=300.0s SR=34.93% (219/627) mean_SPL=0.1583 SR@1m=62.52% SPL@1m=0.2784
[ZSON3 EVAL] 628/1000 scene=h1zeeAwLh9Z.basis episode=12 target=plant success=1 spl=0.2081 reason=object_found steps=115 runtime=97.3s SR=35.03% (220/628) mean_SPL=0.1584 SR@1m=62.58% SPL@1m=0.2782
[ZSON3 EVAL] 629/1000 scene=h1zeeAwLh9Z.basis episode=13 target=chair success=1 spl=0.6443 reason=object_found steps=110 runtime=79.7s SR=35.14% (221/629) mean_SPL=0.1591 SR@1m=62.64% SPL@1m=0.2788
[ZSON3 EVAL] 630/1000 scene=h1zeeAwLh9Z.basis episode=14 target=chair success=0 spl=0.0000 reason=robot_stuck steps=314 runtime=192.7s SR=35.08% (221/630) mean_SPL=0.1589 SR@1m=62.70% SPL@1m=0.2787
[ZSON3 EVAL] 631/1000 scene=h1zeeAwLh9Z.basis episode=15 target=tv_monitor success=0 spl=0.0000 reason=object_found_at_1m_only steps=253 runtime=171.7s SR=35.02% (221/631) mean_SPL=0.1586 SR@1m=62.76% SPL@1m=0.2788
[ZSON3 EVAL] 632/1000 scene=h1zeeAwLh9Z.basis episode=16 target=toilet success=0 spl=0.0000 reason=max_steps_reached steps=495 runtime=307.3s SR=34.97% (221/632) mean_SPL=0.1584 SR@1m=62.66% SPL@1m=0.2784
[ZSON3 EVAL] 633/1000 scene=h1zeeAwLh9Z.basis episode=17 target=chair success=0 spl=0.0000 reason=object_found_at_1m_only steps=88 runtime=55.8s SR=34.91% (221/633) mean_SPL=0.1581 SR@1m=62.72% SPL@1m=0.2783
[ZSON3 EVAL] 634/1000 scene=h1zeeAwLh9Z.basis episode=18 target=sofa success=0 spl=0.0000 reason=object_found_at_1m_only steps=213 runtime=126.3s SR=34.86% (221/634) mean_SPL=0.1579 SR@1m=62.78% SPL@1m=0.2785
[ZSON3 EVAL] 635/1000 scene=h1zeeAwLh9Z.basis episode=19 target=toilet success=0 spl=0.0000 reason=max_steps_reached steps=500 runtime=473.5s SR=34.80% (221/635) mean_SPL=0.1576 SR@1m=62.68% SPL@1m=0.2781
[ZSON3 EVAL] 636/1000 scene=h1zeeAwLh9Z.basis episode=20 target=sofa success=0 spl=0.0000 reason=object_found_at_1m_only steps=257 runtime=204.2s SR=34.75% (221/636) mean_SPL=0.1574 SR@1m=62.74% SPL@1m=0.2783
[ZSON3 EVAL] 637/1000 scene=h1zeeAwLh9Z.basis episode=21 target=sofa success=0 spl=0.0000 reason=object_found_at_1m_only steps=119 runtime=83.5s SR=34.69% (221/637) mean_SPL=0.1571 SR@1m=62.79% SPL@1m=0.2785
[ZSON3 EVAL] 638/1000 scene=h1zeeAwLh9Z.basis episode=22 target=plant success=1 spl=0.3134 reason=object_found steps=184 runtime=136.7s SR=34.80% (222/638) mean_SPL=0.1574 SR@1m=62.85% SPL@1m=0.2785
[ZSON3 EVAL] 639/1000 scene=h1zeeAwLh9Z.basis episode=23 target=chair success=0 spl=0.0000 reason=object_found_at_1m_only steps=118 runtime=152.4s SR=34.74% (222/639) mean_SPL=0.1571 SR@1m=62.91% SPL@1m=0.2791
[ZSON3 EVAL] 640/1000 scene=h1zeeAwLh9Z.basis episode=24 target=chair success=1 spl=0.2771 reason=object_found steps=134 runtime=93.9s SR=34.84% (223/640) mean_SPL=0.1573 SR@1m=62.97% SPL@1m=0.2791
[ZSON3 EVAL] 641/1000 scene=h1zeeAwLh9Z.basis episode=25 target=tv_monitor success=0 spl=0.0000 reason=object_found_at_1m_only steps=300 runtime=288.1s SR=34.79% (223/641) mean_SPL=0.1571 SR@1m=63.03% SPL@1m=0.2791
[ZSON3 EVAL] 642/1000 scene=h1zeeAwLh9Z.basis episode=26 target=toilet success=0 spl=0.0000 reason=max_steps_reached steps=484 runtime=372.6s SR=34.74% (223/642) mean_SPL=0.1568 SR@1m=62.93% SPL@1m=0.2787
[ZSON3 EVAL] 643/1000 scene=h1zeeAwLh9Z.basis episode=27 target=bed success=0 spl=0.0000 reason=object_found_at_1m_only steps=126 runtime=72.9s SR=34.68% (223/643) mean_SPL=0.1566 SR@1m=62.99% SPL@1m=0.2789
[ZSON3 EVAL] 644/1000 scene=k1cupFYWXJ6.basis episode=0 target=sofa success=1 spl=0.1390 reason=object_found steps=184 runtime=120.8s SR=34.78% (224/644) mean_SPL=0.1566 SR@1m=63.04% SPL@1m=0.2787
[ZSON3 EVAL] 645/1000 scene=k1cupFYWXJ6.basis episode=1 target=sofa success=0 spl=0.0000 reason=max_steps_reached steps=497 runtime=401.3s SR=34.73% (224/645) mean_SPL=0.1563 SR@1m=62.95% SPL@1m=0.2783
[ZSON3 EVAL] 646/1000 scene=k1cupFYWXJ6.basis episode=2 target=sofa success=0 spl=0.0000 reason=max_steps_reached steps=486 runtime=322.1s SR=34.67% (224/646) mean_SPL=0.1561 SR@1m=62.85% SPL@1m=0.2778
[ZSON3 EVAL] 647/1000 scene=k1cupFYWXJ6.basis episode=3 target=sofa success=0 spl=0.0000 reason=max_steps_reached steps=494 runtime=358.9s SR=34.62% (224/647) mean_SPL=0.1558 SR@1m=62.75% SPL@1m=0.2774
[ZSON3 EVAL] 648/1000 scene=k1cupFYWXJ6.basis episode=4 target=sofa success=0 spl=0.0000 reason=max_steps_reached steps=500 runtime=335.4s SR=34.57% (224/648) mean_SPL=0.1556 SR@1m=62.65% SPL@1m=0.2770
[ZSON3 EVAL] 649/1000 scene=k1cupFYWXJ6.basis episode=5 target=sofa success=0 spl=0.0000 reason=max_steps_reached steps=490 runtime=370.1s SR=34.51% (224/649) mean_SPL=0.1554 SR@1m=62.56% SPL@1m=0.2765
[ZSON3 EVAL] 650/1000 scene=k1cupFYWXJ6.basis episode=6 target=sofa success=0 spl=0.0000 reason=max_steps_reached steps=499 runtime=350.5s SR=34.46% (224/650) mean_SPL=0.1551 SR@1m=62.46% SPL@1m=0.2761
[ZSON3 EVAL] 651/1000 scene=k1cupFYWXJ6.basis episode=7 target=sofa success=1 spl=0.1849 reason=object_found steps=342 runtime=229.9s SR=34.56% (225/651) mean_SPL=0.1552 SR@1m=62.52% SPL@1m=0.2760
[ZSON3 EVAL] 652/1000 scene=k1cupFYWXJ6.basis episode=8 target=sofa success=0 spl=0.0000 reason=max_steps_reached steps=493 runtime=369.2s SR=34.51% (225/652) mean_SPL=0.1549 SR@1m=62.42% SPL@1m=0.2756
[ZSON3 EVAL] 653/1000 scene=k1cupFYWXJ6.basis episode=9 target=chair success=1 spl=0.5328 reason=object_found steps=25 runtime=15.7s SR=34.61% (226/653) mean_SPL=0.1555 SR@1m=62.48% SPL@1m=0.2759
[ZSON3 EVAL] 654/1000 scene=k1cupFYWXJ6.basis episode=10 target=chair success=1 spl=0.2688 reason=object_found steps=127 runtime=91.2s SR=34.71% (227/654) mean_SPL=0.1557 SR@1m=62.54% SPL@1m=0.2759
[ZSON3 EVAL] 655/1000 scene=k1cupFYWXJ6.basis episode=11 target=chair success=1 spl=0.5329 reason=object_found steps=81 runtime=41.7s SR=34.81% (228/655) mean_SPL=0.1562 SR@1m=62.60% SPL@1m=0.2763
[ZSON3 EVAL] 656/1000 scene=k1cupFYWXJ6.basis episode=12 target=chair success=0 spl=0.0000 reason=max_steps_reached steps=498 runtime=336.3s SR=34.76% (228/656) mean_SPL=0.1560 SR@1m=62.50% SPL@1m=0.2759
[ZSON3 EVAL] 657/1000 scene=k1cupFYWXJ6.basis episode=13 target=chair success=1 spl=0.1232 reason=object_found steps=252 runtime=137.8s SR=34.86% (229/657) mean_SPL=0.1560 SR@1m=62.56% SPL@1m=0.2757
[ZSON3 EVAL] 658/1000 scene=k1cupFYWXJ6.basis episode=14 target=chair success=0 spl=0.0000 reason=object_found_at_1m_only steps=32 runtime=24.2s SR=34.80% (229/658) mean_SPL=0.1557 SR@1m=62.61% SPL@1m=0.2760
[ZSON3 EVAL] 659/1000 scene=k1cupFYWXJ6.basis episode=15 target=chair success=0 spl=0.0000 reason=max_steps_reached steps=500 runtime=306.1s SR=34.75% (229/659) mean_SPL=0.1555 SR@1m=62.52% SPL@1m=0.2756
[ZSON3 EVAL] 660/1000 scene=k1cupFYWXJ6.basis episode=16 target=chair success=1 spl=0.0734 reason=object_found steps=473 runtime=398.7s SR=34.85% (230/660) mean_SPL=0.1554 SR@1m=62.58% SPL@1m=0.2753
[ZSON3 EVAL] 661/1000 scene=k1cupFYWXJ6.basis episode=17 target=chair success=1 spl=0.0841 reason=object_found steps=345 runtime=292.8s SR=34.95% (231/661) mean_SPL=0.1553 SR@1m=62.63% SPL@1m=0.2750
[ZSON3 EVAL] 662/1000 scene=k1cupFYWXJ6.basis episode=18 target=plant success=0 spl=0.0000 reason=max_steps_reached steps=500 runtime=364.6s SR=34.89% (231/662) mean_SPL=0.1550 SR@1m=62.54% SPL@1m=0.2746
[ZSON3 EVAL] 663/1000 scene=k1cupFYWXJ6.basis episode=19 target=plant success=0 spl=0.0000 reason=max_steps_reached steps=500 runtime=289.6s SR=34.84% (231/663) mean_SPL=0.1548 SR@1m=62.44% SPL@1m=0.2742
[ZSON3 EVAL] 664/1000 scene=k1cupFYWXJ6.basis episode=20 target=plant success=1 spl=0.2029 reason=object_found steps=68 runtime=43.3s SR=34.94% (232/664) mean_SPL=0.1549 SR@1m=62.50% SPL@1m=0.2741
[ZSON3 EVAL] 665/1000 scene=k1cupFYWXJ6.basis episode=21 target=plant success=1 spl=0.1532 reason=object_found steps=63 runtime=52.0s SR=35.04% (233/665) mean_SPL=0.1549 SR@1m=62.56% SPL@1m=0.2739
[ZSON3 EVAL] 666/1000 scene=k1cupFYWXJ6.basis episode=22 target=plant success=1 spl=0.1323 reason=object_found steps=207 runtime=102.9s SR=35.14% (234/666) mean_SPL=0.1548 SR@1m=62.61% SPL@1m=0.2737
[ZSON3 EVAL] 667/1000 scene=k1cupFYWXJ6.basis episode=23 target=plant success=0 spl=0.0000 reason=max_steps_reached steps=500 runtime=339.0s SR=35.08% (234/667) mean_SPL=0.1546 SR@1m=62.52% SPL@1m=0.2732
[ZSON3 EVAL] 668/1000 scene=k1cupFYWXJ6.basis episode=24 target=plant success=0 spl=0.0000 reason=max_steps_reached steps=490 runtime=264.7s SR=35.03% (234/668) mean_SPL=0.1544 SR@1m=62.43% SPL@1m=0.2728
[ZSON3 EVAL] 669/1000 scene=k1cupFYWXJ6.basis episode=25 target=plant success=0 spl=0.0000 reason=max_steps_reached steps=494 runtime=349.5s SR=34.98% (234/669) mean_SPL=0.1541 SR@1m=62.33% SPL@1m=0.2724
[ZSON3 EVAL] 670/1000 scene=k1cupFYWXJ6.basis episode=26 target=plant success=1 spl=0.0560 reason=object_found steps=217 runtime=146.7s SR=35.07% (235/670) mean_SPL=0.1540 SR@1m=62.39% SPL@1m=0.2721
[ZSON3 EVAL] 671/1000 scene=mL8ThkuaVTM.basis episode=0 target=toilet success=1 spl=0.0839 reason=object_found steps=401 runtime=229.4s SR=35.17% (236/671) mean_SPL=0.1539 SR@1m=62.44% SPL@1m=0.2718
[ZSON3 EVAL] 672/1000 scene=mL8ThkuaVTM.basis episode=1 target=chair success=1 spl=0.7953 reason=object_found steps=44 runtime=28.0s SR=35.27% (237/672) mean_SPL=0.1548 SR@1m=62.50% SPL@1m=0.2726
[ZSON3 EVAL] 673/1000 scene=mL8ThkuaVTM.basis episode=2 target=bed success=0 spl=0.0000 reason=object_found_at_1m_only steps=287 runtime=138.2s SR=35.22% (237/673) mean_SPL=0.1546 SR@1m=62.56% SPL@1m=0.2726
[ZSON3 EVAL] 674/1000 scene=mL8ThkuaVTM.basis episode=3 target=plant success=0 spl=0.0000 reason=object_found_at_1m_only steps=219 runtime=111.5s SR=35.16% (237/674) mean_SPL=0.1544 SR@1m=62.61% SPL@1m=0.2726
[ZSON3 EVAL] 675/1000 scene=mL8ThkuaVTM.basis episode=4 target=sofa success=1 spl=0.8704 reason=object_found steps=46 runtime=26.6s SR=35.26% (238/675) mean_SPL=0.1554 SR@1m=62.67% SPL@1m=0.2735
[ZSON3 EVAL] 676/1000 scene=mL8ThkuaVTM.basis episode=5 target=toilet success=1 spl=0.5916 reason=object_found steps=36 runtime=17.3s SR=35.36% (239/676) mean_SPL=0.1561 SR@1m=62.72% SPL@1m=0.2739
[ZSON3 EVAL] 677/1000 scene=mL8ThkuaVTM.basis episode=6 target=toilet success=1 spl=0.0782 reason=object_found steps=383 runtime=227.0s SR=35.45% (240/677) mean_SPL=0.1560 SR@1m=62.78% SPL@1m=0.2737
[ZSON3 EVAL] 678/1000 scene=mL8ThkuaVTM.basis episode=7 target=toilet success=0 spl=0.0000 reason=false_positive steps=248 runtime=109.4s SR=35.40% (240/678) mean_SPL=0.1557 SR@1m=62.68% SPL@1m=0.2732
[ZSON3 EVAL] 679/1000 scene=mL8ThkuaVTM.basis episode=8 target=bed success=0 spl=0.0000 reason=robot_stuck steps=414 runtime=224.7s SR=35.35% (240/679) mean_SPL=0.1555 SR@1m=62.59% SPL@1m=0.2728
[ZSON3 EVAL] 680/1000 scene=mL8ThkuaVTM.basis episode=9 target=toilet success=1 spl=0.1208 reason=object_found steps=325 runtime=183.9s SR=35.44% (241/680) mean_SPL=0.1555 SR@1m=62.65% SPL@1m=0.2726
[ZSON3 EVAL] 681/1000 scene=mL8ThkuaVTM.basis episode=10 target=sofa success=0 spl=0.0000 reason=max_steps_reached steps=500 runtime=288.0s SR=35.39% (241/681) mean_SPL=0.1552 SR@1m=62.56% SPL@1m=0.2722
[ZSON3 EVAL] 682/1000 scene=mL8ThkuaVTM.basis episode=11 target=plant success=1 spl=0.8138 reason=object_found steps=84 runtime=46.0s SR=35.48% (242/682) mean_SPL=0.1562 SR@1m=62.61% SPL@1m=0.2730
[ZSON3 EVAL] 683/1000 scene=mL8ThkuaVTM.basis episode=12 target=chair success=1 spl=0.5481 reason=object_found steps=77 runtime=60.2s SR=35.58% (243/683) mean_SPL=0.1568 SR@1m=62.66% SPL@1m=0.2734
[ZSON3 EVAL] 684/1000 scene=mL8ThkuaVTM.basis episode=13 target=chair success=1 spl=0.5821 reason=object_found steps=58 runtime=50.1s SR=35.67% (244/684) mean_SPL=0.1574 SR@1m=62.72% SPL@1m=0.2739
[ZSON3 EVAL] 685/1000 scene=mL8ThkuaVTM.basis episode=14 target=plant success=1 spl=0.6295 reason=robot_stuck steps=274 runtime=149.1s SR=35.77% (245/685) mean_SPL=0.1581 SR@1m=62.77% SPL@1m=0.2744
[ZSON3 EVAL] 686/1000 scene=mL8ThkuaVTM.basis episode=15 target=bed success=0 spl=0.0000 reason=object_found_at_1m_only steps=191 runtime=73.4s SR=35.71% (245/686) mean_SPL=0.1578 SR@1m=62.83% SPL@1m=0.2744
[ZSON3 EVAL] 687/1000 scene=mL8ThkuaVTM.basis episode=16 target=plant success=1 spl=0.5233 reason=object_found steps=136 runtime=79.9s SR=35.81% (246/687) mean_SPL=0.1584 SR@1m=62.88% SPL@1m=0.2748
[ZSON3 EVAL] 688/1000 scene=mL8ThkuaVTM.basis episode=17 target=sofa success=0 spl=0.0000 reason=robot_stuck steps=315 runtime=121.5s SR=35.76% (246/688) mean_SPL=0.1581 SR@1m=62.94% SPL@1m=0.2750
[ZSON3 EVAL] 689/1000 scene=mL8ThkuaVTM.basis episode=18 target=bed success=0 spl=0.0000 reason=max_steps_reached steps=491 runtime=323.2s SR=35.70% (246/689) mean_SPL=0.1579 SR@1m=62.84% SPL@1m=0.2746
[ZSON3 EVAL] 690/1000 scene=mL8ThkuaVTM.basis episode=19 target=bed success=0 spl=0.0000 reason=object_found_at_1m_only steps=128 runtime=68.3s SR=35.65% (246/690) mean_SPL=0.1577 SR@1m=62.90% SPL@1m=0.2750
[ZSON3 EVAL] 691/1000 scene=mL8ThkuaVTM.basis episode=20 target=sofa success=0 spl=0.0000 reason=robot_stuck steps=472 runtime=180.3s SR=35.60% (246/691) mean_SPL=0.1575 SR@1m=62.95% SPL@1m=0.2749
[ZSON3 EVAL] 692/1000 scene=mL8ThkuaVTM.basis episode=21 target=plant success=0 spl=0.0000 reason=robot_stuck steps=432 runtime=172.2s SR=35.55% (246/692) mean_SPL=0.1572 SR@1m=63.01% SPL@1m=0.2748
[ZSON3 EVAL] 693/1000 scene=mL8ThkuaVTM.basis episode=22 target=bed success=0 spl=0.0000 reason=object_found_at_1m_only steps=95 runtime=45.5s SR=35.50% (246/693) mean_SPL=0.1570 SR@1m=63.06% SPL@1m=0.2750
[ZSON3 EVAL] 694/1000 scene=mL8ThkuaVTM.basis episode=23 target=plant success=0 spl=0.0000 reason=max_steps_reached steps=499 runtime=291.8s SR=35.45% (246/694) mean_SPL=0.1568 SR@1m=62.97% SPL@1m=0.2746
[ZSON3 EVAL] 695/1000 scene=mL8ThkuaVTM.basis episode=24 target=toilet success=1 spl=0.8027 reason=object_found steps=62 runtime=36.3s SR=35.54% (247/695) mean_SPL=0.1577 SR@1m=63.02% SPL@1m=0.2754
[ZSON3 EVAL] 696/1000 scene=mL8ThkuaVTM.basis episode=25 target=chair success=1 spl=0.6150 reason=object_found steps=64 runtime=43.2s SR=35.63% (248/696) mean_SPL=0.1584 SR@1m=63.07% SPL@1m=0.2759
[ZSON3 EVAL] 697/1000 scene=mL8ThkuaVTM.basis episode=26 target=chair success=1 spl=0.7893 reason=object_found steps=58 runtime=29.2s SR=35.72% (249/697) mean_SPL=0.1593 SR@1m=63.13% SPL@1m=0.2766
[ZSON3 EVAL] 698/1000 scene=mL8ThkuaVTM.basis episode=27 target=sofa success=0 spl=0.0000 reason=object_found_at_1m_only steps=133 runtime=64.3s SR=35.67% (249/698) mean_SPL=0.1590 SR@1m=63.18% SPL@1m=0.2769
[ZSON3 EVAL] 699/1000 scene=mv2HUxq3B53.basis episode=0 target=sofa success=0 spl=0.0000 reason=max_steps_reached steps=500 runtime=921.7s SR=35.62% (249/699) mean_SPL=0.1588 SR@1m=63.09% SPL@1m=0.2765
[ZSON3 EVAL] 700/1000 scene=mv2HUxq3B53.basis episode=1 target=chair success=0 spl=0.0000 reason=object_found_at_1m_only steps=59 runtime=46.4s SR=35.57% (249/700) mean_SPL=0.1586 SR@1m=63.14% SPL@1m=0.2767
[ZSON3 EVAL] 701/1000 scene=mv2HUxq3B53.basis episode=2 target=bed success=0 spl=0.0000 reason=robot_stuck steps=390 runtime=414.3s SR=35.52% (249/701) mean_SPL=0.1584 SR@1m=63.05% SPL@1m=0.2763
[ZSON3 EVAL] 702/1000 scene=mv2HUxq3B53.basis episode=3 target=bed success=1 spl=0.3059 reason=object_found steps=127 runtime=85.8s SR=35.61% (250/702) mean_SPL=0.1586 SR@1m=63.11% SPL@1m=0.2763
[ZSON3 EVAL] 703/1000 scene=mv2HUxq3B53.basis episode=4 target=bed success=1 spl=0.1022 reason=object_found steps=330 runtime=403.0s SR=35.70% (251/703) mean_SPL=0.1585 SR@1m=63.16% SPL@1m=0.2761
[ZSON3 EVAL] 704/1000 scene=mv2HUxq3B53.basis episode=5 target=sofa success=0 spl=0.0000 reason=max_steps_reached steps=500 runtime=712.3s SR=35.65% (251/704) mean_SPL=0.1583 SR@1m=63.07% SPL@1m=0.2757
[ZSON3 EVAL] 705/1000 scene=mv2HUxq3B53.basis episode=6 target=chair success=1 spl=0.0853 reason=object_found steps=151 runtime=183.0s SR=35.74% (252/705) mean_SPL=0.1582 SR@1m=63.12% SPL@1m=0.2754
[ZSON3 EVAL] 706/1000 scene=mv2HUxq3B53.basis episode=7 target=plant success=0 spl=0.0000 reason=max_steps_reached steps=497 runtime=621.8s SR=35.69% (252/706) mean_SPL=0.1579 SR@1m=63.03% SPL@1m=0.2750
[ZSON3 EVAL] 707/1000 scene=mv2HUxq3B53.basis episode=8 target=toilet success=0 spl=0.0000 reason=max_steps_reached steps=500 runtime=769.1s SR=35.64% (252/707) mean_SPL=0.1577 SR@1m=62.94% SPL@1m=0.2746
[ZSON3 EVAL] 708/1000 scene=mv2HUxq3B53.basis episode=9 target=plant success=0 spl=0.0000 reason=max_steps_reached steps=499 runtime=893.4s SR=35.59% (252/708) mean_SPL=0.1575 SR@1m=62.85% SPL@1m=0.2742
[ZSON3 EVAL] 709/1000 scene=mv2HUxq3B53.basis episode=10 target=toilet success=0 spl=0.0000 reason=max_steps_reached steps=494 runtime=458.5s SR=35.54% (252/709) mean_SPL=0.1573 SR@1m=62.76% SPL@1m=0.2738
[ZSON3 EVAL] 710/1000 scene=mv2HUxq3B53.basis episode=11 target=chair success=1 spl=0.5854 reason=object_found steps=76 runtime=48.5s SR=35.63% (253/710) mean_SPL=0.1579 SR@1m=62.82% SPL@1m=0.2743
[ZSON3 EVAL] 711/1000 scene=mv2HUxq3B53.basis episode=12 target=bed success=1 spl=0.2138 reason=robot_stuck steps=326 runtime=337.7s SR=35.72% (254/711) mean_SPL=0.1580 SR@1m=62.87% SPL@1m=0.2742
[ZSON3 EVAL] 712/1000 scene=mv2HUxq3B53.basis episode=13 target=tv_monitor success=0 spl=0.0000 reason=false_positive steps=283 runtime=222.9s SR=35.67% (254/712) mean_SPL=0.1577 SR@1m=62.78% SPL@1m=0.2738
[ZSON3 EVAL] 713/1000 scene=mv2HUxq3B53.basis episode=14 target=chair success=1 spl=0.6713 reason=object_found steps=21 runtime=17.4s SR=35.76% (255/713) mean_SPL=0.1585 SR@1m=62.83% SPL@1m=0.2744
[ZSON3 EVAL] 714/1000 scene=mv2HUxq3B53.basis episode=15 target=toilet success=1 spl=0.6443 reason=object_found steps=108 runtime=101.8s SR=35.85% (256/714) mean_SPL=0.1591 SR@1m=62.89% SPL@1m=0.2749
[ZSON3 EVAL] 715/1000 scene=mv2HUxq3B53.basis episode=16 target=sofa success=0 spl=0.0000 reason=robot_stuck steps=370 runtime=231.2s SR=35.80% (256/715) mean_SPL=0.1589 SR@1m=62.94% SPL@1m=0.2752
[ZSON3 EVAL] 716/1000 scene=mv2HUxq3B53.basis episode=17 target=sofa success=0 spl=0.0000 reason=max_steps_reached steps=499 runtime=566.7s SR=35.75% (256/716) mean_SPL=0.1587 SR@1m=62.85% SPL@1m=0.2748
[ZSON3 EVAL] 717/1000 scene=mv2HUxq3B53.basis episode=18 target=chair success=1 spl=0.8584 reason=object_found steps=63 runtime=46.3s SR=35.84% (257/717) mean_SPL=0.1597 SR@1m=62.90% SPL@1m=0.2756
[ZSON3 EVAL] 718/1000 scene=mv2HUxq3B53.basis episode=19 target=plant success=0 spl=0.0000 reason=max_steps_reached steps=487 runtime=583.2s SR=35.79% (257/718) mean_SPL=0.1594 SR@1m=62.81% SPL@1m=0.2752
[ZSON3 EVAL] 719/1000 scene=mv2HUxq3B53.basis episode=20 target=plant success=0 spl=0.0000 reason=max_steps_reached steps=497 runtime=602.3s SR=35.74% (257/719) mean_SPL=0.1592 SR@1m=62.73% SPL@1m=0.2748
[ZSON3 EVAL] 720/1000 scene=mv2HUxq3B53.basis episode=21 target=bed success=1 spl=0.1253 reason=object_found steps=115 runtime=154.0s SR=35.83% (258/720) mean_SPL=0.1592 SR@1m=62.78% SPL@1m=0.2746
[ZSON3 EVAL] 721/1000 scene=mv2HUxq3B53.basis episode=22 target=tv_monitor success=1 spl=0.3085 reason=object_found steps=427 runtime=617.7s SR=35.92% (259/721) mean_SPL=0.1594 SR@1m=62.83% SPL@1m=0.2747
[ZSON3 EVAL] 722/1000 scene=mv2HUxq3B53.basis episode=23 target=tv_monitor success=0 spl=0.0000 reason=false_positive steps=16 runtime=9.3s SR=35.87% (259/722) mean_SPL=0.1592 SR@1m=62.74% SPL@1m=0.2743
[ZSON3 EVAL] 723/1000 scene=mv2HUxq3B53.basis episode=24 target=toilet success=0 spl=0.0000 reason=max_steps_reached steps=500 runtime=645.0s SR=35.82% (259/723) mean_SPL=0.1589 SR@1m=62.66% SPL@1m=0.2739
[ZSON3 EVAL] 724/1000 scene=mv2HUxq3B53.basis episode=25 target=toilet success=0 spl=0.0000 reason=false_positive steps=400 runtime=482.4s SR=35.77% (259/724) mean_SPL=0.1587 SR@1m=62.57% SPL@1m=0.2735
[ZSON3 EVAL] 725/1000 scene=mv2HUxq3B53.basis episode=26 target=tv_monitor success=1 spl=0.3268 reason=object_found steps=113 runtime=82.6s SR=35.86% (260/725) mean_SPL=0.1590 SR@1m=62.62% SPL@1m=0.2736
[ZSON3 EVAL] 726/1000 scene=mv2HUxq3B53.basis episode=27 target=plant success=0 spl=0.0000 reason=max_steps_reached steps=500 runtime=857.4s SR=35.81% (260/726) mean_SPL=0.1587 SR@1m=62.53% SPL@1m=0.2732
[ZSON3 EVAL] 727/1000 scene=p53SfW6mjZe.basis episode=0 target=toilet success=0 spl=0.0000 reason=object_found_at_1m_only steps=85 runtime=55.0s SR=35.76% (260/727) mean_SPL=0.1585 SR@1m=62.59% SPL@1m=0.2734
[ZSON3 EVAL] 728/1000 scene=p53SfW6mjZe.basis episode=1 target=bed success=1 spl=0.3033 reason=object_found steps=187 runtime=165.5s SR=35.85% (261/728) mean_SPL=0.1587 SR@1m=62.64% SPL@1m=0.2734
[ZSON3 EVAL] 729/1000 scene=p53SfW6mjZe.basis episode=2 target=toilet success=0 spl=0.0000 reason=object_found_at_1m_only steps=353 runtime=213.6s SR=35.80% (261/729) mean_SPL=0.1585 SR@1m=62.69% SPL@1m=0.2733
[ZSON3 EVAL] 730/1000 scene=p53SfW6mjZe.basis episode=3 target=sofa success=0 spl=0.0000 reason=object_found_at_1m_only steps=323 runtime=233.9s SR=35.75% (261/730) mean_SPL=0.1583 SR@1m=62.74% SPL@1m=0.2735
[ZSON3 EVAL] 731/1000 scene=p53SfW6mjZe.basis episode=4 target=chair success=0 spl=0.0000 reason=object_found_at_1m_only steps=100 runtime=64.9s SR=35.70% (261/731) mean_SPL=0.1581 SR@1m=62.79% SPL@1m=0.2741
[ZSON3 EVAL] 732/1000 scene=p53SfW6mjZe.basis episode=5 target=chair success=1 spl=0.6425 reason=object_found steps=199 runtime=274.4s SR=35.79% (262/732) mean_SPL=0.1587 SR@1m=62.84% SPL@1m=0.2746
[ZSON3 EVAL] 733/1000 scene=p53SfW6mjZe.basis episode=6 target=chair success=0 spl=0.0000 reason=false_positive steps=71 runtime=55.3s SR=35.74% (262/733) mean_SPL=0.1585 SR@1m=62.76% SPL@1m=0.2743
[ZSON3 EVAL] 734/1000 scene=p53SfW6mjZe.basis episode=7 target=tv_monitor success=0 spl=0.0000 reason=max_steps_reached steps=500 runtime=558.4s SR=35.69% (262/734) mean_SPL=0.1583 SR@1m=62.67% SPL@1m=0.2739
[ZSON3 EVAL] 735/1000 scene=p53SfW6mjZe.basis episode=8 target=toilet success=0 spl=0.0000 reason=max_steps_reached steps=500 runtime=712.1s SR=35.65% (262/735) mean_SPL=0.1581 SR@1m=62.59% SPL@1m=0.2735
[ZSON3 EVAL] 736/1000 scene=p53SfW6mjZe.basis episode=9 target=toilet success=0 spl=0.0000 reason=object_found_at_1m_only steps=122 runtime=83.7s SR=35.60% (262/736) mean_SPL=0.1579 SR@1m=62.64% SPL@1m=0.2743
[ZSON3 EVAL] 737/1000 scene=p53SfW6mjZe.basis episode=10 target=bed success=1 spl=0.5347 reason=object_found steps=35 runtime=26.0s SR=35.69% (263/737) mean_SPL=0.1584 SR@1m=62.69% SPL@1m=0.2746
[ZSON3 EVAL] 738/1000 scene=p53SfW6mjZe.basis episode=11 target=bed success=1 spl=0.3078 reason=object_found steps=243 runtime=273.7s SR=35.77% (264/738) mean_SPL=0.1586 SR@1m=62.74% SPL@1m=0.2747
[ZSON3 EVAL] 739/1000 scene=p53SfW6mjZe.basis episode=12 target=tv_monitor success=0 spl=0.0000 reason=max_steps_reached steps=500 runtime=442.1s SR=35.72% (264/739) mean_SPL=0.1584 SR@1m=62.65% SPL@1m=0.2743
[ZSON3 EVAL] 740/1000 scene=p53SfW6mjZe.basis episode=13 target=bed success=1 spl=0.5711 reason=object_found steps=110 runtime=61.1s SR=35.81% (265/740) mean_SPL=0.1589 SR@1m=62.70% SPL@1m=0.2747
[ZSON3 EVAL] 741/1000 scene=p53SfW6mjZe.basis episode=14 target=toilet success=0 spl=0.0000 reason=max_steps_reached steps=500 runtime=376.8s SR=35.76% (265/741) mean_SPL=0.1587 SR@1m=62.62% SPL@1m=0.2743
[ZSON3 EVAL] 742/1000 scene=p53SfW6mjZe.basis episode=15 target=bed success=1 spl=0.1659 reason=object_found steps=394 runtime=384.1s SR=35.85% (266/742) mean_SPL=0.1587 SR@1m=62.67% SPL@1m=0.2742
[ZSON3 EVAL] 743/1000 scene=p53SfW6mjZe.basis episode=16 target=sofa success=1 spl=0.3343 reason=object_found steps=256 runtime=289.5s SR=35.94% (267/743) mean_SPL=0.1589 SR@1m=62.72% SPL@1m=0.2743
[ZSON3 EVAL] 744/1000 scene=p53SfW6mjZe.basis episode=17 target=sofa success=0 spl=0.0000 reason=max_steps_reached steps=497 runtime=447.5s SR=35.89% (267/744) mean_SPL=0.1587 SR@1m=62.63% SPL@1m=0.2739
[ZSON3 EVAL] 745/1000 scene=p53SfW6mjZe.basis episode=18 target=chair success=1 spl=0.3928 reason=object_found steps=272 runtime=262.9s SR=35.97% (268/745) mean_SPL=0.1590 SR@1m=62.68% SPL@1m=0.2741
[ZSON3 EVAL] 746/1000 scene=p53SfW6mjZe.basis episode=19 target=tv_monitor success=0 spl=0.0000 reason=max_steps_reached steps=500 runtime=367.7s SR=35.92% (268/746) mean_SPL=0.1588 SR@1m=62.60% SPL@1m=0.2737
[ZSON3 EVAL] 747/1000 scene=p53SfW6mjZe.basis episode=20 target=sofa success=0 spl=0.0000 reason=object_found_at_1m_only steps=92 runtime=53.4s SR=35.88% (268/747) mean_SPL=0.1586 SR@1m=62.65% SPL@1m=0.2741
[ZSON3 EVAL] 748/1000 scene=p53SfW6mjZe.basis episode=21 target=toilet success=0 spl=0.0000 reason=max_steps_reached steps=492 runtime=485.6s SR=35.83% (268/748) mean_SPL=0.1584 SR@1m=62.57% SPL@1m=0.2737
[ZSON3 EVAL] 749/1000 scene=p53SfW6mjZe.basis episode=22 target=tv_monitor success=0 spl=0.0000 reason=max_steps_reached steps=494 runtime=454.8s SR=35.78% (268/749) mean_SPL=0.1582 SR@1m=62.48% SPL@1m=0.2734
[ZSON3 EVAL] 750/1000 scene=p53SfW6mjZe.basis episode=23 target=tv_monitor success=1 spl=0.4915 reason=object_found steps=290 runtime=254.7s SR=35.87% (269/750) mean_SPL=0.1586 SR@1m=62.53% SPL@1m=0.2737
[ZSON3 EVAL] 751/1000 scene=p53SfW6mjZe.basis episode=24 target=tv_monitor success=0 spl=0.0000 reason=object_found_at_1m_only steps=127 runtime=87.5s SR=35.82% (269/751) mean_SPL=0.1584 SR@1m=62.58% SPL@1m=0.2741
[ZSON3 EVAL] 752/1000 scene=p53SfW6mjZe.basis episode=25 target=chair success=1 spl=0.4130 reason=object_found steps=334 runtime=358.4s SR=35.90% (270/752) mean_SPL=0.1588 SR@1m=62.63% SPL@1m=0.2742
[ZSON3 EVAL] 753/1000 scene=p53SfW6mjZe.basis episode=26 target=sofa success=0 spl=0.0000 reason=object_found_at_1m_only steps=180 runtime=115.8s SR=35.86% (270/753) mean_SPL=0.1586 SR@1m=62.68% SPL@1m=0.2747
[ZSON3 EVAL] 754/1000 scene=p53SfW6mjZe.basis episode=27 target=bed success=0 spl=0.0000 reason=object_found_at_1m_only steps=146 runtime=95.9s SR=35.81% (270/754) mean_SPL=0.1584 SR@1m=62.73% SPL@1m=0.2750
[ZSON3 EVAL] 755/1000 scene=q3zU7Yy5E5s.basis episode=0 target=bed success=1 spl=0.1066 reason=object_found steps=235 runtime=161.1s SR=35.89% (271/755) mean_SPL=0.1583 SR@1m=62.78% SPL@1m=0.2748
[ZSON3 EVAL] 756/1000 scene=q3zU7Yy5E5s.basis episode=1 target=bed success=0 spl=0.0000 reason=object_found_at_1m_only steps=126 runtime=79.4s SR=35.85% (271/756) mean_SPL=0.1581 SR@1m=62.83% SPL@1m=0.2747
[ZSON3 EVAL] 757/1000 scene=q3zU7Yy5E5s.basis episode=2 target=bed success=0 spl=0.0000 reason=object_found_at_1m_only steps=20 runtime=20.7s SR=35.80% (271/757) mean_SPL=0.1579 SR@1m=62.88% SPL@1m=0.2756
[ZSON3 EVAL] 758/1000 scene=q3zU7Yy5E5s.basis episode=3 target=bed success=1 spl=0.5896 reason=object_found steps=104 runtime=60.3s SR=35.88% (272/758) mean_SPL=0.1584 SR@1m=62.93% SPL@1m=0.2760
[ZSON3 EVAL] 759/1000 scene=q3zU7Yy5E5s.basis episode=4 target=bed success=1 spl=0.6348 reason=object_found steps=72 runtime=32.3s SR=35.97% (273/759) mean_SPL=0.1591 SR@1m=62.98% SPL@1m=0.2765
[ZSON3 EVAL] 760/1000 scene=q3zU7Yy5E5s.basis episode=5 target=bed success=1 spl=0.2313 reason=object_found steps=326 runtime=222.5s SR=36.05% (274/760) mean_SPL=0.1592 SR@1m=63.03% SPL@1m=0.2764
[ZSON3 EVAL] 761/1000 scene=q3zU7Yy5E5s.basis episode=6 target=bed success=1 spl=0.5695 reason=object_found steps=65 runtime=63.9s SR=36.14% (275/761) mean_SPL=0.1597 SR@1m=63.07% SPL@1m=0.2768
[ZSON3 EVAL] 762/1000 scene=q3zU7Yy5E5s.basis episode=7 target=toilet success=1 spl=0.1338 reason=max_steps_reached steps=500 runtime=270.1s SR=36.22% (276/762) mean_SPL=0.1597 SR@1m=63.12% SPL@1m=0.2766
[ZSON3 EVAL] 763/1000 scene=q3zU7Yy5E5s.basis episode=8 target=toilet success=1 spl=0.2120 reason=object_found steps=244 runtime=148.3s SR=36.30% (277/763) mean_SPL=0.1597 SR@1m=63.17% SPL@1m=0.2765
[ZSON3 EVAL] 764/1000 scene=q3zU7Yy5E5s.basis episode=9 target=toilet success=0 spl=0.0000 reason=max_steps_reached steps=479 runtime=283.6s SR=36.26% (277/764) mean_SPL=0.1595 SR@1m=63.09% SPL@1m=0.2762
[ZSON3 EVAL] 765/1000 scene=q3zU7Yy5E5s.basis episode=10 target=toilet success=1 spl=0.2629 reason=object_found steps=307 runtime=177.7s SR=36.34% (278/765) mean_SPL=0.1597 SR@1m=63.14% SPL@1m=0.2762
[ZSON3 EVAL] 766/1000 scene=q3zU7Yy5E5s.basis episode=11 target=toilet success=0 spl=0.0000 reason=max_steps_reached steps=495 runtime=329.7s SR=36.29% (278/766) mean_SPL=0.1594 SR@1m=63.05% SPL@1m=0.2758
[ZSON3 EVAL] 767/1000 scene=q3zU7Yy5E5s.basis episode=12 target=toilet success=0 spl=0.0000 reason=object_found_at_1m_only steps=84 runtime=51.5s SR=36.25% (278/767) mean_SPL=0.1592 SR@1m=63.10% SPL@1m=0.2766
[ZSON3 EVAL] 768/1000 scene=q3zU7Yy5E5s.basis episode=13 target=toilet success=1 spl=0.1128 reason=object_found steps=185 runtime=106.9s SR=36.33% (279/768) mean_SPL=0.1592 SR@1m=63.15% SPL@1m=0.2764
[ZSON3 EVAL] 769/1000 scene=q3zU7Yy5E5s.basis episode=14 target=chair success=0 spl=0.0000 reason=robot_stuck steps=327 runtime=185.5s SR=36.28% (279/769) mean_SPL=0.1590 SR@1m=63.20% SPL@1m=0.2771
[ZSON3 EVAL] 770/1000 scene=q3zU7Yy5E5s.basis episode=15 target=chair success=0 spl=0.0000 reason=object_found_at_1m_only steps=99 runtime=56.8s SR=36.23% (279/770) mean_SPL=0.1588 SR@1m=63.25% SPL@1m=0.2776
[ZSON3 EVAL] 771/1000 scene=q3zU7Yy5E5s.basis episode=16 target=chair success=0 spl=0.0000 reason=robot_stuck steps=462 runtime=232.3s SR=36.19% (279/771) mean_SPL=0.1586 SR@1m=63.16% SPL@1m=0.2772
[ZSON3 EVAL] 772/1000 scene=q3zU7Yy5E5s.basis episode=17 target=chair success=0 spl=0.0000 reason=object_found_at_1m_only steps=217 runtime=118.6s SR=36.14% (279/772) mean_SPL=0.1584 SR@1m=63.21% SPL@1m=0.2771
[ZSON3 EVAL] 773/1000 scene=q3zU7Yy5E5s.basis episode=18 target=chair success=0 spl=0.0000 reason=object_found_at_1m_only steps=119 runtime=72.1s SR=36.09% (279/773) mean_SPL=0.1581 SR@1m=63.26% SPL@1m=0.2775
[ZSON3 EVAL] 774/1000 scene=q3zU7Yy5E5s.basis episode=19 target=chair success=1 spl=0.2287 reason=object_found steps=113 runtime=73.9s SR=36.18% (280/774) mean_SPL=0.1582 SR@1m=63.31% SPL@1m=0.2774
[ZSON3 EVAL] 775/1000 scene=q3zU7Yy5E5s.basis episode=20 target=chair success=0 spl=0.0000 reason=object_found_at_1m_only steps=31 runtime=20.9s SR=36.13% (280/775) mean_SPL=0.1580 SR@1m=63.35% SPL@1m=0.2780
[ZSON3 EVAL] 776/1000 scene=q3zU7Yy5E5s.basis episode=21 target=sofa success=1 spl=0.3279 reason=object_found steps=182 runtime=132.3s SR=36.21% (281/776) mean_SPL=0.1583 SR@1m=63.40% SPL@1m=0.2781
[ZSON3 EVAL] 777/1000 scene=q3zU7Yy5E5s.basis episode=22 target=sofa success=0 spl=0.0000 reason=object_found_at_1m_only steps=235 runtime=153.9s SR=36.16% (281/777) mean_SPL=0.1581 SR@1m=63.45% SPL@1m=0.2781
[ZSON3 EVAL] 778/1000 scene=q3zU7Yy5E5s.basis episode=23 target=sofa success=1 spl=0.2695 reason=object_found steps=91 runtime=65.8s SR=36.25% (282/778) mean_SPL=0.1582 SR@1m=63.50% SPL@1m=0.2781
[ZSON3 EVAL] 779/1000 scene=q3zU7Yy5E5s.basis episode=24 target=sofa success=1 spl=0.5397 reason=object_found steps=114 runtime=68.7s SR=36.33% (283/779) mean_SPL=0.1587 SR@1m=63.54% SPL@1m=0.2785
[ZSON3 EVAL] 780/1000 scene=q3zU7Yy5E5s.basis episode=25 target=sofa success=1 spl=0.6658 reason=object_found steps=149 runtime=95.0s SR=36.41% (284/780) mean_SPL=0.1593 SR@1m=63.59% SPL@1m=0.2790
[ZSON3 EVAL] 781/1000 scene=q3zU7Yy5E5s.basis episode=26 target=sofa success=1 spl=0.6901 reason=object_found steps=78 runtime=53.2s SR=36.49% (285/781) mean_SPL=0.1600 SR@1m=63.64% SPL@1m=0.2795
[ZSON3 EVAL] 782/1000 scene=q3zU7Yy5E5s.basis episode=27 target=sofa success=0 spl=0.0000 reason=false_positive steps=82 runtime=57.3s SR=36.45% (285/782) mean_SPL=0.1598 SR@1m=63.55% SPL@1m=0.2791
[ZSON3 EVAL] 783/1000 scene=q5QZSEeHe5g.basis episode=0 target=sofa success=0 spl=0.0000 reason=object_found_at_1m_only steps=61 runtime=62.1s SR=36.40% (285/783) mean_SPL=0.1596 SR@1m=63.60% SPL@1m=0.2790
[ZSON3 EVAL] 784/1000 scene=q5QZSEeHe5g.basis episode=1 target=bed success=0 spl=0.0000 reason=object_found_at_1m_only steps=258 runtime=307.3s SR=36.35% (285/784) mean_SPL=0.1594 SR@1m=63.65% SPL@1m=0.2790
[ZSON3 EVAL] 785/1000 scene=q5QZSEeHe5g.basis episode=2 target=chair success=0 spl=0.0000 reason=robot_stuck steps=255 runtime=92.7s SR=36.31% (285/785) mean_SPL=0.1592 SR@1m=63.57% SPL@1m=0.2786
[ZSON3 EVAL] 786/1000 scene=q5QZSEeHe5g.basis episode=3 target=bed success=0 spl=0.0000 reason=max_steps_reached steps=496 runtime=322.5s SR=36.26% (285/786) mean_SPL=0.1590 SR@1m=63.49% SPL@1m=0.2783
[ZSON3 EVAL] 787/1000 scene=q5QZSEeHe5g.basis episode=4 target=toilet success=0 spl=0.0000 reason=max_steps_reached steps=484 runtime=506.3s SR=36.21% (285/787) mean_SPL=0.1588 SR@1m=63.41% SPL@1m=0.2779
[ZSON3 EVAL] 788/1000 scene=q5QZSEeHe5g.basis episode=5 target=plant success=0 spl=0.0000 reason=max_steps_reached steps=498 runtime=346.0s SR=36.17% (285/788) mean_SPL=0.1586 SR@1m=63.32% SPL@1m=0.2776
[ZSON3 EVAL] 789/1000 scene=q5QZSEeHe5g.basis episode=6 target=chair success=0 spl=0.0000 reason=robot_stuck steps=248 runtime=113.6s SR=36.12% (285/789) mean_SPL=0.1584 SR@1m=63.24% SPL@1m=0.2772
[ZSON3 EVAL] 790/1000 scene=q5QZSEeHe5g.basis episode=7 target=plant success=0 spl=0.0000 reason=max_steps_reached steps=498 runtime=359.1s SR=36.08% (285/790) mean_SPL=0.1582 SR@1m=63.16% SPL@1m=0.2769
[ZSON3 EVAL] 791/1000 scene=q5QZSEeHe5g.basis episode=8 target=toilet success=0 spl=0.0000 reason=max_steps_reached steps=480 runtime=401.2s SR=36.03% (285/791) mean_SPL=0.1580 SR@1m=63.08% SPL@1m=0.2765
[ZSON3 EVAL] 792/1000 scene=q5QZSEeHe5g.basis episode=9 target=plant success=0 spl=0.0000 reason=max_steps_reached steps=496 runtime=295.6s SR=35.98% (285/792) mean_SPL=0.1578 SR@1m=63.01% SPL@1m=0.2762
[ZSON3 EVAL] 793/1000 scene=q5QZSEeHe5g.basis episode=10 target=chair success=1 spl=0.8559 reason=object_found steps=68 runtime=47.7s SR=36.07% (286/793) mean_SPL=0.1587 SR@1m=63.05% SPL@1m=0.2769
[ZSON3 EVAL] 794/1000 scene=q5QZSEeHe5g.basis episode=11 target=chair success=0 spl=0.0000 reason=robot_stuck steps=260 runtime=115.3s SR=36.02% (286/794) mean_SPL=0.1585 SR@1m=62.97% SPL@1m=0.2766
[ZSON3 EVAL] 795/1000 scene=q5QZSEeHe5g.basis episode=12 target=toilet success=0 spl=0.0000 reason=object_found_at_1m_only steps=406 runtime=405.8s SR=35.97% (286/795) mean_SPL=0.1583 SR@1m=63.02% SPL@1m=0.2764
[ZSON3 EVAL] 796/1000 scene=q5QZSEeHe5g.basis episode=13 target=tv_monitor success=0 spl=0.0000 reason=object_found_at_1m_only steps=385 runtime=340.8s SR=35.93% (286/796) mean_SPL=0.1581 SR@1m=63.07% SPL@1m=0.2764
[ZSON3 EVAL] 797/1000 scene=q5QZSEeHe5g.basis episode=14 target=toilet success=0 spl=0.0000 reason=object_found_at_1m_only steps=466 runtime=387.7s SR=35.88% (286/797) mean_SPL=0.1579 SR@1m=63.11% SPL@1m=0.2763
[ZSON3 EVAL] 798/1000 scene=q5QZSEeHe5g.basis episode=15 target=tv_monitor success=0 spl=0.0000 reason=max_steps_reached steps=498 runtime=497.0s SR=35.84% (286/798) mean_SPL=0.1577 SR@1m=63.03% SPL@1m=0.2759
[ZSON3 EVAL] 799/1000 scene=q5QZSEeHe5g.basis episode=16 target=bed success=0 spl=0.0000 reason=false_positive steps=365 runtime=250.2s SR=35.79% (286/799) mean_SPL=0.1575 SR@1m=62.95% SPL@1m=0.2756
[ZSON3 EVAL] 800/1000 scene=q5QZSEeHe5g.basis episode=17 target=tv_monitor success=0 spl=0.0000 reason=robot_stuck steps=353 runtime=320.0s SR=35.75% (286/800) mean_SPL=0.1573 SR@1m=63.00% SPL@1m=0.2755
[ZSON3 EVAL] 801/1000 scene=q5QZSEeHe5g.basis episode=18 target=sofa success=0 spl=0.0000 reason=object_found_at_1m_only steps=140 runtime=110.9s SR=35.71% (286/801) mean_SPL=0.1571 SR@1m=63.05% SPL@1m=0.2755
[ZSON3 EVAL] 802/1000 scene=q5QZSEeHe5g.basis episode=19 target=tv_monitor success=0 spl=0.0000 reason=robot_stuck steps=363 runtime=191.8s SR=35.66% (286/802) mean_SPL=0.1569 SR@1m=63.09% SPL@1m=0.2754
[ZSON3 EVAL] 803/1000 scene=q5QZSEeHe5g.basis episode=20 target=bed success=0 spl=0.0000 reason=object_found_at_1m_only steps=194 runtime=163.0s SR=35.62% (286/803) mean_SPL=0.1567 SR@1m=63.14% SPL@1m=0.2755
[ZSON3 EVAL] 804/1000 scene=q5QZSEeHe5g.basis episode=21 target=sofa success=0 spl=0.0000 reason=object_found_at_1m_only steps=263 runtime=221.4s SR=35.57% (286/804) mean_SPL=0.1565 SR@1m=63.18% SPL@1m=0.2756
[ZSON3 EVAL] 805/1000 scene=q5QZSEeHe5g.basis episode=22 target=tv_monitor success=0 spl=0.0000 reason=object_found_at_1m_only steps=203 runtime=190.9s SR=35.53% (286/805) mean_SPL=0.1563 SR@1m=63.23% SPL@1m=0.2755
[ZSON3 EVAL] 806/1000 scene=q5QZSEeHe5g.basis episode=23 target=plant success=0 spl=0.0000 reason=max_steps_reached steps=499 runtime=320.3s SR=35.48% (286/806) mean_SPL=0.1561 SR@1m=63.15% SPL@1m=0.2752
[ZSON3 EVAL] 807/1000 scene=q5QZSEeHe5g.basis episode=24 target=sofa success=0 spl=0.0000 reason=object_found_at_1m_only steps=36 runtime=23.8s SR=35.44% (286/807) mean_SPL=0.1559 SR@1m=63.20% SPL@1m=0.2756
[ZSON3 EVAL] 808/1000 scene=q5QZSEeHe5g.basis episode=25 target=bed success=0 spl=0.0000 reason=object_found_at_1m_only steps=226 runtime=213.4s SR=35.40% (286/808) mean_SPL=0.1557 SR@1m=63.24% SPL@1m=0.2758
[ZSON3 EVAL] 809/1000 scene=q5QZSEeHe5g.basis episode=26 target=plant success=0 spl=0.0000 reason=max_steps_reached steps=496 runtime=369.6s SR=35.35% (286/809) mean_SPL=0.1555 SR@1m=63.16% SPL@1m=0.2754
[ZSON3 EVAL] 810/1000 scene=q5QZSEeHe5g.basis episode=27 target=chair success=0 spl=0.0000 reason=object_found_at_1m_only steps=106 runtime=69.5s SR=35.31% (286/810) mean_SPL=0.1553 SR@1m=63.21% SPL@1m=0.2757
[ZSON3 EVAL] 811/1000 scene=qyAac8rV8Zk.basis episode=0 target=toilet success=0 spl=0.0000 reason=object_found_at_1m_only steps=42 runtime=26.2s SR=35.27% (286/811) mean_SPL=0.1552 SR@1m=63.26% SPL@1m=0.2763
[ZSON3 EVAL] 812/1000 scene=qyAac8rV8Zk.basis episode=1 target=tv_monitor success=1 spl=0.0830 reason=object_found steps=333 runtime=228.9s SR=35.34% (287/812) mean_SPL=0.1551 SR@1m=63.30% SPL@1m=0.2761
[ZSON3 EVAL] 813/1000 scene=qyAac8rV8Zk.basis episode=2 target=bed success=0 spl=0.0000 reason=object_found_at_1m_only steps=35 runtime=24.7s SR=35.30% (287/813) mean_SPL=0.1549 SR@1m=63.35% SPL@1m=0.2766
[ZSON3 EVAL] 814/1000 scene=qyAac8rV8Zk.basis episode=3 target=chair success=1 spl=0.1404 reason=robot_stuck steps=378 runtime=191.1s SR=35.38% (288/814) mean_SPL=0.1549 SR@1m=63.39% SPL@1m=0.2764
[ZSON3 EVAL] 815/1000 scene=qyAac8rV8Zk.basis episode=4 target=tv_monitor success=0 spl=0.0000 reason=max_steps_reached steps=493 runtime=382.3s SR=35.34% (288/815) mean_SPL=0.1547 SR@1m=63.31% SPL@1m=0.2760
[ZSON3 EVAL] 816/1000 scene=qyAac8rV8Zk.basis episode=5 target=tv_monitor success=1 spl=0.0718 reason=object_found steps=214 runtime=125.4s SR=35.42% (289/816) mean_SPL=0.1546 SR@1m=63.36% SPL@1m=0.2758
[ZSON3 EVAL] 817/1000 scene=qyAac8rV8Zk.basis episode=6 target=chair success=1 spl=0.7285 reason=object_found steps=49 runtime=38.0s SR=35.50% (290/817) mean_SPL=0.1553 SR@1m=63.40% SPL@1m=0.2763
[ZSON3 EVAL] 818/1000 scene=qyAac8rV8Zk.basis episode=7 target=bed success=0 spl=0.0000 reason=object_found_at_1m_only steps=48 runtime=39.4s SR=35.45% (290/818) mean_SPL=0.1551 SR@1m=63.45% SPL@1m=0.2766
[ZSON3 EVAL] 819/1000 scene=qyAac8rV8Zk.basis episode=8 target=bed success=0 spl=0.0000 reason=object_found_at_1m_only steps=31 runtime=22.7s SR=35.41% (290/819) mean_SPL=0.1549 SR@1m=63.49% SPL@1m=0.2767
[ZSON3 EVAL] 820/1000 scene=qyAac8rV8Zk.basis episode=9 target=tv_monitor success=0 spl=0.0000 reason=max_steps_reached steps=492 runtime=270.6s SR=35.37% (290/820) mean_SPL=0.1547 SR@1m=63.41% SPL@1m=0.2763
[ZSON3 EVAL] 821/1000 scene=qyAac8rV8Zk.basis episode=10 target=toilet success=0 spl=0.0000 reason=object_found_at_1m_only steps=165 runtime=111.2s SR=35.32% (290/821) mean_SPL=0.1545 SR@1m=63.46% SPL@1m=0.2763
[ZSON3 EVAL] 822/1000 scene=qyAac8rV8Zk.basis episode=11 target=toilet success=0 spl=0.0000 reason=object_found_at_1m_only steps=52 runtime=28.7s SR=35.28% (290/822) mean_SPL=0.1543 SR@1m=63.50% SPL@1m=0.2769
[ZSON3 EVAL] 823/1000 scene=qyAac8rV8Zk.basis episode=12 target=chair success=1 spl=0.3270 reason=object_found steps=76 runtime=53.4s SR=35.36% (291/823) mean_SPL=0.1545 SR@1m=63.55% SPL@1m=0.2770
[ZSON3 EVAL] 824/1000 scene=qyAac8rV8Zk.basis episode=13 target=bed success=0 spl=0.0000 reason=robot_stuck steps=407 runtime=180.5s SR=35.32% (291/824) mean_SPL=0.1543 SR@1m=63.47% SPL@1m=0.2767
[ZSON3 EVAL] 825/1000 scene=qyAac8rV8Zk.basis episode=14 target=sofa success=0 spl=0.0000 reason=object_found_at_1m_only steps=83 runtime=54.9s SR=35.27% (291/825) mean_SPL=0.1542 SR@1m=63.52% SPL@1m=0.2766
[ZSON3 EVAL] 826/1000 scene=qyAac8rV8Zk.basis episode=15 target=tv_monitor success=0 spl=0.0000 reason=object_found_at_1m_only steps=119 runtime=52.3s SR=35.23% (291/826) mean_SPL=0.1540 SR@1m=63.56% SPL@1m=0.2765
[ZSON3 EVAL] 827/1000 scene=qyAac8rV8Zk.basis episode=16 target=sofa success=1 spl=0.7504 reason=object_found steps=18 runtime=11.3s SR=35.31% (292/827) mean_SPL=0.1547 SR@1m=63.60% SPL@1m=0.2771
[ZSON3 EVAL] 828/1000 scene=qyAac8rV8Zk.basis episode=17 target=bed success=0 spl=0.0000 reason=object_found_at_1m_only steps=107 runtime=72.9s SR=35.27% (292/828) mean_SPL=0.1545 SR@1m=63.65% SPL@1m=0.2770
[ZSON3 EVAL] 829/1000 scene=qyAac8rV8Zk.basis episode=18 target=chair success=1 spl=0.3571 reason=object_found steps=76 runtime=50.8s SR=35.34% (293/829) mean_SPL=0.1547 SR@1m=63.69% SPL@1m=0.2771
[ZSON3 EVAL] 830/1000 scene=qyAac8rV8Zk.basis episode=19 target=sofa success=0 spl=0.0000 reason=object_found_at_1m_only steps=105 runtime=62.8s SR=35.30% (293/830) mean_SPL=0.1546 SR@1m=63.73% SPL@1m=0.2771
[ZSON3 EVAL] 831/1000 scene=qyAac8rV8Zk.basis episode=20 target=sofa success=0 spl=0.0000 reason=object_found_at_1m_only steps=34 runtime=18.1s SR=35.26% (293/831) mean_SPL=0.1544 SR@1m=63.78% SPL@1m=0.2775
[ZSON3 EVAL] 832/1000 scene=qyAac8rV8Zk.basis episode=21 target=chair success=1 spl=0.6905 reason=object_found steps=31 runtime=22.7s SR=35.34% (294/832) mean_SPL=0.1550 SR@1m=63.82% SPL@1m=0.2779
[ZSON3 EVAL] 833/1000 scene=qyAac8rV8Zk.basis episode=22 target=sofa success=0 spl=0.0000 reason=object_found_at_1m_only steps=42 runtime=25.5s SR=35.29% (294/833) mean_SPL=0.1548 SR@1m=63.87% SPL@1m=0.2782
[ZSON3 EVAL] 834/1000 scene=qyAac8rV8Zk.basis episode=23 target=toilet success=0 spl=0.0000 reason=max_steps_reached steps=487 runtime=339.9s SR=35.25% (294/834) mean_SPL=0.1546 SR@1m=63.79% SPL@1m=0.2779
[ZSON3 EVAL] 835/1000 scene=qyAac8rV8Zk.basis episode=24 target=sofa success=0 spl=0.0000 reason=object_found_at_1m_only steps=33 runtime=22.0s SR=35.21% (294/835) mean_SPL=0.1545 SR@1m=63.83% SPL@1m=0.2787
[ZSON3 EVAL] 836/1000 scene=qyAac8rV8Zk.basis episode=25 target=bed success=0 spl=0.0000 reason=robot_stuck steps=213 runtime=100.7s SR=35.17% (294/836) mean_SPL=0.1543 SR@1m=63.88% SPL@1m=0.2796
[ZSON3 EVAL] 837/1000 scene=qyAac8rV8Zk.basis episode=26 target=chair success=0 spl=0.0000 reason=object_found_at_1m_only steps=120 runtime=67.2s SR=35.13% (294/837) mean_SPL=0.1541 SR@1m=63.92% SPL@1m=0.2795
[ZSON3 EVAL] 838/1000 scene=qyAac8rV8Zk.basis episode=27 target=toilet success=0 spl=0.0000 reason=object_found_at_1m_only steps=71 runtime=32.2s SR=35.08% (294/838) mean_SPL=0.1539 SR@1m=63.96% SPL@1m=0.2800
[ZSON3 EVAL] 839/1000 scene=svBbv1Pavdk.basis episode=0 target=tv_monitor success=1 spl=0.1426 reason=object_found steps=323 runtime=217.6s SR=35.16% (295/839) mean_SPL=0.1539 SR@1m=64.00% SPL@1m=0.2799
[ZSON3 EVAL] 840/1000 scene=svBbv1Pavdk.basis episode=1 target=bed success=1 spl=0.2062 reason=object_found steps=173 runtime=164.1s SR=35.24% (296/840) mean_SPL=0.1540 SR@1m=64.05% SPL@1m=0.2798
[ZSON3 EVAL] 841/1000 scene=svBbv1Pavdk.basis episode=2 target=toilet success=0 spl=0.0000 reason=max_steps_reached steps=500 runtime=485.6s SR=35.20% (296/841) mean_SPL=0.1538 SR@1m=63.97% SPL@1m=0.2795
[ZSON3 EVAL] 842/1000 scene=svBbv1Pavdk.basis episode=3 target=plant success=1 spl=0.3224 reason=object_found steps=134 runtime=96.8s SR=35.27% (297/842) mean_SPL=0.1540 SR@1m=64.01% SPL@1m=0.2795
[ZSON3 EVAL] 843/1000 scene=svBbv1Pavdk.basis episode=4 target=tv_monitor success=0 spl=0.0000 reason=object_found_at_1m_only steps=14 runtime=9.6s SR=35.23% (297/843) mean_SPL=0.1538 SR@1m=64.06% SPL@1m=0.2801
[ZSON3 EVAL] 844/1000 scene=svBbv1Pavdk.basis episode=5 target=plant success=1 spl=0.7401 reason=object_found steps=36 runtime=26.1s SR=35.31% (298/844) mean_SPL=0.1545 SR@1m=64.10% SPL@1m=0.2806
[ZSON3 EVAL] 845/1000 scene=svBbv1Pavdk.basis episode=6 target=chair success=1 spl=0.3775 reason=object_found steps=36 runtime=31.6s SR=35.38% (299/845) mean_SPL=0.1548 SR@1m=64.14% SPL@1m=0.2807
[ZSON3 EVAL] 846/1000 scene=svBbv1Pavdk.basis episode=7 target=bed success=1 spl=0.2032 reason=object_found steps=123 runtime=94.8s SR=35.46% (300/846) mean_SPL=0.1548 SR@1m=64.18% SPL@1m=0.2806
[ZSON3 EVAL] 847/1000 scene=svBbv1Pavdk.basis episode=8 target=plant success=1 spl=0.4912 reason=object_found steps=41 runtime=34.5s SR=35.54% (301/847) mean_SPL=0.1552 SR@1m=64.23% SPL@1m=0.2809
[ZSON3 EVAL] 848/1000 scene=svBbv1Pavdk.basis episode=9 target=toilet success=1 spl=0.2887 reason=object_found steps=357 runtime=325.2s SR=35.61% (302/848) mean_SPL=0.1554 SR@1m=64.27% SPL@1m=0.2809
[ZSON3 EVAL] 849/1000 scene=svBbv1Pavdk.basis episode=10 target=tv_monitor success=1 spl=0.2563 reason=object_found steps=162 runtime=138.8s SR=35.69% (303/849) mean_SPL=0.1555 SR@1m=64.31% SPL@1m=0.2809
[ZSON3 EVAL] 850/1000 scene=svBbv1Pavdk.basis episode=11 target=bed success=1 spl=0.2262 reason=object_found steps=203 runtime=180.8s SR=35.76% (304/850) mean_SPL=0.1556 SR@1m=64.35% SPL@1m=0.2808
[ZSON3 EVAL] 851/1000 scene=svBbv1Pavdk.basis episode=12 target=sofa success=1 spl=0.4852 reason=object_found steps=90 runtime=73.5s SR=35.84% (305/851) mean_SPL=0.1560 SR@1m=64.39% SPL@1m=0.2810
[ZSON3 EVAL] 852/1000 scene=svBbv1Pavdk.basis episode=13 target=toilet success=1 spl=0.1968 reason=object_found steps=326 runtime=269.5s SR=35.92% (306/852) mean_SPL=0.1560 SR@1m=64.44% SPL@1m=0.2809
[ZSON3 EVAL] 853/1000 scene=svBbv1Pavdk.basis episode=14 target=chair success=1 spl=0.8331 reason=object_found steps=27 runtime=18.9s SR=35.99% (307/853) mean_SPL=0.1568 SR@1m=64.48% SPL@1m=0.2816
[ZSON3 EVAL] 854/1000 scene=svBbv1Pavdk.basis episode=15 target=bed success=1 spl=0.1978 reason=object_found steps=218 runtime=223.3s SR=36.07% (308/854) mean_SPL=0.1568 SR@1m=64.52% SPL@1m=0.2815
[ZSON3 EVAL] 855/1000 scene=svBbv1Pavdk.basis episode=16 target=sofa success=1 spl=0.4165 reason=object_found steps=103 runtime=168.4s SR=36.14% (309/855) mean_SPL=0.1571 SR@1m=64.56% SPL@1m=0.2816
[ZSON3 EVAL] 856/1000 scene=svBbv1Pavdk.basis episode=17 target=sofa success=1 spl=0.1410 reason=object_found steps=142 runtime=93.8s SR=36.21% (310/856) mean_SPL=0.1571 SR@1m=64.60% SPL@1m=0.2815
[ZSON3 EVAL] 857/1000 scene=svBbv1Pavdk.basis episode=18 target=bed success=1 spl=0.1629 reason=object_found steps=207 runtime=162.7s SR=36.29% (311/857) mean_SPL=0.1571 SR@1m=64.64% SPL@1m=0.2813
[ZSON3 EVAL] 858/1000 scene=svBbv1Pavdk.basis episode=19 target=chair success=0 spl=0.0000 reason=robot_stuck steps=368 runtime=175.7s SR=36.25% (311/858) mean_SPL=0.1570 SR@1m=64.57% SPL@1m=0.2810
[ZSON3 EVAL] 859/1000 scene=svBbv1Pavdk.basis episode=20 target=chair success=1 spl=0.6506 reason=object_found steps=170 runtime=86.9s SR=36.32% (312/859) mean_SPL=0.1575 SR@1m=64.61% SPL@1m=0.2814
[ZSON3 EVAL] 860/1000 scene=svBbv1Pavdk.basis episode=21 target=toilet success=0 spl=0.0000 reason=max_steps_reached steps=499 runtime=402.7s SR=36.28% (312/860) mean_SPL=0.1573 SR@1m=64.53% SPL@1m=0.2811
[ZSON3 EVAL] 861/1000 scene=svBbv1Pavdk.basis episode=22 target=sofa success=1 spl=0.1393 reason=object_found steps=146 runtime=120.0s SR=36.35% (313/861) mean_SPL=0.1573 SR@1m=64.58% SPL@1m=0.2810
[ZSON3 EVAL] 862/1000 scene=svBbv1Pavdk.basis episode=23 target=chair success=1 spl=0.8304 reason=object_found steps=60 runtime=60.3s SR=36.43% (314/862) mean_SPL=0.1581 SR@1m=64.62% SPL@1m=0.2816
[ZSON3 EVAL] 863/1000 scene=svBbv1Pavdk.basis episode=24 target=toilet success=1 spl=0.7597 reason=object_found steps=100 runtime=72.4s SR=36.50% (315/863) mean_SPL=0.1588 SR@1m=64.66% SPL@1m=0.2821
[ZSON3 EVAL] 864/1000 scene=svBbv1Pavdk.basis episode=25 target=plant success=1 spl=0.2951 reason=object_found steps=91 runtime=69.6s SR=36.57% (316/864) mean_SPL=0.1590 SR@1m=64.70% SPL@1m=0.2822
[ZSON3 EVAL] 865/1000 scene=svBbv1Pavdk.basis episode=26 target=tv_monitor success=1 spl=0.1198 reason=object_found steps=80 runtime=72.7s SR=36.65% (317/865) mean_SPL=0.1589 SR@1m=64.74% SPL@1m=0.2820
[ZSON3 EVAL] 866/1000 scene=svBbv1Pavdk.basis episode=27 target=tv_monitor success=1 spl=0.1133 reason=object_found steps=223 runtime=153.1s SR=36.72% (318/866) mean_SPL=0.1589 SR@1m=64.78% SPL@1m=0.2818
[ZSON3 EVAL] 867/1000 scene=wcojb4TFT35.basis episode=0 target=tv_monitor success=0 spl=0.0000 reason=object_found_at_1m_only steps=140 runtime=88.8s SR=36.68% (318/867) mean_SPL=0.1587 SR@1m=64.82% SPL@1m=0.2823
[ZSON3 EVAL] 868/1000 scene=wcojb4TFT35.basis episode=1 target=chair success=0 spl=0.0000 reason=object_found_at_1m_only steps=130 runtime=77.3s SR=36.64% (318/868) mean_SPL=0.1585 SR@1m=64.86% SPL@1m=0.2822
[ZSON3 EVAL] 869/1000 scene=wcojb4TFT35.basis episode=2 target=sofa success=0 spl=0.0000 reason=false_positive steps=132 runtime=95.5s SR=36.59% (318/869) mean_SPL=0.1583 SR@1m=64.79% SPL@1m=0.2818
[ZSON3 EVAL] 870/1000 scene=wcojb4TFT35.basis episode=3 target=plant success=0 spl=0.0000 reason=max_steps_reached steps=499 runtime=273.3s SR=36.55% (318/870) mean_SPL=0.1581 SR@1m=64.71% SPL@1m=0.2815
[ZSON3 EVAL] 871/1000 scene=wcojb4TFT35.basis episode=4 target=plant success=0 spl=0.0000 reason=max_steps_reached steps=494 runtime=387.3s SR=36.51% (318/871) mean_SPL=0.1579 SR@1m=64.64% SPL@1m=0.2812
[ZSON3 EVAL] 872/1000 scene=wcojb4TFT35.basis episode=5 target=toilet success=0 spl=0.0000 reason=object_found_at_1m_only steps=172 runtime=99.4s SR=36.47% (318/872) mean_SPL=0.1578 SR@1m=64.68% SPL@1m=0.2817
[ZSON3 EVAL] 873/1000 scene=wcojb4TFT35.basis episode=6 target=bed success=0 spl=0.0000 reason=object_found_at_1m_only steps=120 runtime=72.1s SR=36.43% (318/873) mean_SPL=0.1576 SR@1m=64.72% SPL@1m=0.2816
[ZSON3 EVAL] 874/1000 scene=wcojb4TFT35.basis episode=7 target=toilet success=0 spl=0.0000 reason=max_steps_reached steps=499 runtime=349.8s SR=36.38% (318/874) mean_SPL=0.1574 SR@1m=64.65% SPL@1m=0.2813
[ZSON3 EVAL] 875/1000 scene=wcojb4TFT35.basis episode=8 target=toilet success=0 spl=0.0000 reason=max_steps_reached steps=497 runtime=352.0s SR=36.34% (318/875) mean_SPL=0.1572 SR@1m=64.57% SPL@1m=0.2810
[ZSON3 EVAL] 876/1000 scene=wcojb4TFT35.basis episode=9 target=tv_monitor success=0 spl=0.0000 reason=object_found_at_1m_only steps=83 runtime=47.4s SR=36.30% (318/876) mean_SPL=0.1570 SR@1m=64.61% SPL@1m=0.2816
[ZSON3 EVAL] 877/1000 scene=wcojb4TFT35.basis episode=10 target=plant success=0 spl=0.0000 reason=max_steps_reached steps=492 runtime=311.4s SR=36.26% (318/877) mean_SPL=0.1569 SR@1m=64.54% SPL@1m=0.2813
[ZSON3 EVAL] 878/1000 scene=wcojb4TFT35.basis episode=11 target=plant success=0 spl=0.0000 reason=max_steps_reached steps=488 runtime=297.2s SR=36.22% (318/878) mean_SPL=0.1567 SR@1m=64.46% SPL@1m=0.2810
[ZSON3 EVAL] 879/1000 scene=wcojb4TFT35.basis episode=12 target=chair success=1 spl=0.7592 reason=object_found steps=37 runtime=37.4s SR=36.29% (319/879) mean_SPL=0.1574 SR@1m=64.51% SPL@1m=0.2815
[ZSON3 EVAL] 880/1000 scene=wcojb4TFT35.basis episode=13 target=plant success=0 spl=0.0000 reason=max_steps_reached steps=496 runtime=323.6s SR=36.25% (319/880) mean_SPL=0.1572 SR@1m=64.43% SPL@1m=0.2812
[ZSON3 EVAL] 881/1000 scene=wcojb4TFT35.basis episode=14 target=toilet success=0 spl=0.0000 reason=object_found_at_1m_only steps=211 runtime=137.6s SR=36.21% (319/881) mean_SPL=0.1570 SR@1m=64.47% SPL@1m=0.2810
[ZSON3 EVAL] 882/1000 scene=wcojb4TFT35.basis episode=15 target=bed success=0 spl=0.0000 reason=object_found_at_1m_only steps=72 runtime=42.8s SR=36.17% (319/882) mean_SPL=0.1568 SR@1m=64.51% SPL@1m=0.2810
[ZSON3 EVAL] 883/1000 scene=wcojb4TFT35.basis episode=16 target=bed success=0 spl=0.0000 reason=object_found_at_1m_only steps=25 runtime=14.3s SR=36.13% (319/883) mean_SPL=0.1567 SR@1m=64.55% SPL@1m=0.2814
[ZSON3 EVAL] 884/1000 scene=wcojb4TFT35.basis episode=17 target=tv_monitor success=0 spl=0.0000 reason=object_found_at_1m_only steps=25 runtime=12.6s SR=36.09% (319/884) mean_SPL=0.1565 SR@1m=64.59% SPL@1m=0.2820
[ZSON3 EVAL] 885/1000 scene=wcojb4TFT35.basis episode=18 target=tv_monitor success=0 spl=0.0000 reason=false_positive steps=48 runtime=35.5s SR=36.05% (319/885) mean_SPL=0.1563 SR@1m=64.52% SPL@1m=0.2817
[ZSON3 EVAL] 886/1000 scene=wcojb4TFT35.basis episode=19 target=chair success=0 spl=0.0000 reason=object_found_at_1m_only steps=434 runtime=265.4s SR=36.00% (319/886) mean_SPL=0.1561 SR@1m=64.56% SPL@1m=0.2814
[ZSON3 EVAL] 887/1000 scene=wcojb4TFT35.basis episode=20 target=sofa success=0 spl=0.0000 reason=object_found_at_1m_only steps=186 runtime=137.2s SR=35.96% (319/887) mean_SPL=0.1560 SR@1m=64.60% SPL@1m=0.2814
[ZSON3 EVAL] 888/1000 scene=wcojb4TFT35.basis episode=21 target=sofa success=0 spl=0.0000 reason=false_positive steps=45 runtime=32.0s SR=35.92% (319/888) mean_SPL=0.1558 SR@1m=64.53% SPL@1m=0.2811
[ZSON3 EVAL] 889/1000 scene=wcojb4TFT35.basis episode=22 target=tv_monitor success=0 spl=0.0000 reason=false_positive steps=16 runtime=9.3s SR=35.88% (319/889) mean_SPL=0.1556 SR@1m=64.45% SPL@1m=0.2808
[ZSON3 EVAL] 890/1000 scene=wcojb4TFT35.basis episode=23 target=bed success=0 spl=0.0000 reason=object_found_at_1m_only steps=51 runtime=23.1s SR=35.84% (319/890) mean_SPL=0.1554 SR@1m=64.49% SPL@1m=0.2812
[ZSON3 EVAL] 891/1000 scene=wcojb4TFT35.basis episode=24 target=chair success=1 spl=0.7331 reason=object_found steps=35 runtime=28.4s SR=35.91% (320/891) mean_SPL=0.1561 SR@1m=64.53% SPL@1m=0.2818
[ZSON3 EVAL] 892/1000 scene=wcojb4TFT35.basis episode=25 target=sofa success=0 spl=0.0000 reason=false_positive steps=27 runtime=18.7s SR=35.87% (320/892) mean_SPL=0.1559 SR@1m=64.46% SPL@1m=0.2814
[ZSON3 EVAL] 893/1000 scene=wcojb4TFT35.basis episode=26 target=chair success=0 spl=0.0000 reason=max_steps_reached steps=491 runtime=318.7s SR=35.83% (320/893) mean_SPL=0.1557 SR@1m=64.39% SPL@1m=0.2811
[ZSON3 EVAL] 894/1000 scene=wcojb4TFT35.basis episode=27 target=sofa success=0 spl=0.0000 reason=false_positive steps=11 runtime=8.9s SR=35.79% (320/894) mean_SPL=0.1556 SR@1m=64.32% SPL@1m=0.2808
[ZSON3 EVAL] 895/1000 scene=y9hTuugGdiq.basis episode=0 target=chair success=1 spl=0.5303 reason=object_found steps=88 runtime=131.0s SR=35.87% (321/895) mean_SPL=0.1560 SR@1m=64.36% SPL@1m=0.2811
[ZSON3 EVAL] 896/1000 scene=y9hTuugGdiq.basis episode=1 target=tv_monitor success=0 spl=0.0000 reason=max_steps_reached steps=495 runtime=420.7s SR=35.83% (321/896) mean_SPL=0.1558 SR@1m=64.29% SPL@1m=0.2808
[ZSON3 EVAL] 897/1000 scene=y9hTuugGdiq.basis episode=2 target=tv_monitor success=0 spl=0.0000 reason=object_found_at_1m_only steps=361 runtime=253.7s SR=35.79% (321/897) mean_SPL=0.1556 SR@1m=64.33% SPL@1m=0.2806
[ZSON3 EVAL] 898/1000 scene=y9hTuugGdiq.basis episode=3 target=toilet success=0 spl=0.0000 reason=max_steps_reached steps=497 runtime=616.3s SR=35.75% (321/898) mean_SPL=0.1555 SR@1m=64.25% SPL@1m=0.2803
[ZSON3 EVAL] 899/1000 scene=y9hTuugGdiq.basis episode=4 target=sofa success=1 spl=0.2208 reason=object_found steps=461 runtime=394.7s SR=35.82% (322/899) mean_SPL=0.1555 SR@1m=64.29% SPL@1m=0.2802
[ZSON3 EVAL] 900/1000 scene=y9hTuugGdiq.basis episode=5 target=sofa success=1 spl=0.2634 reason=object_found steps=112 runtime=70.7s SR=35.89% (323/900) mean_SPL=0.1556 SR@1m=64.33% SPL@1m=0.2802
[ZSON3 EVAL] 901/1000 scene=y9hTuugGdiq.basis episode=6 target=plant success=1 spl=0.1605 reason=object_found steps=320 runtime=322.0s SR=35.96% (324/901) mean_SPL=0.1556 SR@1m=64.37% SPL@1m=0.2801
[ZSON3 EVAL] 902/1000 scene=y9hTuugGdiq.basis episode=7 target=sofa success=1 spl=0.5963 reason=object_found steps=374 runtime=262.5s SR=36.03% (325/902) mean_SPL=0.1561 SR@1m=64.41% SPL@1m=0.2804
[ZSON3 EVAL] 903/1000 scene=y9hTuugGdiq.basis episode=8 target=bed success=0 spl=0.0000 reason=object_found_at_1m_only steps=48 runtime=23.8s SR=35.99% (325/903) mean_SPL=0.1560 SR@1m=64.45% SPL@1m=0.2809
[ZSON3 EVAL] 904/1000 scene=y9hTuugGdiq.basis episode=9 target=sofa success=1 spl=0.3054 reason=object_found steps=192 runtime=127.8s SR=36.06% (326/904) mean_SPL=0.1561 SR@1m=64.49% SPL@1m=0.2810
[ZSON3 EVAL] 905/1000 scene=y9hTuugGdiq.basis episode=10 target=toilet success=1 spl=0.3169 reason=object_found steps=187 runtime=154.2s SR=36.13% (327/905) mean_SPL=0.1563 SR@1m=64.53% SPL@1m=0.2810
[ZSON3 EVAL] 906/1000 scene=y9hTuugGdiq.basis episode=11 target=sofa success=1 spl=0.1088 reason=object_found steps=211 runtime=125.7s SR=36.20% (328/906) mean_SPL=0.1563 SR@1m=64.57% SPL@1m=0.2808
[ZSON3 EVAL] 907/1000 scene=y9hTuugGdiq.basis episode=12 target=toilet success=1 spl=0.0338 reason=object_found steps=361 runtime=322.2s SR=36.27% (329/907) mean_SPL=0.1561 SR@1m=64.61% SPL@1m=0.2805
[ZSON3 EVAL] 908/1000 scene=y9hTuugGdiq.basis episode=13 target=toilet success=1 spl=0.0974 reason=object_found steps=297 runtime=253.8s SR=36.34% (330/908) mean_SPL=0.1561 SR@1m=64.65% SPL@1m=0.2803
[ZSON3 EVAL] 909/1000 scene=y9hTuugGdiq.basis episode=14 target=bed success=1 spl=0.2952 reason=object_found steps=162 runtime=139.7s SR=36.41% (331/909) mean_SPL=0.1562 SR@1m=64.69% SPL@1m=0.2804
[ZSON3 EVAL] 910/1000 scene=y9hTuugGdiq.basis episode=15 target=tv_monitor success=0 spl=0.0000 reason=max_steps_reached steps=494 runtime=348.8s SR=36.37% (331/910) mean_SPL=0.1560 SR@1m=64.62% SPL@1m=0.2801
[ZSON3 EVAL] 911/1000 scene=y9hTuugGdiq.basis episode=16 target=chair success=1 spl=0.2513 reason=object_found steps=127 runtime=120.3s SR=36.44% (332/911) mean_SPL=0.1561 SR@1m=64.65% SPL@1m=0.2800
[ZSON3 EVAL] 912/1000 scene=y9hTuugGdiq.basis episode=17 target=chair success=1 spl=0.5576 reason=object_found steps=88 runtime=64.7s SR=36.51% (333/912) mean_SPL=0.1566 SR@1m=64.69% SPL@1m=0.2803
[ZSON3 EVAL] 913/1000 scene=y9hTuugGdiq.basis episode=18 target=toilet success=1 spl=0.1627 reason=object_found steps=419 runtime=364.2s SR=36.58% (334/913) mean_SPL=0.1566 SR@1m=64.73% SPL@1m=0.2802
[ZSON3 EVAL] 914/1000 scene=y9hTuugGdiq.basis episode=19 target=plant success=1 spl=0.1116 reason=object_found steps=412 runtime=288.0s SR=36.65% (335/914) mean_SPL=0.1565 SR@1m=64.77% SPL@1m=0.2800
[ZSON3 EVAL] 915/1000 scene=y9hTuugGdiq.basis episode=20 target=tv_monitor success=0 spl=0.0000 reason=max_steps_reached steps=496 runtime=313.5s SR=36.61% (335/915) mean_SPL=0.1564 SR@1m=64.70% SPL@1m=0.2797
[ZSON3 EVAL] 916/1000 scene=y9hTuugGdiq.basis episode=21 target=chair success=1 spl=0.7394 reason=object_found steps=48 runtime=39.6s SR=36.68% (336/916) mean_SPL=0.1570 SR@1m=64.74% SPL@1m=0.2802
[ZSON3 EVAL] 917/1000 scene=y9hTuugGdiq.basis episode=22 target=bed success=0 spl=0.0000 reason=false_positive steps=119 runtime=89.7s SR=36.64% (336/917) mean_SPL=0.1568 SR@1m=64.67% SPL@1m=0.2799
[ZSON3 EVAL] 918/1000 scene=y9hTuugGdiq.basis episode=23 target=tv_monitor success=0 spl=0.0000 reason=max_steps_reached steps=498 runtime=367.8s SR=36.60% (336/918) mean_SPL=0.1567 SR@1m=64.60% SPL@1m=0.2796
[ZSON3 EVAL] 919/1000 scene=y9hTuugGdiq.basis episode=24 target=plant success=1 spl=0.0352 reason=object_found steps=296 runtime=234.4s SR=36.67% (337/919) mean_SPL=0.1565 SR@1m=64.64% SPL@1m=0.2793
[ZSON3 EVAL] 920/1000 scene=y9hTuugGdiq.basis episode=25 target=bed success=1 spl=0.3890 reason=object_found steps=122 runtime=124.0s SR=36.74% (338/920) mean_SPL=0.1568 SR@1m=64.67% SPL@1m=0.2795
[ZSON3 EVAL] 921/1000 scene=y9hTuugGdiq.basis episode=26 target=chair success=1 spl=0.6169 reason=object_found steps=143 runtime=112.1s SR=36.81% (339/921) mean_SPL=0.1573 SR@1m=64.71% SPL@1m=0.2798
[ZSON3 EVAL] 922/1000 scene=y9hTuugGdiq.basis episode=27 target=plant success=0 spl=0.0000 reason=max_steps_reached steps=496 runtime=454.7s SR=36.77% (339/922) mean_SPL=0.1571 SR@1m=64.64% SPL@1m=0.2795
[ZSON3 EVAL] 923/1000 scene=yr17PDCnDDW.basis episode=0 target=plant success=1 spl=0.2238 reason=object_found steps=137 runtime=138.7s SR=36.84% (340/923) mean_SPL=0.1572 SR@1m=64.68% SPL@1m=0.2795
[ZSON3 EVAL] 924/1000 scene=yr17PDCnDDW.basis episode=1 target=plant success=1 spl=0.1954 reason=object_found steps=170 runtime=270.7s SR=36.90% (341/924) mean_SPL=0.1572 SR@1m=64.72% SPL@1m=0.2794
[ZSON3 EVAL] 925/1000 scene=yr17PDCnDDW.basis episode=2 target=plant success=1 spl=0.0475 reason=object_found steps=413 runtime=1388.3s SR=36.97% (342/925) mean_SPL=0.1571 SR@1m=64.76% SPL@1m=0.2791
[ZSON3 EVAL] 926/1000 scene=yr17PDCnDDW.basis episode=3 target=plant success=0 spl=0.0000 reason=max_steps_reached steps=496 runtime=1216.6s SR=36.93% (342/926) mean_SPL=0.1569 SR@1m=64.69% SPL@1m=0.2788
[ZSON3 EVAL] 927/1000 scene=yr17PDCnDDW.basis episode=4 target=plant success=1 spl=0.1694 reason=object_found steps=242 runtime=267.7s SR=37.00% (343/927) mean_SPL=0.1569 SR@1m=64.72% SPL@1m=0.2787
[ZSON3 EVAL] 928/1000 scene=yr17PDCnDDW.basis episode=5 target=plant success=1 spl=0.1276 reason=object_found steps=98 runtime=110.4s SR=37.07% (344/928) mean_SPL=0.1569 SR@1m=64.76% SPL@1m=0.2785
[ZSON3 EVAL] 929/1000 scene=yr17PDCnDDW.basis episode=6 target=plant success=1 spl=0.0689 reason=object_found steps=279 runtime=524.1s SR=37.14% (345/929) mean_SPL=0.1568 SR@1m=64.80% SPL@1m=0.2783
[ZSON3 EVAL] 930/1000 scene=yr17PDCnDDW.basis episode=7 target=chair success=1 spl=0.1604 reason=object_found steps=177 runtime=419.2s SR=37.20% (346/930) mean_SPL=0.1568 SR@1m=64.84% SPL@1m=0.2782
[ZSON3 EVAL] 931/1000 scene=yr17PDCnDDW.basis episode=8 target=chair success=1 spl=0.1180 reason=object_found steps=256 runtime=443.5s SR=37.27% (347/931) mean_SPL=0.1568 SR@1m=64.88% SPL@1m=0.2780
[ZSON3 EVAL] 932/1000 scene=yr17PDCnDDW.basis episode=9 target=chair success=1 spl=0.0901 reason=object_found steps=222 runtime=501.4s SR=37.34% (348/932) mean_SPL=0.1567 SR@1m=64.91% SPL@1m=0.2778
[ZSON3 EVAL] 933/1000 scene=yr17PDCnDDW.basis episode=10 target=chair success=0 spl=0.0000 reason=max_steps_reached steps=495 runtime=1010.7s SR=37.30% (348/933) mean_SPL=0.1565 SR@1m=64.84% SPL@1m=0.2775
[ZSON3 EVAL] 934/1000 scene=yr17PDCnDDW.basis episode=11 target=chair success=1 spl=0.3753 reason=object_found steps=25 runtime=18.2s SR=37.37% (349/934) mean_SPL=0.1568 SR@1m=64.88% SPL@1m=0.2776
[ZSON3 EVAL] 935/1000 scene=yr17PDCnDDW.basis episode=12 target=chair success=1 spl=0.1235 reason=object_found steps=211 runtime=357.3s SR=37.43% (350/935) mean_SPL=0.1567 SR@1m=64.92% SPL@1m=0.2774
[ZSON3 EVAL] 936/1000 scene=yr17PDCnDDW.basis episode=13 target=chair success=1 spl=0.0363 reason=object_found steps=429 runtime=895.0s SR=37.50% (351/936) mean_SPL=0.1566 SR@1m=64.96% SPL@1m=0.2772
[ZSON3 EVAL] 937/1000 scene=yr17PDCnDDW.basis episode=14 target=sofa success=0 spl=0.0000 reason=object_found_at_1m_only steps=210 runtime=386.3s SR=37.46% (351/937) mean_SPL=0.1564 SR@1m=64.99% SPL@1m=0.2773
[ZSON3 EVAL] 938/1000 scene=yr17PDCnDDW.basis episode=15 target=sofa success=0 spl=0.0000 reason=max_steps_reached steps=498 runtime=1167.7s SR=37.42% (351/938) mean_SPL=0.1563 SR@1m=64.93% SPL@1m=0.2770
[ZSON3 EVAL] 939/1000 scene=yr17PDCnDDW.basis episode=16 target=sofa success=0 spl=0.0000 reason=max_steps_reached steps=495 runtime=1192.3s SR=37.38% (351/939) mean_SPL=0.1561 SR@1m=64.86% SPL@1m=0.2767
[ZSON3 EVAL] 940/1000 scene=yr17PDCnDDW.basis episode=17 target=sofa success=0 spl=0.0000 reason=false_positive steps=180 runtime=287.7s SR=37.34% (351/940) mean_SPL=0.1559 SR@1m=64.79% SPL@1m=0.2764
[ZSON3 EVAL] 941/1000 scene=yr17PDCnDDW.basis episode=18 target=sofa success=0 spl=0.0000 reason=object_found_at_1m_only steps=241 runtime=559.8s SR=37.30% (351/941) mean_SPL=0.1558 SR@1m=64.82% SPL@1m=0.2763
[ZSON3 EVAL] 942/1000 scene=yr17PDCnDDW.basis episode=19 target=sofa success=0 spl=0.0000 reason=object_found_at_1m_only steps=125 runtime=385.3s SR=37.26% (351/942) mean_SPL=0.1556 SR@1m=64.86% SPL@1m=0.2767
[ZSON3 EVAL] 943/1000 scene=yr17PDCnDDW.basis episode=20 target=sofa success=0 spl=0.0000 reason=max_steps_reached steps=500 runtime=1436.6s SR=37.22% (351/943) mean_SPL=0.1555 SR@1m=64.79% SPL@1m=0.2764
[ZSON3 EVAL] 944/1000 scene=yr17PDCnDDW.basis episode=21 target=tv_monitor success=0 spl=0.0000 reason=max_steps_reached steps=500 runtime=1359.7s SR=37.18% (351/944) mean_SPL=0.1553 SR@1m=64.72% SPL@1m=0.2761
[ZSON3 EVAL] 945/1000 scene=yr17PDCnDDW.basis episode=22 target=tv_monitor success=0 spl=0.0000 reason=max_steps_reached steps=496 runtime=1663.2s SR=37.14% (351/945) mean_SPL=0.1551 SR@1m=64.66% SPL@1m=0.2759
[ZSON3 EVAL] 946/1000 scene=yr17PDCnDDW.basis episode=23 target=tv_monitor success=0 spl=0.0000 reason=max_steps_reached steps=500 runtime=1640.3s SR=37.10% (351/946) mean_SPL=0.1550 SR@1m=64.59% SPL@1m=0.2756
[ZSON3 EVAL] 947/1000 scene=yr17PDCnDDW.basis episode=24 target=tv_monitor success=0 spl=0.0000 reason=max_steps_reached steps=500 runtime=1051.7s SR=37.06% (351/947) mean_SPL=0.1548 SR@1m=64.52% SPL@1m=0.2753
[ZSON3 EVAL] 948/1000 scene=yr17PDCnDDW.basis episode=25 target=tv_monitor success=0 spl=0.0000 reason=max_steps_reached steps=497 runtime=1383.6s SR=37.03% (351/948) mean_SPL=0.1546 SR@1m=64.45% SPL@1m=0.2750
[ZSON3 EVAL] 949/1000 scene=yr17PDCnDDW.basis episode=26 target=tv_monitor success=0 spl=0.0000 reason=max_steps_reached steps=500 runtime=1107.2s SR=36.99% (351/949) mean_SPL=0.1545 SR@1m=64.38% SPL@1m=0.2747
[ZSON3 EVAL] 950/1000 scene=yr17PDCnDDW.basis episode=27 target=tv_monitor success=0 spl=0.0000 reason=max_steps_reached steps=486 runtime=1167.2s SR=36.95% (351/950) mean_SPL=0.1543 SR@1m=64.32% SPL@1m=0.2744
[ZSON3 EVAL] 951/1000 scene=ziup5kvtCCR.basis episode=0 target=plant success=0 spl=0.0000 reason=max_steps_reached steps=491 runtime=457.3s SR=36.91% (351/951) mean_SPL=0.1541 SR@1m=64.25% SPL@1m=0.2741
[ZSON3 EVAL] 952/1000 scene=ziup5kvtCCR.basis episode=1 target=toilet success=1 spl=0.0989 reason=object_found steps=154 runtime=104.3s SR=36.97% (352/952) mean_SPL=0.1541 SR@1m=64.29% SPL@1m=0.2739
[ZSON3 EVAL] 953/1000 scene=ziup5kvtCCR.basis episode=2 target=bed success=1 spl=0.2156 reason=object_found steps=220 runtime=187.9s SR=37.04% (353/953) mean_SPL=0.1542 SR@1m=64.32% SPL@1m=0.2739
[ZSON3 EVAL] 954/1000 scene=ziup5kvtCCR.basis episode=3 target=tv_monitor success=1 spl=0.8246 reason=robot_stuck steps=214 runtime=80.3s SR=37.11% (354/954) mean_SPL=0.1549 SR@1m=64.36% SPL@1m=0.2744
[ZSON3 EVAL] 955/1000 scene=ziup5kvtCCR.basis episode=4 target=sofa success=1 spl=0.6402 reason=object_found steps=130 runtime=81.7s SR=37.17% (355/955) mean_SPL=0.1554 SR@1m=64.40% SPL@1m=0.2748
[ZSON3 EVAL] 956/1000 scene=ziup5kvtCCR.basis episode=5 target=bed success=1 spl=0.3016 reason=object_found steps=177 runtime=154.8s SR=37.24% (356/956) mean_SPL=0.1555 SR@1m=64.44% SPL@1m=0.2749
[ZSON3 EVAL] 957/1000 scene=ziup5kvtCCR.basis episode=6 target=tv_monitor success=1 spl=0.4691 reason=object_found steps=72 runtime=34.9s SR=37.30% (357/957) mean_SPL=0.1558 SR@1m=64.47% SPL@1m=0.2751
[ZSON3 EVAL] 958/1000 scene=ziup5kvtCCR.basis episode=7 target=toilet success=1 spl=0.5606 reason=object_found steps=208 runtime=141.4s SR=37.37% (358/958) mean_SPL=0.1563 SR@1m=64.51% SPL@1m=0.2754
[ZSON3 EVAL] 959/1000 scene=ziup5kvtCCR.basis episode=8 target=chair success=1 spl=0.1323 reason=object_found steps=283 runtime=178.0s SR=37.43% (359/959) mean_SPL=0.1562 SR@1m=64.55% SPL@1m=0.2752
[ZSON3 EVAL] 960/1000 scene=ziup5kvtCCR.basis episode=9 target=tv_monitor success=1 spl=0.3869 reason=robot_stuck steps=255 runtime=100.7s SR=37.50% (360/960) mean_SPL=0.1565 SR@1m=64.58% SPL@1m=0.2753
[ZSON3 EVAL] 961/1000 scene=ziup5kvtCCR.basis episode=10 target=sofa success=0 spl=0.0000 reason=max_steps_reached steps=495 runtime=344.1s SR=37.46% (360/961) mean_SPL=0.1563 SR@1m=64.52% SPL@1m=0.2750
[ZSON3 EVAL] 962/1000 scene=ziup5kvtCCR.basis episode=11 target=plant success=0 spl=0.0000 reason=exception steps=490 runtime=321.4s SR=37.42% (360/962) mean_SPL=0.1562 SR@1m=64.45% SPL@1m=0.2748
[ZSON3 EVAL] 963/1000 scene=ziup5kvtCCR.basis episode=12 target=chair success=1 spl=0.4091 reason=object_found steps=137 runtime=85.3s SR=37.49% (361/963) mean_SPL=0.1564 SR@1m=64.49% SPL@1m=0.2749
[ZSON3 EVAL] 964/1000 scene=ziup5kvtCCR.basis episode=13 target=chair success=0 spl=0.0000 reason=object_found_at_1m_only steps=35 runtime=23.7s SR=37.45% (361/964) mean_SPL=0.1563 SR@1m=64.52% SPL@1m=0.2756
[ZSON3 EVAL] 965/1000 scene=ziup5kvtCCR.basis episode=14 target=bed success=1 spl=0.3355 reason=object_found steps=50 runtime=31.9s SR=37.51% (362/965) mean_SPL=0.1564 SR@1m=64.56% SPL@1m=0.2757
[ZSON3 EVAL] 966/1000 scene=ziup5kvtCCR.basis episode=15 target=sofa success=1 spl=0.1848 reason=object_found steps=352 runtime=262.7s SR=37.58% (363/966) mean_SPL=0.1565 SR@1m=64.60% SPL@1m=0.2756
[ZSON3 EVAL] 967/1000 scene=ziup5kvtCCR.basis episode=16 target=chair success=1 spl=0.8216 reason=object_found steps=51 runtime=30.2s SR=37.64% (364/967) mean_SPL=0.1572 SR@1m=64.63% SPL@1m=0.2762
[ZSON3 EVAL] 968/1000 scene=ziup5kvtCCR.basis episode=17 target=bed success=1 spl=0.3285 reason=object_found steps=251 runtime=198.3s SR=37.71% (365/968) mean_SPL=0.1573 SR@1m=64.67% SPL@1m=0.2762
[ZSON3 EVAL] 969/1000 scene=ziup5kvtCCR.basis episode=18 target=tv_monitor success=1 spl=0.0841 reason=object_found steps=228 runtime=137.0s SR=37.77% (366/969) mean_SPL=0.1573 SR@1m=64.71% SPL@1m=0.2760
[ZSON3 EVAL] 970/1000 scene=ziup5kvtCCR.basis episode=19 target=sofa success=1 spl=0.8695 reason=object_found steps=61 runtime=36.7s SR=37.84% (367/970) mean_SPL=0.1580 SR@1m=64.74% SPL@1m=0.2766
[ZSON3 EVAL] 971/1000 scene=ziup5kvtCCR.basis episode=20 target=plant success=1 spl=0.1107 reason=object_found steps=393 runtime=245.4s SR=37.90% (368/971) mean_SPL=0.1579 SR@1m=64.78% SPL@1m=0.2765
[ZSON3 EVAL] 972/1000 scene=ziup5kvtCCR.basis episode=21 target=sofa success=1 spl=0.8486 reason=object_found steps=35 runtime=20.1s SR=37.96% (369/972) mean_SPL=0.1587 SR@1m=64.81% SPL@1m=0.2771
[ZSON3 EVAL] 973/1000 scene=ziup5kvtCCR.basis episode=22 target=chair success=1 spl=0.1742 reason=object_found steps=258 runtime=195.9s SR=38.03% (370/973) mean_SPL=0.1587 SR@1m=64.85% SPL@1m=0.2770
[ZSON3 EVAL] 974/1000 scene=ziup5kvtCCR.basis episode=23 target=bed success=1 spl=0.3499 reason=object_found steps=199 runtime=105.4s SR=38.09% (371/974) mean_SPL=0.1589 SR@1m=64.89% SPL@1m=0.2770
[ZSON3 EVAL] 975/1000 scene=ziup5kvtCCR.basis episode=24 target=toilet success=0 spl=0.0000 reason=max_steps_reached steps=496 runtime=490.4s SR=38.05% (371/975) mean_SPL=0.1587 SR@1m=64.82% SPL@1m=0.2767
[ZSON3 EVAL] 976/1000 scene=ziup5kvtCCR.basis episode=25 target=toilet success=1 spl=0.8483 reason=object_found steps=120 runtime=103.9s SR=38.11% (372/976) mean_SPL=0.1594 SR@1m=64.86% SPL@1m=0.2773
[ZSON3 EVAL] 977/1000 scene=ziup5kvtCCR.basis episode=26 target=plant success=0 spl=0.0000 reason=max_steps_reached steps=497 runtime=373.9s SR=38.08% (372/977) mean_SPL=0.1593 SR@1m=64.79% SPL@1m=0.2770
[ZSON3 EVAL] 978/1000 scene=ziup5kvtCCR.basis episode=27 target=toilet success=1 spl=0.8716 reason=object_found steps=236 runtime=135.6s SR=38.14% (373/978) mean_SPL=0.1600 SR@1m=64.83% SPL@1m=0.2777
[ZSON3 EVAL] 979/1000 scene=zt1RVoi7PcG.basis episode=0 target=chair success=0 spl=0.0000 reason=object_found_at_1m_only steps=160 runtime=160.3s SR=38.10% (373/979) mean_SPL=0.1598 SR@1m=64.86% SPL@1m=0.2776
[ZSON3 EVAL] 980/1000 scene=zt1RVoi7PcG.basis episode=1 target=bed success=0 spl=0.0000 reason=object_found_at_1m_only steps=34 runtime=21.1s SR=38.06% (373/980) mean_SPL=0.1597 SR@1m=64.90% SPL@1m=0.2780
[ZSON3 EVAL] 981/1000 scene=zt1RVoi7PcG.basis episode=2 target=plant success=0 spl=0.0000 reason=max_steps_reached steps=496 runtime=489.7s SR=38.02% (373/981) mean_SPL=0.1595 SR@1m=64.83% SPL@1m=0.2777
[ZSON3 EVAL] 982/1000 scene=zt1RVoi7PcG.basis episode=3 target=bed success=0 spl=0.0000 reason=object_found_at_1m_only steps=36 runtime=19.8s SR=37.98% (373/982) mean_SPL=0.1593 SR@1m=64.87% SPL@1m=0.2781
[ZSON3 EVAL] 983/1000 scene=zt1RVoi7PcG.basis episode=4 target=sofa success=1 spl=0.4237 reason=object_found steps=86 runtime=55.8s SR=38.05% (374/983) mean_SPL=0.1596 SR@1m=64.90% SPL@1m=0.2782
[ZSON3 EVAL] 984/1000 scene=zt1RVoi7PcG.basis episode=5 target=toilet success=0 spl=0.0000 reason=object_found_at_1m_only steps=304 runtime=185.6s SR=38.01% (374/984) mean_SPL=0.1594 SR@1m=64.94% SPL@1m=0.2782
[ZSON3 EVAL] 985/1000 scene=zt1RVoi7PcG.basis episode=6 target=chair success=0 spl=0.0000 reason=object_found_at_1m_only steps=88 runtime=90.6s SR=37.97% (374/985) mean_SPL=0.1593 SR@1m=64.97% SPL@1m=0.2783
[ZSON3 EVAL] 986/1000 scene=zt1RVoi7PcG.basis episode=7 target=plant success=0 spl=0.0000 reason=max_steps_reached steps=500 runtime=387.1s SR=37.93% (374/986) mean_SPL=0.1591 SR@1m=64.91% SPL@1m=0.2780
[ZSON3 EVAL] 987/1000 scene=zt1RVoi7PcG.basis episode=8 target=sofa success=1 spl=0.7727 reason=object_found steps=40 runtime=24.7s SR=37.99% (375/987) mean_SPL=0.1597 SR@1m=64.94% SPL@1m=0.2785
[ZSON3 EVAL] 988/1000 scene=zt1RVoi7PcG.basis episode=9 target=chair success=0 spl=0.0000 reason=object_found_at_1m_only steps=35 runtime=37.6s SR=37.96% (375/988) mean_SPL=0.1596 SR@1m=64.98% SPL@1m=0.2785
[ZSON3 EVAL] 989/1000 scene=zt1RVoi7PcG.basis episode=10 target=sofa success=0 spl=0.0000 reason=object_found_at_1m_only steps=54 runtime=48.1s SR=37.92% (375/989) mean_SPL=0.1594 SR@1m=65.02% SPL@1m=0.2789
[ZSON3 EVAL] 990/1000 scene=zt1RVoi7PcG.basis episode=11 target=tv_monitor success=0 spl=0.0000 reason=object_found_at_1m_only steps=176 runtime=124.1s SR=37.88% (375/990) mean_SPL=0.1592 SR@1m=65.05% SPL@1m=0.2790
[ZSON3 EVAL] 991/1000 scene=zt1RVoi7PcG.basis episode=12 target=toilet success=0 spl=0.0000 reason=max_steps_reached steps=500 runtime=350.9s SR=37.84% (375/991) mean_SPL=0.1591 SR@1m=64.98% SPL@1m=0.2787
[ZSON3 EVAL] 992/1000 scene=zt1RVoi7PcG.basis episode=13 target=sofa success=0 spl=0.0000 reason=object_found_at_1m_only steps=119 runtime=79.4s SR=37.80% (375/992) mean_SPL=0.1589 SR@1m=65.02% SPL@1m=0.2790
[ZSON3 EVAL] 993/1000 scene=zt1RVoi7PcG.basis episode=14 target=tv_monitor success=0 spl=0.0000 reason=object_found_at_1m_only steps=148 runtime=118.2s SR=37.76% (375/993) mean_SPL=0.1588 SR@1m=65.06% SPL@1m=0.2790
[ZSON3 EVAL] 994/1000 scene=zt1RVoi7PcG.basis episode=15 target=bed success=1 spl=0.3501 reason=object_found steps=76 runtime=62.4s SR=37.83% (376/994) mean_SPL=0.1590 SR@1m=65.09% SPL@1m=0.2791
[ZSON3 EVAL] 995/1000 scene=zt1RVoi7PcG.basis episode=16 target=chair success=0 spl=0.0000 reason=object_found_at_1m_only steps=62 runtime=51.4s SR=37.79% (376/995) mean_SPL=0.1588 SR@1m=65.13% SPL@1m=0.2794
[ZSON3 EVAL] 996/1000 scene=zt1RVoi7PcG.basis episode=17 target=tv_monitor success=0 spl=0.0000 reason=object_found_at_1m_only steps=207 runtime=177.6s SR=37.75% (376/996) mean_SPL=0.1586 SR@1m=65.16% SPL@1m=0.2793
[ZSON3 EVAL] 997/1000 scene=zt1RVoi7PcG.basis episode=18 target=sofa success=0 spl=0.0000 reason=object_found_at_1m_only steps=181 runtime=154.1s SR=37.71% (376/997) mean_SPL=0.1585 SR@1m=65.20% SPL@1m=0.2791
[ZSON3 EVAL] 998/1000 scene=zt1RVoi7PcG.basis episode=19 target=plant success=0 spl=0.0000 reason=max_steps_reached steps=492 runtime=541.5s SR=37.68% (376/998) mean_SPL=0.1583 SR@1m=65.13% SPL@1m=0.2789
[ZSON3 EVAL] 999/1000 scene=zt1RVoi7PcG.basis episode=20 target=toilet success=0 spl=0.0000 reason=robot_stuck steps=484 runtime=282.1s SR=37.64% (376/999) mean_SPL=0.1582 SR@1m=65.17% SPL@1m=0.2788
[ZSON3 EVAL] 1000/1000 scene=zt1RVoi7PcG.basis episode=21 target=tv_monitor success=0 spl=0.0000 reason=object_found_at_1m_only steps=94 runtime=68.1s SR=37.60% (376/1000) mean_SPL=0.1580 SR@1m=65.20% SPL@1m=0.2790
[ZSON3 SUMMARY] episodes=1000 SR=37.60% SPL=0.1580 SR@1m=65.20% SPL@1m=0.2790 exceptions=2
