[ZSON3 LAUNCH] OF-ApexTarget-v1 deterministic full_hm3dv1 run_id=openfrontier_apextarget_v1_deterministic_full_hm3dv1_2000_seed20260727
Gym has been unmaintained since 2022 and does not support NumPy 2.0 amongst other critical functionality.
Please upgrade to Gymnasium, the maintained drop-in replacement of Gym, or contact the authors of your software and request that they upgrade.
See the migration guide at https://gymnasium.farama.org/introduction/migration_guide/ for additional information.
PluginManager::Manager: duplicate static plugin StbImageImporter, ignoring
PluginManager::Manager: duplicate static plugin GltfImporter, ignoring
PluginManager::Manager: duplicate static plugin BasisImporter, ignoring
PluginManager::Manager: duplicate static plugin AssimpImporter, ignoring
PluginManager::Manager: duplicate static plugin AnySceneImporter, ignoring
PluginManager::Manager: duplicate static plugin AnyImageImporter, ignoring
2026-08-11 09:22:17,490 Initializing dataset ObjectNav-v1
[ZSON3 FLOOR AUDIT] all: dataset=2000 fraction=1.000000 evaluated=0 successes=0 sr=pending spl=pending successes_at_1m=0 sr_at_1m=pending spl_at_1m=pending exceptions=0
[ZSON3 FLOOR AUDIT] same_floor_available: dataset=1659 fraction=0.829500 evaluated=0 successes=0 sr=pending spl=pending successes_at_1m=0 sr_at_1m=pending spl_at_1m=pending exceptions=0
[ZSON3 FLOOR AUDIT] cross_floor_required: dataset=341 fraction=0.170500 evaluated=0 successes=0 sr=pending spl=pending successes_at_1m=0 sr_at_1m=pending spl_at_1m=pending exceptions=0
[zson3:qwen-vllm] owned service is healthy pid=3618643 batch_invariant=1 prefix_cache=off: http://127.0.0.1:18080/v1/models
dino already listening on 12181
mobile_sam already listening on 12183
yolov7 already listening on 12184
qwen3-vl-8b  healthy  backend=vllm  http://127.0.0.1:18080
sam3  unavailable  127.0.0.1:12186
groundingdino  listening  127.0.0.1:12181
blip2-itm  unavailable  127.0.0.1:12182
mobile-sam  listening  127.0.0.1:12183
yolov7  listening  127.0.0.1:12184
[ZSON3 EVAL] start dataset=HM3Dv1-val seed=20260727 episodes=2000 mode=all resume_from=0 qwen_attention=unknown
[ZSON3 EVAL] 1/2000 scene=4ok3usBNeis.basis episode=0 target=bed success=1 spl=0.7817 reason=object_found steps=65 runtime=51.2s SR=100.00% (1/1) mean_SPL=0.7817 SR@1m=100.00% SPL@1m=0.7817
[ZSON3 EVAL] 2/2000 scene=4ok3usBNeis.basis episode=1 target=bed success=1 spl=0.7518 reason=object_found steps=32 runtime=26.2s SR=100.00% (2/2) mean_SPL=0.7668 SR@1m=100.00% SPL@1m=0.7668
[ZSON3 EVAL] 3/2000 scene=4ok3usBNeis.basis episode=2 target=bed success=1 spl=0.6270 reason=object_found steps=75 runtime=53.7s SR=100.00% (3/3) mean_SPL=0.7202 SR@1m=100.00% SPL@1m=0.7202
[ZSON3 EVAL] 4/2000 scene=4ok3usBNeis.basis episode=3 target=toilet success=0 spl=0.0000 reason=max_steps_reached steps=496 runtime=355.8s SR=75.00% (3/4) mean_SPL=0.5401 SR@1m=75.00% SPL@1m=0.5401
[ZSON3 EVAL] 5/2000 scene=4ok3usBNeis.basis episode=4 target=chair success=1 spl=0.7518 reason=object_found steps=75 runtime=54.1s SR=80.00% (4/5) mean_SPL=0.5825 SR@1m=80.00% SPL@1m=0.5825
[ZSON3 EVAL] 6/2000 scene=4ok3usBNeis.basis episode=5 target=toilet success=1 spl=0.1328 reason=object_found steps=160 runtime=103.7s SR=83.33% (5/6) mean_SPL=0.5075 SR@1m=83.33% SPL@1m=0.5075
[ZSON3 EVAL] 7/2000 scene=4ok3usBNeis.basis episode=6 target=toilet success=1 spl=0.4575 reason=object_found steps=133 runtime=104.2s SR=85.71% (6/7) mean_SPL=0.5004 SR@1m=85.71% SPL@1m=0.5004
[ZSON3 EVAL] 8/2000 scene=4ok3usBNeis.basis episode=7 target=chair success=1 spl=0.6674 reason=object_found steps=60 runtime=34.1s SR=87.50% (7/8) mean_SPL=0.5212 SR@1m=87.50% SPL@1m=0.5212
[ZSON3 EVAL] 9/2000 scene=4ok3usBNeis.basis episode=8 target=bed success=1 spl=0.2370 reason=object_found steps=196 runtime=145.8s SR=88.89% (8/9) mean_SPL=0.4897 SR@1m=88.89% SPL@1m=0.4897
[ZSON3 EVAL] 10/2000 scene=4ok3usBNeis.basis episode=9 target=bed success=1 spl=0.4810 reason=object_found steps=127 runtime=103.6s SR=90.00% (9/10) mean_SPL=0.4888 SR@1m=90.00% SPL@1m=0.4888
[ZSON3 EVAL] 11/2000 scene=4ok3usBNeis.basis episode=10 target=sofa success=1 spl=0.7927 reason=object_found steps=65 runtime=45.5s SR=90.91% (10/11) mean_SPL=0.5164 SR@1m=90.91% SPL@1m=0.5164
[ZSON3 EVAL] 12/2000 scene=4ok3usBNeis.basis episode=11 target=sofa success=1 spl=0.4184 reason=object_found steps=94 runtime=60.7s SR=91.67% (11/12) mean_SPL=0.5083 SR@1m=91.67% SPL@1m=0.5083
[ZSON3 EVAL] 13/2000 scene=4ok3usBNeis.basis episode=12 target=toilet success=0 spl=0.0000 reason=robot_stuck steps=454 runtime=282.6s SR=84.62% (11/13) mean_SPL=0.4692 SR@1m=84.62% SPL@1m=0.4692
[ZSON3 EVAL] 14/2000 scene=4ok3usBNeis.basis episode=13 target=toilet success=0 spl=0.0000 reason=object_found_at_1m_only steps=46 runtime=29.1s SR=78.57% (11/14) mean_SPL=0.4356 SR@1m=85.71% SPL@1m=0.5071
[ZSON3 EVAL] 15/2000 scene=4ok3usBNeis.basis episode=14 target=tv_monitor success=0 spl=0.0000 reason=max_steps_reached steps=493 runtime=290.6s SR=73.33% (11/15) mean_SPL=0.4066 SR@1m=80.00% SPL@1m=0.4733
[ZSON3 EVAL] 16/2000 scene=4ok3usBNeis.basis episode=15 target=sofa success=1 spl=0.2942 reason=object_found steps=340 runtime=201.2s SR=75.00% (12/16) mean_SPL=0.3996 SR@1m=81.25% SPL@1m=0.4621
[ZSON3 EVAL] 17/2000 scene=4ok3usBNeis.basis episode=16 target=sofa success=1 spl=0.8779 reason=object_found steps=66 runtime=49.6s SR=76.47% (13/17) mean_SPL=0.4277 SR@1m=82.35% SPL@1m=0.4865
[ZSON3 EVAL] 18/2000 scene=4ok3usBNeis.basis episode=17 target=toilet success=0 spl=0.0000 reason=max_steps_reached steps=497 runtime=334.1s SR=72.22% (13/18) mean_SPL=0.4040 SR@1m=77.78% SPL@1m=0.4595
[ZSON3 EVAL] 19/2000 scene=4ok3usBNeis.basis episode=18 target=sofa success=1 spl=0.3841 reason=object_found steps=139 runtime=71.0s SR=73.68% (14/19) mean_SPL=0.4029 SR@1m=78.95% SPL@1m=0.4555
[ZSON3 EVAL] 20/2000 scene=4ok3usBNeis.basis episode=19 target=sofa success=1 spl=0.1745 reason=object_found steps=187 runtime=124.7s SR=75.00% (15/20) mean_SPL=0.3915 SR@1m=80.00% SPL@1m=0.4415
[ZSON3 EVAL] 21/2000 scene=4ok3usBNeis.basis episode=20 target=chair success=1 spl=0.2225 reason=object_found steps=291 runtime=183.4s SR=76.19% (16/21) mean_SPL=0.3834 SR@1m=80.95% SPL@1m=0.4311
[ZSON3 EVAL] 22/2000 scene=4ok3usBNeis.basis episode=21 target=tv_monitor success=1 spl=0.3340 reason=object_found steps=107 runtime=81.6s SR=77.27% (17/22) mean_SPL=0.3812 SR@1m=81.82% SPL@1m=0.4267
[ZSON3 EVAL] 23/2000 scene=4ok3usBNeis.basis episode=22 target=chair success=1 spl=0.8695 reason=object_found steps=38 runtime=22.9s SR=78.26% (18/23) mean_SPL=0.4024 SR@1m=82.61% SPL@1m=0.4459
[ZSON3 EVAL] 24/2000 scene=4ok3usBNeis.basis episode=23 target=chair success=1 spl=0.5884 reason=object_found steps=142 runtime=79.4s SR=79.17% (19/24) mean_SPL=0.4102 SR@1m=83.33% SPL@1m=0.4518
[ZSON3 EVAL] 25/2000 scene=4ok3usBNeis.basis episode=24 target=tv_monitor success=1 spl=0.4520 reason=object_found steps=72 runtime=49.9s SR=80.00% (20/25) mean_SPL=0.4118 SR@1m=84.00% SPL@1m=0.4518
[ZSON3 EVAL] 26/2000 scene=4ok3usBNeis.basis episode=25 target=bed success=1 spl=0.3692 reason=object_found steps=72 runtime=59.8s SR=80.77% (21/26) mean_SPL=0.4102 SR@1m=84.62% SPL@1m=0.4487
[ZSON3 EVAL] 27/2000 scene=4ok3usBNeis.basis episode=26 target=bed success=1 spl=0.8106 reason=object_found steps=28 runtime=17.0s SR=81.48% (22/27) mean_SPL=0.4250 SR@1m=85.19% SPL@1m=0.4621
[ZSON3 EVAL] 28/2000 scene=4ok3usBNeis.basis episode=27 target=tv_monitor success=1 spl=0.2279 reason=object_found steps=135 runtime=102.5s SR=82.14% (23/28) mean_SPL=0.4180 SR@1m=85.71% SPL@1m=0.4537
[ZSON3 EVAL] 29/2000 scene=4ok3usBNeis.basis episode=28 target=sofa success=1 spl=0.3970 reason=object_found steps=78 runtime=44.4s SR=82.76% (24/29) mean_SPL=0.4173 SR@1m=86.21% SPL@1m=0.4518
[ZSON3 EVAL] 30/2000 scene=4ok3usBNeis.basis episode=29 target=tv_monitor success=1 spl=0.3530 reason=object_found steps=202 runtime=141.0s SR=83.33% (25/30) mean_SPL=0.4151 SR@1m=86.67% SPL@1m=0.4485
[ZSON3 EVAL] 31/2000 scene=4ok3usBNeis.basis episode=30 target=bed success=1 spl=0.8658 reason=object_found steps=58 runtime=40.2s SR=83.87% (26/31) mean_SPL=0.4297 SR@1m=87.10% SPL@1m=0.4619
[ZSON3 EVAL] 32/2000 scene=4ok3usBNeis.basis episode=31 target=chair success=1 spl=0.2775 reason=object_found steps=168 runtime=73.8s SR=84.38% (27/32) mean_SPL=0.4249 SR@1m=87.50% SPL@1m=0.4562
[ZSON3 EVAL] 33/2000 scene=4ok3usBNeis.basis episode=32 target=chair success=1 spl=0.7064 reason=object_found steps=99 runtime=64.3s SR=84.85% (28/33) mean_SPL=0.4334 SR@1m=87.88% SPL@1m=0.4637
[ZSON3 EVAL] 34/2000 scene=4ok3usBNeis.basis episode=33 target=tv_monitor success=0 spl=0.0000 reason=max_steps_reached steps=484 runtime=270.7s SR=82.35% (28/34) mean_SPL=0.4207 SR@1m=85.29% SPL@1m=0.4501
[ZSON3 EVAL] 35/2000 scene=4ok3usBNeis.basis episode=34 target=sofa success=1 spl=0.5059 reason=object_found steps=146 runtime=104.5s SR=82.86% (29/35) mean_SPL=0.4231 SR@1m=85.71% SPL@1m=0.4517
[ZSON3 EVAL] 36/2000 scene=4ok3usBNeis.basis episode=35 target=sofa success=1 spl=0.6796 reason=object_found steps=64 runtime=119.4s SR=83.33% (30/36) mean_SPL=0.4303 SR@1m=86.11% SPL@1m=0.4580
[ZSON3 EVAL] 37/2000 scene=4ok3usBNeis.basis episode=36 target=chair success=1 spl=0.3130 reason=object_found steps=113 runtime=68.0s SR=83.78% (31/37) mean_SPL=0.4271 SR@1m=86.49% SPL@1m=0.4541
[ZSON3 EVAL] 38/2000 scene=4ok3usBNeis.basis episode=37 target=tv_monitor success=0 spl=0.0000 reason=max_steps_reached steps=495 runtime=249.7s SR=81.58% (31/38) mean_SPL=0.4158 SR@1m=84.21% SPL@1m=0.4422
[ZSON3 EVAL] 39/2000 scene=4ok3usBNeis.basis episode=38 target=toilet success=0 spl=0.0000 reason=object_found_at_1m_only steps=71 runtime=47.9s SR=79.49% (31/39) mean_SPL=0.4052 SR@1m=84.62% SPL@1m=0.4506
[ZSON3 EVAL] 40/2000 scene=4ok3usBNeis.basis episode=39 target=toilet success=1 spl=0.1561 reason=object_found steps=213 runtime=146.6s SR=80.00% (32/40) mean_SPL=0.3990 SR@1m=85.00% SPL@1m=0.4433
[ZSON3 EVAL] 41/2000 scene=4ok3usBNeis.basis episode=40 target=toilet success=0 spl=0.0000 reason=max_steps_reached steps=500 runtime=340.2s SR=78.05% (32/41) mean_SPL=0.3892 SR@1m=82.93% SPL@1m=0.4325
[ZSON3 EVAL] 42/2000 scene=4ok3usBNeis.basis episode=41 target=toilet success=1 spl=0.2450 reason=object_found steps=239 runtime=185.6s SR=78.57% (33/42) mean_SPL=0.3858 SR@1m=83.33% SPL@1m=0.4280
[ZSON3 EVAL] 43/2000 scene=4ok3usBNeis.basis episode=42 target=bed success=1 spl=0.2287 reason=robot_stuck steps=352 runtime=229.1s SR=79.07% (34/43) mean_SPL=0.3821 SR@1m=83.72% SPL@1m=0.4234
[ZSON3 EVAL] 44/2000 scene=4ok3usBNeis.basis episode=43 target=toilet success=1 spl=0.1070 reason=object_found steps=227 runtime=152.9s SR=79.55% (35/44) mean_SPL=0.3759 SR@1m=84.09% SPL@1m=0.4162
[ZSON3 EVAL] 45/2000 scene=4ok3usBNeis.basis episode=44 target=toilet success=0 spl=0.0000 reason=max_steps_reached steps=500 runtime=301.2s SR=77.78% (35/45) mean_SPL=0.3675 SR@1m=82.22% SPL@1m=0.4069
[ZSON3 EVAL] 46/2000 scene=4ok3usBNeis.basis episode=45 target=tv_monitor success=0 spl=0.0000 reason=max_steps_reached steps=499 runtime=277.4s SR=76.09% (35/46) mean_SPL=0.3595 SR@1m=80.43% SPL@1m=0.3981
[ZSON3 EVAL] 47/2000 scene=4ok3usBNeis.basis episode=46 target=chair success=1 spl=0.1924 reason=object_found steps=284 runtime=211.1s SR=76.60% (36/47) mean_SPL=0.3560 SR@1m=80.85% SPL@1m=0.3937
[ZSON3 EVAL] 48/2000 scene=4ok3usBNeis.basis episode=47 target=chair success=1 spl=0.7605 reason=object_found steps=35 runtime=19.1s SR=77.08% (37/48) mean_SPL=0.3644 SR@1m=81.25% SPL@1m=0.4013
[ZSON3 EVAL] 49/2000 scene=4ok3usBNeis.basis episode=48 target=bed success=1 spl=0.2809 reason=object_found steps=195 runtime=151.9s SR=77.55% (38/49) mean_SPL=0.3627 SR@1m=81.63% SPL@1m=0.3989
[ZSON3 EVAL] 50/2000 scene=4ok3usBNeis.basis episode=49 target=sofa success=1 spl=0.6943 reason=object_found steps=82 runtime=53.1s SR=78.00% (39/50) mean_SPL=0.3693 SR@1m=82.00% SPL@1m=0.4048
[ZSON3 EVAL] 51/2000 scene=4ok3usBNeis.basis episode=50 target=tv_monitor success=1 spl=0.7951 reason=object_found steps=106 runtime=67.6s SR=78.43% (40/51) mean_SPL=0.3777 SR@1m=82.35% SPL@1m=0.4124
[ZSON3 EVAL] 52/2000 scene=4ok3usBNeis.basis episode=51 target=bed success=1 spl=0.2967 reason=object_found steps=311 runtime=182.4s SR=78.85% (41/52) mean_SPL=0.3761 SR@1m=82.69% SPL@1m=0.4102
[ZSON3 EVAL] 53/2000 scene=4ok3usBNeis.basis episode=52 target=toilet success=1 spl=0.9042 reason=object_found steps=36 runtime=23.7s SR=79.25% (42/53) mean_SPL=0.3861 SR@1m=83.02% SPL@1m=0.4195
[ZSON3 EVAL] 54/2000 scene=4ok3usBNeis.basis episode=53 target=bed success=1 spl=0.7721 reason=object_found steps=83 runtime=49.8s SR=79.63% (43/54) mean_SPL=0.3932 SR@1m=83.33% SPL@1m=0.4261
[ZSON3 EVAL] 55/2000 scene=4ok3usBNeis.basis episode=54 target=toilet success=0 spl=0.0000 reason=max_steps_reached steps=500 runtime=305.8s SR=78.18% (43/55) mean_SPL=0.3861 SR@1m=81.82% SPL@1m=0.4183
[ZSON3 EVAL] 56/2000 scene=4ok3usBNeis.basis episode=55 target=bed success=1 spl=0.7473 reason=object_found steps=92 runtime=54.3s SR=78.57% (44/56) mean_SPL=0.3925 SR@1m=82.14% SPL@1m=0.4242
[ZSON3 EVAL] 57/2000 scene=4ok3usBNeis.basis episode=56 target=sofa success=1 spl=0.7796 reason=object_found steps=68 runtime=48.6s SR=78.95% (45/57) mean_SPL=0.3993 SR@1m=82.46% SPL@1m=0.4304
[ZSON3 EVAL] 58/2000 scene=4ok3usBNeis.basis episode=57 target=bed success=1 spl=0.8048 reason=object_found steps=126 runtime=92.2s SR=79.31% (46/58) mean_SPL=0.4063 SR@1m=82.76% SPL@1m=0.4369
[ZSON3 EVAL] 59/2000 scene=4ok3usBNeis.basis episode=58 target=toilet success=0 spl=0.0000 reason=max_steps_reached steps=493 runtime=297.1s SR=77.97% (46/59) mean_SPL=0.3994 SR@1m=81.36% SPL@1m=0.4295
[ZSON3 EVAL] 60/2000 scene=4ok3usBNeis.basis episode=59 target=chair success=1 spl=0.1440 reason=object_found steps=316 runtime=195.1s SR=78.33% (47/60) mean_SPL=0.3952 SR@1m=81.67% SPL@1m=0.4247
[ZSON3 EVAL] 61/2000 scene=4ok3usBNeis.basis episode=60 target=sofa success=1 spl=0.8650 reason=object_found steps=70 runtime=47.1s SR=78.69% (48/61) mean_SPL=0.4029 SR@1m=81.97% SPL@1m=0.4319
[ZSON3 EVAL] 62/2000 scene=4ok3usBNeis.basis episode=61 target=tv_monitor success=0 spl=0.0000 reason=max_steps_reached steps=488 runtime=287.3s SR=77.42% (48/62) mean_SPL=0.3964 SR@1m=80.65% SPL@1m=0.4250
[ZSON3 EVAL] 63/2000 scene=4ok3usBNeis.basis episode=62 target=bed success=1 spl=0.3722 reason=object_found steps=179 runtime=109.0s SR=77.78% (49/63) mean_SPL=0.3960 SR@1m=80.95% SPL@1m=0.4241
[ZSON3 EVAL] 64/2000 scene=4ok3usBNeis.basis episode=63 target=sofa success=0 spl=0.0000 reason=max_steps_reached steps=500 runtime=229.3s SR=76.56% (49/64) mean_SPL=0.3898 SR@1m=79.69% SPL@1m=0.4175
[ZSON3 EVAL] 65/2000 scene=4ok3usBNeis.basis episode=64 target=bed success=1 spl=0.7499 reason=object_found steps=88 runtime=61.1s SR=76.92% (50/65) mean_SPL=0.3954 SR@1m=80.00% SPL@1m=0.4226
[ZSON3 EVAL] 66/2000 scene=4ok3usBNeis.basis episode=65 target=sofa success=1 spl=0.3141 reason=object_found steps=155 runtime=101.4s SR=77.27% (51/66) mean_SPL=0.3941 SR@1m=80.30% SPL@1m=0.4210
[ZSON3 EVAL] 67/2000 scene=4ok3usBNeis.basis episode=66 target=chair success=1 spl=0.3836 reason=object_found steps=111 runtime=71.1s SR=77.61% (52/67) mean_SPL=0.3940 SR@1m=80.60% SPL@1m=0.4204
[ZSON3 EVAL] 68/2000 scene=4ok3usBNeis.basis episode=67 target=bed success=1 spl=0.2924 reason=object_found steps=194 runtime=127.7s SR=77.94% (53/68) mean_SPL=0.3925 SR@1m=80.88% SPL@1m=0.4185
[ZSON3 EVAL] 69/2000 scene=4ok3usBNeis.basis episode=68 target=sofa success=1 spl=0.5699 reason=object_found steps=81 runtime=50.9s SR=78.26% (54/69) mean_SPL=0.3950 SR@1m=81.16% SPL@1m=0.4207
[ZSON3 EVAL] 70/2000 scene=4ok3usBNeis.basis episode=69 target=toilet success=0 spl=0.0000 reason=object_found_at_1m_only steps=235 runtime=163.3s SR=77.14% (54/70) mean_SPL=0.3894 SR@1m=81.43% SPL@1m=0.4164
[ZSON3 EVAL] 71/2000 scene=4ok3usBNeis.basis episode=70 target=bed success=1 spl=0.8505 reason=robot_stuck steps=292 runtime=170.6s SR=77.46% (55/71) mean_SPL=0.3959 SR@1m=81.69% SPL@1m=0.4226
[ZSON3 EVAL] 72/2000 scene=4ok3usBNeis.basis episode=71 target=sofa success=1 spl=0.7813 reason=object_found steps=93 runtime=60.8s SR=77.78% (56/72) mean_SPL=0.4012 SR@1m=81.94% SPL@1m=0.4275
[ZSON3 EVAL] 73/2000 scene=4ok3usBNeis.basis episode=72 target=tv_monitor success=1 spl=0.3259 reason=object_found steps=291 runtime=210.3s SR=78.08% (57/73) mean_SPL=0.4002 SR@1m=82.19% SPL@1m=0.4262
[ZSON3 EVAL] 74/2000 scene=4ok3usBNeis.basis episode=73 target=toilet success=0 spl=0.0000 reason=max_steps_reached steps=500 runtime=302.8s SR=77.03% (57/74) mean_SPL=0.3948 SR@1m=81.08% SPL@1m=0.4204
[ZSON3 EVAL] 75/2000 scene=4ok3usBNeis.basis episode=74 target=tv_monitor success=0 spl=0.0000 reason=max_steps_reached steps=493 runtime=306.8s SR=76.00% (57/75) mean_SPL=0.3895 SR@1m=80.00% SPL@1m=0.4148
[ZSON3 EVAL] 76/2000 scene=4ok3usBNeis.basis episode=75 target=sofa success=1 spl=0.7838 reason=object_found steps=87 runtime=60.5s SR=76.32% (58/76) mean_SPL=0.3947 SR@1m=80.26% SPL@1m=0.4196
[ZSON3 EVAL] 77/2000 scene=4ok3usBNeis.basis episode=76 target=toilet success=0 spl=0.0000 reason=no_frontiers steps=481 runtime=282.6s SR=75.32% (58/77) mean_SPL=0.3896 SR@1m=79.22% SPL@1m=0.4142
[ZSON3 EVAL] 78/2000 scene=4ok3usBNeis.basis episode=77 target=sofa success=1 spl=0.5181 reason=object_found steps=91 runtime=62.3s SR=75.64% (59/78) mean_SPL=0.3913 SR@1m=79.49% SPL@1m=0.4155
[ZSON3 EVAL] 79/2000 scene=4ok3usBNeis.basis episode=78 target=bed success=1 spl=0.3727 reason=object_found steps=137 runtime=104.4s SR=75.95% (60/79) mean_SPL=0.3910 SR@1m=79.75% SPL@1m=0.4150
[ZSON3 EVAL] 80/2000 scene=4ok3usBNeis.basis episode=79 target=bed success=1 spl=0.4347 reason=object_found steps=89 runtime=70.8s SR=76.25% (61/80) mean_SPL=0.3916 SR@1m=80.00% SPL@1m=0.4152
[ZSON3 EVAL] 81/2000 scene=4ok3usBNeis.basis episode=80 target=toilet success=0 spl=0.0000 reason=max_steps_reached steps=499 runtime=255.8s SR=75.31% (61/81) mean_SPL=0.3867 SR@1m=79.01% SPL@1m=0.4101
[ZSON3 EVAL] 82/2000 scene=4ok3usBNeis.basis episode=81 target=chair success=0 spl=0.0000 reason=max_steps_reached steps=491 runtime=252.8s SR=74.39% (61/82) mean_SPL=0.3820 SR@1m=78.05% SPL@1m=0.4051
[ZSON3 EVAL] 83/2000 scene=4ok3usBNeis.basis episode=82 target=chair success=1 spl=0.8060 reason=object_found steps=29 runtime=14.4s SR=74.70% (62/83) mean_SPL=0.3871 SR@1m=78.31% SPL@1m=0.4099
[ZSON3 EVAL] 84/2000 scene=4ok3usBNeis.basis episode=83 target=chair success=1 spl=0.0849 reason=object_found steps=401 runtime=274.1s SR=75.00% (63/84) mean_SPL=0.3835 SR@1m=78.57% SPL@1m=0.4061
[ZSON3 EVAL] 85/2000 scene=4ok3usBNeis.basis episode=84 target=bed success=1 spl=0.7847 reason=object_found steps=86 runtime=50.5s SR=75.29% (64/85) mean_SPL=0.3882 SR@1m=78.82% SPL@1m=0.4105
[ZSON3 EVAL] 86/2000 scene=4ok3usBNeis.basis episode=85 target=chair success=1 spl=0.7557 reason=object_found steps=55 runtime=27.9s SR=75.58% (65/86) mean_SPL=0.3925 SR@1m=79.07% SPL@1m=0.4145
[ZSON3 EVAL] 87/2000 scene=4ok3usBNeis.basis episode=86 target=tv_monitor success=0 spl=0.0000 reason=max_steps_reached steps=498 runtime=325.7s SR=74.71% (65/87) mean_SPL=0.3880 SR@1m=78.16% SPL@1m=0.4098
[ZSON3 EVAL] 88/2000 scene=4ok3usBNeis.basis episode=87 target=sofa success=1 spl=0.8943 reason=object_found steps=64 runtime=41.0s SR=75.00% (66/88) mean_SPL=0.3938 SR@1m=78.41% SPL@1m=0.4153
[ZSON3 EVAL] 89/2000 scene=4ok3usBNeis.basis episode=88 target=toilet success=0 spl=0.0000 reason=max_steps_reached steps=492 runtime=280.1s SR=74.16% (66/89) mean_SPL=0.3893 SR@1m=77.53% SPL@1m=0.4106
[ZSON3 EVAL] 90/2000 scene=4ok3usBNeis.basis episode=89 target=bed success=1 spl=0.7367 reason=robot_stuck steps=239 runtime=106.4s SR=74.44% (67/90) mean_SPL=0.3932 SR@1m=77.78% SPL@1m=0.4142
[ZSON3 EVAL] 91/2000 scene=4ok3usBNeis.basis episode=90 target=chair success=1 spl=0.8565 reason=object_found steps=81 runtime=54.2s SR=74.73% (68/91) mean_SPL=0.3983 SR@1m=78.02% SPL@1m=0.4191
[ZSON3 EVAL] 92/2000 scene=4ok3usBNeis.basis episode=91 target=tv_monitor success=0 spl=0.0000 reason=max_steps_reached steps=500 runtime=291.5s SR=73.91% (68/92) mean_SPL=0.3940 SR@1m=77.17% SPL@1m=0.4145
[ZSON3 EVAL] 93/2000 scene=4ok3usBNeis.basis episode=92 target=bed success=1 spl=0.7836 reason=object_found steps=98 runtime=61.6s SR=74.19% (69/93) mean_SPL=0.3981 SR@1m=77.42% SPL@1m=0.4185
[ZSON3 EVAL] 94/2000 scene=4ok3usBNeis.basis episode=93 target=tv_monitor success=0 spl=0.0000 reason=max_steps_reached steps=495 runtime=286.7s SR=73.40% (69/94) mean_SPL=0.3939 SR@1m=76.60% SPL@1m=0.4141
[ZSON3 EVAL] 95/2000 scene=4ok3usBNeis.basis episode=94 target=sofa success=1 spl=0.3703 reason=object_found steps=178 runtime=121.0s SR=73.68% (70/95) mean_SPL=0.3937 SR@1m=76.84% SPL@1m=0.4136
[ZSON3 EVAL] 96/2000 scene=4ok3usBNeis.basis episode=95 target=chair success=1 spl=0.6185 reason=object_found steps=73 runtime=54.9s SR=73.96% (71/96) mean_SPL=0.3960 SR@1m=77.08% SPL@1m=0.4157
[ZSON3 EVAL] 97/2000 scene=4ok3usBNeis.basis episode=96 target=tv_monitor success=1 spl=0.6734 reason=object_found steps=140 runtime=103.4s SR=74.23% (72/97) mean_SPL=0.3989 SR@1m=77.32% SPL@1m=0.4184
[ZSON3 EVAL] 98/2000 scene=4ok3usBNeis.basis episode=97 target=toilet success=0 spl=0.0000 reason=no_frontiers steps=360 runtime=212.4s SR=73.47% (72/98) mean_SPL=0.3948 SR@1m=76.53% SPL@1m=0.4141
[ZSON3 EVAL] 99/2000 scene=4ok3usBNeis.basis episode=98 target=bed success=1 spl=0.1878 reason=object_found steps=214 runtime=145.2s SR=73.74% (73/99) mean_SPL=0.3927 SR@1m=76.77% SPL@1m=0.4118
[ZSON3 EVAL] 100/2000 scene=5cdEh9F2hJL.basis episode=0 target=tv_monitor success=0 spl=0.0000 reason=max_steps_reached steps=499 runtime=474.4s SR=73.00% (73/100) mean_SPL=0.3888 SR@1m=76.00% SPL@1m=0.4077
[ZSON3 EVAL] 101/2000 scene=5cdEh9F2hJL.basis episode=1 target=sofa success=0 spl=0.0000 reason=false_positive steps=90 runtime=60.9s SR=72.28% (73/101) mean_SPL=0.3849 SR@1m=75.25% SPL@1m=0.4037
[ZSON3 EVAL] 102/2000 scene=5cdEh9F2hJL.basis episode=2 target=chair success=1 spl=0.3069 reason=robot_stuck steps=331 runtime=214.7s SR=72.55% (74/102) mean_SPL=0.3842 SR@1m=75.49% SPL@1m=0.4027
[ZSON3 EVAL] 103/2000 scene=5cdEh9F2hJL.basis episode=3 target=tv_monitor success=0 spl=0.0000 reason=robot_stuck steps=279 runtime=190.7s SR=71.84% (74/103) mean_SPL=0.3804 SR@1m=74.76% SPL@1m=0.3988
[ZSON3 EVAL] 104/2000 scene=5cdEh9F2hJL.basis episode=4 target=chair success=1 spl=0.7667 reason=object_found steps=40 runtime=26.0s SR=72.12% (75/104) mean_SPL=0.3841 SR@1m=75.00% SPL@1m=0.4024
[ZSON3 EVAL] 105/2000 scene=5cdEh9F2hJL.basis episode=5 target=bed success=1 spl=0.8387 reason=object_found steps=95 runtime=45.2s SR=72.38% (76/105) mean_SPL=0.3885 SR@1m=75.24% SPL@1m=0.4065
[ZSON3 EVAL] 106/2000 scene=5cdEh9F2hJL.basis episode=6 target=bed success=0 spl=0.0000 reason=robot_stuck steps=269 runtime=134.8s SR=71.70% (76/106) mean_SPL=0.3848 SR@1m=75.47% SPL@1m=0.4095
[ZSON3 EVAL] 107/2000 scene=5cdEh9F2hJL.basis episode=7 target=chair success=1 spl=0.4117 reason=object_found steps=55 runtime=43.4s SR=71.96% (77/107) mean_SPL=0.3851 SR@1m=75.70% SPL@1m=0.4095
[ZSON3 EVAL] 108/2000 scene=5cdEh9F2hJL.basis episode=8 target=sofa success=0 spl=0.0000 reason=false_positive steps=135 runtime=99.8s SR=71.30% (77/108) mean_SPL=0.3815 SR@1m=75.00% SPL@1m=0.4057
[ZSON3 EVAL] 109/2000 scene=5cdEh9F2hJL.basis episode=9 target=chair success=1 spl=0.3752 reason=object_found steps=59 runtime=45.6s SR=71.56% (78/109) mean_SPL=0.3814 SR@1m=75.23% SPL@1m=0.4054
[ZSON3 EVAL] 110/2000 scene=5cdEh9F2hJL.basis episode=10 target=sofa success=0 spl=0.0000 reason=false_positive steps=116 runtime=90.8s SR=70.91% (78/110) mean_SPL=0.3780 SR@1m=74.55% SPL@1m=0.4017
[ZSON3 EVAL] 111/2000 scene=5cdEh9F2hJL.basis episode=11 target=bed success=1 spl=0.4855 reason=object_found steps=55 runtime=50.3s SR=71.17% (79/111) mean_SPL=0.3789 SR@1m=74.77% SPL@1m=0.4025
[ZSON3 EVAL] 112/2000 scene=5cdEh9F2hJL.basis episode=12 target=tv_monitor success=0 spl=0.0000 reason=max_steps_reached steps=496 runtime=448.4s SR=70.54% (79/112) mean_SPL=0.3756 SR@1m=74.11% SPL@1m=0.3989
[ZSON3 EVAL] 113/2000 scene=5cdEh9F2hJL.basis episode=13 target=sofa success=0 spl=0.0000 reason=false_positive steps=73 runtime=52.2s SR=69.91% (79/113) mean_SPL=0.3722 SR@1m=73.45% SPL@1m=0.3954
[ZSON3 EVAL] 114/2000 scene=5cdEh9F2hJL.basis episode=14 target=sofa success=0 spl=0.0000 reason=false_positive steps=82 runtime=45.1s SR=69.30% (79/114) mean_SPL=0.3690 SR@1m=72.81% SPL@1m=0.3919
[ZSON3 EVAL] 115/2000 scene=5cdEh9F2hJL.basis episode=15 target=toilet success=1 spl=0.1988 reason=object_found steps=261 runtime=252.0s SR=69.57% (80/115) mean_SPL=0.3675 SR@1m=73.04% SPL@1m=0.3902
[ZSON3 EVAL] 116/2000 scene=5cdEh9F2hJL.basis episode=16 target=sofa success=0 spl=0.0000 reason=false_positive steps=74 runtime=53.5s SR=68.97% (80/116) mean_SPL=0.3643 SR@1m=72.41% SPL@1m=0.3869
[ZSON3 EVAL] 117/2000 scene=5cdEh9F2hJL.basis episode=17 target=sofa success=0 spl=0.0000 reason=false_positive steps=32 runtime=26.2s SR=68.38% (80/117) mean_SPL=0.3612 SR@1m=71.79% SPL@1m=0.3836
[ZSON3 EVAL] 118/2000 scene=5cdEh9F2hJL.basis episode=18 target=tv_monitor success=0 spl=0.0000 reason=false_positive steps=443 runtime=390.1s SR=67.80% (80/118) mean_SPL=0.3581 SR@1m=71.19% SPL@1m=0.3803
[ZSON3 EVAL] 119/2000 scene=5cdEh9F2hJL.basis episode=19 target=chair success=1 spl=0.4294 reason=object_found steps=86 runtime=60.2s SR=68.07% (81/119) mean_SPL=0.3587 SR@1m=71.43% SPL@1m=0.3807
[ZSON3 EVAL] 120/2000 scene=5cdEh9F2hJL.basis episode=20 target=toilet success=1 spl=0.2014 reason=object_found steps=392 runtime=297.9s SR=68.33% (82/120) mean_SPL=0.3574 SR@1m=71.67% SPL@1m=0.3792
[ZSON3 EVAL] 121/2000 scene=5cdEh9F2hJL.basis episode=21 target=sofa success=0 spl=0.0000 reason=false_positive steps=351 runtime=259.0s SR=67.77% (82/121) mean_SPL=0.3545 SR@1m=71.07% SPL@1m=0.3761
[ZSON3 EVAL] 122/2000 scene=5cdEh9F2hJL.basis episode=22 target=bed success=0 spl=0.0000 reason=false_positive steps=136 runtime=109.5s SR=67.21% (82/122) mean_SPL=0.3516 SR@1m=70.49% SPL@1m=0.3730
[ZSON3 EVAL] 123/2000 scene=5cdEh9F2hJL.basis episode=23 target=toilet success=1 spl=0.2110 reason=object_found steps=257 runtime=314.6s SR=67.48% (83/123) mean_SPL=0.3504 SR@1m=70.73% SPL@1m=0.3717
[ZSON3 EVAL] 124/2000 scene=5cdEh9F2hJL.basis episode=24 target=tv_monitor success=0 spl=0.0000 reason=max_steps_reached steps=500 runtime=372.0s SR=66.94% (83/124) mean_SPL=0.3476 SR@1m=70.16% SPL@1m=0.3687
[ZSON3 EVAL] 125/2000 scene=5cdEh9F2hJL.basis episode=25 target=sofa success=0 spl=0.0000 reason=false_positive steps=31 runtime=31.5s SR=66.40% (83/125) mean_SPL=0.3448 SR@1m=69.60% SPL@1m=0.3657
[ZSON3 EVAL] 126/2000 scene=5cdEh9F2hJL.basis episode=26 target=chair success=1 spl=0.7949 reason=object_found steps=116 runtime=67.4s SR=66.67% (84/126) mean_SPL=0.3484 SR@1m=69.84% SPL@1m=0.3692
[ZSON3 EVAL] 127/2000 scene=5cdEh9F2hJL.basis episode=27 target=bed success=1 spl=0.7439 reason=object_found steps=91 runtime=45.9s SR=66.93% (85/127) mean_SPL=0.3515 SR@1m=70.08% SPL@1m=0.3721
[ZSON3 EVAL] 128/2000 scene=5cdEh9F2hJL.basis episode=28 target=tv_monitor success=0 spl=0.0000 reason=robot_stuck steps=252 runtime=129.8s SR=66.41% (85/128) mean_SPL=0.3488 SR@1m=69.53% SPL@1m=0.3692
[ZSON3 EVAL] 129/2000 scene=5cdEh9F2hJL.basis episode=29 target=sofa success=0 spl=0.0000 reason=false_positive steps=25 runtime=17.1s SR=65.89% (85/129) mean_SPL=0.3461 SR@1m=68.99% SPL@1m=0.3663
[ZSON3 EVAL] 130/2000 scene=5cdEh9F2hJL.basis episode=30 target=tv_monitor success=0 spl=0.0000 reason=max_steps_reached steps=493 runtime=362.4s SR=65.38% (85/130) mean_SPL=0.3434 SR@1m=68.46% SPL@1m=0.3635
[ZSON3 EVAL] 131/2000 scene=5cdEh9F2hJL.basis episode=31 target=toilet success=1 spl=0.3437 reason=object_found steps=328 runtime=302.5s SR=65.65% (86/131) mean_SPL=0.3434 SR@1m=68.70% SPL@1m=0.3634
[ZSON3 EVAL] 132/2000 scene=5cdEh9F2hJL.basis episode=32 target=chair success=1 spl=0.2795 reason=object_found steps=143 runtime=112.9s SR=65.91% (87/132) mean_SPL=0.3429 SR@1m=68.94% SPL@1m=0.3627
[ZSON3 EVAL] 133/2000 scene=5cdEh9F2hJL.basis episode=33 target=toilet success=0 spl=0.0000 reason=false_positive steps=415 runtime=382.0s SR=65.41% (87/133) mean_SPL=0.3403 SR@1m=68.42% SPL@1m=0.3600
[ZSON3 EVAL] 134/2000 scene=5cdEh9F2hJL.basis episode=34 target=toilet success=0 spl=0.0000 reason=max_steps_reached steps=500 runtime=445.8s SR=64.93% (87/134) mean_SPL=0.3378 SR@1m=68.66% SPL@1m=0.3581
[ZSON3 EVAL] 135/2000 scene=5cdEh9F2hJL.basis episode=35 target=chair success=1 spl=0.1748 reason=object_found steps=168 runtime=151.0s SR=65.19% (88/135) mean_SPL=0.3366 SR@1m=68.89% SPL@1m=0.3568
[ZSON3 EVAL] 136/2000 scene=5cdEh9F2hJL.basis episode=36 target=toilet success=1 spl=0.4023 reason=object_found steps=162 runtime=160.7s SR=65.44% (89/136) mean_SPL=0.3371 SR@1m=69.12% SPL@1m=0.3571
[ZSON3 EVAL] 137/2000 scene=5cdEh9F2hJL.basis episode=37 target=sofa success=0 spl=0.0000 reason=false_positive steps=186 runtime=144.5s SR=64.96% (89/137) mean_SPL=0.3346 SR@1m=68.61% SPL@1m=0.3545
[ZSON3 EVAL] 138/2000 scene=5cdEh9F2hJL.basis episode=38 target=bed success=1 spl=0.1180 reason=object_found steps=333 runtime=275.0s SR=65.22% (90/138) mean_SPL=0.3330 SR@1m=68.84% SPL@1m=0.3528
[ZSON3 EVAL] 139/2000 scene=5cdEh9F2hJL.basis episode=39 target=bed success=1 spl=0.6153 reason=object_found steps=92 runtime=89.1s SR=65.47% (91/139) mean_SPL=0.3351 SR@1m=69.06% SPL@1m=0.3547
[ZSON3 EVAL] 140/2000 scene=5cdEh9F2hJL.basis episode=40 target=chair success=1 spl=0.3095 reason=object_found steps=137 runtime=104.6s SR=65.71% (92/140) mean_SPL=0.3349 SR@1m=69.29% SPL@1m=0.3544
[ZSON3 EVAL] 141/2000 scene=5cdEh9F2hJL.basis episode=41 target=chair success=1 spl=0.7679 reason=object_found steps=95 runtime=62.8s SR=65.96% (93/141) mean_SPL=0.3380 SR@1m=69.50% SPL@1m=0.3573
[ZSON3 EVAL] 142/2000 scene=5cdEh9F2hJL.basis episode=42 target=tv_monitor success=0 spl=0.0000 reason=object_found_at_1m_only steps=409 runtime=322.6s SR=65.49% (93/142) mean_SPL=0.3356 SR@1m=69.72% SPL@1m=0.3564
[ZSON3 EVAL] 143/2000 scene=5cdEh9F2hJL.basis episode=43 target=sofa success=0 spl=0.0000 reason=false_positive steps=116 runtime=172.5s SR=65.03% (93/143) mean_SPL=0.3332 SR@1m=69.23% SPL@1m=0.3539
[ZSON3 EVAL] 144/2000 scene=5cdEh9F2hJL.basis episode=44 target=sofa success=0 spl=0.0000 reason=false_positive steps=176 runtime=132.4s SR=64.58% (93/144) mean_SPL=0.3309 SR@1m=68.75% SPL@1m=0.3515
[ZSON3 EVAL] 145/2000 scene=5cdEh9F2hJL.basis episode=45 target=tv_monitor success=0 spl=0.0000 reason=object_found_at_1m_only steps=432 runtime=406.2s SR=64.14% (93/145) mean_SPL=0.3286 SR@1m=68.97% SPL@1m=0.3505
[ZSON3 EVAL] 146/2000 scene=5cdEh9F2hJL.basis episode=46 target=bed success=0 spl=0.0000 reason=false_positive steps=249 runtime=239.2s SR=63.70% (93/146) mean_SPL=0.3264 SR@1m=68.49% SPL@1m=0.3481
[ZSON3 EVAL] 147/2000 scene=5cdEh9F2hJL.basis episode=47 target=chair success=1 spl=0.2685 reason=object_found steps=201 runtime=154.8s SR=63.95% (94/147) mean_SPL=0.3260 SR@1m=68.71% SPL@1m=0.3476
[ZSON3 EVAL] 148/2000 scene=5cdEh9F2hJL.basis episode=48 target=toilet success=1 spl=0.1922 reason=object_found steps=360 runtime=345.7s SR=64.19% (95/148) mean_SPL=0.3251 SR@1m=68.92% SPL@1m=0.3466
[ZSON3 EVAL] 149/2000 scene=5cdEh9F2hJL.basis episode=49 target=bed success=0 spl=0.0000 reason=max_steps_reached steps=481 runtime=464.6s SR=63.76% (95/149) mean_SPL=0.3229 SR@1m=68.46% SPL@1m=0.3442
[ZSON3 EVAL] 150/2000 scene=5cdEh9F2hJL.basis episode=50 target=bed success=1 spl=0.3677 reason=object_found steps=167 runtime=116.9s SR=64.00% (96/150) mean_SPL=0.3232 SR@1m=68.67% SPL@1m=0.3444
[ZSON3 EVAL] 151/2000 scene=5cdEh9F2hJL.basis episode=51 target=sofa success=0 spl=0.0000 reason=false_positive steps=7 runtime=4.5s SR=63.58% (96/151) mean_SPL=0.3211 SR@1m=68.21% SPL@1m=0.3421
[ZSON3 EVAL] 152/2000 scene=5cdEh9F2hJL.basis episode=52 target=chair success=1 spl=0.4567 reason=object_found steps=95 runtime=63.0s SR=63.82% (97/152) mean_SPL=0.3220 SR@1m=68.42% SPL@1m=0.3429
[ZSON3 EVAL] 153/2000 scene=5cdEh9F2hJL.basis episode=53 target=bed success=1 spl=0.1471 reason=object_found steps=286 runtime=326.1s SR=64.05% (98/153) mean_SPL=0.3208 SR@1m=68.63% SPL@1m=0.3416
[ZSON3 EVAL] 154/2000 scene=5cdEh9F2hJL.basis episode=54 target=bed success=0 spl=0.0000 reason=false_positive steps=480 runtime=422.1s SR=63.64% (98/154) mean_SPL=0.3187 SR@1m=68.18% SPL@1m=0.3394
[ZSON3 EVAL] 155/2000 scene=5cdEh9F2hJL.basis episode=55 target=bed success=1 spl=0.1559 reason=object_found steps=328 runtime=258.3s SR=63.87% (99/155) mean_SPL=0.3177 SR@1m=68.39% SPL@1m=0.3382
[ZSON3 EVAL] 156/2000 scene=5cdEh9F2hJL.basis episode=56 target=chair success=1 spl=0.4521 reason=object_found steps=187 runtime=116.1s SR=64.10% (100/156) mean_SPL=0.3185 SR@1m=68.59% SPL@1m=0.3389
[ZSON3 EVAL] 157/2000 scene=5cdEh9F2hJL.basis episode=57 target=toilet success=0 spl=0.0000 reason=false_positive steps=11 runtime=11.6s SR=63.69% (100/157) mean_SPL=0.3165 SR@1m=68.15% SPL@1m=0.3367
[ZSON3 EVAL] 158/2000 scene=5cdEh9F2hJL.basis episode=58 target=sofa success=0 spl=0.0000 reason=false_positive steps=24 runtime=25.2s SR=63.29% (100/158) mean_SPL=0.3145 SR@1m=67.72% SPL@1m=0.3346
[ZSON3 EVAL] 159/2000 scene=5cdEh9F2hJL.basis episode=59 target=tv_monitor success=0 spl=0.0000 reason=max_steps_reached steps=495 runtime=391.5s SR=62.89% (100/159) mean_SPL=0.3125 SR@1m=67.30% SPL@1m=0.3325
[ZSON3 EVAL] 160/2000 scene=5cdEh9F2hJL.basis episode=60 target=chair success=1 spl=0.3276 reason=object_found steps=116 runtime=73.8s SR=63.12% (101/160) mean_SPL=0.3126 SR@1m=67.50% SPL@1m=0.3325
[ZSON3 EVAL] 161/2000 scene=5cdEh9F2hJL.basis episode=61 target=tv_monitor success=0 spl=0.0000 reason=object_found_at_1m_only steps=337 runtime=258.3s SR=62.73% (101/161) mean_SPL=0.3107 SR@1m=67.70% SPL@1m=0.3325
[ZSON3 EVAL] 162/2000 scene=5cdEh9F2hJL.basis episode=62 target=tv_monitor success=0 spl=0.0000 reason=false_positive steps=10 runtime=5.0s SR=62.35% (101/162) mean_SPL=0.3088 SR@1m=67.28% SPL@1m=0.3304
[ZSON3 EVAL] 163/2000 scene=5cdEh9F2hJL.basis episode=63 target=tv_monitor success=0 spl=0.0000 reason=max_steps_reached steps=489 runtime=373.0s SR=61.96% (101/163) mean_SPL=0.3069 SR@1m=66.87% SPL@1m=0.3284
[ZSON3 EVAL] 164/2000 scene=5cdEh9F2hJL.basis episode=64 target=sofa success=0 spl=0.0000 reason=false_positive steps=221 runtime=157.1s SR=61.59% (101/164) mean_SPL=0.3050 SR@1m=66.46% SPL@1m=0.3264
[ZSON3 EVAL] 165/2000 scene=5cdEh9F2hJL.basis episode=65 target=tv_monitor success=0 spl=0.0000 reason=false_positive steps=135 runtime=104.4s SR=61.21% (101/165) mean_SPL=0.3032 SR@1m=66.06% SPL@1m=0.3244
[ZSON3 EVAL] 166/2000 scene=5cdEh9F2hJL.basis episode=66 target=toilet success=0 spl=0.0000 reason=max_steps_reached steps=492 runtime=458.6s SR=60.84% (101/166) mean_SPL=0.3013 SR@1m=65.66% SPL@1m=0.3224
[ZSON3 EVAL] 167/2000 scene=5cdEh9F2hJL.basis episode=67 target=toilet success=0 spl=0.0000 reason=false_positive steps=464 runtime=434.3s SR=60.48% (101/167) mean_SPL=0.2995 SR@1m=65.27% SPL@1m=0.3205
[ZSON3 EVAL] 168/2000 scene=5cdEh9F2hJL.basis episode=68 target=sofa success=0 spl=0.0000 reason=false_positive steps=173 runtime=130.9s SR=60.12% (101/168) mean_SPL=0.2977 SR@1m=64.88% SPL@1m=0.3186
[ZSON3 EVAL] 169/2000 scene=5cdEh9F2hJL.basis episode=69 target=chair success=1 spl=0.4704 reason=object_found steps=242 runtime=136.6s SR=60.36% (102/169) mean_SPL=0.2988 SR@1m=65.09% SPL@1m=0.3195
[ZSON3 EVAL] 170/2000 scene=5cdEh9F2hJL.basis episode=70 target=tv_monitor success=0 spl=0.0000 reason=false_positive steps=335 runtime=281.9s SR=60.00% (102/170) mean_SPL=0.2970 SR@1m=64.71% SPL@1m=0.3176
[ZSON3 EVAL] 171/2000 scene=5cdEh9F2hJL.basis episode=71 target=toilet success=1 spl=0.4644 reason=object_found steps=153 runtime=110.9s SR=60.23% (103/171) mean_SPL=0.2980 SR@1m=64.91% SPL@1m=0.3185
[ZSON3 EVAL] 172/2000 scene=5cdEh9F2hJL.basis episode=72 target=tv_monitor success=0 spl=0.0000 reason=max_steps_reached steps=493 runtime=419.9s SR=59.88% (103/172) mean_SPL=0.2963 SR@1m=64.53% SPL@1m=0.3166
[ZSON3 EVAL] 173/2000 scene=5cdEh9F2hJL.basis episode=73 target=tv_monitor success=0 spl=0.0000 reason=false_positive steps=95 runtime=74.1s SR=59.54% (103/173) mean_SPL=0.2945 SR@1m=64.16% SPL@1m=0.3148
[ZSON3 EVAL] 174/2000 scene=5cdEh9F2hJL.basis episode=74 target=chair success=1 spl=0.3872 reason=object_found steps=142 runtime=105.6s SR=59.77% (104/174) mean_SPL=0.2951 SR@1m=64.37% SPL@1m=0.3152
[ZSON3 EVAL] 175/2000 scene=5cdEh9F2hJL.basis episode=75 target=tv_monitor success=0 spl=0.0000 reason=false_positive steps=290 runtime=234.7s SR=59.43% (104/175) mean_SPL=0.2934 SR@1m=64.00% SPL@1m=0.3134
[ZSON3 EVAL] 176/2000 scene=5cdEh9F2hJL.basis episode=76 target=chair success=1 spl=0.1622 reason=object_found steps=206 runtime=162.7s SR=59.66% (105/176) mean_SPL=0.2926 SR@1m=64.20% SPL@1m=0.3126
[ZSON3 EVAL] 177/2000 scene=5cdEh9F2hJL.basis episode=77 target=sofa success=1 spl=0.6845 reason=object_found steps=137 runtime=116.7s SR=59.89% (106/177) mean_SPL=0.2949 SR@1m=64.41% SPL@1m=0.3147
[ZSON3 EVAL] 178/2000 scene=5cdEh9F2hJL.basis episode=78 target=bed success=1 spl=0.1717 reason=object_found steps=332 runtime=287.1s SR=60.11% (107/178) mean_SPL=0.2942 SR@1m=64.61% SPL@1m=0.3138
[ZSON3 EVAL] 179/2000 scene=5cdEh9F2hJL.basis episode=79 target=bed success=0 spl=0.0000 reason=max_steps_reached steps=486 runtime=340.8s SR=59.78% (107/179) mean_SPL=0.2925 SR@1m=64.25% SPL@1m=0.3121
[ZSON3 EVAL] 180/2000 scene=5cdEh9F2hJL.basis episode=80 target=toilet success=0 spl=0.0000 reason=robot_stuck steps=223 runtime=102.7s SR=59.44% (107/180) mean_SPL=0.2909 SR@1m=63.89% SPL@1m=0.3104
[ZSON3 EVAL] 181/2000 scene=5cdEh9F2hJL.basis episode=81 target=tv_monitor success=0 spl=0.0000 reason=max_steps_reached steps=496 runtime=441.0s SR=59.12% (107/181) mean_SPL=0.2893 SR@1m=63.54% SPL@1m=0.3086
[ZSON3 EVAL] 182/2000 scene=5cdEh9F2hJL.basis episode=82 target=sofa success=1 spl=0.2018 reason=object_found steps=202 runtime=131.7s SR=59.34% (108/182) mean_SPL=0.2888 SR@1m=63.74% SPL@1m=0.3081
[ZSON3 EVAL] 183/2000 scene=5cdEh9F2hJL.basis episode=83 target=chair success=1 spl=0.7050 reason=object_found steps=103 runtime=65.7s SR=59.56% (109/183) mean_SPL=0.2911 SR@1m=63.93% SPL@1m=0.3102
[ZSON3 EVAL] 184/2000 scene=5cdEh9F2hJL.basis episode=84 target=chair success=1 spl=0.1950 reason=object_found steps=260 runtime=219.3s SR=59.78% (110/184) mean_SPL=0.2906 SR@1m=64.13% SPL@1m=0.3096
[ZSON3 EVAL] 185/2000 scene=5cdEh9F2hJL.basis episode=85 target=toilet success=1 spl=0.1454 reason=object_found steps=376 runtime=413.9s SR=60.00% (111/185) mean_SPL=0.2898 SR@1m=64.32% SPL@1m=0.3087
[ZSON3 EVAL] 186/2000 scene=5cdEh9F2hJL.basis episode=86 target=sofa success=0 spl=0.0000 reason=false_positive steps=27 runtime=16.0s SR=59.68% (111/186) mean_SPL=0.2882 SR@1m=63.98% SPL@1m=0.3071
[ZSON3 EVAL] 187/2000 scene=5cdEh9F2hJL.basis episode=87 target=tv_monitor success=0 spl=0.0000 reason=false_positive steps=407 runtime=389.0s SR=59.36% (111/187) mean_SPL=0.2867 SR@1m=63.64% SPL@1m=0.3054
[ZSON3 EVAL] 188/2000 scene=5cdEh9F2hJL.basis episode=88 target=toilet success=1 spl=0.3455 reason=object_found steps=185 runtime=273.4s SR=59.57% (112/188) mean_SPL=0.2870 SR@1m=63.83% SPL@1m=0.3056
[ZSON3 EVAL] 189/2000 scene=5cdEh9F2hJL.basis episode=89 target=sofa success=0 spl=0.0000 reason=false_positive steps=275 runtime=237.4s SR=59.26% (112/189) mean_SPL=0.2855 SR@1m=63.49% SPL@1m=0.3040
[ZSON3 EVAL] 190/2000 scene=5cdEh9F2hJL.basis episode=90 target=sofa success=0 spl=0.0000 reason=false_positive steps=7 runtime=12.8s SR=58.95% (112/190) mean_SPL=0.2840 SR@1m=63.16% SPL@1m=0.3024
[ZSON3 EVAL] 191/2000 scene=5cdEh9F2hJL.basis episode=91 target=sofa success=1 spl=0.4537 reason=object_found steps=176 runtime=105.8s SR=59.16% (113/191) mean_SPL=0.2849 SR@1m=63.35% SPL@1m=0.3032
[ZSON3 EVAL] 192/2000 scene=5cdEh9F2hJL.basis episode=92 target=chair success=1 spl=0.4399 reason=object_found steps=68 runtime=52.4s SR=59.38% (114/192) mean_SPL=0.2857 SR@1m=63.54% SPL@1m=0.3039
[ZSON3 EVAL] 193/2000 scene=5cdEh9F2hJL.basis episode=93 target=bed success=0 spl=0.0000 reason=false_positive steps=55 runtime=32.8s SR=59.07% (114/193) mean_SPL=0.2842 SR@1m=63.21% SPL@1m=0.3023
[ZSON3 EVAL] 194/2000 scene=5cdEh9F2hJL.basis episode=94 target=chair success=1 spl=0.5736 reason=object_found steps=123 runtime=65.9s SR=59.28% (115/194) mean_SPL=0.2857 SR@1m=63.40% SPL@1m=0.3037
[ZSON3 EVAL] 195/2000 scene=5cdEh9F2hJL.basis episode=95 target=bed success=1 spl=0.1020 reason=object_found steps=431 runtime=392.2s SR=59.49% (116/195) mean_SPL=0.2847 SR@1m=63.59% SPL@1m=0.3027
[ZSON3 EVAL] 196/2000 scene=5cdEh9F2hJL.basis episode=96 target=toilet success=1 spl=0.3231 reason=object_found steps=126 runtime=94.7s SR=59.69% (117/196) mean_SPL=0.2849 SR@1m=63.78% SPL@1m=0.3028
[ZSON3 EVAL] 197/2000 scene=5cdEh9F2hJL.basis episode=97 target=bed success=0 spl=0.0000 reason=false_positive steps=96 runtime=66.8s SR=59.39% (117/197) mean_SPL=0.2835 SR@1m=63.45% SPL@1m=0.3013
[ZSON3 EVAL] 198/2000 scene=5cdEh9F2hJL.basis episode=98 target=chair success=1 spl=0.5984 reason=object_found steps=61 runtime=44.3s SR=59.60% (118/198) mean_SPL=0.2851 SR@1m=63.64% SPL@1m=0.3028
[ZSON3 EVAL] 199/2000 scene=6s7QHgap2fW.basis episode=0 target=chair success=1 spl=0.2613 reason=object_found steps=284 runtime=152.6s SR=59.80% (119/199) mean_SPL=0.2850 SR@1m=63.82% SPL@1m=0.3026
[ZSON3 EVAL] 200/2000 scene=6s7QHgap2fW.basis episode=1 target=plant success=0 spl=0.0000 reason=max_steps_reached steps=500 runtime=319.1s SR=59.50% (119/200) mean_SPL=0.2835 SR@1m=63.50% SPL@1m=0.3010
[ZSON3 EVAL] 201/2000 scene=6s7QHgap2fW.basis episode=2 target=toilet success=0 spl=0.0000 reason=robot_stuck steps=402 runtime=271.8s SR=59.20% (119/201) mean_SPL=0.2821 SR@1m=63.18% SPL@1m=0.2996
[ZSON3 EVAL] 202/2000 scene=6s7QHgap2fW.basis episode=3 target=toilet success=0 spl=0.0000 reason=max_steps_reached steps=496 runtime=359.1s SR=58.91% (119/202) mean_SPL=0.2807 SR@1m=62.87% SPL@1m=0.2981
[ZSON3 EVAL] 203/2000 scene=6s7QHgap2fW.basis episode=4 target=plant success=0 spl=0.0000 reason=false_positive steps=106 runtime=66.4s SR=58.62% (119/203) mean_SPL=0.2793 SR@1m=62.56% SPL@1m=0.2966
[ZSON3 EVAL] 204/2000 scene=6s7QHgap2fW.basis episode=5 target=sofa success=1 spl=0.7044 reason=object_found steps=205 runtime=147.9s SR=58.82% (120/204) mean_SPL=0.2814 SR@1m=62.75% SPL@1m=0.2986
[ZSON3 EVAL] 205/2000 scene=6s7QHgap2fW.basis episode=6 target=plant success=1 spl=0.6231 reason=object_found steps=243 runtime=148.8s SR=59.02% (121/205) mean_SPL=0.2831 SR@1m=62.93% SPL@1m=0.3002
[ZSON3 EVAL] 206/2000 scene=6s7QHgap2fW.basis episode=7 target=tv_monitor success=0 spl=0.0000 reason=max_steps_reached steps=493 runtime=319.8s SR=58.74% (121/206) mean_SPL=0.2817 SR@1m=62.62% SPL@1m=0.2987
[ZSON3 EVAL] 207/2000 scene=6s7QHgap2fW.basis episode=8 target=plant success=0 spl=0.0000 reason=false_positive steps=78 runtime=59.2s SR=58.45% (121/207) mean_SPL=0.2804 SR@1m=62.32% SPL@1m=0.2973
[ZSON3 EVAL] 208/2000 scene=6s7QHgap2fW.basis episode=9 target=tv_monitor success=0 spl=0.0000 reason=max_steps_reached steps=488 runtime=331.6s SR=58.17% (121/208) mean_SPL=0.2790 SR@1m=62.02% SPL@1m=0.2959
[ZSON3 EVAL] 209/2000 scene=6s7QHgap2fW.basis episode=10 target=chair success=1 spl=0.3490 reason=object_found steps=143 runtime=91.7s SR=58.37% (122/209) mean_SPL=0.2793 SR@1m=62.20% SPL@1m=0.2961
[ZSON3 EVAL] 210/2000 scene=6s7QHgap2fW.basis episode=11 target=plant success=0 spl=0.0000 reason=false_positive steps=96 runtime=68.2s SR=58.10% (122/210) mean_SPL=0.2780 SR@1m=61.90% SPL@1m=0.2947
[ZSON3 EVAL] 211/2000 scene=6s7QHgap2fW.basis episode=12 target=bed success=1 spl=0.6733 reason=object_found steps=104 runtime=81.9s SR=58.29% (123/211) mean_SPL=0.2799 SR@1m=62.09% SPL@1m=0.2965
[ZSON3 EVAL] 212/2000 scene=6s7QHgap2fW.basis episode=13 target=tv_monitor success=0 spl=0.0000 reason=max_steps_reached steps=493 runtime=328.6s SR=58.02% (123/212) mean_SPL=0.2786 SR@1m=61.79% SPL@1m=0.2951
[ZSON3 EVAL] 213/2000 scene=6s7QHgap2fW.basis episode=14 target=chair success=0 spl=0.0000 reason=max_steps_reached steps=486 runtime=213.0s SR=57.75% (123/213) mean_SPL=0.2773 SR@1m=61.50% SPL@1m=0.2937
[ZSON3 EVAL] 214/2000 scene=6s7QHgap2fW.basis episode=15 target=plant success=0 spl=0.0000 reason=false_positive steps=42 runtime=28.9s SR=57.48% (123/214) mean_SPL=0.2760 SR@1m=61.21% SPL@1m=0.2923
[ZSON3 EVAL] 215/2000 scene=6s7QHgap2fW.basis episode=16 target=bed success=1 spl=0.7710 reason=object_found steps=104 runtime=72.3s SR=57.67% (124/215) mean_SPL=0.2783 SR@1m=61.40% SPL@1m=0.2946
[ZSON3 EVAL] 216/2000 scene=6s7QHgap2fW.basis episode=17 target=plant success=0 spl=0.0000 reason=false_positive steps=14 runtime=11.0s SR=57.41% (124/216) mean_SPL=0.2770 SR@1m=61.11% SPL@1m=0.2932
[ZSON3 EVAL] 217/2000 scene=6s7QHgap2fW.basis episode=18 target=tv_monitor success=0 spl=0.0000 reason=robot_stuck steps=377 runtime=192.1s SR=57.14% (124/217) mean_SPL=0.2757 SR@1m=60.83% SPL@1m=0.2918
[ZSON3 EVAL] 218/2000 scene=6s7QHgap2fW.basis episode=19 target=toilet success=0 spl=0.0000 reason=max_steps_reached steps=500 runtime=294.6s SR=56.88% (124/218) mean_SPL=0.2744 SR@1m=60.55% SPL@1m=0.2905
[ZSON3 EVAL] 219/2000 scene=6s7QHgap2fW.basis episode=20 target=tv_monitor success=0 spl=0.0000 reason=robot_stuck steps=305 runtime=140.1s SR=56.62% (124/219) mean_SPL=0.2732 SR@1m=60.27% SPL@1m=0.2892
[ZSON3 EVAL] 220/2000 scene=6s7QHgap2fW.basis episode=21 target=tv_monitor success=0 spl=0.0000 reason=robot_stuck steps=351 runtime=181.0s SR=56.36% (124/220) mean_SPL=0.2719 SR@1m=60.00% SPL@1m=0.2879
[ZSON3 EVAL] 221/2000 scene=6s7QHgap2fW.basis episode=22 target=plant success=0 spl=0.0000 reason=false_positive steps=140 runtime=92.3s SR=56.11% (124/221) mean_SPL=0.2707 SR@1m=59.73% SPL@1m=0.2866
[ZSON3 EVAL] 222/2000 scene=6s7QHgap2fW.basis episode=23 target=chair success=1 spl=0.2487 reason=object_found steps=172 runtime=95.0s SR=56.31% (125/222) mean_SPL=0.2706 SR@1m=59.91% SPL@1m=0.2864
[ZSON3 EVAL] 223/2000 scene=6s7QHgap2fW.basis episode=24 target=toilet success=0 spl=0.0000 reason=max_steps_reached steps=497 runtime=395.5s SR=56.05% (125/223) mean_SPL=0.2694 SR@1m=59.64% SPL@1m=0.2851
[ZSON3 EVAL] 224/2000 scene=6s7QHgap2fW.basis episode=25 target=toilet success=0 spl=0.0000 reason=max_steps_reached steps=487 runtime=389.5s SR=55.80% (125/224) mean_SPL=0.2682 SR@1m=59.38% SPL@1m=0.2838
[ZSON3 EVAL] 225/2000 scene=6s7QHgap2fW.basis episode=26 target=sofa success=0 spl=0.0000 reason=max_steps_reached steps=500 runtime=356.9s SR=55.56% (125/225) mean_SPL=0.2670 SR@1m=59.11% SPL@1m=0.2826
[ZSON3 EVAL] 226/2000 scene=6s7QHgap2fW.basis episode=27 target=tv_monitor success=0 spl=0.0000 reason=max_steps_reached steps=492 runtime=364.2s SR=55.31% (125/226) mean_SPL=0.2658 SR@1m=58.85% SPL@1m=0.2813
[ZSON3 EVAL] 227/2000 scene=6s7QHgap2fW.basis episode=28 target=chair success=1 spl=0.1734 reason=object_found steps=260 runtime=180.8s SR=55.51% (126/227) mean_SPL=0.2654 SR@1m=59.03% SPL@1m=0.2808
[ZSON3 EVAL] 228/2000 scene=6s7QHgap2fW.basis episode=29 target=plant success=0 spl=0.0000 reason=false_positive steps=395 runtime=220.1s SR=55.26% (126/228) mean_SPL=0.2642 SR@1m=58.77% SPL@1m=0.2796
[ZSON3 EVAL] 229/2000 scene=6s7QHgap2fW.basis episode=30 target=toilet success=0 spl=0.0000 reason=false_positive steps=377 runtime=270.7s SR=55.02% (126/229) mean_SPL=0.2631 SR@1m=58.52% SPL@1m=0.2784
[ZSON3 EVAL] 230/2000 scene=6s7QHgap2fW.basis episode=31 target=tv_monitor success=0 spl=0.0000 reason=robot_stuck steps=494 runtime=291.7s SR=54.78% (126/230) mean_SPL=0.2619 SR@1m=58.26% SPL@1m=0.2772
[ZSON3 EVAL] 231/2000 scene=6s7QHgap2fW.basis episode=32 target=toilet success=0 spl=0.0000 reason=max_steps_reached steps=480 runtime=286.5s SR=54.55% (126/231) mean_SPL=0.2608 SR@1m=58.01% SPL@1m=0.2760
[ZSON3 EVAL] 232/2000 scene=6s7QHgap2fW.basis episode=33 target=plant success=1 spl=0.4469 reason=object_found steps=223 runtime=163.7s SR=54.74% (127/232) mean_SPL=0.2616 SR@1m=58.19% SPL@1m=0.2767
[ZSON3 EVAL] 233/2000 scene=6s7QHgap2fW.basis episode=34 target=toilet success=0 spl=0.0000 reason=max_steps_reached steps=494 runtime=292.8s SR=54.51% (127/233) mean_SPL=0.2605 SR@1m=57.94% SPL@1m=0.2755
[ZSON3 EVAL] 234/2000 scene=6s7QHgap2fW.basis episode=35 target=plant success=0 spl=0.0000 reason=false_positive steps=121 runtime=73.6s SR=54.27% (127/234) mean_SPL=0.2594 SR@1m=57.69% SPL@1m=0.2744
[ZSON3 EVAL] 235/2000 scene=6s7QHgap2fW.basis episode=36 target=bed success=0 spl=0.0000 reason=max_steps_reached steps=500 runtime=335.9s SR=54.04% (127/235) mean_SPL=0.2583 SR@1m=57.45% SPL@1m=0.2732
[ZSON3 EVAL] 236/2000 scene=6s7QHgap2fW.basis episode=37 target=tv_monitor success=0 spl=0.0000 reason=max_steps_reached steps=500 runtime=317.5s SR=53.81% (127/236) mean_SPL=0.2572 SR@1m=57.20% SPL@1m=0.2720
[ZSON3 EVAL] 237/2000 scene=6s7QHgap2fW.basis episode=38 target=sofa success=0 spl=0.0000 reason=max_steps_reached steps=489 runtime=261.9s SR=53.59% (127/237) mean_SPL=0.2561 SR@1m=56.96% SPL@1m=0.2709
[ZSON3 EVAL] 238/2000 scene=6s7QHgap2fW.basis episode=39 target=chair success=1 spl=0.7197 reason=object_found steps=186 runtime=169.5s SR=53.78% (128/238) mean_SPL=0.2580 SR@1m=57.14% SPL@1m=0.2728
[ZSON3 EVAL] 239/2000 scene=6s7QHgap2fW.basis episode=40 target=bed success=0 spl=0.0000 reason=max_steps_reached steps=495 runtime=367.0s SR=53.56% (128/239) mean_SPL=0.2570 SR@1m=56.90% SPL@1m=0.2716
[ZSON3 EVAL] 240/2000 scene=6s7QHgap2fW.basis episode=41 target=chair success=1 spl=0.1996 reason=object_found steps=226 runtime=153.8s SR=53.75% (129/240) mean_SPL=0.2567 SR@1m=57.08% SPL@1m=0.2713
[ZSON3 EVAL] 241/2000 scene=6s7QHgap2fW.basis episode=42 target=bed success=0 spl=0.0000 reason=max_steps_reached steps=493 runtime=350.1s SR=53.53% (129/241) mean_SPL=0.2557 SR@1m=56.85% SPL@1m=0.2702
[ZSON3 EVAL] 242/2000 scene=6s7QHgap2fW.basis episode=43 target=bed success=0 spl=0.0000 reason=max_steps_reached steps=495 runtime=239.1s SR=53.31% (129/242) mean_SPL=0.2546 SR@1m=56.61% SPL@1m=0.2691
[ZSON3 EVAL] 243/2000 scene=6s7QHgap2fW.basis episode=44 target=chair success=0 spl=0.0000 reason=max_steps_reached steps=492 runtime=251.0s SR=53.09% (129/243) mean_SPL=0.2536 SR@1m=56.38% SPL@1m=0.2680
[ZSON3 EVAL] 244/2000 scene=6s7QHgap2fW.basis episode=45 target=chair success=1 spl=0.3900 reason=object_found steps=198 runtime=100.1s SR=53.28% (130/244) mean_SPL=0.2541 SR@1m=56.56% SPL@1m=0.2685
[ZSON3 EVAL] 245/2000 scene=6s7QHgap2fW.basis episode=46 target=bed success=0 spl=0.0000 reason=max_steps_reached steps=500 runtime=289.6s SR=53.06% (130/245) mean_SPL=0.2531 SR@1m=56.33% SPL@1m=0.2674
[ZSON3 EVAL] 246/2000 scene=6s7QHgap2fW.basis episode=47 target=plant success=0 spl=0.0000 reason=false_positive steps=99 runtime=72.8s SR=52.85% (130/246) mean_SPL=0.2521 SR@1m=56.10% SPL@1m=0.2663
[ZSON3 EVAL] 247/2000 scene=6s7QHgap2fW.basis episode=48 target=bed success=0 spl=0.0000 reason=false_positive steps=178 runtime=120.8s SR=52.63% (130/247) mean_SPL=0.2510 SR@1m=55.87% SPL@1m=0.2652
[ZSON3 EVAL] 248/2000 scene=6s7QHgap2fW.basis episode=49 target=sofa success=0 spl=0.0000 reason=false_positive steps=66 runtime=41.8s SR=52.42% (130/248) mean_SPL=0.2500 SR@1m=55.65% SPL@1m=0.2641
[ZSON3 EVAL] 249/2000 scene=6s7QHgap2fW.basis episode=50 target=sofa success=0 spl=0.0000 reason=false_positive steps=114 runtime=76.4s SR=52.21% (130/249) mean_SPL=0.2490 SR@1m=55.42% SPL@1m=0.2631
[ZSON3 EVAL] 250/2000 scene=6s7QHgap2fW.basis episode=51 target=tv_monitor success=0 spl=0.0000 reason=robot_stuck steps=285 runtime=139.2s SR=52.00% (130/250) mean_SPL=0.2480 SR@1m=55.20% SPL@1m=0.2620
[ZSON3 EVAL] 251/2000 scene=6s7QHgap2fW.basis episode=52 target=bed success=0 spl=0.0000 reason=max_steps_reached steps=500 runtime=382.2s SR=51.79% (130/251) mean_SPL=0.2470 SR@1m=54.98% SPL@1m=0.2610
[ZSON3 EVAL] 252/2000 scene=6s7QHgap2fW.basis episode=53 target=sofa success=0 spl=0.0000 reason=false_positive steps=81 runtime=51.0s SR=51.59% (130/252) mean_SPL=0.2461 SR@1m=54.76% SPL@1m=0.2600
[ZSON3 EVAL] 253/2000 scene=6s7QHgap2fW.basis episode=54 target=tv_monitor success=0 spl=0.0000 reason=max_steps_reached steps=500 runtime=278.2s SR=51.38% (130/253) mean_SPL=0.2451 SR@1m=54.55% SPL@1m=0.2589
[ZSON3 EVAL] 254/2000 scene=6s7QHgap2fW.basis episode=55 target=tv_monitor success=0 spl=0.0000 reason=max_steps_reached steps=497 runtime=331.6s SR=51.18% (130/254) mean_SPL=0.2441 SR@1m=54.33% SPL@1m=0.2579
[ZSON3 EVAL] 255/2000 scene=6s7QHgap2fW.basis episode=56 target=toilet success=0 spl=0.0000 reason=max_steps_reached steps=489 runtime=336.7s SR=50.98% (130/255) mean_SPL=0.2432 SR@1m=54.12% SPL@1m=0.2569
[ZSON3 EVAL] 256/2000 scene=6s7QHgap2fW.basis episode=57 target=plant success=1 spl=0.3678 reason=object_found steps=222 runtime=133.8s SR=51.17% (131/256) mean_SPL=0.2436 SR@1m=54.30% SPL@1m=0.2573
[ZSON3 EVAL] 257/2000 scene=6s7QHgap2fW.basis episode=58 target=sofa success=0 spl=0.0000 reason=false_positive steps=46 runtime=43.5s SR=50.97% (131/257) mean_SPL=0.2427 SR@1m=54.09% SPL@1m=0.2563
[ZSON3 EVAL] 258/2000 scene=6s7QHgap2fW.basis episode=59 target=sofa success=1 spl=0.6876 reason=object_found steps=265 runtime=195.1s SR=51.16% (132/258) mean_SPL=0.2444 SR@1m=54.26% SPL@1m=0.2580
[ZSON3 EVAL] 259/2000 scene=6s7QHgap2fW.basis episode=60 target=bed success=0 spl=0.0000 reason=max_steps_reached steps=498 runtime=330.9s SR=50.97% (132/259) mean_SPL=0.2435 SR@1m=54.05% SPL@1m=0.2570
[ZSON3 EVAL] 260/2000 scene=6s7QHgap2fW.basis episode=61 target=bed success=0 spl=0.0000 reason=max_steps_reached steps=490 runtime=320.0s SR=50.77% (132/260) mean_SPL=0.2425 SR@1m=53.85% SPL@1m=0.2560
[ZSON3 EVAL] 261/2000 scene=6s7QHgap2fW.basis episode=62 target=sofa success=0 spl=0.0000 reason=false_positive steps=63 runtime=42.5s SR=50.57% (132/261) mean_SPL=0.2416 SR@1m=53.64% SPL@1m=0.2550
[ZSON3 EVAL] 262/2000 scene=6s7QHgap2fW.basis episode=63 target=bed success=0 spl=0.0000 reason=false_positive steps=44 runtime=31.4s SR=50.38% (132/262) mean_SPL=0.2407 SR@1m=53.44% SPL@1m=0.2541
[ZSON3 EVAL] 263/2000 scene=6s7QHgap2fW.basis episode=64 target=chair success=1 spl=0.7278 reason=object_found steps=34 runtime=21.0s SR=50.57% (133/263) mean_SPL=0.2425 SR@1m=53.61% SPL@1m=0.2559
[ZSON3 EVAL] 264/2000 scene=6s7QHgap2fW.basis episode=65 target=sofa success=1 spl=0.7934 reason=object_found steps=66 runtime=51.4s SR=50.76% (134/264) mean_SPL=0.2446 SR@1m=53.79% SPL@1m=0.2579
[ZSON3 EVAL] 265/2000 scene=6s7QHgap2fW.basis episode=66 target=toilet success=0 spl=0.0000 reason=max_steps_reached steps=500 runtime=308.9s SR=50.57% (134/265) mean_SPL=0.2437 SR@1m=53.58% SPL@1m=0.2569
[ZSON3 EVAL] 266/2000 scene=6s7QHgap2fW.basis episode=67 target=toilet success=0 spl=0.0000 reason=max_steps_reached steps=492 runtime=314.1s SR=50.38% (134/266) mean_SPL=0.2428 SR@1m=53.38% SPL@1m=0.2560
[ZSON3 EVAL] 267/2000 scene=6s7QHgap2fW.basis episode=68 target=tv_monitor success=0 spl=0.0000 reason=robot_stuck steps=366 runtime=182.0s SR=50.19% (134/267) mean_SPL=0.2419 SR@1m=53.18% SPL@1m=0.2550
[ZSON3 EVAL] 268/2000 scene=6s7QHgap2fW.basis episode=69 target=plant success=0 spl=0.0000 reason=false_positive steps=28 runtime=20.6s SR=50.00% (134/268) mean_SPL=0.2410 SR@1m=52.99% SPL@1m=0.2541
[ZSON3 EVAL] 269/2000 scene=6s7QHgap2fW.basis episode=70 target=chair success=1 spl=0.4144 reason=object_found steps=200 runtime=108.7s SR=50.19% (135/269) mean_SPL=0.2416 SR@1m=53.16% SPL@1m=0.2546
[ZSON3 EVAL] 270/2000 scene=6s7QHgap2fW.basis episode=71 target=bed success=0 spl=0.0000 reason=max_steps_reached steps=495 runtime=472.4s SR=50.00% (135/270) mean_SPL=0.2407 SR@1m=52.96% SPL@1m=0.2537
[ZSON3 EVAL] 271/2000 scene=6s7QHgap2fW.basis episode=72 target=sofa success=0 spl=0.0000 reason=max_steps_reached steps=500 runtime=257.4s SR=49.82% (135/271) mean_SPL=0.2398 SR@1m=52.77% SPL@1m=0.2528
[ZSON3 EVAL] 272/2000 scene=6s7QHgap2fW.basis episode=73 target=tv_monitor success=0 spl=0.0000 reason=robot_stuck steps=436 runtime=304.5s SR=49.63% (135/272) mean_SPL=0.2390 SR@1m=52.57% SPL@1m=0.2518
[ZSON3 EVAL] 273/2000 scene=6s7QHgap2fW.basis episode=74 target=tv_monitor success=0 spl=0.0000 reason=max_steps_reached steps=486 runtime=271.9s SR=49.45% (135/273) mean_SPL=0.2381 SR@1m=52.38% SPL@1m=0.2509
[ZSON3 EVAL] 274/2000 scene=6s7QHgap2fW.basis episode=75 target=bed success=0 spl=0.0000 reason=max_steps_reached steps=500 runtime=369.3s SR=49.27% (135/274) mean_SPL=0.2372 SR@1m=52.19% SPL@1m=0.2500
[ZSON3 EVAL] 275/2000 scene=6s7QHgap2fW.basis episode=76 target=sofa success=0 spl=0.0000 reason=false_positive steps=50 runtime=28.9s SR=49.09% (135/275) mean_SPL=0.2363 SR@1m=52.00% SPL@1m=0.2491
[ZSON3 EVAL] 276/2000 scene=6s7QHgap2fW.basis episode=77 target=toilet success=0 spl=0.0000 reason=robot_stuck steps=199 runtime=206.9s SR=48.91% (135/276) mean_SPL=0.2355 SR@1m=51.81% SPL@1m=0.2482
[ZSON3 EVAL] 277/2000 scene=6s7QHgap2fW.basis episode=78 target=plant success=0 spl=0.0000 reason=false_positive steps=112 runtime=59.6s SR=48.74% (135/277) mean_SPL=0.2346 SR@1m=51.62% SPL@1m=0.2473
[ZSON3 EVAL] 278/2000 scene=6s7QHgap2fW.basis episode=79 target=chair success=0 spl=0.0000 reason=max_steps_reached steps=500 runtime=253.0s SR=48.56% (135/278) mean_SPL=0.2338 SR@1m=51.44% SPL@1m=0.2464
[ZSON3 EVAL] 279/2000 scene=6s7QHgap2fW.basis episode=80 target=tv_monitor success=0 spl=0.0000 reason=max_steps_reached steps=500 runtime=282.4s SR=48.39% (135/279) mean_SPL=0.2330 SR@1m=51.25% SPL@1m=0.2455
[ZSON3 EVAL] 280/2000 scene=6s7QHgap2fW.basis episode=81 target=tv_monitor success=0 spl=0.0000 reason=max_steps_reached steps=500 runtime=357.7s SR=48.21% (135/280) mean_SPL=0.2321 SR@1m=51.07% SPL@1m=0.2446
[ZSON3 EVAL] 281/2000 scene=6s7QHgap2fW.basis episode=82 target=toilet success=0 spl=0.0000 reason=max_steps_reached steps=500 runtime=321.3s SR=48.04% (135/281) mean_SPL=0.2313 SR@1m=50.89% SPL@1m=0.2438
[ZSON3 EVAL] 282/2000 scene=6s7QHgap2fW.basis episode=83 target=chair success=1 spl=0.1223 reason=object_found steps=182 runtime=129.1s SR=48.23% (136/282) mean_SPL=0.2309 SR@1m=51.06% SPL@1m=0.2433
[ZSON3 EVAL] 283/2000 scene=6s7QHgap2fW.basis episode=84 target=tv_monitor success=0 spl=0.0000 reason=max_steps_reached steps=500 runtime=342.0s SR=48.06% (136/283) mean_SPL=0.2301 SR@1m=50.88% SPL@1m=0.2425
[ZSON3 EVAL] 284/2000 scene=6s7QHgap2fW.basis episode=85 target=chair success=1 spl=0.2184 reason=object_found steps=172 runtime=130.0s SR=48.24% (137/284) mean_SPL=0.2301 SR@1m=51.06% SPL@1m=0.2424
[ZSON3 EVAL] 285/2000 scene=6s7QHgap2fW.basis episode=86 target=chair success=1 spl=0.1965 reason=object_found steps=195 runtime=123.1s SR=48.42% (138/285) mean_SPL=0.2299 SR@1m=51.23% SPL@1m=0.2422
[ZSON3 EVAL] 286/2000 scene=6s7QHgap2fW.basis episode=87 target=chair success=1 spl=0.5466 reason=object_found steps=332 runtime=184.5s SR=48.60% (139/286) mean_SPL=0.2310 SR@1m=51.40% SPL@1m=0.2433
[ZSON3 EVAL] 287/2000 scene=6s7QHgap2fW.basis episode=88 target=toilet success=0 spl=0.0000 reason=max_steps_reached steps=491 runtime=271.0s SR=48.43% (139/287) mean_SPL=0.2302 SR@1m=51.22% SPL@1m=0.2425
[ZSON3 EVAL] 288/2000 scene=6s7QHgap2fW.basis episode=89 target=bed success=0 spl=0.0000 reason=max_steps_reached steps=500 runtime=327.1s SR=48.26% (139/288) mean_SPL=0.2294 SR@1m=51.04% SPL@1m=0.2416
[ZSON3 EVAL] 289/2000 scene=6s7QHgap2fW.basis episode=90 target=chair success=1 spl=0.3110 reason=object_found steps=170 runtime=119.1s SR=48.44% (140/289) mean_SPL=0.2297 SR@1m=51.21% SPL@1m=0.2419
[ZSON3 EVAL] 290/2000 scene=6s7QHgap2fW.basis episode=91 target=chair success=0 spl=0.0000 reason=max_steps_reached steps=500 runtime=272.3s SR=48.28% (140/290) mean_SPL=0.2289 SR@1m=51.03% SPL@1m=0.2410
[ZSON3 EVAL] 291/2000 scene=6s7QHgap2fW.basis episode=92 target=plant success=0 spl=0.0000 reason=false_positive steps=111 runtime=82.3s SR=48.11% (140/291) mean_SPL=0.2281 SR@1m=50.86% SPL@1m=0.2402
[ZSON3 EVAL] 292/2000 scene=6s7QHgap2fW.basis episode=93 target=toilet success=0 spl=0.0000 reason=false_positive steps=256 runtime=179.4s SR=47.95% (140/292) mean_SPL=0.2274 SR@1m=50.68% SPL@1m=0.2394
[ZSON3 EVAL] 293/2000 scene=6s7QHgap2fW.basis episode=94 target=plant success=0 spl=0.0000 reason=false_positive steps=122 runtime=75.9s SR=47.78% (140/293) mean_SPL=0.2266 SR@1m=50.51% SPL@1m=0.2385
[ZSON3 EVAL] 294/2000 scene=6s7QHgap2fW.basis episode=95 target=sofa success=1 spl=0.8186 reason=object_found steps=161 runtime=111.1s SR=47.96% (141/294) mean_SPL=0.2286 SR@1m=50.68% SPL@1m=0.2405
[ZSON3 EVAL] 295/2000 scene=6s7QHgap2fW.basis episode=96 target=toilet success=0 spl=0.0000 reason=max_steps_reached steps=500 runtime=237.1s SR=47.80% (141/295) mean_SPL=0.2278 SR@1m=50.51% SPL@1m=0.2397
[ZSON3 EVAL] 296/2000 scene=6s7QHgap2fW.basis episode=97 target=bed success=0 spl=0.0000 reason=max_steps_reached steps=499 runtime=353.5s SR=47.64% (141/296) mean_SPL=0.2271 SR@1m=50.34% SPL@1m=0.2389
[ZSON3 EVAL] 297/2000 scene=6s7QHgap2fW.basis episode=98 target=sofa success=0 spl=0.0000 reason=false_positive steps=96 runtime=46.4s SR=47.47% (141/297) mean_SPL=0.2263 SR@1m=50.17% SPL@1m=0.2381
[ZSON3 EVAL] 298/2000 scene=DYehNKdT76V.basis episode=0 target=toilet success=0 spl=0.0000 reason=max_steps_reached steps=492 runtime=299.2s SR=47.32% (141/298) mean_SPL=0.2255 SR@1m=50.00% SPL@1m=0.2373
[ZSON3 EVAL] 299/2000 scene=DYehNKdT76V.basis episode=1 target=toilet success=0 spl=0.0000 reason=max_steps_reached steps=496 runtime=380.5s SR=47.16% (141/299) mean_SPL=0.2248 SR@1m=49.83% SPL@1m=0.2365
[ZSON3 EVAL] 300/2000 scene=DYehNKdT76V.basis episode=2 target=bed success=0 spl=0.0000 reason=max_steps_reached steps=498 runtime=415.5s SR=47.00% (141/300) mean_SPL=0.2240 SR@1m=49.67% SPL@1m=0.2357
[ZSON3 EVAL] 301/2000 scene=DYehNKdT76V.basis episode=3 target=chair success=1 spl=0.3152 reason=object_found steps=124 runtime=76.8s SR=47.18% (142/301) mean_SPL=0.2243 SR@1m=49.83% SPL@1m=0.2360
[ZSON3 EVAL] 302/2000 scene=DYehNKdT76V.basis episode=4 target=toilet success=0 spl=0.0000 reason=false_positive steps=36 runtime=17.4s SR=47.02% (142/302) mean_SPL=0.2236 SR@1m=49.67% SPL@1m=0.2352
[ZSON3 EVAL] 303/2000 scene=DYehNKdT76V.basis episode=5 target=toilet success=0 spl=0.0000 reason=max_steps_reached steps=484 runtime=343.6s SR=46.86% (142/303) mean_SPL=0.2229 SR@1m=49.50% SPL@1m=0.2344
[ZSON3 EVAL] 304/2000 scene=DYehNKdT76V.basis episode=6 target=sofa success=1 spl=0.4287 reason=object_found steps=90 runtime=59.2s SR=47.04% (143/304) mean_SPL=0.2235 SR@1m=49.67% SPL@1m=0.2351
[ZSON3 EVAL] 305/2000 scene=DYehNKdT76V.basis episode=7 target=toilet success=1 spl=0.2840 reason=object_found steps=371 runtime=251.4s SR=47.21% (144/305) mean_SPL=0.2237 SR@1m=49.84% SPL@1m=0.2352
[ZSON3 EVAL] 306/2000 scene=DYehNKdT76V.basis episode=8 target=bed success=0 spl=0.0000 reason=max_steps_reached steps=493 runtime=388.4s SR=47.06% (144/306) mean_SPL=0.2230 SR@1m=49.67% SPL@1m=0.2344
[ZSON3 EVAL] 307/2000 scene=DYehNKdT76V.basis episode=9 target=bed success=1 spl=0.1324 reason=object_found steps=433 runtime=300.0s SR=47.23% (145/307) mean_SPL=0.2227 SR@1m=49.84% SPL@1m=0.2341
[ZSON3 EVAL] 308/2000 scene=DYehNKdT76V.basis episode=10 target=chair success=0 spl=0.0000 reason=max_steps_reached steps=489 runtime=311.4s SR=47.08% (145/308) mean_SPL=0.2220 SR@1m=49.68% SPL@1m=0.2334
[ZSON3 EVAL] 309/2000 scene=DYehNKdT76V.basis episode=11 target=toilet success=0 spl=0.0000 reason=max_steps_reached steps=495 runtime=315.6s SR=46.93% (145/309) mean_SPL=0.2213 SR@1m=49.51% SPL@1m=0.2326
[ZSON3 EVAL] 310/2000 scene=DYehNKdT76V.basis episode=12 target=sofa success=1 spl=0.3444 reason=object_found steps=113 runtime=72.2s SR=47.10% (146/310) mean_SPL=0.2217 SR@1m=49.68% SPL@1m=0.2330
[ZSON3 EVAL] 311/2000 scene=DYehNKdT76V.basis episode=13 target=sofa success=1 spl=0.3704 reason=object_found steps=148 runtime=97.5s SR=47.27% (147/311) mean_SPL=0.2221 SR@1m=49.84% SPL@1m=0.2334
[ZSON3 EVAL] 312/2000 scene=DYehNKdT76V.basis episode=14 target=sofa success=1 spl=0.3643 reason=object_found steps=217 runtime=146.6s SR=47.44% (148/312) mean_SPL=0.2226 SR@1m=50.00% SPL@1m=0.2338
[ZSON3 EVAL] 313/2000 scene=DYehNKdT76V.basis episode=15 target=chair success=1 spl=0.3136 reason=object_found steps=90 runtime=65.9s SR=47.60% (149/313) mean_SPL=0.2229 SR@1m=50.16% SPL@1m=0.2341
[ZSON3 EVAL] 314/2000 scene=DYehNKdT76V.basis episode=16 target=bed success=1 spl=0.2265 reason=object_found steps=338 runtime=313.7s SR=47.77% (150/314) mean_SPL=0.2229 SR@1m=50.32% SPL@1m=0.2341
[ZSON3 EVAL] 315/2000 scene=DYehNKdT76V.basis episode=17 target=chair success=0 spl=0.0000 reason=max_steps_reached steps=496 runtime=434.8s SR=47.62% (150/315) mean_SPL=0.2222 SR@1m=50.16% SPL@1m=0.2333
[ZSON3 EVAL] 316/2000 scene=DYehNKdT76V.basis episode=18 target=chair success=1 spl=0.4504 reason=object_found steps=287 runtime=181.9s SR=47.78% (151/316) mean_SPL=0.2229 SR@1m=50.32% SPL@1m=0.2340
[ZSON3 EVAL] 317/2000 scene=DYehNKdT76V.basis episode=19 target=sofa success=0 spl=0.0000 reason=false_positive steps=75 runtime=48.7s SR=47.63% (151/317) mean_SPL=0.2222 SR@1m=50.16% SPL@1m=0.2333
[ZSON3 EVAL] 318/2000 scene=DYehNKdT76V.basis episode=20 target=bed success=1 spl=0.2215 reason=object_found steps=356 runtime=254.2s SR=47.80% (152/318) mean_SPL=0.2222 SR@1m=50.31% SPL@1m=0.2332
[ZSON3 EVAL] 319/2000 scene=DYehNKdT76V.basis episode=21 target=sofa success=0 spl=0.0000 reason=false_positive steps=89 runtime=69.8s SR=47.65% (152/319) mean_SPL=0.2215 SR@1m=50.16% SPL@1m=0.2325
[ZSON3 EVAL] 320/2000 scene=DYehNKdT76V.basis episode=22 target=sofa success=0 spl=0.0000 reason=max_steps_reached steps=487 runtime=368.5s SR=47.50% (152/320) mean_SPL=0.2208 SR@1m=50.00% SPL@1m=0.2318
[ZSON3 EVAL] 321/2000 scene=DYehNKdT76V.basis episode=23 target=toilet success=0 spl=0.0000 reason=max_steps_reached steps=493 runtime=322.9s SR=47.35% (152/321) mean_SPL=0.2201 SR@1m=49.84% SPL@1m=0.2310
[ZSON3 EVAL] 322/2000 scene=DYehNKdT76V.basis episode=24 target=chair success=1 spl=0.5364 reason=object_found steps=388 runtime=321.4s SR=47.52% (153/322) mean_SPL=0.2211 SR@1m=50.00% SPL@1m=0.2320
[ZSON3 EVAL] 323/2000 scene=DYehNKdT76V.basis episode=25 target=toilet success=0 spl=0.0000 reason=max_steps_reached steps=494 runtime=439.4s SR=47.37% (153/323) mean_SPL=0.2204 SR@1m=49.85% SPL@1m=0.2313
[ZSON3 EVAL] 324/2000 scene=DYehNKdT76V.basis episode=26 target=toilet success=1 spl=0.2303 reason=object_found steps=455 runtime=329.2s SR=47.53% (154/324) mean_SPL=0.2205 SR@1m=50.00% SPL@1m=0.2313
[ZSON3 EVAL] 325/2000 scene=DYehNKdT76V.basis episode=27 target=sofa success=1 spl=0.4275 reason=object_found steps=122 runtime=78.8s SR=47.69% (155/325) mean_SPL=0.2211 SR@1m=50.15% SPL@1m=0.2319
[ZSON3 EVAL] 326/2000 scene=DYehNKdT76V.basis episode=28 target=chair success=1 spl=0.4427 reason=object_found steps=290 runtime=195.5s SR=47.85% (156/326) mean_SPL=0.2218 SR@1m=50.31% SPL@1m=0.2325
[ZSON3 EVAL] 327/2000 scene=DYehNKdT76V.basis episode=29 target=sofa success=0 spl=0.0000 reason=false_positive steps=52 runtime=37.3s SR=47.71% (156/327) mean_SPL=0.2211 SR@1m=50.15% SPL@1m=0.2318
[ZSON3 EVAL] 328/2000 scene=DYehNKdT76V.basis episode=30 target=chair success=0 spl=0.0000 reason=max_steps_reached steps=490 runtime=338.7s SR=47.56% (156/328) mean_SPL=0.2204 SR@1m=50.00% SPL@1m=0.2311
[ZSON3 EVAL] 329/2000 scene=DYehNKdT76V.basis episode=31 target=chair success=1 spl=0.8173 reason=object_found steps=37 runtime=27.8s SR=47.72% (157/329) mean_SPL=0.2222 SR@1m=50.15% SPL@1m=0.2329
[ZSON3 EVAL] 330/2000 scene=DYehNKdT76V.basis episode=32 target=bed success=1 spl=0.7757 reason=object_found steps=94 runtime=69.8s SR=47.88% (158/330) mean_SPL=0.2239 SR@1m=50.30% SPL@1m=0.2345
[ZSON3 EVAL] 331/2000 scene=DYehNKdT76V.basis episode=33 target=sofa success=1 spl=0.4487 reason=object_found steps=259 runtime=158.6s SR=48.04% (159/331) mean_SPL=0.2246 SR@1m=50.45% SPL@1m=0.2352
[ZSON3 EVAL] 332/2000 scene=DYehNKdT76V.basis episode=34 target=chair success=0 spl=0.0000 reason=max_steps_reached steps=491 runtime=367.5s SR=47.89% (159/332) mean_SPL=0.2239 SR@1m=50.30% SPL@1m=0.2345
[ZSON3 EVAL] 333/2000 scene=DYehNKdT76V.basis episode=35 target=toilet success=0 spl=0.0000 reason=max_steps_reached steps=500 runtime=326.4s SR=47.75% (159/333) mean_SPL=0.2232 SR@1m=50.45% SPL@1m=0.2342
[ZSON3 EVAL] 334/2000 scene=DYehNKdT76V.basis episode=36 target=sofa success=1 spl=0.5149 reason=object_found steps=259 runtime=178.8s SR=47.90% (160/334) mean_SPL=0.2241 SR@1m=50.60% SPL@1m=0.2351
[ZSON3 EVAL] 335/2000 scene=DYehNKdT76V.basis episode=37 target=chair success=1 spl=0.1954 reason=object_found steps=300 runtime=204.6s SR=48.06% (161/335) mean_SPL=0.2240 SR@1m=50.75% SPL@1m=0.2349
[ZSON3 EVAL] 336/2000 scene=DYehNKdT76V.basis episode=38 target=chair success=1 spl=0.1669 reason=object_found steps=376 runtime=224.4s SR=48.21% (162/336) mean_SPL=0.2239 SR@1m=50.89% SPL@1m=0.2347
[ZSON3 EVAL] 337/2000 scene=DYehNKdT76V.basis episode=39 target=bed success=1 spl=0.1695 reason=object_found steps=418 runtime=305.2s SR=48.37% (163/337) mean_SPL=0.2237 SR@1m=51.04% SPL@1m=0.2345
[ZSON3 EVAL] 338/2000 scene=DYehNKdT76V.basis episode=40 target=sofa success=1 spl=0.1593 reason=object_found steps=164 runtime=123.8s SR=48.52% (164/338) mean_SPL=0.2235 SR@1m=51.18% SPL@1m=0.2343
[ZSON3 EVAL] 339/2000 scene=DYehNKdT76V.basis episode=41 target=bed success=0 spl=0.0000 reason=max_steps_reached steps=496 runtime=388.9s SR=48.38% (164/339) mean_SPL=0.2228 SR@1m=51.03% SPL@1m=0.2336
[ZSON3 EVAL] 340/2000 scene=DYehNKdT76V.basis episode=42 target=chair success=0 spl=0.0000 reason=robot_stuck steps=274 runtime=176.7s SR=48.24% (164/340) mean_SPL=0.2222 SR@1m=50.88% SPL@1m=0.2329
[ZSON3 EVAL] 341/2000 scene=DYehNKdT76V.basis episode=43 target=toilet success=1 spl=0.3039 reason=object_found steps=208 runtime=156.2s SR=48.39% (165/341) mean_SPL=0.2224 SR@1m=51.03% SPL@1m=0.2331
[ZSON3 EVAL] 342/2000 scene=DYehNKdT76V.basis episode=44 target=sofa success=1 spl=0.5760 reason=object_found steps=242 runtime=178.6s SR=48.54% (166/342) mean_SPL=0.2235 SR@1m=51.17% SPL@1m=0.2342
[ZSON3 EVAL] 343/2000 scene=DYehNKdT76V.basis episode=45 target=bed success=1 spl=0.2684 reason=object_found steps=382 runtime=300.0s SR=48.69% (167/343) mean_SPL=0.2236 SR@1m=51.31% SPL@1m=0.2343
[ZSON3 EVAL] 344/2000 scene=DYehNKdT76V.basis episode=46 target=chair success=1 spl=0.2723 reason=object_found steps=382 runtime=300.5s SR=48.84% (168/344) mean_SPL=0.2237 SR@1m=51.45% SPL@1m=0.2344
[ZSON3 EVAL] 345/2000 scene=DYehNKdT76V.basis episode=47 target=toilet success=1 spl=0.8348 reason=object_found steps=48 runtime=38.1s SR=48.99% (169/345) mean_SPL=0.2255 SR@1m=51.59% SPL@1m=0.2361
[ZSON3 EVAL] 346/2000 scene=DYehNKdT76V.basis episode=48 target=chair success=1 spl=0.2158 reason=object_found steps=252 runtime=206.9s SR=49.13% (170/346) mean_SPL=0.2255 SR@1m=51.73% SPL@1m=0.2360
[ZSON3 EVAL] 347/2000 scene=DYehNKdT76V.basis episode=49 target=chair success=1 spl=0.2936 reason=object_found steps=115 runtime=102.4s SR=49.28% (171/347) mean_SPL=0.2257 SR@1m=51.87% SPL@1m=0.2362
[ZSON3 EVAL] 348/2000 scene=DYehNKdT76V.basis episode=50 target=sofa success=1 spl=0.7069 reason=object_found steps=90 runtime=66.8s SR=49.43% (172/348) mean_SPL=0.2271 SR@1m=52.01% SPL@1m=0.2376
[ZSON3 EVAL] 349/2000 scene=DYehNKdT76V.basis episode=51 target=sofa success=1 spl=0.3473 reason=object_found steps=140 runtime=90.0s SR=49.57% (173/349) mean_SPL=0.2274 SR@1m=52.15% SPL@1m=0.2379
[ZSON3 EVAL] 350/2000 scene=DYehNKdT76V.basis episode=52 target=bed success=0 spl=0.0000 reason=max_steps_reached steps=491 runtime=361.1s SR=49.43% (173/350) mean_SPL=0.2268 SR@1m=52.00% SPL@1m=0.2372
[ZSON3 EVAL] 351/2000 scene=DYehNKdT76V.basis episode=53 target=toilet success=0 spl=0.0000 reason=max_steps_reached steps=493 runtime=371.0s SR=49.29% (173/351) mean_SPL=0.2261 SR@1m=51.85% SPL@1m=0.2365
[ZSON3 EVAL] 352/2000 scene=DYehNKdT76V.basis episode=54 target=chair success=1 spl=0.1768 reason=object_found steps=289 runtime=201.3s SR=49.43% (174/352) mean_SPL=0.2260 SR@1m=51.99% SPL@1m=0.2364
[ZSON3 EVAL] 353/2000 scene=DYehNKdT76V.basis episode=55 target=toilet success=1 spl=0.7968 reason=object_found steps=138 runtime=68.8s SR=49.58% (175/353) mean_SPL=0.2276 SR@1m=52.12% SPL@1m=0.2379
[ZSON3 EVAL] 354/2000 scene=DYehNKdT76V.basis episode=56 target=sofa success=1 spl=0.2671 reason=object_found steps=99 runtime=74.0s SR=49.72% (176/354) mean_SPL=0.2277 SR@1m=52.26% SPL@1m=0.2380
[ZSON3 EVAL] 355/2000 scene=DYehNKdT76V.basis episode=57 target=sofa success=0 spl=0.0000 reason=false_positive steps=14 runtime=14.7s SR=49.58% (176/355) mean_SPL=0.2271 SR@1m=52.11% SPL@1m=0.2374
[ZSON3 EVAL] 356/2000 scene=DYehNKdT76V.basis episode=58 target=toilet success=0 spl=0.0000 reason=max_steps_reached steps=480 runtime=308.5s SR=49.44% (176/356) mean_SPL=0.2264 SR@1m=51.97% SPL@1m=0.2367
[ZSON3 EVAL] 357/2000 scene=DYehNKdT76V.basis episode=59 target=bed success=1 spl=0.3943 reason=object_found steps=191 runtime=135.7s SR=49.58% (177/357) mean_SPL=0.2269 SR@1m=52.10% SPL@1m=0.2371
[ZSON3 EVAL] 358/2000 scene=DYehNKdT76V.basis episode=60 target=chair success=1 spl=0.1326 reason=object_found steps=357 runtime=253.6s SR=49.72% (178/358) mean_SPL=0.2266 SR@1m=52.23% SPL@1m=0.2368
[ZSON3 EVAL] 359/2000 scene=DYehNKdT76V.basis episode=61 target=sofa success=1 spl=0.5507 reason=object_found steps=157 runtime=112.6s SR=49.86% (179/359) mean_SPL=0.2275 SR@1m=52.37% SPL@1m=0.2377
[ZSON3 EVAL] 360/2000 scene=DYehNKdT76V.basis episode=62 target=bed success=0 spl=0.0000 reason=max_steps_reached steps=479 runtime=351.0s SR=49.72% (179/360) mean_SPL=0.2269 SR@1m=52.22% SPL@1m=0.2370
[ZSON3 EVAL] 361/2000 scene=DYehNKdT76V.basis episode=63 target=sofa success=1 spl=0.6092 reason=object_found steps=122 runtime=60.1s SR=49.86% (180/361) mean_SPL=0.2280 SR@1m=52.35% SPL@1m=0.2381
[ZSON3 EVAL] 362/2000 scene=DYehNKdT76V.basis episode=64 target=toilet success=0 spl=0.0000 reason=max_steps_reached steps=494 runtime=337.0s SR=49.72% (180/362) mean_SPL=0.2273 SR@1m=52.21% SPL@1m=0.2374
[ZSON3 EVAL] 363/2000 scene=DYehNKdT76V.basis episode=65 target=chair success=1 spl=0.4857 reason=object_found steps=456 runtime=243.8s SR=49.86% (181/363) mean_SPL=0.2280 SR@1m=52.34% SPL@1m=0.2381
[ZSON3 EVAL] 364/2000 scene=DYehNKdT76V.basis episode=66 target=sofa success=1 spl=0.5473 reason=object_found steps=107 runtime=79.5s SR=50.00% (182/364) mean_SPL=0.2289 SR@1m=52.47% SPL@1m=0.2390
[ZSON3 EVAL] 365/2000 scene=DYehNKdT76V.basis episode=67 target=bed success=0 spl=0.0000 reason=max_steps_reached steps=498 runtime=352.2s SR=49.86% (182/365) mean_SPL=0.2283 SR@1m=52.33% SPL@1m=0.2383
[ZSON3 EVAL] 366/2000 scene=DYehNKdT76V.basis episode=68 target=toilet success=0 spl=0.0000 reason=max_steps_reached steps=500 runtime=397.9s SR=49.73% (182/366) mean_SPL=0.2277 SR@1m=52.19% SPL@1m=0.2376
[ZSON3 EVAL] 367/2000 scene=DYehNKdT76V.basis episode=69 target=bed success=1 spl=0.3095 reason=object_found steps=268 runtime=233.3s SR=49.86% (183/367) mean_SPL=0.2279 SR@1m=52.32% SPL@1m=0.2378
[ZSON3 EVAL] 368/2000 scene=DYehNKdT76V.basis episode=70 target=bed success=0 spl=0.0000 reason=max_steps_reached steps=484 runtime=399.7s SR=49.73% (183/368) mean_SPL=0.2273 SR@1m=52.17% SPL@1m=0.2372
[ZSON3 EVAL] 369/2000 scene=DYehNKdT76V.basis episode=71 target=toilet success=0 spl=0.0000 reason=max_steps_reached steps=494 runtime=363.3s SR=49.59% (183/369) mean_SPL=0.2267 SR@1m=52.03% SPL@1m=0.2366
[ZSON3 EVAL] 370/2000 scene=DYehNKdT76V.basis episode=72 target=bed success=1 spl=0.3263 reason=object_found steps=277 runtime=186.2s SR=49.73% (184/370) mean_SPL=0.2269 SR@1m=52.16% SPL@1m=0.2368
[ZSON3 EVAL] 371/2000 scene=DYehNKdT76V.basis episode=73 target=toilet success=0 spl=0.0000 reason=robot_stuck steps=416 runtime=215.7s SR=49.60% (184/371) mean_SPL=0.2263 SR@1m=52.02% SPL@1m=0.2362
[ZSON3 EVAL] 372/2000 scene=DYehNKdT76V.basis episode=74 target=bed success=0 spl=0.0000 reason=max_steps_reached steps=500 runtime=385.6s SR=49.46% (184/372) mean_SPL=0.2257 SR@1m=51.88% SPL@1m=0.2355
[ZSON3 EVAL] 373/2000 scene=DYehNKdT76V.basis episode=75 target=sofa success=0 spl=0.0000 reason=false_positive steps=85 runtime=50.8s SR=49.33% (184/373) mean_SPL=0.2251 SR@1m=51.74% SPL@1m=0.2349
[ZSON3 EVAL] 374/2000 scene=DYehNKdT76V.basis episode=76 target=bed success=0 spl=0.0000 reason=max_steps_reached steps=493 runtime=349.7s SR=49.20% (184/374) mean_SPL=0.2245 SR@1m=51.60% SPL@1m=0.2343
[ZSON3 EVAL] 375/2000 scene=DYehNKdT76V.basis episode=77 target=sofa success=1 spl=0.0957 reason=object_found steps=303 runtime=201.9s SR=49.33% (185/375) mean_SPL=0.2241 SR@1m=51.73% SPL@1m=0.2339
[ZSON3 EVAL] 376/2000 scene=DYehNKdT76V.basis episode=78 target=bed success=1 spl=0.2114 reason=object_found steps=468 runtime=339.3s SR=49.47% (186/376) mean_SPL=0.2241 SR@1m=51.86% SPL@1m=0.2338
[ZSON3 EVAL] 377/2000 scene=DYehNKdT76V.basis episode=79 target=toilet success=0 spl=0.0000 reason=robot_stuck steps=317 runtime=179.8s SR=49.34% (186/377) mean_SPL=0.2235 SR@1m=51.99% SPL@1m=0.2350
[ZSON3 EVAL] 378/2000 scene=DYehNKdT76V.basis episode=80 target=sofa success=0 spl=0.0000 reason=false_positive steps=9 runtime=9.8s SR=49.21% (186/378) mean_SPL=0.2229 SR@1m=51.85% SPL@1m=0.2344
[ZSON3 EVAL] 379/2000 scene=DYehNKdT76V.basis episode=81 target=chair success=1 spl=0.3224 reason=object_found steps=491 runtime=338.0s SR=49.34% (187/379) mean_SPL=0.2232 SR@1m=51.98% SPL@1m=0.2346
[ZSON3 EVAL] 380/2000 scene=DYehNKdT76V.basis episode=82 target=toilet success=0 spl=0.0000 reason=max_steps_reached steps=490 runtime=331.3s SR=49.21% (187/380) mean_SPL=0.2226 SR@1m=51.84% SPL@1m=0.2340
[ZSON3 EVAL] 381/2000 scene=DYehNKdT76V.basis episode=83 target=chair success=1 spl=0.6539 reason=object_found steps=38 runtime=30.7s SR=49.34% (188/381) mean_SPL=0.2237 SR@1m=51.97% SPL@1m=0.2351
[ZSON3 EVAL] 382/2000 scene=DYehNKdT76V.basis episode=84 target=bed success=0 spl=0.0000 reason=max_steps_reached steps=500 runtime=378.2s SR=49.21% (188/382) mean_SPL=0.2232 SR@1m=51.83% SPL@1m=0.2345
[ZSON3 EVAL] 383/2000 scene=DYehNKdT76V.basis episode=85 target=bed success=0 spl=0.0000 reason=max_steps_reached steps=500 runtime=334.9s SR=49.09% (188/383) mean_SPL=0.2226 SR@1m=51.70% SPL@1m=0.2339
[ZSON3 EVAL] 384/2000 scene=DYehNKdT76V.basis episode=86 target=toilet success=1 spl=0.4113 reason=object_found steps=151 runtime=107.2s SR=49.22% (189/384) mean_SPL=0.2231 SR@1m=51.82% SPL@1m=0.2344
[ZSON3 EVAL] 385/2000 scene=DYehNKdT76V.basis episode=87 target=toilet success=0 spl=0.0000 reason=max_steps_reached steps=498 runtime=393.9s SR=49.09% (189/385) mean_SPL=0.2225 SR@1m=51.69% SPL@1m=0.2338
[ZSON3 EVAL] 386/2000 scene=DYehNKdT76V.basis episode=88 target=toilet success=1 spl=0.3794 reason=object_found steps=194 runtime=155.4s SR=49.22% (190/386) mean_SPL=0.2229 SR@1m=51.81% SPL@1m=0.2341
[ZSON3 EVAL] 387/2000 scene=DYehNKdT76V.basis episode=89 target=chair success=1 spl=0.2522 reason=object_found steps=440 runtime=319.4s SR=49.35% (191/387) mean_SPL=0.2230 SR@1m=51.94% SPL@1m=0.2342
[ZSON3 EVAL] 388/2000 scene=DYehNKdT76V.basis episode=90 target=bed success=1 spl=0.3130 reason=object_found steps=381 runtime=327.3s SR=49.48% (192/388) mean_SPL=0.2232 SR@1m=52.06% SPL@1m=0.2344
[ZSON3 EVAL] 389/2000 scene=DYehNKdT76V.basis episode=91 target=chair success=1 spl=0.4833 reason=object_found steps=82 runtime=52.2s SR=49.61% (193/389) mean_SPL=0.2239 SR@1m=52.19% SPL@1m=0.2350
[ZSON3 EVAL] 390/2000 scene=DYehNKdT76V.basis episode=92 target=sofa success=0 spl=0.0000 reason=false_positive steps=100 runtime=70.9s SR=49.49% (193/390) mean_SPL=0.2233 SR@1m=52.05% SPL@1m=0.2344
[ZSON3 EVAL] 391/2000 scene=DYehNKdT76V.basis episode=93 target=toilet success=1 spl=0.2144 reason=object_found steps=452 runtime=344.8s SR=49.62% (194/391) mean_SPL=0.2233 SR@1m=52.17% SPL@1m=0.2344
[ZSON3 EVAL] 392/2000 scene=DYehNKdT76V.basis episode=94 target=chair success=1 spl=0.7881 reason=object_found steps=188 runtime=138.3s SR=49.74% (195/392) mean_SPL=0.2247 SR@1m=52.30% SPL@1m=0.2358
[ZSON3 EVAL] 393/2000 scene=DYehNKdT76V.basis episode=95 target=chair success=0 spl=0.0000 reason=max_steps_reached steps=486 runtime=371.2s SR=49.62% (195/393) mean_SPL=0.2241 SR@1m=52.16% SPL@1m=0.2352
[ZSON3 EVAL] 394/2000 scene=DYehNKdT76V.basis episode=96 target=chair success=1 spl=0.1485 reason=object_found steps=464 runtime=325.1s SR=49.75% (196/394) mean_SPL=0.2239 SR@1m=52.28% SPL@1m=0.2350
[ZSON3 EVAL] 395/2000 scene=DYehNKdT76V.basis episode=97 target=toilet success=0 spl=0.0000 reason=max_steps_reached steps=496 runtime=323.7s SR=49.62% (196/395) mean_SPL=0.2234 SR@1m=52.15% SPL@1m=0.2344
[ZSON3 EVAL] 396/2000 scene=DYehNKdT76V.basis episode=98 target=bed success=1 spl=0.3461 reason=object_found steps=237 runtime=164.6s SR=49.75% (197/396) mean_SPL=0.2237 SR@1m=52.27% SPL@1m=0.2346
[ZSON3 EVAL] 397/2000 scene=Dd4bFSTQ8gi.basis episode=0 target=chair success=0 spl=0.0000 reason=false_positive steps=41 runtime=33.9s SR=49.62% (197/397) mean_SPL=0.2231 SR@1m=52.14% SPL@1m=0.2341
[ZSON3 EVAL] 398/2000 scene=Dd4bFSTQ8gi.basis episode=1 target=sofa success=0 spl=0.0000 reason=max_steps_reached steps=485 runtime=403.6s SR=49.50% (197/398) mean_SPL=0.2226 SR@1m=52.01% SPL@1m=0.2335
[ZSON3 EVAL] 399/2000 scene=Dd4bFSTQ8gi.basis episode=2 target=toilet success=1 spl=0.6067 reason=object_found steps=119 runtime=94.0s SR=49.62% (198/399) mean_SPL=0.2235 SR@1m=52.13% SPL@1m=0.2344
[ZSON3 EVAL] 400/2000 scene=Dd4bFSTQ8gi.basis episode=3 target=bed success=1 spl=0.3813 reason=object_found steps=247 runtime=268.2s SR=49.75% (199/400) mean_SPL=0.2239 SR@1m=52.25% SPL@1m=0.2348
[ZSON3 EVAL] 401/2000 scene=Dd4bFSTQ8gi.basis episode=4 target=bed success=0 spl=0.0000 reason=object_found_at_1m_only steps=86 runtime=79.0s SR=49.63% (199/401) mean_SPL=0.2234 SR@1m=52.37% SPL@1m=0.2356
[ZSON3 EVAL] 402/2000 scene=Dd4bFSTQ8gi.basis episode=5 target=chair success=0 spl=0.0000 reason=false_positive steps=25 runtime=22.7s SR=49.50% (199/402) mean_SPL=0.2228 SR@1m=52.24% SPL@1m=0.2350
[ZSON3 EVAL] 403/2000 scene=Dd4bFSTQ8gi.basis episode=6 target=toilet success=0 spl=0.0000 reason=max_steps_reached steps=494 runtime=478.1s SR=49.38% (199/403) mean_SPL=0.2223 SR@1m=52.11% SPL@1m=0.2344
[ZSON3 EVAL] 404/2000 scene=Dd4bFSTQ8gi.basis episode=7 target=bed success=1 spl=0.3886 reason=object_found steps=68 runtime=55.9s SR=49.50% (200/404) mean_SPL=0.2227 SR@1m=52.23% SPL@1m=0.2348
[ZSON3 EVAL] 405/2000 scene=Dd4bFSTQ8gi.basis episode=8 target=bed success=1 spl=0.2107 reason=object_found steps=168 runtime=156.2s SR=49.63% (201/405) mean_SPL=0.2226 SR@1m=52.35% SPL@1m=0.2348
[ZSON3 EVAL] 406/2000 scene=Dd4bFSTQ8gi.basis episode=9 target=toilet success=0 spl=0.0000 reason=robot_stuck steps=354 runtime=260.1s SR=49.51% (201/406) mean_SPL=0.2221 SR@1m=52.46% SPL@1m=0.2348
[ZSON3 EVAL] 407/2000 scene=Dd4bFSTQ8gi.basis episode=10 target=sofa success=0 spl=0.0000 reason=object_found_at_1m_only steps=101 runtime=86.3s SR=49.39% (201/407) mean_SPL=0.2215 SR@1m=52.58% SPL@1m=0.2348
[ZSON3 EVAL] 408/2000 scene=Dd4bFSTQ8gi.basis episode=11 target=bed success=1 spl=0.7257 reason=object_found steps=42 runtime=38.0s SR=49.51% (202/408) mean_SPL=0.2228 SR@1m=52.70% SPL@1m=0.2360
[ZSON3 EVAL] 409/2000 scene=Dd4bFSTQ8gi.basis episode=12 target=chair success=0 spl=0.0000 reason=false_positive steps=21 runtime=16.7s SR=49.39% (202/409) mean_SPL=0.2222 SR@1m=52.57% SPL@1m=0.2355
[ZSON3 EVAL] 410/2000 scene=Dd4bFSTQ8gi.basis episode=13 target=sofa success=1 spl=0.6235 reason=object_found steps=51 runtime=49.0s SR=49.51% (203/410) mean_SPL=0.2232 SR@1m=52.68% SPL@1m=0.2364
[ZSON3 EVAL] 411/2000 scene=Dd4bFSTQ8gi.basis episode=14 target=toilet success=1 spl=0.5810 reason=object_found steps=109 runtime=156.9s SR=49.64% (204/411) mean_SPL=0.2241 SR@1m=52.80% SPL@1m=0.2372
[ZSON3 EVAL] 412/2000 scene=Dd4bFSTQ8gi.basis episode=15 target=sofa success=1 spl=0.1725 reason=object_found steps=191 runtime=212.2s SR=49.76% (205/412) mean_SPL=0.2240 SR@1m=52.91% SPL@1m=0.2371
[ZSON3 EVAL] 413/2000 scene=Dd4bFSTQ8gi.basis episode=16 target=sofa success=0 spl=0.0000 reason=object_found_at_1m_only steps=48 runtime=44.0s SR=49.64% (205/413) mean_SPL=0.2234 SR@1m=53.03% SPL@1m=0.2374
[ZSON3 EVAL] 414/2000 scene=Dd4bFSTQ8gi.basis episode=17 target=bed success=1 spl=0.2736 reason=object_found steps=298 runtime=226.3s SR=49.76% (206/414) mean_SPL=0.2235 SR@1m=53.14% SPL@1m=0.2375
[ZSON3 EVAL] 415/2000 scene=Dd4bFSTQ8gi.basis episode=18 target=toilet success=1 spl=0.5286 reason=object_found steps=222 runtime=225.5s SR=49.88% (207/415) mean_SPL=0.2243 SR@1m=53.25% SPL@1m=0.2382
[ZSON3 EVAL] 416/2000 scene=Dd4bFSTQ8gi.basis episode=19 target=toilet success=1 spl=0.1651 reason=object_found steps=403 runtime=392.6s SR=50.00% (208/416) mean_SPL=0.2241 SR@1m=53.37% SPL@1m=0.2381
[ZSON3 EVAL] 417/2000 scene=Dd4bFSTQ8gi.basis episode=20 target=bed success=1 spl=0.1575 reason=object_found steps=194 runtime=179.8s SR=50.12% (209/417) mean_SPL=0.2240 SR@1m=53.48% SPL@1m=0.2379
[ZSON3 EVAL] 418/2000 scene=Dd4bFSTQ8gi.basis episode=21 target=bed success=1 spl=0.0923 reason=object_found steps=364 runtime=310.5s SR=50.24% (210/418) mean_SPL=0.2237 SR@1m=53.59% SPL@1m=0.2375
[ZSON3 EVAL] 419/2000 scene=Dd4bFSTQ8gi.basis episode=22 target=toilet success=1 spl=0.4686 reason=object_found steps=183 runtime=140.5s SR=50.36% (211/419) mean_SPL=0.2242 SR@1m=53.70% SPL@1m=0.2381
[ZSON3 EVAL] 420/2000 scene=Dd4bFSTQ8gi.basis episode=23 target=sofa success=1 spl=0.1673 reason=object_found steps=357 runtime=335.0s SR=50.48% (212/420) mean_SPL=0.2241 SR@1m=53.81% SPL@1m=0.2379
[ZSON3 EVAL] 421/2000 scene=Dd4bFSTQ8gi.basis episode=24 target=bed success=1 spl=0.5496 reason=object_found steps=137 runtime=77.8s SR=50.59% (213/421) mean_SPL=0.2249 SR@1m=53.92% SPL@1m=0.2386
[ZSON3 EVAL] 422/2000 scene=Dd4bFSTQ8gi.basis episode=25 target=bed success=1 spl=0.1946 reason=object_found steps=232 runtime=204.3s SR=50.71% (214/422) mean_SPL=0.2248 SR@1m=54.03% SPL@1m=0.2385
[ZSON3 EVAL] 423/2000 scene=Dd4bFSTQ8gi.basis episode=26 target=toilet success=1 spl=0.5041 reason=object_found steps=113 runtime=87.8s SR=50.83% (215/423) mean_SPL=0.2255 SR@1m=54.14% SPL@1m=0.2392
[ZSON3 EVAL] 424/2000 scene=Dd4bFSTQ8gi.basis episode=27 target=chair success=0 spl=0.0000 reason=false_positive steps=50 runtime=37.0s SR=50.71% (215/424) mean_SPL=0.2249 SR@1m=54.01% SPL@1m=0.2386
[ZSON3 EVAL] 425/2000 scene=Dd4bFSTQ8gi.basis episode=28 target=sofa success=0 spl=0.0000 reason=object_found_at_1m_only steps=139 runtime=167.5s SR=50.59% (215/425) mean_SPL=0.2244 SR@1m=54.12% SPL@1m=0.2384
[ZSON3 EVAL] 426/2000 scene=Dd4bFSTQ8gi.basis episode=29 target=sofa success=0 spl=0.0000 reason=false_positive steps=166 runtime=147.5s SR=50.47% (215/426) mean_SPL=0.2239 SR@1m=53.99% SPL@1m=0.2378
[ZSON3 EVAL] 427/2000 scene=Dd4bFSTQ8gi.basis episode=30 target=bed success=0 spl=0.0000 reason=object_found_at_1m_only steps=127 runtime=185.3s SR=50.35% (215/427) mean_SPL=0.2234 SR@1m=54.10% SPL@1m=0.2384
[ZSON3 EVAL] 428/2000 scene=Dd4bFSTQ8gi.basis episode=31 target=chair success=0 spl=0.0000 reason=false_positive steps=230 runtime=166.8s SR=50.23% (215/428) mean_SPL=0.2228 SR@1m=53.97% SPL@1m=0.2379
[ZSON3 EVAL] 429/2000 scene=Dd4bFSTQ8gi.basis episode=32 target=bed success=0 spl=0.0000 reason=false_positive steps=220 runtime=339.7s SR=50.12% (215/429) mean_SPL=0.2223 SR@1m=53.85% SPL@1m=0.2373
[ZSON3 EVAL] 430/2000 scene=Dd4bFSTQ8gi.basis episode=33 target=sofa success=1 spl=0.3323 reason=object_found steps=157 runtime=188.0s SR=50.23% (216/430) mean_SPL=0.2226 SR@1m=53.95% SPL@1m=0.2376
[ZSON3 EVAL] 431/2000 scene=Dd4bFSTQ8gi.basis episode=34 target=bed success=1 spl=0.1881 reason=object_found steps=210 runtime=264.1s SR=50.35% (217/431) mean_SPL=0.2225 SR@1m=54.06% SPL@1m=0.2374
[ZSON3 EVAL] 432/2000 scene=Dd4bFSTQ8gi.basis episode=35 target=toilet success=1 spl=0.5059 reason=object_found steps=170 runtime=131.3s SR=50.46% (218/432) mean_SPL=0.2231 SR@1m=54.17% SPL@1m=0.2381
[ZSON3 EVAL] 433/2000 scene=Dd4bFSTQ8gi.basis episode=36 target=chair success=1 spl=0.3068 reason=object_found steps=247 runtime=203.5s SR=50.58% (219/433) mean_SPL=0.2233 SR@1m=54.27% SPL@1m=0.2382
[ZSON3 EVAL] 434/2000 scene=Dd4bFSTQ8gi.basis episode=37 target=chair success=0 spl=0.0000 reason=false_positive steps=16 runtime=18.9s SR=50.46% (219/434) mean_SPL=0.2228 SR@1m=54.15% SPL@1m=0.2377
[ZSON3 EVAL] 435/2000 scene=Dd4bFSTQ8gi.basis episode=38 target=chair success=0 spl=0.0000 reason=false_positive steps=85 runtime=74.4s SR=50.34% (219/435) mean_SPL=0.2223 SR@1m=54.02% SPL@1m=0.2371
[ZSON3 EVAL] 436/2000 scene=Dd4bFSTQ8gi.basis episode=39 target=bed success=1 spl=0.2817 reason=object_found steps=230 runtime=241.1s SR=50.46% (220/436) mean_SPL=0.2224 SR@1m=54.13% SPL@1m=0.2372
[ZSON3 EVAL] 437/2000 scene=Dd4bFSTQ8gi.basis episode=40 target=toilet success=0 spl=0.0000 reason=max_steps_reached steps=495 runtime=420.5s SR=50.34% (220/437) mean_SPL=0.2219 SR@1m=54.00% SPL@1m=0.2367
[ZSON3 EVAL] 438/2000 scene=Dd4bFSTQ8gi.basis episode=41 target=sofa success=0 spl=0.0000 reason=object_found_at_1m_only steps=205 runtime=239.6s SR=50.23% (220/438) mean_SPL=0.2214 SR@1m=54.11% SPL@1m=0.2365
[ZSON3 EVAL] 439/2000 scene=Dd4bFSTQ8gi.basis episode=42 target=bed success=1 spl=0.4506 reason=object_found steps=107 runtime=89.8s SR=50.34% (221/439) mean_SPL=0.2220 SR@1m=54.21% SPL@1m=0.2370
[ZSON3 EVAL] 440/2000 scene=Dd4bFSTQ8gi.basis episode=43 target=chair success=0 spl=0.0000 reason=false_positive steps=136 runtime=107.4s SR=50.23% (221/440) mean_SPL=0.2214 SR@1m=54.09% SPL@1m=0.2365
[ZSON3 EVAL] 441/2000 scene=Dd4bFSTQ8gi.basis episode=44 target=sofa success=1 spl=0.2921 reason=object_found steps=64 runtime=52.9s SR=50.34% (222/441) mean_SPL=0.2216 SR@1m=54.20% SPL@1m=0.2366
[ZSON3 EVAL] 442/2000 scene=Dd4bFSTQ8gi.basis episode=45 target=bed success=1 spl=0.6879 reason=object_found steps=57 runtime=47.3s SR=50.45% (223/442) mean_SPL=0.2227 SR@1m=54.30% SPL@1m=0.2376
[ZSON3 EVAL] 443/2000 scene=Dd4bFSTQ8gi.basis episode=46 target=bed success=1 spl=0.4204 reason=object_found steps=225 runtime=239.7s SR=50.56% (224/443) mean_SPL=0.2231 SR@1m=54.40% SPL@1m=0.2380
[ZSON3 EVAL] 444/2000 scene=Dd4bFSTQ8gi.basis episode=47 target=chair success=0 spl=0.0000 reason=false_positive steps=28 runtime=16.5s SR=50.45% (224/444) mean_SPL=0.2226 SR@1m=54.28% SPL@1m=0.2375
[ZSON3 EVAL] 445/2000 scene=Dd4bFSTQ8gi.basis episode=48 target=bed success=1 spl=0.1273 reason=object_found steps=219 runtime=227.0s SR=50.56% (225/445) mean_SPL=0.2224 SR@1m=54.38% SPL@1m=0.2372
[ZSON3 EVAL] 446/2000 scene=Dd4bFSTQ8gi.basis episode=49 target=toilet success=1 spl=0.8444 reason=object_found steps=83 runtime=57.3s SR=50.67% (226/446) mean_SPL=0.2238 SR@1m=54.48% SPL@1m=0.2386
[ZSON3 EVAL] 447/2000 scene=Dd4bFSTQ8gi.basis episode=50 target=bed success=1 spl=0.1213 reason=object_found steps=300 runtime=244.4s SR=50.78% (227/447) mean_SPL=0.2236 SR@1m=54.59% SPL@1m=0.2383
[ZSON3 EVAL] 448/2000 scene=Dd4bFSTQ8gi.basis episode=51 target=bed success=1 spl=0.6884 reason=object_found steps=80 runtime=76.1s SR=50.89% (228/448) mean_SPL=0.2246 SR@1m=54.69% SPL@1m=0.2394
[ZSON3 EVAL] 449/2000 scene=Dd4bFSTQ8gi.basis episode=52 target=toilet success=1 spl=0.4255 reason=robot_stuck steps=285 runtime=138.3s SR=51.00% (229/449) mean_SPL=0.2250 SR@1m=54.79% SPL@1m=0.2398
[ZSON3 EVAL] 450/2000 scene=Dd4bFSTQ8gi.basis episode=53 target=chair success=0 spl=0.0000 reason=false_positive steps=7 runtime=10.1s SR=50.89% (229/450) mean_SPL=0.2245 SR@1m=54.67% SPL@1m=0.2392
[ZSON3 EVAL] 451/2000 scene=Dd4bFSTQ8gi.basis episode=54 target=bed success=1 spl=0.7978 reason=object_found steps=53 runtime=41.0s SR=51.00% (230/451) mean_SPL=0.2258 SR@1m=54.77% SPL@1m=0.2405
[ZSON3 EVAL] 452/2000 scene=Dd4bFSTQ8gi.basis episode=55 target=toilet success=1 spl=0.3248 reason=object_found steps=428 runtime=478.4s SR=51.11% (231/452) mean_SPL=0.2260 SR@1m=54.87% SPL@1m=0.2407
[ZSON3 EVAL] 453/2000 scene=Dd4bFSTQ8gi.basis episode=56 target=chair success=1 spl=0.3047 reason=object_found steps=194 runtime=135.7s SR=51.21% (232/453) mean_SPL=0.2262 SR@1m=54.97% SPL@1m=0.2408
[ZSON3 EVAL] 454/2000 scene=Dd4bFSTQ8gi.basis episode=57 target=bed success=1 spl=0.8555 reason=object_found steps=53 runtime=44.6s SR=51.32% (233/454) mean_SPL=0.2276 SR@1m=55.07% SPL@1m=0.2422
[ZSON3 EVAL] 455/2000 scene=Dd4bFSTQ8gi.basis episode=58 target=toilet success=0 spl=0.0000 reason=object_found_at_1m_only steps=308 runtime=289.3s SR=51.21% (233/455) mean_SPL=0.2271 SR@1m=55.16% SPL@1m=0.2422
[ZSON3 EVAL] 456/2000 scene=Dd4bFSTQ8gi.basis episode=59 target=toilet success=0 spl=0.0000 reason=max_steps_reached steps=494 runtime=389.2s SR=51.10% (233/456) mean_SPL=0.2266 SR@1m=55.04% SPL@1m=0.2417
[ZSON3 EVAL] 457/2000 scene=Dd4bFSTQ8gi.basis episode=60 target=chair success=0 spl=0.0000 reason=false_positive steps=173 runtime=146.7s SR=50.98% (233/457) mean_SPL=0.2261 SR@1m=54.92% SPL@1m=0.2411
[ZSON3 EVAL] 458/2000 scene=Dd4bFSTQ8gi.basis episode=61 target=chair success=0 spl=0.0000 reason=false_positive steps=38 runtime=30.3s SR=50.87% (233/458) mean_SPL=0.2256 SR@1m=54.80% SPL@1m=0.2406
[ZSON3 EVAL] 459/2000 scene=Dd4bFSTQ8gi.basis episode=62 target=bed success=1 spl=0.1772 reason=object_found steps=160 runtime=113.0s SR=50.98% (234/459) mean_SPL=0.2255 SR@1m=54.90% SPL@1m=0.2405
[ZSON3 EVAL] 460/2000 scene=Dd4bFSTQ8gi.basis episode=63 target=bed success=1 spl=0.2873 reason=object_found steps=102 runtime=90.1s SR=51.09% (235/460) mean_SPL=0.2256 SR@1m=55.00% SPL@1m=0.2406
[ZSON3 EVAL] 461/2000 scene=Dd4bFSTQ8gi.basis episode=64 target=chair success=0 spl=0.0000 reason=false_positive steps=34 runtime=31.0s SR=50.98% (235/461) mean_SPL=0.2251 SR@1m=54.88% SPL@1m=0.2401
[ZSON3 EVAL] 462/2000 scene=Dd4bFSTQ8gi.basis episode=65 target=chair success=0 spl=0.0000 reason=false_positive steps=7 runtime=9.1s SR=50.87% (235/462) mean_SPL=0.2247 SR@1m=54.76% SPL@1m=0.2395
[ZSON3 EVAL] 463/2000 scene=Dd4bFSTQ8gi.basis episode=66 target=toilet success=1 spl=0.0730 reason=object_found steps=466 runtime=355.3s SR=50.97% (236/463) mean_SPL=0.2243 SR@1m=54.86% SPL@1m=0.2392
[ZSON3 EVAL] 464/2000 scene=Dd4bFSTQ8gi.basis episode=67 target=sofa success=1 spl=0.4265 reason=object_found steps=53 runtime=33.8s SR=51.08% (237/464) mean_SPL=0.2248 SR@1m=54.96% SPL@1m=0.2396
[ZSON3 EVAL] 465/2000 scene=Dd4bFSTQ8gi.basis episode=68 target=bed success=1 spl=0.7662 reason=object_found steps=38 runtime=36.1s SR=51.18% (238/465) mean_SPL=0.2259 SR@1m=55.05% SPL@1m=0.2407
[ZSON3 EVAL] 466/2000 scene=Dd4bFSTQ8gi.basis episode=69 target=toilet success=1 spl=0.4908 reason=object_found steps=209 runtime=172.4s SR=51.29% (239/466) mean_SPL=0.2265 SR@1m=55.15% SPL@1m=0.2412
[ZSON3 EVAL] 467/2000 scene=Dd4bFSTQ8gi.basis episode=70 target=sofa success=0 spl=0.0000 reason=object_found_at_1m_only steps=348 runtime=316.5s SR=51.18% (239/467) mean_SPL=0.2260 SR@1m=55.25% SPL@1m=0.2411
[ZSON3 EVAL] 468/2000 scene=Dd4bFSTQ8gi.basis episode=71 target=chair success=0 spl=0.0000 reason=false_positive steps=127 runtime=172.0s SR=51.07% (239/468) mean_SPL=0.2255 SR@1m=55.13% SPL@1m=0.2406
[ZSON3 EVAL] 469/2000 scene=Dd4bFSTQ8gi.basis episode=72 target=toilet success=0 spl=0.0000 reason=object_found_at_1m_only steps=330 runtime=283.0s SR=50.96% (239/469) mean_SPL=0.2250 SR@1m=55.22% SPL@1m=0.2403
[ZSON3 EVAL] 470/2000 scene=Dd4bFSTQ8gi.basis episode=73 target=chair success=1 spl=0.3558 reason=object_found steps=59 runtime=47.2s SR=51.06% (240/470) mean_SPL=0.2253 SR@1m=55.32% SPL@1m=0.2405
[ZSON3 EVAL] 471/2000 scene=Dd4bFSTQ8gi.basis episode=74 target=chair success=0 spl=0.0000 reason=false_positive steps=14 runtime=12.6s SR=50.96% (240/471) mean_SPL=0.2248 SR@1m=55.20% SPL@1m=0.2400
[ZSON3 EVAL] 472/2000 scene=Dd4bFSTQ8gi.basis episode=75 target=sofa success=0 spl=0.0000 reason=object_found_at_1m_only steps=24 runtime=24.0s SR=50.85% (240/472) mean_SPL=0.2244 SR@1m=55.30% SPL@1m=0.2412
[ZSON3 EVAL] 473/2000 scene=Dd4bFSTQ8gi.basis episode=76 target=bed success=1 spl=0.1049 reason=object_found steps=304 runtime=285.3s SR=50.95% (241/473) mean_SPL=0.2241 SR@1m=55.39% SPL@1m=0.2409
[ZSON3 EVAL] 474/2000 scene=Dd4bFSTQ8gi.basis episode=77 target=toilet success=1 spl=0.1696 reason=object_found steps=363 runtime=280.5s SR=51.05% (242/474) mean_SPL=0.2240 SR@1m=55.49% SPL@1m=0.2408
[ZSON3 EVAL] 475/2000 scene=Dd4bFSTQ8gi.basis episode=78 target=chair success=0 spl=0.0000 reason=object_found_at_1m_only steps=150 runtime=132.1s SR=50.95% (242/475) mean_SPL=0.2235 SR@1m=55.58% SPL@1m=0.2416
[ZSON3 EVAL] 476/2000 scene=Dd4bFSTQ8gi.basis episode=79 target=toilet success=1 spl=0.4092 reason=object_found steps=193 runtime=153.7s SR=51.05% (243/476) mean_SPL=0.2239 SR@1m=55.67% SPL@1m=0.2419
[ZSON3 EVAL] 477/2000 scene=Dd4bFSTQ8gi.basis episode=80 target=bed success=1 spl=0.4248 reason=object_found steps=57 runtime=55.7s SR=51.15% (244/477) mean_SPL=0.2243 SR@1m=55.77% SPL@1m=0.2423
[ZSON3 EVAL] 478/2000 scene=Dd4bFSTQ8gi.basis episode=81 target=chair success=0 spl=0.0000 reason=false_positive steps=120 runtime=113.7s SR=51.05% (244/478) mean_SPL=0.2239 SR@1m=55.65% SPL@1m=0.2418
[ZSON3 EVAL] 479/2000 scene=Dd4bFSTQ8gi.basis episode=82 target=toilet success=0 spl=0.0000 reason=max_steps_reached steps=487 runtime=398.9s SR=50.94% (244/479) mean_SPL=0.2234 SR@1m=55.53% SPL@1m=0.2413
[ZSON3 EVAL] 480/2000 scene=Dd4bFSTQ8gi.basis episode=83 target=chair success=1 spl=0.6809 reason=object_found steps=46 runtime=37.9s SR=51.04% (245/480) mean_SPL=0.2244 SR@1m=55.62% SPL@1m=0.2422
[ZSON3 EVAL] 481/2000 scene=Dd4bFSTQ8gi.basis episode=84 target=chair success=0 spl=0.0000 reason=false_positive steps=116 runtime=71.1s SR=50.94% (245/481) mean_SPL=0.2239 SR@1m=55.51% SPL@1m=0.2417
[ZSON3 EVAL] 482/2000 scene=Dd4bFSTQ8gi.basis episode=85 target=sofa success=1 spl=0.5470 reason=object_found steps=51 runtime=28.4s SR=51.04% (246/482) mean_SPL=0.2246 SR@1m=55.60% SPL@1m=0.2423
[ZSON3 EVAL] 483/2000 scene=Dd4bFSTQ8gi.basis episode=86 target=toilet success=1 spl=0.1666 reason=object_found steps=314 runtime=249.7s SR=51.14% (247/483) mean_SPL=0.2244 SR@1m=55.69% SPL@1m=0.2422
[ZSON3 EVAL] 484/2000 scene=Dd4bFSTQ8gi.basis episode=87 target=toilet success=0 spl=0.0000 reason=max_steps_reached steps=492 runtime=423.3s SR=51.03% (247/484) mean_SPL=0.2240 SR@1m=55.58% SPL@1m=0.2417
[ZSON3 EVAL] 485/2000 scene=Dd4bFSTQ8gi.basis episode=88 target=toilet success=0 spl=0.0000 reason=max_steps_reached steps=500 runtime=492.7s SR=50.93% (247/485) mean_SPL=0.2235 SR@1m=55.46% SPL@1m=0.2412
[ZSON3 EVAL] 486/2000 scene=Dd4bFSTQ8gi.basis episode=89 target=chair success=0 spl=0.0000 reason=false_positive steps=228 runtime=175.2s SR=50.82% (247/486) mean_SPL=0.2231 SR@1m=55.35% SPL@1m=0.2407
[ZSON3 EVAL] 487/2000 scene=Dd4bFSTQ8gi.basis episode=90 target=sofa success=0 spl=0.0000 reason=false_positive steps=181 runtime=184.8s SR=50.72% (247/487) mean_SPL=0.2226 SR@1m=55.24% SPL@1m=0.2402
[ZSON3 EVAL] 488/2000 scene=Dd4bFSTQ8gi.basis episode=91 target=sofa success=1 spl=0.8569 reason=object_found steps=23 runtime=22.4s SR=50.82% (248/488) mean_SPL=0.2239 SR@1m=55.33% SPL@1m=0.2414
[ZSON3 EVAL] 489/2000 scene=Dd4bFSTQ8gi.basis episode=92 target=toilet success=1 spl=0.1099 reason=object_found steps=244 runtime=228.5s SR=50.92% (249/489) mean_SPL=0.2237 SR@1m=55.42% SPL@1m=0.2412
[ZSON3 EVAL] 490/2000 scene=Dd4bFSTQ8gi.basis episode=93 target=sofa success=1 spl=0.2879 reason=object_found steps=109 runtime=89.6s SR=51.02% (250/490) mean_SPL=0.2238 SR@1m=55.51% SPL@1m=0.2413
[ZSON3 EVAL] 491/2000 scene=Dd4bFSTQ8gi.basis episode=94 target=chair success=0 spl=0.0000 reason=robot_stuck steps=249 runtime=97.7s SR=50.92% (250/491) mean_SPL=0.2233 SR@1m=55.40% SPL@1m=0.2408
[ZSON3 EVAL] 492/2000 scene=Dd4bFSTQ8gi.basis episode=95 target=bed success=0 spl=0.0000 reason=max_steps_reached steps=461 runtime=286.3s SR=50.81% (250/492) mean_SPL=0.2229 SR@1m=55.28% SPL@1m=0.2403
[ZSON3 EVAL] 493/2000 scene=Dd4bFSTQ8gi.basis episode=96 target=sofa success=1 spl=0.7646 reason=object_found steps=42 runtime=26.3s SR=50.91% (251/493) mean_SPL=0.2240 SR@1m=55.38% SPL@1m=0.2414
[ZSON3 EVAL] 494/2000 scene=Dd4bFSTQ8gi.basis episode=97 target=chair success=1 spl=0.1951 reason=object_found steps=195 runtime=165.7s SR=51.01% (252/494) mean_SPL=0.2239 SR@1m=55.47% SPL@1m=0.2413
[ZSON3 EVAL] 495/2000 scene=Dd4bFSTQ8gi.basis episode=98 target=chair success=1 spl=0.6498 reason=object_found steps=76 runtime=67.6s SR=51.11% (253/495) mean_SPL=0.2248 SR@1m=55.56% SPL@1m=0.2421
[ZSON3 EVAL] 496/2000 scene=Nfvxx8J5NCo.basis episode=0 target=toilet success=1 spl=0.1115 reason=object_found steps=213 runtime=175.1s SR=51.21% (254/496) mean_SPL=0.2246 SR@1m=55.65% SPL@1m=0.2418
[ZSON3 EVAL] 497/2000 scene=Nfvxx8J5NCo.basis episode=1 target=chair success=1 spl=0.7187 reason=object_found steps=23 runtime=25.5s SR=51.31% (255/497) mean_SPL=0.2256 SR@1m=55.73% SPL@1m=0.2428
[ZSON3 EVAL] 498/2000 scene=Nfvxx8J5NCo.basis episode=2 target=tv_monitor success=1 spl=0.7620 reason=object_found steps=72 runtime=48.2s SR=51.41% (256/498) mean_SPL=0.2266 SR@1m=55.82% SPL@1m=0.2438
[ZSON3 EVAL] 499/2000 scene=Nfvxx8J5NCo.basis episode=3 target=bed success=1 spl=0.6766 reason=object_found steps=69 runtime=42.7s SR=51.50% (257/499) mean_SPL=0.2275 SR@1m=55.91% SPL@1m=0.2447
[ZSON3 EVAL] 500/2000 scene=Nfvxx8J5NCo.basis episode=4 target=toilet success=0 spl=0.0000 reason=max_steps_reached steps=496 runtime=355.0s SR=51.40% (257/500) mean_SPL=0.2271 SR@1m=55.80% SPL@1m=0.2442
[ZSON3 EVAL] 501/2000 scene=Nfvxx8J5NCo.basis episode=5 target=toilet success=0 spl=0.0000 reason=max_steps_reached steps=492 runtime=400.9s SR=51.30% (257/501) mean_SPL=0.2266 SR@1m=55.69% SPL@1m=0.2437
[ZSON3 EVAL] 502/2000 scene=Nfvxx8J5NCo.basis episode=6 target=tv_monitor success=1 spl=0.4463 reason=object_found steps=123 runtime=76.0s SR=51.39% (258/502) mean_SPL=0.2271 SR@1m=55.78% SPL@1m=0.2441
[ZSON3 EVAL] 503/2000 scene=Nfvxx8J5NCo.basis episode=7 target=tv_monitor success=0 spl=0.0000 reason=false_positive steps=236 runtime=164.7s SR=51.29% (258/503) mean_SPL=0.2266 SR@1m=55.67% SPL@1m=0.2436
[ZSON3 EVAL] 504/2000 scene=Nfvxx8J5NCo.basis episode=8 target=sofa success=1 spl=0.3993 reason=object_found steps=282 runtime=195.0s SR=51.39% (259/504) mean_SPL=0.2270 SR@1m=55.75% SPL@1m=0.2439
[ZSON3 EVAL] 505/2000 scene=Nfvxx8J5NCo.basis episode=9 target=tv_monitor success=1 spl=0.4918 reason=object_found steps=237 runtime=163.5s SR=51.49% (260/505) mean_SPL=0.2275 SR@1m=55.84% SPL@1m=0.2444
[ZSON3 EVAL] 506/2000 scene=Nfvxx8J5NCo.basis episode=10 target=bed success=1 spl=0.7593 reason=object_found steps=71 runtime=56.8s SR=51.58% (261/506) mean_SPL=0.2285 SR@1m=55.93% SPL@1m=0.2455
[ZSON3 EVAL] 507/2000 scene=Nfvxx8J5NCo.basis episode=11 target=sofa success=1 spl=0.3583 reason=object_found steps=181 runtime=119.9s SR=51.68% (262/507) mean_SPL=0.2288 SR@1m=56.02% SPL@1m=0.2457
[ZSON3 EVAL] 508/2000 scene=Nfvxx8J5NCo.basis episode=12 target=toilet success=0 spl=0.0000 reason=max_steps_reached steps=500 runtime=459.6s SR=51.57% (262/508) mean_SPL=0.2283 SR@1m=55.91% SPL@1m=0.2452
[ZSON3 EVAL] 509/2000 scene=Nfvxx8J5NCo.basis episode=13 target=bed success=1 spl=0.2018 reason=object_found steps=130 runtime=102.8s SR=51.67% (263/509) mean_SPL=0.2283 SR@1m=55.99% SPL@1m=0.2451
[ZSON3 EVAL] 510/2000 scene=Nfvxx8J5NCo.basis episode=14 target=chair success=1 spl=0.2560 reason=object_found steps=202 runtime=130.8s SR=51.76% (264/510) mean_SPL=0.2283 SR@1m=56.08% SPL@1m=0.2451
[ZSON3 EVAL] 511/2000 scene=Nfvxx8J5NCo.basis episode=15 target=tv_monitor success=0 spl=0.0000 reason=false_positive steps=25 runtime=20.9s SR=51.66% (264/511) mean_SPL=0.2279 SR@1m=55.97% SPL@1m=0.2446
[ZSON3 EVAL] 512/2000 scene=Nfvxx8J5NCo.basis episode=16 target=chair success=0 spl=0.0000 reason=robot_stuck steps=392 runtime=234.0s SR=51.56% (264/512) mean_SPL=0.2274 SR@1m=55.86% SPL@1m=0.2442
[ZSON3 EVAL] 513/2000 scene=Nfvxx8J5NCo.basis episode=17 target=chair success=1 spl=0.2155 reason=object_found steps=159 runtime=110.4s SR=51.66% (265/513) mean_SPL=0.2274 SR@1m=55.95% SPL@1m=0.2441
[ZSON3 EVAL] 514/2000 scene=Nfvxx8J5NCo.basis episode=18 target=sofa success=1 spl=0.4978 reason=object_found steps=59 runtime=39.9s SR=51.75% (266/514) mean_SPL=0.2279 SR@1m=56.03% SPL@1m=0.2446
[ZSON3 EVAL] 515/2000 scene=Nfvxx8J5NCo.basis episode=19 target=bed success=1 spl=0.6646 reason=object_found steps=62 runtime=53.3s SR=51.84% (267/515) mean_SPL=0.2288 SR@1m=56.12% SPL@1m=0.2454
[ZSON3 EVAL] 516/2000 scene=Nfvxx8J5NCo.basis episode=20 target=tv_monitor success=1 spl=0.1868 reason=object_found steps=318 runtime=267.7s SR=51.94% (268/516) mean_SPL=0.2287 SR@1m=56.20% SPL@1m=0.2453
[ZSON3 EVAL] 517/2000 scene=Nfvxx8J5NCo.basis episode=21 target=toilet success=1 spl=0.7922 reason=object_found steps=117 runtime=90.6s SR=52.03% (269/517) mean_SPL=0.2298 SR@1m=56.29% SPL@1m=0.2464
[ZSON3 EVAL] 518/2000 scene=Nfvxx8J5NCo.basis episode=22 target=bed success=1 spl=0.4164 reason=object_found steps=66 runtime=48.8s SR=52.12% (270/518) mean_SPL=0.2302 SR@1m=56.37% SPL@1m=0.2467
[ZSON3 EVAL] 519/2000 scene=Nfvxx8J5NCo.basis episode=23 target=bed success=1 spl=0.4026 reason=object_found steps=126 runtime=100.5s SR=52.22% (271/519) mean_SPL=0.2305 SR@1m=56.45% SPL@1m=0.2470
[ZSON3 EVAL] 520/2000 scene=Nfvxx8J5NCo.basis episode=24 target=chair success=1 spl=0.7861 reason=object_found steps=78 runtime=59.4s SR=52.31% (272/520) mean_SPL=0.2316 SR@1m=56.54% SPL@1m=0.2480
[ZSON3 EVAL] 521/2000 scene=Nfvxx8J5NCo.basis episode=25 target=bed success=1 spl=0.2643 reason=object_found steps=90 runtime=63.4s SR=52.40% (273/521) mean_SPL=0.2316 SR@1m=56.62% SPL@1m=0.2481
[ZSON3 EVAL] 522/2000 scene=Nfvxx8J5NCo.basis episode=26 target=sofa success=1 spl=0.6297 reason=object_found steps=115 runtime=72.1s SR=52.49% (274/522) mean_SPL=0.2324 SR@1m=56.70% SPL@1m=0.2488
[ZSON3 EVAL] 523/2000 scene=Nfvxx8J5NCo.basis episode=27 target=bed success=1 spl=0.4274 reason=object_found steps=78 runtime=57.1s SR=52.58% (275/523) mean_SPL=0.2328 SR@1m=56.79% SPL@1m=0.2491
[ZSON3 EVAL] 524/2000 scene=Nfvxx8J5NCo.basis episode=28 target=chair success=1 spl=0.3431 reason=object_found steps=89 runtime=77.3s SR=52.67% (276/524) mean_SPL=0.2330 SR@1m=56.87% SPL@1m=0.2493
[ZSON3 EVAL] 525/2000 scene=Nfvxx8J5NCo.basis episode=29 target=tv_monitor success=1 spl=0.4186 reason=object_found steps=119 runtime=92.8s SR=52.76% (277/525) mean_SPL=0.2333 SR@1m=56.95% SPL@1m=0.2496
[ZSON3 EVAL] 526/2000 scene=Nfvxx8J5NCo.basis episode=30 target=toilet success=0 spl=0.0000 reason=max_steps_reached steps=495 runtime=386.3s SR=52.66% (277/526) mean_SPL=0.2329 SR@1m=56.84% SPL@1m=0.2492
[ZSON3 EVAL] 527/2000 scene=Nfvxx8J5NCo.basis episode=31 target=bed success=1 spl=0.4753 reason=object_found steps=82 runtime=72.0s SR=52.75% (278/527) mean_SPL=0.2333 SR@1m=56.93% SPL@1m=0.2496
[ZSON3 EVAL] 528/2000 scene=Nfvxx8J5NCo.basis episode=32 target=bed success=1 spl=0.7658 reason=object_found steps=71 runtime=52.3s SR=52.84% (279/528) mean_SPL=0.2344 SR@1m=57.01% SPL@1m=0.2506
[ZSON3 EVAL] 529/2000 scene=Nfvxx8J5NCo.basis episode=33 target=sofa success=1 spl=0.2948 reason=object_found steps=266 runtime=205.6s SR=52.93% (280/529) mean_SPL=0.2345 SR@1m=57.09% SPL@1m=0.2507
[ZSON3 EVAL] 530/2000 scene=Nfvxx8J5NCo.basis episode=34 target=chair success=1 spl=0.2197 reason=object_found steps=102 runtime=71.1s SR=53.02% (281/530) mean_SPL=0.2344 SR@1m=57.17% SPL@1m=0.2506
[ZSON3 EVAL] 531/2000 scene=Nfvxx8J5NCo.basis episode=35 target=sofa success=1 spl=0.9154 reason=object_found steps=28 runtime=20.8s SR=53.11% (282/531) mean_SPL=0.2357 SR@1m=57.25% SPL@1m=0.2518
[ZSON3 EVAL] 532/2000 scene=Nfvxx8J5NCo.basis episode=36 target=chair success=1 spl=0.2753 reason=object_found steps=92 runtime=62.2s SR=53.20% (283/532) mean_SPL=0.2358 SR@1m=57.33% SPL@1m=0.2519
[ZSON3 EVAL] 533/2000 scene=Nfvxx8J5NCo.basis episode=37 target=bed success=1 spl=0.3368 reason=object_found steps=131 runtime=79.9s SR=53.28% (284/533) mean_SPL=0.2360 SR@1m=57.41% SPL@1m=0.2521
[ZSON3 EVAL] 534/2000 scene=Nfvxx8J5NCo.basis episode=38 target=sofa success=1 spl=0.6564 reason=object_found steps=36 runtime=24.0s SR=53.37% (285/534) mean_SPL=0.2368 SR@1m=57.49% SPL@1m=0.2528
[ZSON3 EVAL] 535/2000 scene=Nfvxx8J5NCo.basis episode=39 target=toilet success=1 spl=0.2432 reason=object_found steps=394 runtime=280.1s SR=53.46% (286/535) mean_SPL=0.2368 SR@1m=57.57% SPL@1m=0.2528
[ZSON3 EVAL] 536/2000 scene=Nfvxx8J5NCo.basis episode=40 target=toilet success=0 spl=0.0000 reason=max_steps_reached steps=494 runtime=366.2s SR=53.36% (286/536) mean_SPL=0.2363 SR@1m=57.46% SPL@1m=0.2523
[ZSON3 EVAL] 537/2000 scene=Nfvxx8J5NCo.basis episode=41 target=bed success=1 spl=0.6545 reason=object_found steps=39 runtime=35.8s SR=53.45% (287/537) mean_SPL=0.2371 SR@1m=57.54% SPL@1m=0.2531
[ZSON3 EVAL] 538/2000 scene=Nfvxx8J5NCo.basis episode=42 target=bed success=1 spl=0.5873 reason=object_found steps=123 runtime=73.5s SR=53.53% (288/538) mean_SPL=0.2378 SR@1m=57.62% SPL@1m=0.2537
[ZSON3 EVAL] 539/2000 scene=Nfvxx8J5NCo.basis episode=43 target=tv_monitor success=0 spl=0.0000 reason=false_positive steps=164 runtime=129.8s SR=53.43% (288/539) mean_SPL=0.2373 SR@1m=57.51% SPL@1m=0.2532
[ZSON3 EVAL] 540/2000 scene=Nfvxx8J5NCo.basis episode=44 target=chair success=1 spl=0.3797 reason=object_found steps=101 runtime=92.7s SR=53.52% (289/540) mean_SPL=0.2376 SR@1m=57.59% SPL@1m=0.2535
[ZSON3 EVAL] 541/2000 scene=Nfvxx8J5NCo.basis episode=45 target=chair success=1 spl=0.5455 reason=object_found steps=41 runtime=33.4s SR=53.60% (290/541) mean_SPL=0.2382 SR@1m=57.67% SPL@1m=0.2540
[ZSON3 EVAL] 542/2000 scene=Nfvxx8J5NCo.basis episode=46 target=chair success=1 spl=0.2953 reason=object_found steps=60 runtime=46.9s SR=53.69% (291/542) mean_SPL=0.2383 SR@1m=57.75% SPL@1m=0.2541
[ZSON3 EVAL] 543/2000 scene=Nfvxx8J5NCo.basis episode=47 target=sofa success=1 spl=0.5784 reason=object_found steps=34 runtime=28.1s SR=53.78% (292/543) mean_SPL=0.2389 SR@1m=57.83% SPL@1m=0.2547
[ZSON3 EVAL] 544/2000 scene=Nfvxx8J5NCo.basis episode=48 target=tv_monitor success=0 spl=0.0000 reason=robot_stuck steps=316 runtime=162.6s SR=53.68% (292/544) mean_SPL=0.2385 SR@1m=57.72% SPL@1m=0.2542
[ZSON3 EVAL] 545/2000 scene=Nfvxx8J5NCo.basis episode=49 target=tv_monitor success=0 spl=0.0000 reason=false_positive steps=47 runtime=36.2s SR=53.58% (292/545) mean_SPL=0.2380 SR@1m=57.61% SPL@1m=0.2537
[ZSON3 EVAL] 546/2000 scene=Nfvxx8J5NCo.basis episode=50 target=bed success=1 spl=0.4885 reason=object_found steps=62 runtime=45.2s SR=53.66% (293/546) mean_SPL=0.2385 SR@1m=57.69% SPL@1m=0.2542
[ZSON3 EVAL] 547/2000 scene=Nfvxx8J5NCo.basis episode=51 target=chair success=1 spl=0.1530 reason=object_found steps=216 runtime=169.2s SR=53.75% (294/547) mean_SPL=0.2383 SR@1m=57.77% SPL@1m=0.2540
[ZSON3 EVAL] 548/2000 scene=Nfvxx8J5NCo.basis episode=52 target=chair success=1 spl=0.2535 reason=object_found steps=84 runtime=70.7s SR=53.83% (295/548) mean_SPL=0.2384 SR@1m=57.85% SPL@1m=0.2540
[ZSON3 EVAL] 549/2000 scene=Nfvxx8J5NCo.basis episode=53 target=sofa success=1 spl=0.4026 reason=object_found steps=146 runtime=99.1s SR=53.92% (296/549) mean_SPL=0.2386 SR@1m=57.92% SPL@1m=0.2542
[ZSON3 EVAL] 550/2000 scene=Nfvxx8J5NCo.basis episode=54 target=bed success=1 spl=0.2180 reason=object_found steps=258 runtime=221.1s SR=54.00% (297/550) mean_SPL=0.2386 SR@1m=58.00% SPL@1m=0.2542
[ZSON3 EVAL] 551/2000 scene=Nfvxx8J5NCo.basis episode=55 target=toilet success=0 spl=0.0000 reason=max_steps_reached steps=498 runtime=538.7s SR=53.90% (297/551) mean_SPL=0.2382 SR@1m=57.89% SPL@1m=0.2537
[ZSON3 EVAL] 552/2000 scene=Nfvxx8J5NCo.basis episode=56 target=chair success=1 spl=0.2877 reason=object_found steps=110 runtime=81.5s SR=53.99% (298/552) mean_SPL=0.2383 SR@1m=57.97% SPL@1m=0.2538
[ZSON3 EVAL] 553/2000 scene=Nfvxx8J5NCo.basis episode=57 target=tv_monitor success=1 spl=0.4199 reason=object_found steps=149 runtime=99.0s SR=54.07% (299/553) mean_SPL=0.2386 SR@1m=58.05% SPL@1m=0.2541
[ZSON3 EVAL] 554/2000 scene=Nfvxx8J5NCo.basis episode=58 target=bed success=0 spl=0.0000 reason=robot_stuck steps=243 runtime=110.0s SR=53.97% (299/554) mean_SPL=0.2382 SR@1m=57.94% SPL@1m=0.2536
[ZSON3 EVAL] 555/2000 scene=Nfvxx8J5NCo.basis episode=59 target=toilet success=0 spl=0.0000 reason=max_steps_reached steps=493 runtime=337.6s SR=53.87% (299/555) mean_SPL=0.2377 SR@1m=57.84% SPL@1m=0.2532
[ZSON3 EVAL] 556/2000 scene=Nfvxx8J5NCo.basis episode=60 target=sofa success=1 spl=0.5371 reason=object_found steps=147 runtime=109.4s SR=53.96% (300/556) mean_SPL=0.2383 SR@1m=57.91% SPL@1m=0.2537
[ZSON3 EVAL] 557/2000 scene=Nfvxx8J5NCo.basis episode=61 target=bed success=1 spl=0.1619 reason=object_found steps=198 runtime=145.4s SR=54.04% (301/557) mean_SPL=0.2381 SR@1m=57.99% SPL@1m=0.2535
[ZSON3 EVAL] 558/2000 scene=Nfvxx8J5NCo.basis episode=62 target=sofa success=1 spl=0.8808 reason=object_found steps=18 runtime=18.2s SR=54.12% (302/558) mean_SPL=0.2393 SR@1m=58.06% SPL@1m=0.2546
[ZSON3 EVAL] 559/2000 scene=Nfvxx8J5NCo.basis episode=63 target=toilet success=0 spl=0.0000 reason=max_steps_reached steps=493 runtime=377.1s SR=54.03% (302/559) mean_SPL=0.2389 SR@1m=57.96% SPL@1m=0.2542
[ZSON3 EVAL] 560/2000 scene=Nfvxx8J5NCo.basis episode=64 target=tv_monitor success=1 spl=0.4932 reason=object_found steps=245 runtime=158.9s SR=54.11% (303/560) mean_SPL=0.2393 SR@1m=58.04% SPL@1m=0.2546
[ZSON3 EVAL] 561/2000 scene=Nfvxx8J5NCo.basis episode=65 target=sofa success=1 spl=0.4147 reason=object_found steps=165 runtime=115.5s SR=54.19% (304/561) mean_SPL=0.2396 SR@1m=58.11% SPL@1m=0.2549
[ZSON3 EVAL] 562/2000 scene=Nfvxx8J5NCo.basis episode=66 target=tv_monitor success=0 spl=0.0000 reason=max_steps_reached steps=489 runtime=350.9s SR=54.09% (304/562) mean_SPL=0.2392 SR@1m=58.01% SPL@1m=0.2544
[ZSON3 EVAL] 563/2000 scene=Nfvxx8J5NCo.basis episode=67 target=toilet success=1 spl=0.7746 reason=object_found steps=108 runtime=66.7s SR=54.17% (305/563) mean_SPL=0.2402 SR@1m=58.08% SPL@1m=0.2554
[ZSON3 EVAL] 564/2000 scene=Nfvxx8J5NCo.basis episode=68 target=toilet success=0 spl=0.0000 reason=max_steps_reached steps=499 runtime=370.2s SR=54.08% (305/564) mean_SPL=0.2397 SR@1m=57.98% SPL@1m=0.2549
[ZSON3 EVAL] 565/2000 scene=Nfvxx8J5NCo.basis episode=69 target=sofa success=1 spl=0.2159 reason=object_found steps=114 runtime=85.3s SR=54.16% (306/565) mean_SPL=0.2397 SR@1m=58.05% SPL@1m=0.2548
[ZSON3 EVAL] 566/2000 scene=Nfvxx8J5NCo.basis episode=70 target=sofa success=1 spl=0.2944 reason=object_found steps=141 runtime=91.5s SR=54.24% (307/566) mean_SPL=0.2398 SR@1m=58.13% SPL@1m=0.2549
[ZSON3 EVAL] 567/2000 scene=Nfvxx8J5NCo.basis episode=71 target=toilet success=1 spl=0.1294 reason=object_found steps=468 runtime=447.5s SR=54.32% (308/567) mean_SPL=0.2396 SR@1m=58.20% SPL@1m=0.2547
[ZSON3 EVAL] 568/2000 scene=Nfvxx8J5NCo.basis episode=72 target=tv_monitor success=1 spl=0.3250 reason=object_found steps=102 runtime=67.7s SR=54.40% (309/568) mean_SPL=0.2397 SR@1m=58.27% SPL@1m=0.2548
[ZSON3 EVAL] 569/2000 scene=Nfvxx8J5NCo.basis episode=73 target=toilet success=0 spl=0.0000 reason=max_steps_reached steps=496 runtime=444.8s SR=54.31% (309/569) mean_SPL=0.2393 SR@1m=58.17% SPL@1m=0.2544
[ZSON3 EVAL] 570/2000 scene=Nfvxx8J5NCo.basis episode=74 target=tv_monitor success=0 spl=0.0000 reason=robot_stuck steps=340 runtime=186.0s SR=54.21% (309/570) mean_SPL=0.2389 SR@1m=58.07% SPL@1m=0.2539
[ZSON3 EVAL] 571/2000 scene=Nfvxx8J5NCo.basis episode=75 target=chair success=1 spl=0.3720 reason=object_found steps=200 runtime=134.6s SR=54.29% (310/571) mean_SPL=0.2391 SR@1m=58.14% SPL@1m=0.2541
[ZSON3 EVAL] 572/2000 scene=Nfvxx8J5NCo.basis episode=76 target=bed success=1 spl=0.3314 reason=object_found steps=137 runtime=96.0s SR=54.37% (311/572) mean_SPL=0.2393 SR@1m=58.22% SPL@1m=0.2543
[ZSON3 EVAL] 573/2000 scene=Nfvxx8J5NCo.basis episode=77 target=tv_monitor success=1 spl=0.3033 reason=object_found steps=156 runtime=87.9s SR=54.45% (312/573) mean_SPL=0.2394 SR@1m=58.29% SPL@1m=0.2543
[ZSON3 EVAL] 574/2000 scene=Nfvxx8J5NCo.basis episode=78 target=tv_monitor success=1 spl=0.2459 reason=object_found steps=429 runtime=283.5s SR=54.53% (313/574) mean_SPL=0.2394 SR@1m=58.36% SPL@1m=0.2543
[ZSON3 EVAL] 575/2000 scene=Nfvxx8J5NCo.basis episode=79 target=toilet success=0 spl=0.0000 reason=max_steps_reached steps=470 runtime=371.3s SR=54.43% (313/575) mean_SPL=0.2390 SR@1m=58.26% SPL@1m=0.2539
[ZSON3 EVAL] 576/2000 scene=Nfvxx8J5NCo.basis episode=80 target=sofa success=1 spl=0.8509 reason=object_found steps=33 runtime=19.3s SR=54.51% (314/576) mean_SPL=0.2401 SR@1m=58.33% SPL@1m=0.2549
[ZSON3 EVAL] 577/2000 scene=Nfvxx8J5NCo.basis episode=81 target=chair success=1 spl=0.2233 reason=object_found steps=102 runtime=82.1s SR=54.59% (315/577) mean_SPL=0.2400 SR@1m=58.41% SPL@1m=0.2549
[ZSON3 EVAL] 578/2000 scene=Nfvxx8J5NCo.basis episode=82 target=bed success=1 spl=0.2514 reason=object_found steps=165 runtime=127.1s SR=54.67% (316/578) mean_SPL=0.2401 SR@1m=58.48% SPL@1m=0.2549
[ZSON3 EVAL] 579/2000 scene=Nfvxx8J5NCo.basis episode=83 target=tv_monitor success=1 spl=0.2295 reason=object_found steps=322 runtime=221.9s SR=54.75% (317/579) mean_SPL=0.2400 SR@1m=58.55% SPL@1m=0.2548
[ZSON3 EVAL] 580/2000 scene=Nfvxx8J5NCo.basis episode=84 target=toilet success=0 spl=0.0000 reason=max_steps_reached steps=497 runtime=466.0s SR=54.66% (317/580) mean_SPL=0.2396 SR@1m=58.45% SPL@1m=0.2544
[ZSON3 EVAL] 581/2000 scene=Nfvxx8J5NCo.basis episode=85 target=toilet success=0 spl=0.0000 reason=max_steps_reached steps=494 runtime=384.3s SR=54.56% (317/581) mean_SPL=0.2392 SR@1m=58.35% SPL@1m=0.2539
[ZSON3 EVAL] 582/2000 scene=Nfvxx8J5NCo.basis episode=86 target=sofa success=1 spl=0.7854 reason=object_found steps=43 runtime=28.5s SR=54.64% (318/582) mean_SPL=0.2401 SR@1m=58.42% SPL@1m=0.2549
[ZSON3 EVAL] 583/2000 scene=Nfvxx8J5NCo.basis episode=87 target=toilet success=0 spl=0.0000 reason=max_steps_reached steps=498 runtime=350.7s SR=54.55% (318/583) mean_SPL=0.2397 SR@1m=58.32% SPL@1m=0.2544
[ZSON3 EVAL] 584/2000 scene=Nfvxx8J5NCo.basis episode=88 target=sofa success=1 spl=0.4856 reason=object_found steps=98 runtime=71.2s SR=54.62% (319/584) mean_SPL=0.2402 SR@1m=58.39% SPL@1m=0.2548
[ZSON3 EVAL] 585/2000 scene=Nfvxx8J5NCo.basis episode=89 target=chair success=1 spl=0.7518 reason=object_found steps=54 runtime=37.2s SR=54.70% (320/585) mean_SPL=0.2410 SR@1m=58.46% SPL@1m=0.2557
[ZSON3 EVAL] 586/2000 scene=Nfvxx8J5NCo.basis episode=90 target=bed success=1 spl=0.6542 reason=object_found steps=78 runtime=44.5s SR=54.78% (321/586) mean_SPL=0.2417 SR@1m=58.53% SPL@1m=0.2563
[ZSON3 EVAL] 587/2000 scene=Nfvxx8J5NCo.basis episode=91 target=chair success=0 spl=0.0000 reason=no_frontiers steps=105 runtime=55.3s SR=54.68% (321/587) mean_SPL=0.2413 SR@1m=58.43% SPL@1m=0.2559
[ZSON3 EVAL] 588/2000 scene=Nfvxx8J5NCo.basis episode=92 target=tv_monitor success=1 spl=0.5003 reason=object_found steps=116 runtime=75.0s SR=54.76% (322/588) mean_SPL=0.2418 SR@1m=58.50% SPL@1m=0.2563
[ZSON3 EVAL] 589/2000 scene=Nfvxx8J5NCo.basis episode=93 target=tv_monitor success=0 spl=0.0000 reason=robot_stuck steps=334 runtime=168.6s SR=54.67% (322/589) mean_SPL=0.2414 SR@1m=58.40% SPL@1m=0.2559
[ZSON3 EVAL] 590/2000 scene=Nfvxx8J5NCo.basis episode=94 target=chair success=1 spl=0.3208 reason=object_found steps=107 runtime=73.1s SR=54.75% (323/590) mean_SPL=0.2415 SR@1m=58.47% SPL@1m=0.2560
[ZSON3 EVAL] 591/2000 scene=Nfvxx8J5NCo.basis episode=95 target=chair success=1 spl=0.7684 reason=object_found steps=20 runtime=18.6s SR=54.82% (324/591) mean_SPL=0.2424 SR@1m=58.54% SPL@1m=0.2569
[ZSON3 EVAL] 592/2000 scene=Nfvxx8J5NCo.basis episode=96 target=toilet success=1 spl=0.3839 reason=object_found steps=137 runtime=71.5s SR=54.90% (325/592) mean_SPL=0.2426 SR@1m=58.61% SPL@1m=0.2571
[ZSON3 EVAL] 593/2000 scene=Nfvxx8J5NCo.basis episode=97 target=bed success=1 spl=0.1458 reason=object_found steps=182 runtime=152.8s SR=54.97% (326/593) mean_SPL=0.2425 SR@1m=58.68% SPL@1m=0.2569
[ZSON3 EVAL] 594/2000 scene=Nfvxx8J5NCo.basis episode=98 target=tv_monitor success=1 spl=0.5238 reason=object_found steps=91 runtime=60.2s SR=55.05% (327/594) mean_SPL=0.2429 SR@1m=58.75% SPL@1m=0.2573
[ZSON3 EVAL] 595/2000 scene=QaLdnwvtxbs.basis episode=0 target=chair success=1 spl=0.2344 reason=object_found steps=186 runtime=120.0s SR=55.13% (328/595) mean_SPL=0.2429 SR@1m=58.82% SPL@1m=0.2573
[ZSON3 EVAL] 596/2000 scene=QaLdnwvtxbs.basis episode=1 target=sofa success=0 spl=0.0000 reason=robot_stuck steps=263 runtime=154.9s SR=55.03% (328/596) mean_SPL=0.2425 SR@1m=58.72% SPL@1m=0.2569
[ZSON3 EVAL] 597/2000 scene=QaLdnwvtxbs.basis episode=2 target=tv_monitor success=1 spl=0.8406 reason=robot_stuck steps=231 runtime=60.8s SR=55.11% (329/597) mean_SPL=0.2435 SR@1m=58.79% SPL@1m=0.2579
[ZSON3 EVAL] 598/2000 scene=QaLdnwvtxbs.basis episode=3 target=sofa success=1 spl=0.1943 reason=object_found steps=186 runtime=130.2s SR=55.18% (330/598) mean_SPL=0.2434 SR@1m=58.86% SPL@1m=0.2577
[ZSON3 EVAL] 599/2000 scene=QaLdnwvtxbs.basis episode=4 target=bed success=1 spl=0.7832 reason=object_found steps=44 runtime=25.0s SR=55.26% (331/599) mean_SPL=0.2443 SR@1m=58.93% SPL@1m=0.2586
[ZSON3 EVAL] 600/2000 scene=QaLdnwvtxbs.basis episode=5 target=chair success=0 spl=0.0000 reason=false_positive steps=249 runtime=152.1s SR=55.17% (331/600) mean_SPL=0.2439 SR@1m=58.83% SPL@1m=0.2582
[ZSON3 EVAL] 601/2000 scene=QaLdnwvtxbs.basis episode=6 target=bed success=0 spl=0.0000 reason=max_steps_reached steps=488 runtime=268.7s SR=55.07% (331/601) mean_SPL=0.2435 SR@1m=58.74% SPL@1m=0.2578
[ZSON3 EVAL] 602/2000 scene=QaLdnwvtxbs.basis episode=7 target=bed success=1 spl=0.7020 reason=object_found steps=46 runtime=30.0s SR=55.15% (332/602) mean_SPL=0.2443 SR@1m=58.80% SPL@1m=0.2585
[ZSON3 EVAL] 603/2000 scene=QaLdnwvtxbs.basis episode=8 target=chair success=1 spl=0.2627 reason=object_found steps=186 runtime=130.4s SR=55.22% (333/603) mean_SPL=0.2443 SR@1m=58.87% SPL@1m=0.2585
[ZSON3 EVAL] 604/2000 scene=QaLdnwvtxbs.basis episode=9 target=sofa success=0 spl=0.0000 reason=robot_stuck steps=242 runtime=149.6s SR=55.13% (333/604) mean_SPL=0.2439 SR@1m=58.77% SPL@1m=0.2581
[ZSON3 EVAL] 605/2000 scene=QaLdnwvtxbs.basis episode=10 target=sofa success=1 spl=0.6751 reason=object_found steps=57 runtime=31.1s SR=55.21% (334/605) mean_SPL=0.2446 SR@1m=58.84% SPL@1m=0.2588
[ZSON3 EVAL] 606/2000 scene=QaLdnwvtxbs.basis episode=11 target=tv_monitor success=1 spl=0.1646 reason=robot_stuck steps=363 runtime=178.9s SR=55.28% (335/606) mean_SPL=0.2445 SR@1m=58.91% SPL@1m=0.2586
[ZSON3 EVAL] 607/2000 scene=QaLdnwvtxbs.basis episode=12 target=chair success=1 spl=0.1642 reason=object_found steps=269 runtime=178.9s SR=55.35% (336/607) mean_SPL=0.2443 SR@1m=58.98% SPL@1m=0.2585
[ZSON3 EVAL] 608/2000 scene=QaLdnwvtxbs.basis episode=13 target=chair success=1 spl=0.0931 reason=object_found steps=318 runtime=218.1s SR=55.43% (337/608) mean_SPL=0.2441 SR@1m=59.05% SPL@1m=0.2582
[ZSON3 EVAL] 609/2000 scene=QaLdnwvtxbs.basis episode=14 target=bed success=0 spl=0.0000 reason=false_positive steps=68 runtime=36.9s SR=55.34% (337/609) mean_SPL=0.2437 SR@1m=58.95% SPL@1m=0.2578
[ZSON3 EVAL] 610/2000 scene=QaLdnwvtxbs.basis episode=15 target=sofa success=1 spl=0.1263 reason=object_found steps=239 runtime=222.7s SR=55.41% (338/610) mean_SPL=0.2435 SR@1m=59.02% SPL@1m=0.2575
[ZSON3 EVAL] 611/2000 scene=QaLdnwvtxbs.basis episode=16 target=bed success=1 spl=0.8247 reason=object_found steps=70 runtime=57.2s SR=55.48% (339/611) mean_SPL=0.2445 SR@1m=59.08% SPL@1m=0.2585
[ZSON3 EVAL] 612/2000 scene=QaLdnwvtxbs.basis episode=17 target=sofa success=1 spl=0.6935 reason=robot_stuck steps=264 runtime=112.4s SR=55.56% (340/612) mean_SPL=0.2452 SR@1m=59.15% SPL@1m=0.2592
[ZSON3 EVAL] 613/2000 scene=QaLdnwvtxbs.basis episode=18 target=bed success=0 spl=0.0000 reason=false_positive steps=167 runtime=106.1s SR=55.46% (340/613) mean_SPL=0.2448 SR@1m=59.05% SPL@1m=0.2588
[ZSON3 EVAL] 614/2000 scene=QaLdnwvtxbs.basis episode=19 target=tv_monitor success=1 spl=0.8007 reason=robot_stuck steps=224 runtime=63.2s SR=55.54% (341/614) mean_SPL=0.2457 SR@1m=59.12% SPL@1m=0.2596
[ZSON3 EVAL] 615/2000 scene=QaLdnwvtxbs.basis episode=20 target=bed success=1 spl=0.8125 reason=object_found steps=19 runtime=19.9s SR=55.61% (342/615) mean_SPL=0.2466 SR@1m=59.19% SPL@1m=0.2605
[ZSON3 EVAL] 616/2000 scene=QaLdnwvtxbs.basis episode=21 target=bed success=1 spl=0.5310 reason=object_found steps=153 runtime=95.4s SR=55.68% (343/616) mean_SPL=0.2471 SR@1m=59.25% SPL@1m=0.2610
[ZSON3 EVAL] 617/2000 scene=QaLdnwvtxbs.basis episode=22 target=chair success=1 spl=0.7335 reason=object_found steps=73 runtime=43.6s SR=55.75% (344/617) mean_SPL=0.2479 SR@1m=59.32% SPL@1m=0.2617
[ZSON3 EVAL] 618/2000 scene=QaLdnwvtxbs.basis episode=23 target=tv_monitor success=1 spl=0.3878 reason=robot_stuck steps=292 runtime=142.5s SR=55.83% (345/618) mean_SPL=0.2481 SR@1m=59.39% SPL@1m=0.2620
[ZSON3 EVAL] 619/2000 scene=QaLdnwvtxbs.basis episode=24 target=tv_monitor success=1 spl=0.8410 reason=object_found steps=56 runtime=29.6s SR=55.90% (346/619) mean_SPL=0.2491 SR@1m=59.45% SPL@1m=0.2629
[ZSON3 EVAL] 620/2000 scene=QaLdnwvtxbs.basis episode=25 target=bed success=1 spl=0.3426 reason=object_found steps=184 runtime=116.6s SR=55.97% (347/620) mean_SPL=0.2492 SR@1m=59.52% SPL@1m=0.2630
[ZSON3 EVAL] 621/2000 scene=QaLdnwvtxbs.basis episode=26 target=tv_monitor success=0 spl=0.0000 reason=max_steps_reached steps=500 runtime=473.6s SR=55.88% (347/621) mean_SPL=0.2488 SR@1m=59.42% SPL@1m=0.2626
[ZSON3 EVAL] 622/2000 scene=QaLdnwvtxbs.basis episode=27 target=bed success=1 spl=0.2729 reason=object_found steps=154 runtime=114.3s SR=55.95% (348/622) mean_SPL=0.2488 SR@1m=59.49% SPL@1m=0.2626
[ZSON3 EVAL] 623/2000 scene=QaLdnwvtxbs.basis episode=28 target=tv_monitor success=1 spl=0.2392 reason=robot_stuck steps=406 runtime=260.4s SR=56.02% (349/623) mean_SPL=0.2488 SR@1m=59.55% SPL@1m=0.2626
[ZSON3 EVAL] 624/2000 scene=QaLdnwvtxbs.basis episode=29 target=sofa success=1 spl=0.7474 reason=object_found steps=52 runtime=27.1s SR=56.09% (350/624) mean_SPL=0.2496 SR@1m=59.62% SPL@1m=0.2633
[ZSON3 EVAL] 625/2000 scene=QaLdnwvtxbs.basis episode=30 target=chair success=1 spl=0.7186 reason=object_found steps=34 runtime=29.8s SR=56.16% (351/625) mean_SPL=0.2504 SR@1m=59.68% SPL@1m=0.2641
[ZSON3 EVAL] 626/2000 scene=QaLdnwvtxbs.basis episode=31 target=chair success=1 spl=0.3351 reason=object_found steps=182 runtime=114.1s SR=56.23% (352/626) mean_SPL=0.2505 SR@1m=59.74% SPL@1m=0.2642
[ZSON3 EVAL] 627/2000 scene=QaLdnwvtxbs.basis episode=32 target=sofa success=1 spl=0.4596 reason=object_found steps=136 runtime=107.2s SR=56.30% (353/627) mean_SPL=0.2508 SR@1m=59.81% SPL@1m=0.2645
[ZSON3 EVAL] 628/2000 scene=QaLdnwvtxbs.basis episode=33 target=chair success=1 spl=0.5587 reason=object_found steps=43 runtime=36.1s SR=56.37% (354/628) mean_SPL=0.2513 SR@1m=59.87% SPL@1m=0.2650
[ZSON3 EVAL] 629/2000 scene=QaLdnwvtxbs.basis episode=34 target=sofa success=1 spl=0.5818 reason=object_found steps=71 runtime=41.2s SR=56.44% (355/629) mean_SPL=0.2519 SR@1m=59.94% SPL@1m=0.2655
[ZSON3 EVAL] 630/2000 scene=QaLdnwvtxbs.basis episode=35 target=sofa success=1 spl=0.8609 reason=object_found steps=46 runtime=32.4s SR=56.51% (356/630) mean_SPL=0.2528 SR@1m=60.00% SPL@1m=0.2664
[ZSON3 EVAL] 631/2000 scene=QaLdnwvtxbs.basis episode=36 target=bed success=1 spl=0.5505 reason=object_found steps=87 runtime=62.5s SR=56.58% (357/631) mean_SPL=0.2533 SR@1m=60.06% SPL@1m=0.2669
[ZSON3 EVAL] 632/2000 scene=QaLdnwvtxbs.basis episode=37 target=bed success=1 spl=0.1388 reason=object_found steps=240 runtime=150.0s SR=56.65% (358/632) mean_SPL=0.2531 SR@1m=60.13% SPL@1m=0.2667
[ZSON3 EVAL] 633/2000 scene=QaLdnwvtxbs.basis episode=38 target=tv_monitor success=1 spl=0.8358 reason=object_found steps=20 runtime=12.8s SR=56.71% (359/633) mean_SPL=0.2540 SR@1m=60.19% SPL@1m=0.2676
[ZSON3 EVAL] 634/2000 scene=QaLdnwvtxbs.basis episode=39 target=bed success=0 spl=0.0000 reason=false_positive steps=95 runtime=65.1s SR=56.62% (359/634) mean_SPL=0.2536 SR@1m=60.09% SPL@1m=0.2671
[ZSON3 EVAL] 635/2000 scene=QaLdnwvtxbs.basis episode=40 target=bed success=0 spl=0.0000 reason=false_positive steps=87 runtime=64.2s SR=56.54% (359/635) mean_SPL=0.2532 SR@1m=60.00% SPL@1m=0.2667
[ZSON3 EVAL] 636/2000 scene=QaLdnwvtxbs.basis episode=41 target=sofa success=1 spl=0.3491 reason=object_found steps=244 runtime=176.9s SR=56.60% (360/636) mean_SPL=0.2534 SR@1m=60.06% SPL@1m=0.2669
[ZSON3 EVAL] 637/2000 scene=QaLdnwvtxbs.basis episode=42 target=tv_monitor success=1 spl=0.3019 reason=object_found steps=172 runtime=110.9s SR=56.67% (361/637) mean_SPL=0.2535 SR@1m=60.13% SPL@1m=0.2669
[ZSON3 EVAL] 638/2000 scene=QaLdnwvtxbs.basis episode=43 target=tv_monitor success=1 spl=0.1175 reason=object_found steps=227 runtime=156.2s SR=56.74% (362/638) mean_SPL=0.2533 SR@1m=60.19% SPL@1m=0.2667
[ZSON3 EVAL] 639/2000 scene=QaLdnwvtxbs.basis episode=44 target=tv_monitor success=1 spl=0.7650 reason=object_found steps=39 runtime=16.9s SR=56.81% (363/639) mean_SPL=0.2541 SR@1m=60.25% SPL@1m=0.2675
[ZSON3 EVAL] 640/2000 scene=QaLdnwvtxbs.basis episode=45 target=bed success=1 spl=0.7683 reason=object_found steps=88 runtime=62.3s SR=56.88% (364/640) mean_SPL=0.2549 SR@1m=60.31% SPL@1m=0.2682
[ZSON3 EVAL] 641/2000 scene=QaLdnwvtxbs.basis episode=46 target=tv_monitor success=1 spl=0.5832 reason=object_found steps=27 runtime=21.9s SR=56.94% (365/641) mean_SPL=0.2554 SR@1m=60.37% SPL@1m=0.2687
[ZSON3 EVAL] 642/2000 scene=QaLdnwvtxbs.basis episode=47 target=chair success=1 spl=0.2961 reason=object_found steps=99 runtime=58.3s SR=57.01% (366/642) mean_SPL=0.2554 SR@1m=60.44% SPL@1m=0.2688
[ZSON3 EVAL] 643/2000 scene=QaLdnwvtxbs.basis episode=48 target=tv_monitor success=1 spl=0.8428 reason=robot_stuck steps=252 runtime=93.5s SR=57.08% (367/643) mean_SPL=0.2563 SR@1m=60.50% SPL@1m=0.2697
[ZSON3 EVAL] 644/2000 scene=QaLdnwvtxbs.basis episode=49 target=chair success=1 spl=0.3036 reason=object_found steps=76 runtime=59.8s SR=57.14% (368/644) mean_SPL=0.2564 SR@1m=60.56% SPL@1m=0.2697
[ZSON3 EVAL] 645/2000 scene=QaLdnwvtxbs.basis episode=50 target=chair success=0 spl=0.0000 reason=max_steps_reached steps=494 runtime=363.8s SR=57.05% (368/645) mean_SPL=0.2560 SR@1m=60.47% SPL@1m=0.2693
[ZSON3 EVAL] 646/2000 scene=QaLdnwvtxbs.basis episode=51 target=tv_monitor success=1 spl=0.2006 reason=max_steps_reached steps=500 runtime=328.8s SR=57.12% (369/646) mean_SPL=0.2559 SR@1m=60.53% SPL@1m=0.2692
[ZSON3 EVAL] 647/2000 scene=QaLdnwvtxbs.basis episode=52 target=bed success=0 spl=0.0000 reason=false_positive steps=19 runtime=10.5s SR=57.03% (369/647) mean_SPL=0.2555 SR@1m=60.43% SPL@1m=0.2688
[ZSON3 EVAL] 648/2000 scene=QaLdnwvtxbs.basis episode=53 target=bed success=0 spl=0.0000 reason=false_positive steps=33 runtime=27.5s SR=56.94% (369/648) mean_SPL=0.2551 SR@1m=60.34% SPL@1m=0.2684
[ZSON3 EVAL] 649/2000 scene=QaLdnwvtxbs.basis episode=54 target=chair success=1 spl=0.3114 reason=object_found steps=99 runtime=65.3s SR=57.01% (370/649) mean_SPL=0.2552 SR@1m=60.40% SPL@1m=0.2684
[ZSON3 EVAL] 650/2000 scene=QaLdnwvtxbs.basis episode=55 target=bed success=0 spl=0.0000 reason=false_positive steps=131 runtime=82.9s SR=56.92% (370/650) mean_SPL=0.2548 SR@1m=60.31% SPL@1m=0.2680
[ZSON3 EVAL] 651/2000 scene=QaLdnwvtxbs.basis episode=56 target=sofa success=1 spl=0.8614 reason=object_found steps=44 runtime=38.4s SR=56.99% (371/651) mean_SPL=0.2558 SR@1m=60.37% SPL@1m=0.2689
[ZSON3 EVAL] 652/2000 scene=QaLdnwvtxbs.basis episode=57 target=sofa success=1 spl=0.7430 reason=object_found steps=38 runtime=20.0s SR=57.06% (372/652) mean_SPL=0.2565 SR@1m=60.43% SPL@1m=0.2697
[ZSON3 EVAL] 653/2000 scene=QaLdnwvtxbs.basis episode=58 target=chair success=1 spl=0.8458 reason=object_found steps=32 runtime=29.6s SR=57.12% (373/653) mean_SPL=0.2574 SR@1m=60.49% SPL@1m=0.2705
[ZSON3 EVAL] 654/2000 scene=QaLdnwvtxbs.basis episode=59 target=chair success=1 spl=0.2749 reason=object_found steps=103 runtime=87.7s SR=57.19% (374/654) mean_SPL=0.2574 SR@1m=60.55% SPL@1m=0.2705
[ZSON3 EVAL] 655/2000 scene=QaLdnwvtxbs.basis episode=60 target=sofa success=0 spl=0.0000 reason=robot_stuck steps=241 runtime=136.9s SR=57.10% (374/655) mean_SPL=0.2571 SR@1m=60.46% SPL@1m=0.2701
[ZSON3 EVAL] 656/2000 scene=QaLdnwvtxbs.basis episode=61 target=sofa success=1 spl=0.7049 reason=object_found steps=44 runtime=26.7s SR=57.16% (375/656) mean_SPL=0.2577 SR@1m=60.52% SPL@1m=0.2708
[ZSON3 EVAL] 657/2000 scene=QaLdnwvtxbs.basis episode=62 target=chair success=1 spl=0.2776 reason=object_found steps=100 runtime=79.2s SR=57.23% (376/657) mean_SPL=0.2578 SR@1m=60.58% SPL@1m=0.2708
[ZSON3 EVAL] 658/2000 scene=QaLdnwvtxbs.basis episode=63 target=tv_monitor success=1 spl=0.8329 reason=robot_stuck steps=243 runtime=69.4s SR=57.29% (377/658) mean_SPL=0.2586 SR@1m=60.64% SPL@1m=0.2717
[ZSON3 EVAL] 659/2000 scene=QaLdnwvtxbs.basis episode=64 target=chair success=1 spl=0.7148 reason=object_found steps=56 runtime=34.8s SR=57.36% (378/659) mean_SPL=0.2593 SR@1m=60.70% SPL@1m=0.2723
[ZSON3 EVAL] 660/2000 scene=QaLdnwvtxbs.basis episode=65 target=sofa success=1 spl=0.1978 reason=object_found steps=172 runtime=135.1s SR=57.42% (379/660) mean_SPL=0.2592 SR@1m=60.76% SPL@1m=0.2722
[ZSON3 EVAL] 661/2000 scene=QaLdnwvtxbs.basis episode=66 target=sofa success=0 spl=0.0000 reason=robot_stuck steps=221 runtime=132.1s SR=57.34% (379/661) mean_SPL=0.2588 SR@1m=60.67% SPL@1m=0.2718
[ZSON3 EVAL] 662/2000 scene=QaLdnwvtxbs.basis episode=67 target=sofa success=1 spl=0.3137 reason=object_found steps=90 runtime=45.4s SR=57.40% (380/662) mean_SPL=0.2589 SR@1m=60.73% SPL@1m=0.2719
[ZSON3 EVAL] 663/2000 scene=QaLdnwvtxbs.basis episode=68 target=bed success=1 spl=0.7278 reason=object_found steps=82 runtime=58.8s SR=57.47% (381/663) mean_SPL=0.2596 SR@1m=60.78% SPL@1m=0.2726
[ZSON3 EVAL] 664/2000 scene=QaLdnwvtxbs.basis episode=69 target=chair success=1 spl=0.2727 reason=object_found steps=202 runtime=134.5s SR=57.53% (382/664) mean_SPL=0.2597 SR@1m=60.84% SPL@1m=0.2726
[ZSON3 EVAL] 665/2000 scene=QaLdnwvtxbs.basis episode=70 target=chair success=1 spl=0.1525 reason=object_found steps=251 runtime=167.5s SR=57.59% (383/665) mean_SPL=0.2595 SR@1m=60.90% SPL@1m=0.2724
[ZSON3 EVAL] 666/2000 scene=QaLdnwvtxbs.basis episode=71 target=sofa success=1 spl=0.2342 reason=object_found steps=117 runtime=77.1s SR=57.66% (384/666) mean_SPL=0.2595 SR@1m=60.96% SPL@1m=0.2723
[ZSON3 EVAL] 667/2000 scene=QaLdnwvtxbs.basis episode=72 target=sofa success=1 spl=0.6635 reason=object_found steps=220 runtime=98.6s SR=57.72% (385/667) mean_SPL=0.2601 SR@1m=61.02% SPL@1m=0.2729
[ZSON3 EVAL] 668/2000 scene=QaLdnwvtxbs.basis episode=73 target=bed success=0 spl=0.0000 reason=false_positive steps=134 runtime=81.8s SR=57.63% (385/668) mean_SPL=0.2597 SR@1m=60.93% SPL@1m=0.2725
[ZSON3 EVAL] 669/2000 scene=QaLdnwvtxbs.basis episode=74 target=chair success=1 spl=0.1453 reason=object_found steps=273 runtime=180.4s SR=57.70% (386/669) mean_SPL=0.2595 SR@1m=60.99% SPL@1m=0.2723
[ZSON3 EVAL] 670/2000 scene=QaLdnwvtxbs.basis episode=75 target=bed success=0 spl=0.0000 reason=false_positive steps=154 runtime=91.8s SR=57.61% (386/670) mean_SPL=0.2591 SR@1m=60.90% SPL@1m=0.2719
[ZSON3 EVAL] 671/2000 scene=QaLdnwvtxbs.basis episode=76 target=tv_monitor success=1 spl=0.1940 reason=object_found steps=186 runtime=134.9s SR=57.68% (387/671) mean_SPL=0.2590 SR@1m=60.95% SPL@1m=0.2718
[ZSON3 EVAL] 672/2000 scene=QaLdnwvtxbs.basis episode=77 target=bed success=1 spl=0.7813 reason=object_found steps=31 runtime=18.5s SR=57.74% (388/672) mean_SPL=0.2598 SR@1m=61.01% SPL@1m=0.2725
[ZSON3 EVAL] 673/2000 scene=QaLdnwvtxbs.basis episode=78 target=tv_monitor success=1 spl=0.8883 reason=robot_stuck steps=227 runtime=81.0s SR=57.80% (389/673) mean_SPL=0.2607 SR@1m=61.07% SPL@1m=0.2735
[ZSON3 EVAL] 674/2000 scene=QaLdnwvtxbs.basis episode=79 target=chair success=0 spl=0.0000 reason=max_steps_reached steps=500 runtime=366.8s SR=57.72% (389/674) mean_SPL=0.2603 SR@1m=60.98% SPL@1m=0.2730
[ZSON3 EVAL] 675/2000 scene=QaLdnwvtxbs.basis episode=80 target=chair success=1 spl=0.1847 reason=object_found steps=189 runtime=130.6s SR=57.78% (390/675) mean_SPL=0.2602 SR@1m=61.04% SPL@1m=0.2729
[ZSON3 EVAL] 676/2000 scene=QaLdnwvtxbs.basis episode=81 target=chair success=1 spl=0.6714 reason=object_found steps=61 runtime=53.6s SR=57.84% (391/676) mean_SPL=0.2608 SR@1m=61.09% SPL@1m=0.2735
[ZSON3 EVAL] 677/2000 scene=QaLdnwvtxbs.basis episode=82 target=tv_monitor success=1 spl=0.2161 reason=object_found steps=261 runtime=221.7s SR=57.90% (392/677) mean_SPL=0.2608 SR@1m=61.15% SPL@1m=0.2734
[ZSON3 EVAL] 678/2000 scene=QaLdnwvtxbs.basis episode=83 target=tv_monitor success=1 spl=0.8657 reason=object_found steps=42 runtime=20.1s SR=57.96% (393/678) mean_SPL=0.2617 SR@1m=61.21% SPL@1m=0.2743
[ZSON3 EVAL] 679/2000 scene=QaLdnwvtxbs.basis episode=84 target=sofa success=1 spl=0.7681 reason=object_found steps=57 runtime=41.4s SR=58.03% (394/679) mean_SPL=0.2624 SR@1m=61.27% SPL@1m=0.2750
[ZSON3 EVAL] 680/2000 scene=QaLdnwvtxbs.basis episode=85 target=sofa success=1 spl=0.2258 reason=object_found steps=133 runtime=101.1s SR=58.09% (395/680) mean_SPL=0.2624 SR@1m=61.32% SPL@1m=0.2750
[ZSON3 EVAL] 681/2000 scene=QaLdnwvtxbs.basis episode=86 target=sofa success=1 spl=0.2430 reason=object_found steps=148 runtime=112.0s SR=58.15% (396/681) mean_SPL=0.2623 SR@1m=61.38% SPL@1m=0.2749
[ZSON3 EVAL] 682/2000 scene=QaLdnwvtxbs.basis episode=87 target=chair success=1 spl=0.1943 reason=object_found steps=234 runtime=147.1s SR=58.21% (397/682) mean_SPL=0.2622 SR@1m=61.44% SPL@1m=0.2748
[ZSON3 EVAL] 683/2000 scene=QaLdnwvtxbs.basis episode=88 target=sofa success=1 spl=0.3033 reason=object_found steps=174 runtime=103.8s SR=58.27% (398/683) mean_SPL=0.2623 SR@1m=61.49% SPL@1m=0.2748
[ZSON3 EVAL] 684/2000 scene=QaLdnwvtxbs.basis episode=89 target=sofa success=1 spl=0.8266 reason=object_found steps=66 runtime=40.4s SR=58.33% (399/684) mean_SPL=0.2631 SR@1m=61.55% SPL@1m=0.2756
[ZSON3 EVAL] 685/2000 scene=QaLdnwvtxbs.basis episode=90 target=chair success=1 spl=0.2265 reason=object_found steps=192 runtime=139.8s SR=58.39% (400/685) mean_SPL=0.2631 SR@1m=61.61% SPL@1m=0.2756
[ZSON3 EVAL] 686/2000 scene=QaLdnwvtxbs.basis episode=91 target=tv_monitor success=1 spl=0.1641 reason=robot_stuck steps=379 runtime=234.2s SR=58.45% (401/686) mean_SPL=0.2629 SR@1m=61.66% SPL@1m=0.2754
[ZSON3 EVAL] 687/2000 scene=QaLdnwvtxbs.basis episode=92 target=tv_monitor success=1 spl=0.6307 reason=object_found steps=41 runtime=22.8s SR=58.52% (402/687) mean_SPL=0.2635 SR@1m=61.72% SPL@1m=0.2759
[ZSON3 EVAL] 688/2000 scene=QaLdnwvtxbs.basis episode=93 target=bed success=1 spl=0.0988 reason=object_found steps=193 runtime=146.5s SR=58.58% (403/688) mean_SPL=0.2632 SR@1m=61.77% SPL@1m=0.2757
[ZSON3 EVAL] 689/2000 scene=QaLdnwvtxbs.basis episode=94 target=tv_monitor success=1 spl=0.2997 reason=robot_stuck steps=299 runtime=138.0s SR=58.64% (404/689) mean_SPL=0.2633 SR@1m=61.83% SPL@1m=0.2757
[ZSON3 EVAL] 690/2000 scene=QaLdnwvtxbs.basis episode=95 target=tv_monitor success=1 spl=0.8510 reason=object_found steps=28 runtime=18.0s SR=58.70% (405/690) mean_SPL=0.2641 SR@1m=61.88% SPL@1m=0.2765
[ZSON3 EVAL] 691/2000 scene=QaLdnwvtxbs.basis episode=96 target=bed success=0 spl=0.0000 reason=false_positive steps=72 runtime=64.5s SR=58.61% (405/691) mean_SPL=0.2637 SR@1m=61.79% SPL@1m=0.2761
[ZSON3 EVAL] 692/2000 scene=QaLdnwvtxbs.basis episode=97 target=bed success=0 spl=0.0000 reason=robot_stuck steps=272 runtime=279.8s SR=58.53% (405/692) mean_SPL=0.2634 SR@1m=61.71% SPL@1m=0.2757
[ZSON3 EVAL] 693/2000 scene=QaLdnwvtxbs.basis episode=98 target=bed success=1 spl=0.6422 reason=object_found steps=48 runtime=32.7s SR=58.59% (406/693) mean_SPL=0.2639 SR@1m=61.76% SPL@1m=0.2763
[ZSON3 EVAL] 694/2000 scene=TEEsavR23oF.basis episode=0 target=toilet success=0 spl=0.0000 reason=false_positive steps=150 runtime=94.0s SR=58.50% (406/694) mean_SPL=0.2635 SR@1m=61.67% SPL@1m=0.2759
[ZSON3 EVAL] 695/2000 scene=TEEsavR23oF.basis episode=1 target=sofa success=1 spl=0.3552 reason=object_found steps=274 runtime=216.4s SR=58.56% (407/695) mean_SPL=0.2637 SR@1m=61.73% SPL@1m=0.2760
[ZSON3 EVAL] 696/2000 scene=TEEsavR23oF.basis episode=2 target=sofa success=0 spl=0.0000 reason=max_steps_reached steps=498 runtime=359.5s SR=58.48% (407/696) mean_SPL=0.2633 SR@1m=61.64% SPL@1m=0.2756
[ZSON3 EVAL] 697/2000 scene=TEEsavR23oF.basis episode=3 target=plant success=0 spl=0.0000 reason=false_positive steps=129 runtime=101.5s SR=58.39% (407/697) mean_SPL=0.2629 SR@1m=61.55% SPL@1m=0.2752
[ZSON3 EVAL] 698/2000 scene=TEEsavR23oF.basis episode=4 target=toilet success=0 spl=0.0000 reason=max_steps_reached steps=498 runtime=433.5s SR=58.31% (407/698) mean_SPL=0.2625 SR@1m=61.46% SPL@1m=0.2748
[ZSON3 EVAL] 699/2000 scene=TEEsavR23oF.basis episode=5 target=plant success=0 spl=0.0000 reason=robot_stuck steps=407 runtime=313.0s SR=58.23% (407/699) mean_SPL=0.2621 SR@1m=61.37% SPL@1m=0.2744
[ZSON3 EVAL] 700/2000 scene=TEEsavR23oF.basis episode=6 target=plant success=0 spl=0.0000 reason=max_steps_reached steps=500 runtime=629.4s SR=58.14% (407/700) mean_SPL=0.2618 SR@1m=61.29% SPL@1m=0.2740
[ZSON3 EVAL] 701/2000 scene=TEEsavR23oF.basis episode=7 target=bed success=0 spl=0.0000 reason=max_steps_reached steps=500 runtime=873.1s SR=58.06% (407/701) mean_SPL=0.2614 SR@1m=61.20% SPL@1m=0.2736
[ZSON3 EVAL] 702/2000 scene=TEEsavR23oF.basis episode=8 target=toilet success=0 spl=0.0000 reason=max_steps_reached steps=500 runtime=390.1s SR=57.98% (407/702) mean_SPL=0.2610 SR@1m=61.11% SPL@1m=0.2732
[ZSON3 EVAL] 703/2000 scene=TEEsavR23oF.basis episode=9 target=bed success=1 spl=0.1890 reason=object_found steps=461 runtime=403.1s SR=58.04% (408/703) mean_SPL=0.2609 SR@1m=61.17% SPL@1m=0.2731
[ZSON3 EVAL] 704/2000 scene=TEEsavR23oF.basis episode=10 target=sofa success=1 spl=0.2435 reason=object_found steps=224 runtime=150.3s SR=58.10% (409/704) mean_SPL=0.2609 SR@1m=61.22% SPL@1m=0.2731
[ZSON3 EVAL] 705/2000 scene=TEEsavR23oF.basis episode=11 target=toilet success=0 spl=0.0000 reason=max_steps_reached steps=498 runtime=432.7s SR=58.01% (409/705) mean_SPL=0.2605 SR@1m=61.13% SPL@1m=0.2727
[ZSON3 EVAL] 706/2000 scene=TEEsavR23oF.basis episode=12 target=bed success=0 spl=0.0000 reason=max_steps_reached steps=496 runtime=496.8s SR=57.93% (409/706) mean_SPL=0.2602 SR@1m=61.05% SPL@1m=0.2723
[ZSON3 EVAL] 707/2000 scene=TEEsavR23oF.basis episode=13 target=plant success=0 spl=0.0000 reason=false_positive steps=43 runtime=30.2s SR=57.85% (409/707) mean_SPL=0.2598 SR@1m=60.96% SPL@1m=0.2719
[ZSON3 EVAL] 708/2000 scene=TEEsavR23oF.basis episode=14 target=toilet success=0 spl=0.0000 reason=max_steps_reached steps=499 runtime=472.9s SR=57.77% (409/708) mean_SPL=0.2594 SR@1m=60.88% SPL@1m=0.2715
[ZSON3 EVAL] 709/2000 scene=TEEsavR23oF.basis episode=15 target=toilet success=0 spl=0.0000 reason=max_steps_reached steps=494 runtime=411.8s SR=57.69% (409/709) mean_SPL=0.2591 SR@1m=60.79% SPL@1m=0.2711
[ZSON3 EVAL] 710/2000 scene=TEEsavR23oF.basis episode=16 target=bed success=0 spl=0.0000 reason=robot_stuck steps=328 runtime=273.8s SR=57.61% (409/710) mean_SPL=0.2587 SR@1m=60.70% SPL@1m=0.2708
[ZSON3 EVAL] 711/2000 scene=TEEsavR23oF.basis episode=17 target=plant success=0 spl=0.0000 reason=max_steps_reached steps=491 runtime=1160.1s SR=57.52% (409/711) mean_SPL=0.2583 SR@1m=60.62% SPL@1m=0.2704
[ZSON3 EVAL] 712/2000 scene=TEEsavR23oF.basis episode=18 target=sofa success=0 spl=0.0000 reason=max_steps_reached steps=500 runtime=339.0s SR=57.44% (409/712) mean_SPL=0.2580 SR@1m=60.53% SPL@1m=0.2700
[ZSON3 EVAL] 713/2000 scene=TEEsavR23oF.basis episode=19 target=sofa success=1 spl=0.3500 reason=object_found steps=96 runtime=70.1s SR=57.50% (410/713) mean_SPL=0.2581 SR@1m=60.59% SPL@1m=0.2701
[ZSON3 EVAL] 714/2000 scene=TEEsavR23oF.basis episode=20 target=toilet success=0 spl=0.0000 reason=false_positive steps=186 runtime=110.8s SR=57.42% (410/714) mean_SPL=0.2577 SR@1m=60.50% SPL@1m=0.2697
[ZSON3 EVAL] 715/2000 scene=TEEsavR23oF.basis episode=21 target=plant success=0 spl=0.0000 reason=max_steps_reached steps=499 runtime=797.4s SR=57.34% (410/715) mean_SPL=0.2574 SR@1m=60.42% SPL@1m=0.2693
[ZSON3 EVAL] 716/2000 scene=TEEsavR23oF.basis episode=22 target=chair success=1 spl=0.5923 reason=object_found steps=61 runtime=64.9s SR=57.40% (411/716) mean_SPL=0.2578 SR@1m=60.47% SPL@1m=0.2698
[ZSON3 EVAL] 717/2000 scene=TEEsavR23oF.basis episode=23 target=chair success=0 spl=0.0000 reason=robot_stuck steps=238 runtime=155.2s SR=57.32% (411/717) mean_SPL=0.2575 SR@1m=60.39% SPL@1m=0.2694
[ZSON3 EVAL] 718/2000 scene=TEEsavR23oF.basis episode=24 target=bed success=0 spl=0.0000 reason=max_steps_reached steps=500 runtime=387.9s SR=57.24% (411/718) mean_SPL=0.2571 SR@1m=60.31% SPL@1m=0.2690
[ZSON3 EVAL] 719/2000 scene=TEEsavR23oF.basis episode=25 target=bed success=1 spl=0.7458 reason=object_found steps=85 runtime=77.0s SR=57.30% (412/719) mean_SPL=0.2578 SR@1m=60.36% SPL@1m=0.2697
[ZSON3 EVAL] 720/2000 scene=TEEsavR23oF.basis episode=26 target=plant success=0 spl=0.0000 reason=robot_stuck steps=277 runtime=155.8s SR=57.22% (412/720) mean_SPL=0.2574 SR@1m=60.28% SPL@1m=0.2693
[ZSON3 EVAL] 721/2000 scene=TEEsavR23oF.basis episode=27 target=chair success=1 spl=0.8097 reason=object_found steps=61 runtime=59.8s SR=57.28% (413/721) mean_SPL=0.2582 SR@1m=60.33% SPL@1m=0.2701
[ZSON3 EVAL] 722/2000 scene=TEEsavR23oF.basis episode=28 target=bed success=1 spl=0.6262 reason=object_found steps=116 runtime=116.0s SR=57.34% (414/722) mean_SPL=0.2587 SR@1m=60.39% SPL@1m=0.2706
[ZSON3 EVAL] 723/2000 scene=TEEsavR23oF.basis episode=29 target=chair success=1 spl=0.6103 reason=object_found steps=68 runtime=45.5s SR=57.40% (415/723) mean_SPL=0.2592 SR@1m=60.44% SPL@1m=0.2710
[ZSON3 EVAL] 724/2000 scene=TEEsavR23oF.basis episode=30 target=sofa success=1 spl=0.5132 reason=object_found steps=208 runtime=146.2s SR=57.46% (416/724) mean_SPL=0.2596 SR@1m=60.50% SPL@1m=0.2714
[ZSON3 EVAL] 725/2000 scene=TEEsavR23oF.basis episode=31 target=sofa success=1 spl=0.5085 reason=object_found steps=140 runtime=99.8s SR=57.52% (417/725) mean_SPL=0.2599 SR@1m=60.55% SPL@1m=0.2717
[ZSON3 EVAL] 726/2000 scene=TEEsavR23oF.basis episode=32 target=chair success=1 spl=0.6821 reason=object_found steps=148 runtime=101.7s SR=57.58% (418/726) mean_SPL=0.2605 SR@1m=60.61% SPL@1m=0.2723
[ZSON3 EVAL] 727/2000 scene=TEEsavR23oF.basis episode=33 target=bed success=0 spl=0.0000 reason=max_steps_reached steps=495 runtime=732.4s SR=57.50% (418/727) mean_SPL=0.2601 SR@1m=60.52% SPL@1m=0.2719
[ZSON3 EVAL] 728/2000 scene=TEEsavR23oF.basis episode=34 target=sofa success=0 spl=0.0000 reason=false_positive steps=213 runtime=223.4s SR=57.42% (418/728) mean_SPL=0.2598 SR@1m=60.44% SPL@1m=0.2715
[ZSON3 EVAL] 729/2000 scene=TEEsavR23oF.basis episode=35 target=plant success=0 spl=0.0000 reason=max_steps_reached steps=500 runtime=319.9s SR=57.34% (418/729) mean_SPL=0.2594 SR@1m=60.36% SPL@1m=0.2712
[ZSON3 EVAL] 730/2000 scene=TEEsavR23oF.basis episode=36 target=plant success=0 spl=0.0000 reason=false_positive steps=83 runtime=74.2s SR=57.26% (418/730) mean_SPL=0.2591 SR@1m=60.27% SPL@1m=0.2708
[ZSON3 EVAL] 731/2000 scene=TEEsavR23oF.basis episode=37 target=chair success=1 spl=0.7588 reason=object_found steps=51 runtime=31.1s SR=57.32% (419/731) mean_SPL=0.2597 SR@1m=60.33% SPL@1m=0.2715
[ZSON3 EVAL] 732/2000 scene=TEEsavR23oF.basis episode=38 target=plant success=0 spl=0.0000 reason=robot_stuck steps=397 runtime=233.2s SR=57.24% (419/732) mean_SPL=0.2594 SR@1m=60.25% SPL@1m=0.2711
[ZSON3 EVAL] 733/2000 scene=TEEsavR23oF.basis episode=39 target=toilet success=0 spl=0.0000 reason=false_positive steps=432 runtime=330.5s SR=57.16% (419/733) mean_SPL=0.2590 SR@1m=60.16% SPL@1m=0.2707
[ZSON3 EVAL] 734/2000 scene=TEEsavR23oF.basis episode=40 target=toilet success=0 spl=0.0000 reason=max_steps_reached steps=499 runtime=387.3s SR=57.08% (419/734) mean_SPL=0.2587 SR@1m=60.08% SPL@1m=0.2703
[ZSON3 EVAL] 735/2000 scene=TEEsavR23oF.basis episode=41 target=sofa success=0 spl=0.0000 reason=false_positive steps=30 runtime=17.5s SR=57.01% (419/735) mean_SPL=0.2583 SR@1m=60.00% SPL@1m=0.2700
[ZSON3 EVAL] 736/2000 scene=TEEsavR23oF.basis episode=42 target=bed success=0 spl=0.0000 reason=max_steps_reached steps=499 runtime=451.8s SR=56.93% (419/736) mean_SPL=0.2580 SR@1m=59.92% SPL@1m=0.2696
[ZSON3 EVAL] 737/2000 scene=TEEsavR23oF.basis episode=43 target=toilet success=0 spl=0.0000 reason=max_steps_reached steps=500 runtime=361.0s SR=56.85% (419/737) mean_SPL=0.2576 SR@1m=59.84% SPL@1m=0.2692
[ZSON3 EVAL] 738/2000 scene=TEEsavR23oF.basis episode=44 target=toilet success=0 spl=0.0000 reason=false_positive steps=219 runtime=165.5s SR=56.78% (419/738) mean_SPL=0.2573 SR@1m=59.76% SPL@1m=0.2689
[ZSON3 EVAL] 739/2000 scene=TEEsavR23oF.basis episode=45 target=toilet success=0 spl=0.0000 reason=false_positive steps=135 runtime=109.5s SR=56.70% (419/739) mean_SPL=0.2569 SR@1m=59.68% SPL@1m=0.2685
[ZSON3 EVAL] 740/2000 scene=TEEsavR23oF.basis episode=46 target=bed success=1 spl=0.8150 reason=object_found steps=75 runtime=52.2s SR=56.76% (420/740) mean_SPL=0.2577 SR@1m=59.73% SPL@1m=0.2693
[ZSON3 EVAL] 741/2000 scene=TEEsavR23oF.basis episode=47 target=sofa success=1 spl=0.5408 reason=object_found steps=210 runtime=157.1s SR=56.82% (421/741) mean_SPL=0.2581 SR@1m=59.78% SPL@1m=0.2696
[ZSON3 EVAL] 742/2000 scene=TEEsavR23oF.basis episode=48 target=bed success=0 spl=0.0000 reason=max_steps_reached steps=497 runtime=935.1s SR=56.74% (421/742) mean_SPL=0.2577 SR@1m=59.70% SPL@1m=0.2693
[ZSON3 EVAL] 743/2000 scene=TEEsavR23oF.basis episode=49 target=plant success=0 spl=0.0000 reason=false_positive steps=278 runtime=186.6s SR=56.66% (421/743) mean_SPL=0.2574 SR@1m=59.62% SPL@1m=0.2689
[ZSON3 EVAL] 744/2000 scene=TEEsavR23oF.basis episode=50 target=bed success=1 spl=0.1464 reason=object_found steps=391 runtime=280.0s SR=56.72% (422/744) mean_SPL=0.2572 SR@1m=59.68% SPL@1m=0.2687
[ZSON3 EVAL] 745/2000 scene=TEEsavR23oF.basis episode=51 target=sofa success=0 spl=0.0000 reason=false_positive steps=252 runtime=180.1s SR=56.64% (422/745) mean_SPL=0.2569 SR@1m=59.60% SPL@1m=0.2684
[ZSON3 EVAL] 746/2000 scene=TEEsavR23oF.basis episode=52 target=sofa success=1 spl=0.4671 reason=object_found steps=431 runtime=392.9s SR=56.70% (423/746) mean_SPL=0.2572 SR@1m=59.65% SPL@1m=0.2686
[ZSON3 EVAL] 747/2000 scene=TEEsavR23oF.basis episode=53 target=toilet success=0 spl=0.0000 reason=max_steps_reached steps=500 runtime=661.7s SR=56.63% (423/747) mean_SPL=0.2568 SR@1m=59.57% SPL@1m=0.2683
[ZSON3 EVAL] 748/2000 scene=TEEsavR23oF.basis episode=54 target=sofa success=0 spl=0.0000 reason=object_found_at_1m_only steps=378 runtime=287.8s SR=56.55% (423/748) mean_SPL=0.2565 SR@1m=59.63% SPL@1m=0.2682
[ZSON3 EVAL] 749/2000 scene=TEEsavR23oF.basis episode=55 target=toilet success=0 spl=0.0000 reason=false_positive steps=283 runtime=199.5s SR=56.48% (423/749) mean_SPL=0.2561 SR@1m=59.55% SPL@1m=0.2679
[ZSON3 EVAL] 750/2000 scene=TEEsavR23oF.basis episode=56 target=chair success=1 spl=0.8091 reason=object_found steps=70 runtime=44.7s SR=56.53% (424/750) mean_SPL=0.2569 SR@1m=59.60% SPL@1m=0.2686
[ZSON3 EVAL] 751/2000 scene=TEEsavR23oF.basis episode=57 target=chair success=1 spl=0.2711 reason=object_found steps=266 runtime=167.6s SR=56.59% (425/751) mean_SPL=0.2569 SR@1m=59.65% SPL@1m=0.2686
[ZSON3 EVAL] 752/2000 scene=TEEsavR23oF.basis episode=58 target=chair success=1 spl=0.8137 reason=object_found steps=46 runtime=30.1s SR=56.65% (426/752) mean_SPL=0.2576 SR@1m=59.71% SPL@1m=0.2693
[ZSON3 EVAL] 753/2000 scene=TEEsavR23oF.basis episode=59 target=bed success=1 spl=0.0696 reason=object_found steps=479 runtime=451.6s SR=56.71% (427/753) mean_SPL=0.2574 SR@1m=59.76% SPL@1m=0.2691
[ZSON3 EVAL] 754/2000 scene=TEEsavR23oF.basis episode=60 target=chair success=1 spl=0.7972 reason=object_found steps=87 runtime=61.5s SR=56.76% (428/754) mean_SPL=0.2581 SR@1m=59.81% SPL@1m=0.2698
[ZSON3 EVAL] 755/2000 scene=TEEsavR23oF.basis episode=61 target=plant success=0 spl=0.0000 reason=robot_stuck steps=396 runtime=280.3s SR=56.69% (428/755) mean_SPL=0.2577 SR@1m=59.74% SPL@1m=0.2694
[ZSON3 EVAL] 756/2000 scene=TEEsavR23oF.basis episode=62 target=plant success=0 spl=0.0000 reason=robot_stuck steps=329 runtime=193.4s SR=56.61% (428/756) mean_SPL=0.2574 SR@1m=59.66% SPL@1m=0.2690
[ZSON3 EVAL] 757/2000 scene=TEEsavR23oF.basis episode=63 target=bed success=0 spl=0.0000 reason=max_steps_reached steps=483 runtime=829.4s SR=56.54% (428/757) mean_SPL=0.2571 SR@1m=59.58% SPL@1m=0.2687
[ZSON3 EVAL] 758/2000 scene=TEEsavR23oF.basis episode=64 target=plant success=0 spl=0.0000 reason=false_positive steps=231 runtime=193.2s SR=56.46% (428/758) mean_SPL=0.2567 SR@1m=59.50% SPL@1m=0.2683
[ZSON3 EVAL] 759/2000 scene=TEEsavR23oF.basis episode=65 target=chair success=1 spl=0.5045 reason=object_found steps=145 runtime=163.3s SR=56.52% (429/759) mean_SPL=0.2571 SR@1m=59.55% SPL@1m=0.2686
[ZSON3 EVAL] 760/2000 scene=TEEsavR23oF.basis episode=66 target=sofa success=1 spl=0.4045 reason=object_found steps=268 runtime=226.5s SR=56.58% (430/760) mean_SPL=0.2572 SR@1m=59.61% SPL@1m=0.2688
[ZSON3 EVAL] 761/2000 scene=TEEsavR23oF.basis episode=67 target=bed success=1 spl=0.8195 reason=object_found steps=55 runtime=30.5s SR=56.64% (431/761) mean_SPL=0.2580 SR@1m=59.66% SPL@1m=0.2695
[ZSON3 EVAL] 762/2000 scene=TEEsavR23oF.basis episode=68 target=chair success=1 spl=0.8976 reason=object_found steps=33 runtime=41.5s SR=56.69% (432/762) mean_SPL=0.2588 SR@1m=59.71% SPL@1m=0.2704
[ZSON3 EVAL] 763/2000 scene=TEEsavR23oF.basis episode=69 target=sofa success=1 spl=0.1912 reason=object_found steps=252 runtime=175.4s SR=56.75% (433/763) mean_SPL=0.2587 SR@1m=59.76% SPL@1m=0.2703
[ZSON3 EVAL] 764/2000 scene=TEEsavR23oF.basis episode=70 target=chair success=1 spl=0.8188 reason=object_found steps=27 runtime=27.8s SR=56.81% (434/764) mean_SPL=0.2595 SR@1m=59.82% SPL@1m=0.2710
[ZSON3 EVAL] 765/2000 scene=TEEsavR23oF.basis episode=71 target=sofa success=1 spl=0.7054 reason=object_found steps=83 runtime=59.6s SR=56.86% (435/765) mean_SPL=0.2601 SR@1m=59.87% SPL@1m=0.2716
[ZSON3 EVAL] 766/2000 scene=TEEsavR23oF.basis episode=72 target=plant success=0 spl=0.0000 reason=robot_stuck steps=258 runtime=170.1s SR=56.79% (435/766) mean_SPL=0.2597 SR@1m=59.79% SPL@1m=0.2712
[ZSON3 EVAL] 767/2000 scene=TEEsavR23oF.basis episode=73 target=plant success=0 spl=0.0000 reason=false_positive steps=85 runtime=86.9s SR=56.71% (435/767) mean_SPL=0.2594 SR@1m=59.71% SPL@1m=0.2708
[ZSON3 EVAL] 768/2000 scene=TEEsavR23oF.basis episode=74 target=plant success=0 spl=0.0000 reason=robot_stuck steps=406 runtime=309.5s SR=56.64% (435/768) mean_SPL=0.2590 SR@1m=59.64% SPL@1m=0.2705
[ZSON3 EVAL] 769/2000 scene=TEEsavR23oF.basis episode=75 target=sofa success=1 spl=0.3866 reason=object_found steps=75 runtime=60.5s SR=56.70% (436/769) mean_SPL=0.2592 SR@1m=59.69% SPL@1m=0.2706
[ZSON3 EVAL] 770/2000 scene=TEEsavR23oF.basis episode=76 target=chair success=1 spl=0.2385 reason=object_found steps=259 runtime=194.4s SR=56.75% (437/770) mean_SPL=0.2592 SR@1m=59.74% SPL@1m=0.2706
[ZSON3 EVAL] 771/2000 scene=TEEsavR23oF.basis episode=77 target=toilet success=0 spl=0.0000 reason=max_steps_reached steps=492 runtime=698.4s SR=56.68% (437/771) mean_SPL=0.2588 SR@1m=59.66% SPL@1m=0.2702
[ZSON3 EVAL] 772/2000 scene=TEEsavR23oF.basis episode=78 target=bed success=0 spl=0.0000 reason=max_steps_reached steps=500 runtime=630.3s SR=56.61% (437/772) mean_SPL=0.2585 SR@1m=59.59% SPL@1m=0.2699
[ZSON3 EVAL] 773/2000 scene=TEEsavR23oF.basis episode=79 target=bed success=0 spl=0.0000 reason=robot_stuck steps=375 runtime=490.3s SR=56.53% (437/773) mean_SPL=0.2582 SR@1m=59.51% SPL@1m=0.2695
[ZSON3 EVAL] 774/2000 scene=TEEsavR23oF.basis episode=80 target=sofa success=1 spl=0.1415 reason=object_found steps=329 runtime=314.6s SR=56.59% (438/774) mean_SPL=0.2580 SR@1m=59.56% SPL@1m=0.2694
[ZSON3 EVAL] 775/2000 scene=TEEsavR23oF.basis episode=81 target=chair success=1 spl=0.6644 reason=object_found steps=77 runtime=48.8s SR=56.65% (439/775) mean_SPL=0.2585 SR@1m=59.61% SPL@1m=0.2699
[ZSON3 EVAL] 776/2000 scene=TEEsavR23oF.basis episode=82 target=chair success=1 spl=0.4012 reason=object_found steps=119 runtime=111.8s SR=56.70% (440/776) mean_SPL=0.2587 SR@1m=59.66% SPL@1m=0.2701
[ZSON3 EVAL] 777/2000 scene=TEEsavR23oF.basis episode=83 target=sofa success=1 spl=0.3592 reason=object_found steps=163 runtime=109.5s SR=56.76% (441/777) mean_SPL=0.2589 SR@1m=59.72% SPL@1m=0.2702
[ZSON3 EVAL] 778/2000 scene=TEEsavR23oF.basis episode=84 target=plant success=0 spl=0.0000 reason=robot_stuck steps=266 runtime=190.8s SR=56.68% (441/778) mean_SPL=0.2585 SR@1m=59.64% SPL@1m=0.2698
[ZSON3 EVAL] 779/2000 scene=TEEsavR23oF.basis episode=85 target=toilet success=0 spl=0.0000 reason=robot_stuck steps=470 runtime=581.4s SR=56.61% (441/779) mean_SPL=0.2582 SR@1m=59.56% SPL@1m=0.2695
[ZSON3 EVAL] 780/2000 scene=TEEsavR23oF.basis episode=86 target=plant success=0 spl=0.0000 reason=robot_stuck steps=434 runtime=287.7s SR=56.54% (441/780) mean_SPL=0.2579 SR@1m=59.49% SPL@1m=0.2691
[ZSON3 EVAL] 781/2000 scene=TEEsavR23oF.basis episode=87 target=toilet success=0 spl=0.0000 reason=false_positive steps=458 runtime=652.5s SR=56.47% (441/781) mean_SPL=0.2575 SR@1m=59.41% SPL@1m=0.2688
[ZSON3 EVAL] 782/2000 scene=TEEsavR23oF.basis episode=88 target=chair success=1 spl=0.4740 reason=object_found steps=162 runtime=106.3s SR=56.52% (442/782) mean_SPL=0.2578 SR@1m=59.46% SPL@1m=0.2691
[ZSON3 EVAL] 783/2000 scene=TEEsavR23oF.basis episode=89 target=plant success=0 spl=0.0000 reason=max_steps_reached steps=500 runtime=570.9s SR=56.45% (442/783) mean_SPL=0.2575 SR@1m=59.39% SPL@1m=0.2687
[ZSON3 EVAL] 784/2000 scene=TEEsavR23oF.basis episode=90 target=chair success=1 spl=0.5735 reason=object_found steps=74 runtime=56.5s SR=56.51% (443/784) mean_SPL=0.2579 SR@1m=59.44% SPL@1m=0.2691
[ZSON3 EVAL] 785/2000 scene=TEEsavR23oF.basis episode=91 target=chair success=1 spl=0.7584 reason=object_found steps=48 runtime=31.2s SR=56.56% (444/785) mean_SPL=0.2585 SR@1m=59.49% SPL@1m=0.2697
[ZSON3 EVAL] 786/2000 scene=TEEsavR23oF.basis episode=92 target=sofa success=1 spl=0.7852 reason=object_found steps=24 runtime=18.9s SR=56.62% (445/786) mean_SPL=0.2592 SR@1m=59.54% SPL@1m=0.2704
[ZSON3 EVAL] 787/2000 scene=TEEsavR23oF.basis episode=93 target=bed success=1 spl=0.3198 reason=object_found steps=371 runtime=371.2s SR=56.67% (446/787) mean_SPL=0.2593 SR@1m=59.59% SPL@1m=0.2704
[ZSON3 EVAL] 788/2000 scene=TEEsavR23oF.basis episode=94 target=bed success=0 spl=0.0000 reason=max_steps_reached steps=492 runtime=352.3s SR=56.60% (446/788) mean_SPL=0.2589 SR@1m=59.52% SPL@1m=0.2701
[ZSON3 EVAL] 789/2000 scene=TEEsavR23oF.basis episode=95 target=bed success=0 spl=0.0000 reason=max_steps_reached steps=500 runtime=407.0s SR=56.53% (446/789) mean_SPL=0.2586 SR@1m=59.44% SPL@1m=0.2698
[ZSON3 EVAL] 790/2000 scene=TEEsavR23oF.basis episode=96 target=toilet success=0 spl=0.0000 reason=max_steps_reached steps=500 runtime=449.6s SR=56.46% (446/790) mean_SPL=0.2583 SR@1m=59.37% SPL@1m=0.2694
[ZSON3 EVAL] 791/2000 scene=TEEsavR23oF.basis episode=97 target=plant success=0 spl=0.0000 reason=false_positive steps=25 runtime=23.1s SR=56.38% (446/791) mean_SPL=0.2580 SR@1m=59.29% SPL@1m=0.2691
[ZSON3 EVAL] 792/2000 scene=TEEsavR23oF.basis episode=98 target=chair success=1 spl=0.4022 reason=object_found steps=119 runtime=71.0s SR=56.44% (447/792) mean_SPL=0.2581 SR@1m=59.34% SPL@1m=0.2692
[ZSON3 EVAL] 793/2000 scene=XB4GS9ShBRE.basis episode=0 target=bed success=0 spl=0.0000 reason=no_frontiers steps=314 runtime=261.3s SR=56.37% (447/793) mean_SPL=0.2578 SR@1m=59.27% SPL@1m=0.2689
[ZSON3 EVAL] 794/2000 scene=XB4GS9ShBRE.basis episode=1 target=toilet success=1 spl=0.7345 reason=object_found steps=61 runtime=56.4s SR=56.42% (448/794) mean_SPL=0.2584 SR@1m=59.32% SPL@1m=0.2695
[ZSON3 EVAL] 795/2000 scene=XB4GS9ShBRE.basis episode=2 target=sofa success=0 spl=0.0000 reason=object_found_at_1m_only steps=23 runtime=15.8s SR=56.35% (448/795) mean_SPL=0.2581 SR@1m=59.37% SPL@1m=0.2704
[ZSON3 EVAL] 796/2000 scene=XB4GS9ShBRE.basis episode=3 target=toilet success=0 spl=0.0000 reason=max_steps_reached steps=493 runtime=475.2s SR=56.28% (448/796) mean_SPL=0.2578 SR@1m=59.30% SPL@1m=0.2701
[ZSON3 EVAL] 797/2000 scene=XB4GS9ShBRE.basis episode=4 target=toilet success=0 spl=0.0000 reason=max_steps_reached steps=494 runtime=338.0s SR=56.21% (448/797) mean_SPL=0.2574 SR@1m=59.22% SPL@1m=0.2697
[ZSON3 EVAL] 798/2000 scene=XB4GS9ShBRE.basis episode=5 target=sofa success=1 spl=0.7330 reason=object_found steps=27 runtime=21.6s SR=56.27% (449/798) mean_SPL=0.2580 SR@1m=59.27% SPL@1m=0.2703
[ZSON3 EVAL] 799/2000 scene=XB4GS9ShBRE.basis episode=6 target=toilet success=1 spl=0.2634 reason=object_found steps=232 runtime=167.6s SR=56.32% (450/799) mean_SPL=0.2580 SR@1m=59.32% SPL@1m=0.2703
[ZSON3 EVAL] 800/2000 scene=XB4GS9ShBRE.basis episode=7 target=bed success=0 spl=0.0000 reason=no_frontiers steps=482 runtime=343.8s SR=56.25% (450/800) mean_SPL=0.2577 SR@1m=59.25% SPL@1m=0.2700
[ZSON3 EVAL] 801/2000 scene=XB4GS9ShBRE.basis episode=8 target=toilet success=1 spl=0.4907 reason=object_found steps=103 runtime=88.5s SR=56.30% (451/801) mean_SPL=0.2580 SR@1m=59.30% SPL@1m=0.2702
[ZSON3 EVAL] 802/2000 scene=XB4GS9ShBRE.basis episode=9 target=bed success=0 spl=0.0000 reason=max_steps_reached steps=500 runtime=355.0s SR=56.23% (451/802) mean_SPL=0.2577 SR@1m=59.23% SPL@1m=0.2699
[ZSON3 EVAL] 803/2000 scene=XB4GS9ShBRE.basis episode=10 target=bed success=0 spl=0.0000 reason=max_steps_reached steps=495 runtime=369.8s SR=56.16% (451/803) mean_SPL=0.2574 SR@1m=59.15% SPL@1m=0.2696
[ZSON3 EVAL] 804/2000 scene=XB4GS9ShBRE.basis episode=11 target=chair success=0 spl=0.0000 reason=max_steps_reached steps=497 runtime=350.8s SR=56.09% (451/804) mean_SPL=0.2570 SR@1m=59.08% SPL@1m=0.2692
[ZSON3 EVAL] 805/2000 scene=XB4GS9ShBRE.basis episode=12 target=chair success=0 spl=0.0000 reason=max_steps_reached steps=485 runtime=431.9s SR=56.02% (451/805) mean_SPL=0.2567 SR@1m=59.01% SPL@1m=0.2689
[ZSON3 EVAL] 806/2000 scene=XB4GS9ShBRE.basis episode=13 target=sofa success=0 spl=0.0000 reason=max_steps_reached steps=478 runtime=354.9s SR=55.96% (451/806) mean_SPL=0.2564 SR@1m=58.93% SPL@1m=0.2686
[ZSON3 EVAL] 807/2000 scene=XB4GS9ShBRE.basis episode=14 target=chair success=1 spl=0.1646 reason=object_found steps=377 runtime=303.4s SR=56.01% (452/807) mean_SPL=0.2563 SR@1m=58.98% SPL@1m=0.2684
[ZSON3 EVAL] 808/2000 scene=XB4GS9ShBRE.basis episode=15 target=chair success=0 spl=0.0000 reason=max_steps_reached steps=494 runtime=384.6s SR=55.94% (452/808) mean_SPL=0.2560 SR@1m=58.91% SPL@1m=0.2681
[ZSON3 EVAL] 809/2000 scene=XB4GS9ShBRE.basis episode=16 target=chair success=1 spl=0.2140 reason=object_found steps=307 runtime=228.1s SR=56.00% (453/809) mean_SPL=0.2559 SR@1m=58.96% SPL@1m=0.2680
[ZSON3 EVAL] 810/2000 scene=XB4GS9ShBRE.basis episode=17 target=bed success=0 spl=0.0000 reason=max_steps_reached steps=483 runtime=381.6s SR=55.93% (453/810) mean_SPL=0.2556 SR@1m=58.89% SPL@1m=0.2677
[ZSON3 EVAL] 811/2000 scene=XB4GS9ShBRE.basis episode=18 target=bed success=0 spl=0.0000 reason=no_frontiers steps=433 runtime=340.1s SR=55.86% (453/811) mean_SPL=0.2553 SR@1m=58.82% SPL@1m=0.2674
[ZSON3 EVAL] 812/2000 scene=XB4GS9ShBRE.basis episode=19 target=chair success=1 spl=0.3145 reason=object_found steps=156 runtime=105.1s SR=55.91% (454/812) mean_SPL=0.2554 SR@1m=58.87% SPL@1m=0.2674
[ZSON3 EVAL] 813/2000 scene=XB4GS9ShBRE.basis episode=20 target=chair success=1 spl=0.2477 reason=object_found steps=287 runtime=204.2s SR=55.97% (455/813) mean_SPL=0.2554 SR@1m=58.92% SPL@1m=0.2674
[ZSON3 EVAL] 814/2000 scene=XB4GS9ShBRE.basis episode=21 target=bed success=0 spl=0.0000 reason=max_steps_reached steps=500 runtime=335.1s SR=55.90% (455/814) mean_SPL=0.2550 SR@1m=58.85% SPL@1m=0.2671
[ZSON3 EVAL] 815/2000 scene=XB4GS9ShBRE.basis episode=22 target=sofa success=1 spl=0.8621 reason=object_found steps=98 runtime=63.5s SR=55.95% (456/815) mean_SPL=0.2558 SR@1m=58.90% SPL@1m=0.2678
[ZSON3 EVAL] 816/2000 scene=XB4GS9ShBRE.basis episode=23 target=chair success=1 spl=0.3021 reason=object_found steps=209 runtime=158.9s SR=56.00% (457/816) mean_SPL=0.2558 SR@1m=58.95% SPL@1m=0.2679
[ZSON3 EVAL] 817/2000 scene=XB4GS9ShBRE.basis episode=24 target=bed success=0 spl=0.0000 reason=max_steps_reached steps=489 runtime=288.5s SR=55.94% (457/817) mean_SPL=0.2555 SR@1m=58.87% SPL@1m=0.2675
[ZSON3 EVAL] 818/2000 scene=XB4GS9ShBRE.basis episode=25 target=chair success=0 spl=0.0000 reason=false_positive steps=492 runtime=339.5s SR=55.87% (457/818) mean_SPL=0.2552 SR@1m=58.80% SPL@1m=0.2672
[ZSON3 EVAL] 819/2000 scene=XB4GS9ShBRE.basis episode=26 target=bed success=0 spl=0.0000 reason=max_steps_reached steps=494 runtime=381.7s SR=55.80% (457/819) mean_SPL=0.2549 SR@1m=58.73% SPL@1m=0.2669
[ZSON3 EVAL] 820/2000 scene=XB4GS9ShBRE.basis episode=27 target=sofa success=0 spl=0.0000 reason=max_steps_reached steps=493 runtime=394.6s SR=55.73% (457/820) mean_SPL=0.2546 SR@1m=58.66% SPL@1m=0.2665
[ZSON3 EVAL] 821/2000 scene=XB4GS9ShBRE.basis episode=28 target=sofa success=0 spl=0.0000 reason=false_positive steps=152 runtime=108.6s SR=55.66% (457/821) mean_SPL=0.2543 SR@1m=58.59% SPL@1m=0.2662
[ZSON3 EVAL] 822/2000 scene=XB4GS9ShBRE.basis episode=29 target=chair success=1 spl=0.3483 reason=object_found steps=110 runtime=89.5s SR=55.72% (458/822) mean_SPL=0.2544 SR@1m=58.64% SPL@1m=0.2663
[ZSON3 EVAL] 823/2000 scene=XB4GS9ShBRE.basis episode=30 target=sofa success=1 spl=0.8226 reason=object_found steps=60 runtime=37.5s SR=55.77% (459/823) mean_SPL=0.2551 SR@1m=58.69% SPL@1m=0.2670
[ZSON3 EVAL] 824/2000 scene=XB4GS9ShBRE.basis episode=31 target=bed success=0 spl=0.0000 reason=false_positive steps=454 runtime=311.1s SR=55.70% (459/824) mean_SPL=0.2548 SR@1m=58.62% SPL@1m=0.2667
[ZSON3 EVAL] 825/2000 scene=XB4GS9ShBRE.basis episode=32 target=toilet success=0 spl=0.0000 reason=max_steps_reached steps=497 runtime=379.1s SR=55.64% (459/825) mean_SPL=0.2545 SR@1m=58.55% SPL@1m=0.2663
[ZSON3 EVAL] 826/2000 scene=XB4GS9ShBRE.basis episode=33 target=chair success=1 spl=0.1065 reason=object_found steps=409 runtime=318.3s SR=55.69% (460/826) mean_SPL=0.2543 SR@1m=58.60% SPL@1m=0.2662
[ZSON3 EVAL] 827/2000 scene=XB4GS9ShBRE.basis episode=34 target=bed success=0 spl=0.0000 reason=max_steps_reached steps=497 runtime=344.4s SR=55.62% (460/827) mean_SPL=0.2540 SR@1m=58.52% SPL@1m=0.2658
[ZSON3 EVAL] 828/2000 scene=XB4GS9ShBRE.basis episode=35 target=toilet success=1 spl=0.1974 reason=object_found steps=165 runtime=122.0s SR=55.68% (461/828) mean_SPL=0.2539 SR@1m=58.57% SPL@1m=0.2658
[ZSON3 EVAL] 829/2000 scene=XB4GS9ShBRE.basis episode=36 target=sofa success=1 spl=0.7266 reason=object_found steps=32 runtime=27.6s SR=55.73% (462/829) mean_SPL=0.2545 SR@1m=58.62% SPL@1m=0.2663
[ZSON3 EVAL] 830/2000 scene=XB4GS9ShBRE.basis episode=37 target=chair success=0 spl=0.0000 reason=false_positive steps=422 runtime=249.5s SR=55.66% (462/830) mean_SPL=0.2542 SR@1m=58.55% SPL@1m=0.2660
[ZSON3 EVAL] 831/2000 scene=XB4GS9ShBRE.basis episode=38 target=chair success=1 spl=0.2369 reason=object_found steps=127 runtime=97.0s SR=55.72% (463/831) mean_SPL=0.2542 SR@1m=58.60% SPL@1m=0.2660
[ZSON3 EVAL] 832/2000 scene=XB4GS9ShBRE.basis episode=39 target=chair success=1 spl=0.5493 reason=object_found steps=97 runtime=89.1s SR=55.77% (464/832) mean_SPL=0.2545 SR@1m=58.65% SPL@1m=0.2663
[ZSON3 EVAL] 833/2000 scene=XB4GS9ShBRE.basis episode=40 target=bed success=0 spl=0.0000 reason=max_steps_reached steps=493 runtime=347.7s SR=55.70% (464/833) mean_SPL=0.2542 SR@1m=58.58% SPL@1m=0.2660
[ZSON3 EVAL] 834/2000 scene=XB4GS9ShBRE.basis episode=41 target=chair success=1 spl=0.6439 reason=object_found steps=58 runtime=41.4s SR=55.76% (465/834) mean_SPL=0.2547 SR@1m=58.63% SPL@1m=0.2664
[ZSON3 EVAL] 835/2000 scene=XB4GS9ShBRE.basis episode=42 target=bed success=0 spl=0.0000 reason=no_frontiers steps=263 runtime=175.4s SR=55.69% (465/835) mean_SPL=0.2544 SR@1m=58.56% SPL@1m=0.2661
[ZSON3 EVAL] 836/2000 scene=XB4GS9ShBRE.basis episode=43 target=sofa success=0 spl=0.0000 reason=false_positive steps=164 runtime=189.7s SR=55.62% (465/836) mean_SPL=0.2541 SR@1m=58.49% SPL@1m=0.2658
[ZSON3 EVAL] 837/2000 scene=XB4GS9ShBRE.basis episode=44 target=sofa success=1 spl=0.8083 reason=object_found steps=43 runtime=27.2s SR=55.68% (466/837) mean_SPL=0.2547 SR@1m=58.54% SPL@1m=0.2664
[ZSON3 EVAL] 838/2000 scene=XB4GS9ShBRE.basis episode=45 target=sofa success=1 spl=0.7845 reason=object_found steps=41 runtime=34.5s SR=55.73% (467/838) mean_SPL=0.2554 SR@1m=58.59% SPL@1m=0.2671
[ZSON3 EVAL] 839/2000 scene=XB4GS9ShBRE.basis episode=46 target=bed success=0 spl=0.0000 reason=robot_stuck steps=480 runtime=360.8s SR=55.66% (467/839) mean_SPL=0.2551 SR@1m=58.52% SPL@1m=0.2667
[ZSON3 EVAL] 840/2000 scene=XB4GS9ShBRE.basis episode=47 target=sofa success=0 spl=0.0000 reason=max_steps_reached steps=497 runtime=351.3s SR=55.60% (467/840) mean_SPL=0.2548 SR@1m=58.45% SPL@1m=0.2664
[ZSON3 EVAL] 841/2000 scene=XB4GS9ShBRE.basis episode=48 target=toilet success=1 spl=0.1742 reason=object_found steps=259 runtime=150.0s SR=55.65% (468/841) mean_SPL=0.2547 SR@1m=58.50% SPL@1m=0.2663
[ZSON3 EVAL] 842/2000 scene=XB4GS9ShBRE.basis episode=49 target=bed success=0 spl=0.0000 reason=max_steps_reached steps=496 runtime=328.1s SR=55.58% (468/842) mean_SPL=0.2544 SR@1m=58.43% SPL@1m=0.2660
[ZSON3 EVAL] 843/2000 scene=XB4GS9ShBRE.basis episode=50 target=sofa success=1 spl=0.8131 reason=object_found steps=97 runtime=64.4s SR=55.63% (469/843) mean_SPL=0.2550 SR@1m=58.48% SPL@1m=0.2666
[ZSON3 EVAL] 844/2000 scene=XB4GS9ShBRE.basis episode=51 target=bed success=0 spl=0.0000 reason=max_steps_reached steps=493 runtime=336.9s SR=55.57% (469/844) mean_SPL=0.2547 SR@1m=58.41% SPL@1m=0.2663
[ZSON3 EVAL] 845/2000 scene=XB4GS9ShBRE.basis episode=52 target=toilet success=0 spl=0.0000 reason=max_steps_reached steps=493 runtime=341.3s SR=55.50% (469/845) mean_SPL=0.2544 SR@1m=58.34% SPL@1m=0.2660
[ZSON3 EVAL] 846/2000 scene=XB4GS9ShBRE.basis episode=53 target=toilet success=0 spl=0.0000 reason=max_steps_reached steps=489 runtime=347.2s SR=55.44% (469/846) mean_SPL=0.2541 SR@1m=58.27% SPL@1m=0.2657
[ZSON3 EVAL] 847/2000 scene=XB4GS9ShBRE.basis episode=54 target=sofa success=1 spl=0.7098 reason=object_found steps=56 runtime=36.7s SR=55.49% (470/847) mean_SPL=0.2547 SR@1m=58.32% SPL@1m=0.2662
[ZSON3 EVAL] 848/2000 scene=XB4GS9ShBRE.basis episode=55 target=toilet success=1 spl=0.5272 reason=object_found steps=109 runtime=91.0s SR=55.54% (471/848) mean_SPL=0.2550 SR@1m=58.37% SPL@1m=0.2665
[ZSON3 EVAL] 849/2000 scene=XB4GS9ShBRE.basis episode=56 target=chair success=0 spl=0.0000 reason=max_steps_reached steps=487 runtime=367.6s SR=55.48% (471/849) mean_SPL=0.2547 SR@1m=58.30% SPL@1m=0.2662
[ZSON3 EVAL] 850/2000 scene=XB4GS9ShBRE.basis episode=57 target=toilet success=1 spl=0.7669 reason=object_found steps=83 runtime=89.1s SR=55.53% (472/850) mean_SPL=0.2553 SR@1m=58.35% SPL@1m=0.2668
[ZSON3 EVAL] 851/2000 scene=XB4GS9ShBRE.basis episode=58 target=bed success=0 spl=0.0000 reason=max_steps_reached steps=499 runtime=351.5s SR=55.46% (472/851) mean_SPL=0.2550 SR@1m=58.28% SPL@1m=0.2665
[ZSON3 EVAL] 852/2000 scene=XB4GS9ShBRE.basis episode=59 target=bed success=0 spl=0.0000 reason=no_frontiers steps=427 runtime=303.7s SR=55.40% (472/852) mean_SPL=0.2547 SR@1m=58.22% SPL@1m=0.2662
[ZSON3 EVAL] 853/2000 scene=XB4GS9ShBRE.basis episode=60 target=toilet success=1 spl=0.2579 reason=object_found steps=127 runtime=102.6s SR=55.45% (473/853) mean_SPL=0.2547 SR@1m=58.26% SPL@1m=0.2662
[ZSON3 EVAL] 854/2000 scene=XB4GS9ShBRE.basis episode=61 target=bed success=0 spl=0.0000 reason=max_steps_reached steps=479 runtime=368.2s SR=55.39% (473/854) mean_SPL=0.2544 SR@1m=58.20% SPL@1m=0.2659
[ZSON3 EVAL] 855/2000 scene=XB4GS9ShBRE.basis episode=62 target=toilet success=1 spl=0.1444 reason=object_found steps=263 runtime=182.8s SR=55.44% (474/855) mean_SPL=0.2543 SR@1m=58.25% SPL@1m=0.2657
[ZSON3 EVAL] 856/2000 scene=XB4GS9ShBRE.basis episode=63 target=chair success=1 spl=0.5099 reason=object_found steps=112 runtime=98.2s SR=55.49% (475/856) mean_SPL=0.2546 SR@1m=58.29% SPL@1m=0.2660
[ZSON3 EVAL] 857/2000 scene=XB4GS9ShBRE.basis episode=64 target=toilet success=0 spl=0.0000 reason=max_steps_reached steps=497 runtime=320.9s SR=55.43% (475/857) mean_SPL=0.2543 SR@1m=58.23% SPL@1m=0.2657
[ZSON3 EVAL] 858/2000 scene=XB4GS9ShBRE.basis episode=65 target=toilet success=1 spl=0.3264 reason=object_found steps=89 runtime=75.4s SR=55.48% (476/858) mean_SPL=0.2543 SR@1m=58.28% SPL@1m=0.2658
[ZSON3 EVAL] 859/2000 scene=XB4GS9ShBRE.basis episode=66 target=chair success=0 spl=0.0000 reason=false_positive steps=354 runtime=190.7s SR=55.41% (476/859) mean_SPL=0.2540 SR@1m=58.21% SPL@1m=0.2655
[ZSON3 EVAL] 860/2000 scene=XB4GS9ShBRE.basis episode=67 target=bed success=0 spl=0.0000 reason=false_positive steps=14 runtime=14.2s SR=55.35% (476/860) mean_SPL=0.2537 SR@1m=58.14% SPL@1m=0.2651
[ZSON3 EVAL] 861/2000 scene=XB4GS9ShBRE.basis episode=68 target=bed success=0 spl=0.0000 reason=max_steps_reached steps=494 runtime=358.3s SR=55.28% (476/861) mean_SPL=0.2535 SR@1m=58.07% SPL@1m=0.2648
[ZSON3 EVAL] 862/2000 scene=XB4GS9ShBRE.basis episode=69 target=bed success=0 spl=0.0000 reason=false_positive steps=165 runtime=140.9s SR=55.22% (476/862) mean_SPL=0.2532 SR@1m=58.00% SPL@1m=0.2645
[ZSON3 EVAL] 863/2000 scene=XB4GS9ShBRE.basis episode=70 target=chair success=1 spl=0.1112 reason=object_found steps=336 runtime=362.1s SR=55.27% (477/863) mean_SPL=0.2530 SR@1m=58.05% SPL@1m=0.2643
[ZSON3 EVAL] 864/2000 scene=XB4GS9ShBRE.basis episode=71 target=toilet success=0 spl=0.0000 reason=no_frontiers steps=281 runtime=186.1s SR=55.21% (477/864) mean_SPL=0.2527 SR@1m=57.99% SPL@1m=0.2640
[ZSON3 EVAL] 865/2000 scene=XB4GS9ShBRE.basis episode=72 target=sofa success=1 spl=0.8176 reason=object_found steps=65 runtime=39.0s SR=55.26% (478/865) mean_SPL=0.2534 SR@1m=58.03% SPL@1m=0.2647
[ZSON3 EVAL] 866/2000 scene=XB4GS9ShBRE.basis episode=73 target=bed success=0 spl=0.0000 reason=max_steps_reached steps=489 runtime=381.8s SR=55.20% (478/866) mean_SPL=0.2531 SR@1m=57.97% SPL@1m=0.2644
[ZSON3 EVAL] 867/2000 scene=XB4GS9ShBRE.basis episode=74 target=chair success=0 spl=0.0000 reason=robot_stuck steps=313 runtime=304.0s SR=55.13% (478/867) mean_SPL=0.2528 SR@1m=57.90% SPL@1m=0.2641
[ZSON3 EVAL] 868/2000 scene=XB4GS9ShBRE.basis episode=75 target=sofa success=0 spl=0.0000 reason=max_steps_reached steps=493 runtime=438.1s SR=55.07% (478/868) mean_SPL=0.2525 SR@1m=57.83% SPL@1m=0.2638
[ZSON3 EVAL] 869/2000 scene=XB4GS9ShBRE.basis episode=76 target=bed success=0 spl=0.0000 reason=max_steps_reached steps=499 runtime=416.9s SR=55.01% (478/869) mean_SPL=0.2522 SR@1m=57.77% SPL@1m=0.2635
[ZSON3 EVAL] 870/2000 scene=XB4GS9ShBRE.basis episode=77 target=toilet success=1 spl=0.2966 reason=object_found steps=286 runtime=194.9s SR=55.06% (479/870) mean_SPL=0.2522 SR@1m=57.82% SPL@1m=0.2635
[ZSON3 EVAL] 871/2000 scene=XB4GS9ShBRE.basis episode=78 target=toilet success=0 spl=0.0000 reason=max_steps_reached steps=500 runtime=334.7s SR=54.99% (479/871) mean_SPL=0.2520 SR@1m=57.75% SPL@1m=0.2632
[ZSON3 EVAL] 872/2000 scene=XB4GS9ShBRE.basis episode=79 target=toilet success=0 spl=0.0000 reason=max_steps_reached steps=499 runtime=313.9s SR=54.93% (479/872) mean_SPL=0.2517 SR@1m=57.68% SPL@1m=0.2629
[ZSON3 EVAL] 873/2000 scene=XB4GS9ShBRE.basis episode=80 target=chair success=1 spl=0.3662 reason=object_found steps=179 runtime=85.6s SR=54.98% (480/873) mean_SPL=0.2518 SR@1m=57.73% SPL@1m=0.2630
[ZSON3 EVAL] 874/2000 scene=XB4GS9ShBRE.basis episode=81 target=toilet success=1 spl=0.2608 reason=object_found steps=227 runtime=245.0s SR=55.03% (481/874) mean_SPL=0.2518 SR@1m=57.78% SPL@1m=0.2630
[ZSON3 EVAL] 875/2000 scene=XB4GS9ShBRE.basis episode=82 target=chair success=0 spl=0.0000 reason=max_steps_reached steps=491 runtime=322.5s SR=54.97% (481/875) mean_SPL=0.2515 SR@1m=57.71% SPL@1m=0.2627
[ZSON3 EVAL] 876/2000 scene=XB4GS9ShBRE.basis episode=83 target=sofa success=0 spl=0.0000 reason=false_positive steps=310 runtime=231.4s SR=54.91% (481/876) mean_SPL=0.2512 SR@1m=57.65% SPL@1m=0.2624
[ZSON3 EVAL] 877/2000 scene=XB4GS9ShBRE.basis episode=84 target=sofa success=0 spl=0.0000 reason=max_steps_reached steps=490 runtime=362.6s SR=54.85% (481/877) mean_SPL=0.2509 SR@1m=57.58% SPL@1m=0.2621
[ZSON3 EVAL] 878/2000 scene=XB4GS9ShBRE.basis episode=85 target=chair success=1 spl=0.6658 reason=object_found steps=101 runtime=84.9s SR=54.90% (482/878) mean_SPL=0.2514 SR@1m=57.63% SPL@1m=0.2626
[ZSON3 EVAL] 879/2000 scene=XB4GS9ShBRE.basis episode=86 target=toilet success=0 spl=0.0000 reason=max_steps_reached steps=500 runtime=274.5s SR=54.84% (482/879) mean_SPL=0.2511 SR@1m=57.57% SPL@1m=0.2623
[ZSON3 EVAL] 880/2000 scene=XB4GS9ShBRE.basis episode=87 target=bed success=0 spl=0.0000 reason=max_steps_reached steps=496 runtime=329.0s SR=54.77% (482/880) mean_SPL=0.2508 SR@1m=57.50% SPL@1m=0.2620
[ZSON3 EVAL] 881/2000 scene=XB4GS9ShBRE.basis episode=88 target=bed success=0 spl=0.0000 reason=max_steps_reached steps=482 runtime=383.2s SR=54.71% (482/881) mean_SPL=0.2506 SR@1m=57.43% SPL@1m=0.2617
[ZSON3 EVAL] 882/2000 scene=XB4GS9ShBRE.basis episode=89 target=toilet success=1 spl=0.7859 reason=object_found steps=92 runtime=141.8s SR=54.76% (483/882) mean_SPL=0.2512 SR@1m=57.48% SPL@1m=0.2623
[ZSON3 EVAL] 883/2000 scene=XB4GS9ShBRE.basis episode=90 target=sofa success=0 spl=0.0000 reason=max_steps_reached steps=484 runtime=349.8s SR=54.70% (483/883) mean_SPL=0.2509 SR@1m=57.42% SPL@1m=0.2620
[ZSON3 EVAL] 884/2000 scene=XB4GS9ShBRE.basis episode=91 target=chair success=1 spl=0.5573 reason=object_found steps=87 runtime=67.8s SR=54.75% (484/884) mean_SPL=0.2512 SR@1m=57.47% SPL@1m=0.2623
[ZSON3 EVAL] 885/2000 scene=XB4GS9ShBRE.basis episode=92 target=sofa success=0 spl=0.0000 reason=max_steps_reached steps=476 runtime=348.0s SR=54.69% (484/885) mean_SPL=0.2509 SR@1m=57.40% SPL@1m=0.2620
[ZSON3 EVAL] 886/2000 scene=XB4GS9ShBRE.basis episode=93 target=sofa success=1 spl=0.8144 reason=object_found steps=55 runtime=46.1s SR=54.74% (485/886) mean_SPL=0.2516 SR@1m=57.45% SPL@1m=0.2626
[ZSON3 EVAL] 887/2000 scene=XB4GS9ShBRE.basis episode=94 target=toilet success=0 spl=0.0000 reason=max_steps_reached steps=491 runtime=338.0s SR=54.68% (485/887) mean_SPL=0.2513 SR@1m=57.38% SPL@1m=0.2623
[ZSON3 EVAL] 888/2000 scene=XB4GS9ShBRE.basis episode=95 target=toilet success=1 spl=0.3153 reason=object_found steps=245 runtime=181.8s SR=54.73% (486/888) mean_SPL=0.2514 SR@1m=57.43% SPL@1m=0.2624
[ZSON3 EVAL] 889/2000 scene=XB4GS9ShBRE.basis episode=96 target=sofa success=0 spl=0.0000 reason=max_steps_reached steps=497 runtime=381.9s SR=54.67% (486/889) mean_SPL=0.2511 SR@1m=57.37% SPL@1m=0.2621
[ZSON3 EVAL] 890/2000 scene=XB4GS9ShBRE.basis episode=97 target=sofa success=0 spl=0.0000 reason=robot_stuck steps=247 runtime=357.7s SR=54.61% (486/890) mean_SPL=0.2508 SR@1m=57.30% SPL@1m=0.2618
[ZSON3 EVAL] 891/2000 scene=XB4GS9ShBRE.basis episode=98 target=sofa success=1 spl=0.9128 reason=object_found steps=17 runtime=21.6s SR=54.66% (487/891) mean_SPL=0.2515 SR@1m=57.35% SPL@1m=0.2625
[ZSON3 EVAL] 892/2000 scene=bxsVRursffK.basis episode=0 target=bed success=0 spl=0.0000 reason=max_steps_reached steps=499 runtime=349.0s SR=54.60% (487/892) mean_SPL=0.2513 SR@1m=57.29% SPL@1m=0.2622
[ZSON3 EVAL] 893/2000 scene=bxsVRursffK.basis episode=1 target=bed success=0 spl=0.0000 reason=no_frontiers steps=311 runtime=247.0s SR=54.54% (487/893) mean_SPL=0.2510 SR@1m=57.22% SPL@1m=0.2620
[ZSON3 EVAL] 894/2000 scene=bxsVRursffK.basis episode=2 target=bed success=0 spl=0.0000 reason=robot_stuck steps=237 runtime=83.6s SR=54.47% (487/894) mean_SPL=0.2507 SR@1m=57.27% SPL@1m=0.2628
[ZSON3 EVAL] 895/2000 scene=bxsVRursffK.basis episode=3 target=toilet success=1 spl=0.1095 reason=object_found steps=219 runtime=154.5s SR=54.53% (488/895) mean_SPL=0.2505 SR@1m=57.32% SPL@1m=0.2626
[ZSON3 EVAL] 896/2000 scene=bxsVRursffK.basis episode=4 target=chair success=0 spl=0.0000 reason=max_steps_reached steps=490 runtime=277.8s SR=54.46% (488/896) mean_SPL=0.2503 SR@1m=57.25% SPL@1m=0.2623
[ZSON3 EVAL] 897/2000 scene=bxsVRursffK.basis episode=5 target=bed success=0 spl=0.0000 reason=max_steps_reached steps=500 runtime=389.5s SR=54.40% (488/897) mean_SPL=0.2500 SR@1m=57.19% SPL@1m=0.2620
[ZSON3 EVAL] 898/2000 scene=bxsVRursffK.basis episode=6 target=bed success=0 spl=0.0000 reason=max_steps_reached steps=500 runtime=381.7s SR=54.34% (488/898) mean_SPL=0.2497 SR@1m=57.13% SPL@1m=0.2617
[ZSON3 EVAL] 899/2000 scene=bxsVRursffK.basis episode=7 target=bed success=0 spl=0.0000 reason=max_steps_reached steps=500 runtime=413.7s SR=54.28% (488/899) mean_SPL=0.2494 SR@1m=57.06% SPL@1m=0.2614
[ZSON3 EVAL] 900/2000 scene=bxsVRursffK.basis episode=8 target=chair success=0 spl=0.0000 reason=max_steps_reached steps=499 runtime=303.7s SR=54.22% (488/900) mean_SPL=0.2492 SR@1m=57.00% SPL@1m=0.2611
[ZSON3 EVAL] 901/2000 scene=bxsVRursffK.basis episode=9 target=toilet success=1 spl=0.2947 reason=object_found steps=152 runtime=84.6s SR=54.27% (489/901) mean_SPL=0.2492 SR@1m=57.05% SPL@1m=0.2612
[ZSON3 EVAL] 902/2000 scene=bxsVRursffK.basis episode=10 target=toilet success=0 spl=0.0000 reason=max_steps_reached steps=482 runtime=261.2s SR=54.21% (489/902) mean_SPL=0.2489 SR@1m=56.98% SPL@1m=0.2609
[ZSON3 EVAL] 903/2000 scene=bxsVRursffK.basis episode=11 target=bed success=0 spl=0.0000 reason=max_steps_reached steps=500 runtime=351.5s SR=54.15% (489/903) mean_SPL=0.2487 SR@1m=56.92% SPL@1m=0.2606
[ZSON3 EVAL] 904/2000 scene=bxsVRursffK.basis episode=12 target=chair success=0 spl=0.0000 reason=max_steps_reached steps=483 runtime=331.3s SR=54.09% (489/904) mean_SPL=0.2484 SR@1m=56.86% SPL@1m=0.2603
[ZSON3 EVAL] 905/2000 scene=bxsVRursffK.basis episode=13 target=toilet success=1 spl=0.1063 reason=object_found steps=349 runtime=188.5s SR=54.14% (490/905) mean_SPL=0.2482 SR@1m=56.91% SPL@1m=0.2601
[ZSON3 EVAL] 906/2000 scene=bxsVRursffK.basis episode=14 target=chair success=1 spl=0.0780 reason=object_found steps=464 runtime=289.4s SR=54.19% (491/906) mean_SPL=0.2480 SR@1m=56.95% SPL@1m=0.2599
[ZSON3 EVAL] 907/2000 scene=bxsVRursffK.basis episode=15 target=chair success=0 spl=0.0000 reason=max_steps_reached steps=496 runtime=314.0s SR=54.13% (491/907) mean_SPL=0.2478 SR@1m=56.89% SPL@1m=0.2596
[ZSON3 EVAL] 908/2000 scene=bxsVRursffK.basis episode=16 target=toilet success=0 spl=0.0000 reason=robot_stuck steps=406 runtime=305.2s SR=54.07% (491/908) mean_SPL=0.2475 SR@1m=56.94% SPL@1m=0.2596
[ZSON3 EVAL] 909/2000 scene=bxsVRursffK.basis episode=17 target=chair success=0 spl=0.0000 reason=max_steps_reached steps=500 runtime=367.4s SR=54.02% (491/909) mean_SPL=0.2472 SR@1m=56.88% SPL@1m=0.2593
[ZSON3 EVAL] 910/2000 scene=bxsVRursffK.basis episode=18 target=chair success=0 spl=0.0000 reason=max_steps_reached steps=494 runtime=313.5s SR=53.96% (491/910) mean_SPL=0.2469 SR@1m=56.81% SPL@1m=0.2590
[ZSON3 EVAL] 911/2000 scene=bxsVRursffK.basis episode=19 target=chair success=1 spl=0.4691 reason=object_found steps=107 runtime=89.2s SR=54.01% (492/911) mean_SPL=0.2472 SR@1m=56.86% SPL@1m=0.2592
[ZSON3 EVAL] 912/2000 scene=bxsVRursffK.basis episode=20 target=toilet success=1 spl=0.1594 reason=object_found steps=239 runtime=140.2s SR=54.06% (493/912) mean_SPL=0.2471 SR@1m=56.91% SPL@1m=0.2591
[ZSON3 EVAL] 913/2000 scene=bxsVRursffK.basis episode=21 target=toilet success=1 spl=0.0781 reason=object_found steps=391 runtime=248.2s SR=54.11% (494/913) mean_SPL=0.2469 SR@1m=56.96% SPL@1m=0.2589
[ZSON3 EVAL] 914/2000 scene=bxsVRursffK.basis episode=22 target=toilet success=1 spl=0.0769 reason=object_found steps=422 runtime=357.6s SR=54.16% (495/914) mean_SPL=0.2467 SR@1m=57.00% SPL@1m=0.2587
[ZSON3 EVAL] 915/2000 scene=bxsVRursffK.basis episode=23 target=bed success=0 spl=0.0000 reason=max_steps_reached steps=498 runtime=348.8s SR=54.10% (495/915) mean_SPL=0.2464 SR@1m=56.94% SPL@1m=0.2584
[ZSON3 EVAL] 916/2000 scene=bxsVRursffK.basis episode=24 target=toilet success=0 spl=0.0000 reason=max_steps_reached steps=491 runtime=321.5s SR=54.04% (495/916) mean_SPL=0.2462 SR@1m=56.88% SPL@1m=0.2582
[ZSON3 EVAL] 917/2000 scene=bxsVRursffK.basis episode=25 target=chair success=1 spl=0.3547 reason=object_found steps=97 runtime=69.3s SR=54.09% (496/917) mean_SPL=0.2463 SR@1m=56.92% SPL@1m=0.2583
[ZSON3 EVAL] 918/2000 scene=bxsVRursffK.basis episode=26 target=chair success=1 spl=0.8657 reason=object_found steps=41 runtime=20.0s SR=54.14% (497/918) mean_SPL=0.2470 SR@1m=56.97% SPL@1m=0.2589
[ZSON3 EVAL] 919/2000 scene=bxsVRursffK.basis episode=27 target=toilet success=1 spl=0.7810 reason=robot_stuck steps=249 runtime=102.6s SR=54.19% (498/919) mean_SPL=0.2476 SR@1m=57.02% SPL@1m=0.2595
[ZSON3 EVAL] 920/2000 scene=bxsVRursffK.basis episode=28 target=bed success=0 spl=0.0000 reason=max_steps_reached steps=499 runtime=348.1s SR=54.13% (498/920) mean_SPL=0.2473 SR@1m=56.96% SPL@1m=0.2592
[ZSON3 EVAL] 921/2000 scene=bxsVRursffK.basis episode=29 target=bed success=0 spl=0.0000 reason=max_steps_reached steps=500 runtime=330.0s SR=54.07% (498/921) mean_SPL=0.2470 SR@1m=56.89% SPL@1m=0.2589
[ZSON3 EVAL] 922/2000 scene=bxsVRursffK.basis episode=30 target=bed success=0 spl=0.0000 reason=max_steps_reached steps=497 runtime=466.6s SR=54.01% (498/922) mean_SPL=0.2467 SR@1m=56.83% SPL@1m=0.2586
[ZSON3 EVAL] 923/2000 scene=bxsVRursffK.basis episode=31 target=toilet success=1 spl=0.1875 reason=object_found steps=197 runtime=114.0s SR=54.06% (499/923) mean_SPL=0.2467 SR@1m=56.88% SPL@1m=0.2586
[ZSON3 EVAL] 924/2000 scene=bxsVRursffK.basis episode=32 target=chair success=1 spl=0.8083 reason=object_found steps=40 runtime=28.4s SR=54.11% (500/924) mean_SPL=0.2473 SR@1m=56.93% SPL@1m=0.2592
[ZSON3 EVAL] 925/2000 scene=bxsVRursffK.basis episode=33 target=chair success=0 spl=0.0000 reason=robot_stuck steps=459 runtime=286.2s SR=54.05% (500/925) mean_SPL=0.2470 SR@1m=56.86% SPL@1m=0.2589
[ZSON3 EVAL] 926/2000 scene=bxsVRursffK.basis episode=34 target=bed success=1 spl=0.3259 reason=object_found steps=319 runtime=221.5s SR=54.10% (501/926) mean_SPL=0.2471 SR@1m=56.91% SPL@1m=0.2590
[ZSON3 EVAL] 927/2000 scene=bxsVRursffK.basis episode=35 target=toilet success=1 spl=0.1731 reason=object_found steps=125 runtime=97.1s SR=54.15% (502/927) mean_SPL=0.2470 SR@1m=56.96% SPL@1m=0.2589
[ZSON3 EVAL] 928/2000 scene=bxsVRursffK.basis episode=36 target=bed success=1 spl=0.7536 reason=object_found steps=54 runtime=34.5s SR=54.20% (503/928) mean_SPL=0.2476 SR@1m=57.00% SPL@1m=0.2594
[ZSON3 EVAL] 929/2000 scene=bxsVRursffK.basis episode=37 target=toilet success=1 spl=0.1239 reason=object_found steps=378 runtime=266.9s SR=54.25% (504/929) mean_SPL=0.2474 SR@1m=57.05% SPL@1m=0.2593
[ZSON3 EVAL] 930/2000 scene=bxsVRursffK.basis episode=38 target=bed success=0 spl=0.0000 reason=max_steps_reached steps=500 runtime=399.4s SR=54.19% (504/930) mean_SPL=0.2472 SR@1m=56.99% SPL@1m=0.2590
[ZSON3 EVAL] 931/2000 scene=bxsVRursffK.basis episode=39 target=toilet success=1 spl=0.4469 reason=object_found steps=78 runtime=47.8s SR=54.24% (505/931) mean_SPL=0.2474 SR@1m=57.04% SPL@1m=0.2592
[ZSON3 EVAL] 932/2000 scene=bxsVRursffK.basis episode=40 target=toilet success=1 spl=0.1970 reason=object_found steps=286 runtime=170.7s SR=54.29% (506/932) mean_SPL=0.2473 SR@1m=57.08% SPL@1m=0.2591
[ZSON3 EVAL] 933/2000 scene=bxsVRursffK.basis episode=41 target=toilet success=1 spl=0.7620 reason=object_found steps=37 runtime=33.1s SR=54.34% (507/933) mean_SPL=0.2479 SR@1m=57.13% SPL@1m=0.2596
[ZSON3 EVAL] 934/2000 scene=bxsVRursffK.basis episode=42 target=toilet success=1 spl=0.0685 reason=max_steps_reached steps=500 runtime=250.5s SR=54.39% (508/934) mean_SPL=0.2477 SR@1m=57.17% SPL@1m=0.2594
[ZSON3 EVAL] 935/2000 scene=bxsVRursffK.basis episode=43 target=bed success=0 spl=0.0000 reason=max_steps_reached steps=500 runtime=382.0s SR=54.33% (508/935) mean_SPL=0.2474 SR@1m=57.11% SPL@1m=0.2592
[ZSON3 EVAL] 936/2000 scene=bxsVRursffK.basis episode=44 target=chair success=0 spl=0.0000 reason=max_steps_reached steps=485 runtime=344.4s SR=54.27% (508/936) mean_SPL=0.2472 SR@1m=57.05% SPL@1m=0.2589
[ZSON3 EVAL] 937/2000 scene=bxsVRursffK.basis episode=45 target=chair success=1 spl=0.5826 reason=object_found steps=67 runtime=57.3s SR=54.32% (509/937) mean_SPL=0.2475 SR@1m=57.10% SPL@1m=0.2592
[ZSON3 EVAL] 938/2000 scene=bxsVRursffK.basis episode=46 target=toilet success=1 spl=0.1002 reason=max_steps_reached steps=500 runtime=311.2s SR=54.37% (510/938) mean_SPL=0.2474 SR@1m=57.14% SPL@1m=0.2591
[ZSON3 EVAL] 939/2000 scene=bxsVRursffK.basis episode=47 target=bed success=0 spl=0.0000 reason=robot_stuck steps=499 runtime=408.2s SR=54.31% (510/939) mean_SPL=0.2471 SR@1m=57.08% SPL@1m=0.2588
[ZSON3 EVAL] 940/2000 scene=bxsVRursffK.basis episode=48 target=bed success=1 spl=0.8414 reason=object_found steps=21 runtime=15.9s SR=54.36% (511/940) mean_SPL=0.2477 SR@1m=57.13% SPL@1m=0.2594
[ZSON3 EVAL] 941/2000 scene=bxsVRursffK.basis episode=49 target=chair success=0 spl=0.0000 reason=max_steps_reached steps=484 runtime=324.3s SR=54.30% (511/941) mean_SPL=0.2475 SR@1m=57.07% SPL@1m=0.2591
[ZSON3 EVAL] 942/2000 scene=bxsVRursffK.basis episode=50 target=chair success=0 spl=0.0000 reason=max_steps_reached steps=491 runtime=323.7s SR=54.25% (511/942) mean_SPL=0.2472 SR@1m=57.01% SPL@1m=0.2589
[ZSON3 EVAL] 943/2000 scene=bxsVRursffK.basis episode=51 target=chair success=0 spl=0.0000 reason=max_steps_reached steps=487 runtime=283.7s SR=54.19% (511/943) mean_SPL=0.2469 SR@1m=56.95% SPL@1m=0.2586
[ZSON3 EVAL] 944/2000 scene=bxsVRursffK.basis episode=52 target=toilet success=1 spl=0.2794 reason=object_found steps=113 runtime=68.3s SR=54.24% (512/944) mean_SPL=0.2470 SR@1m=56.99% SPL@1m=0.2586
[ZSON3 EVAL] 945/2000 scene=bxsVRursffK.basis episode=53 target=bed success=0 spl=0.0000 reason=object_found_at_1m_only steps=291 runtime=167.1s SR=54.18% (512/945) mean_SPL=0.2467 SR@1m=57.04% SPL@1m=0.2587
[ZSON3 EVAL] 946/2000 scene=bxsVRursffK.basis episode=54 target=toilet success=0 spl=0.0000 reason=robot_stuck steps=496 runtime=281.2s SR=54.12% (512/946) mean_SPL=0.2465 SR@1m=57.08% SPL@1m=0.2585
[ZSON3 EVAL] 947/2000 scene=bxsVRursffK.basis episode=55 target=bed success=0 spl=0.0000 reason=max_steps_reached steps=498 runtime=353.8s SR=54.07% (512/947) mean_SPL=0.2462 SR@1m=57.02% SPL@1m=0.2582
[ZSON3 EVAL] 948/2000 scene=bxsVRursffK.basis episode=56 target=toilet success=1 spl=0.1459 reason=object_found steps=312 runtime=208.1s SR=54.11% (513/948) mean_SPL=0.2461 SR@1m=57.07% SPL@1m=0.2581
[ZSON3 EVAL] 949/2000 scene=bxsVRursffK.basis episode=57 target=chair success=0 spl=0.0000 reason=max_steps_reached steps=494 runtime=348.1s SR=54.06% (513/949) mean_SPL=0.2458 SR@1m=57.01% SPL@1m=0.2579
[ZSON3 EVAL] 950/2000 scene=bxsVRursffK.basis episode=58 target=bed success=0 spl=0.0000 reason=max_steps_reached steps=500 runtime=420.2s SR=54.00% (513/950) mean_SPL=0.2456 SR@1m=56.95% SPL@1m=0.2576
[ZSON3 EVAL] 951/2000 scene=bxsVRursffK.basis episode=59 target=toilet success=1 spl=0.3516 reason=robot_stuck steps=378 runtime=246.0s SR=54.05% (514/951) mean_SPL=0.2457 SR@1m=56.99% SPL@1m=0.2577
[ZSON3 EVAL] 952/2000 scene=bxsVRursffK.basis episode=60 target=bed success=0 spl=0.0000 reason=max_steps_reached steps=500 runtime=360.1s SR=53.99% (514/952) mean_SPL=0.2454 SR@1m=56.93% SPL@1m=0.2574
[ZSON3 EVAL] 953/2000 scene=bxsVRursffK.basis episode=61 target=bed success=0 spl=0.0000 reason=max_steps_reached steps=500 runtime=363.6s SR=53.93% (514/953) mean_SPL=0.2452 SR@1m=56.87% SPL@1m=0.2571
[ZSON3 EVAL] 954/2000 scene=bxsVRursffK.basis episode=62 target=toilet success=0 spl=0.0000 reason=robot_stuck steps=369 runtime=228.7s SR=53.88% (514/954) mean_SPL=0.2449 SR@1m=56.92% SPL@1m=0.2572
[ZSON3 EVAL] 955/2000 scene=bxsVRursffK.basis episode=63 target=chair success=0 spl=0.0000 reason=max_steps_reached steps=486 runtime=347.9s SR=53.82% (514/955) mean_SPL=0.2447 SR@1m=56.86% SPL@1m=0.2569
[ZSON3 EVAL] 956/2000 scene=bxsVRursffK.basis episode=64 target=chair success=0 spl=0.0000 reason=max_steps_reached steps=490 runtime=391.5s SR=53.77% (514/956) mean_SPL=0.2444 SR@1m=56.80% SPL@1m=0.2566
[ZSON3 EVAL] 957/2000 scene=bxsVRursffK.basis episode=65 target=chair success=0 spl=0.0000 reason=max_steps_reached steps=496 runtime=399.4s SR=53.71% (514/957) mean_SPL=0.2441 SR@1m=56.74% SPL@1m=0.2564
[ZSON3 EVAL] 958/2000 scene=bxsVRursffK.basis episode=66 target=chair success=1 spl=0.4683 reason=object_found steps=70 runtime=48.3s SR=53.76% (515/958) mean_SPL=0.2444 SR@1m=56.78% SPL@1m=0.2566
[ZSON3 EVAL] 959/2000 scene=bxsVRursffK.basis episode=67 target=chair success=0 spl=0.0000 reason=max_steps_reached steps=491 runtime=346.6s SR=53.70% (515/959) mean_SPL=0.2441 SR@1m=56.73% SPL@1m=0.2563
[ZSON3 EVAL] 960/2000 scene=bxsVRursffK.basis episode=68 target=chair success=0 spl=0.0000 reason=max_steps_reached steps=495 runtime=302.5s SR=53.65% (515/960) mean_SPL=0.2439 SR@1m=56.67% SPL@1m=0.2561
[ZSON3 EVAL] 961/2000 scene=bxsVRursffK.basis episode=69 target=chair success=1 spl=0.6340 reason=object_found steps=61 runtime=48.2s SR=53.69% (516/961) mean_SPL=0.2443 SR@1m=56.71% SPL@1m=0.2564
[ZSON3 EVAL] 962/2000 scene=bxsVRursffK.basis episode=70 target=toilet success=1 spl=0.1523 reason=object_found steps=243 runtime=171.9s SR=53.74% (517/962) mean_SPL=0.2442 SR@1m=56.76% SPL@1m=0.2563
[ZSON3 EVAL] 963/2000 scene=bxsVRursffK.basis episode=71 target=bed success=0 spl=0.0000 reason=max_steps_reached steps=500 runtime=435.7s SR=53.69% (517/963) mean_SPL=0.2439 SR@1m=56.70% SPL@1m=0.2561
[ZSON3 EVAL] 964/2000 scene=bxsVRursffK.basis episode=72 target=chair success=0 spl=0.0000 reason=max_steps_reached steps=497 runtime=314.4s SR=53.63% (517/964) mean_SPL=0.2437 SR@1m=56.64% SPL@1m=0.2558
[ZSON3 EVAL] 965/2000 scene=bxsVRursffK.basis episode=73 target=chair success=0 spl=0.0000 reason=max_steps_reached steps=489 runtime=288.6s SR=53.58% (517/965) mean_SPL=0.2434 SR@1m=56.58% SPL@1m=0.2555
[ZSON3 EVAL] 966/2000 scene=bxsVRursffK.basis episode=74 target=chair success=1 spl=0.2017 reason=object_found steps=289 runtime=169.6s SR=53.62% (518/966) mean_SPL=0.2434 SR@1m=56.63% SPL@1m=0.2555
[ZSON3 EVAL] 967/2000 scene=bxsVRursffK.basis episode=75 target=chair success=0 spl=0.0000 reason=max_steps_reached steps=487 runtime=344.2s SR=53.57% (518/967) mean_SPL=0.2431 SR@1m=56.57% SPL@1m=0.2552
[ZSON3 EVAL] 968/2000 scene=bxsVRursffK.basis episode=76 target=toilet success=1 spl=0.0745 reason=object_found steps=444 runtime=276.5s SR=53.62% (519/968) mean_SPL=0.2430 SR@1m=56.61% SPL@1m=0.2550
[ZSON3 EVAL] 969/2000 scene=bxsVRursffK.basis episode=77 target=bed success=0 spl=0.0000 reason=max_steps_reached steps=491 runtime=313.0s SR=53.56% (519/969) mean_SPL=0.2427 SR@1m=56.55% SPL@1m=0.2548
[ZSON3 EVAL] 970/2000 scene=bxsVRursffK.basis episode=78 target=chair success=0 spl=0.0000 reason=max_steps_reached steps=497 runtime=325.0s SR=53.51% (519/970) mean_SPL=0.2425 SR@1m=56.49% SPL@1m=0.2545
[ZSON3 EVAL] 971/2000 scene=bxsVRursffK.basis episode=79 target=bed success=0 spl=0.0000 reason=max_steps_reached steps=500 runtime=360.0s SR=53.45% (519/971) mean_SPL=0.2422 SR@1m=56.44% SPL@1m=0.2542
[ZSON3 EVAL] 972/2000 scene=bxsVRursffK.basis episode=80 target=bed success=0 spl=0.0000 reason=max_steps_reached steps=500 runtime=372.0s SR=53.40% (519/972) mean_SPL=0.2420 SR@1m=56.38% SPL@1m=0.2540
[ZSON3 EVAL] 973/2000 scene=bxsVRursffK.basis episode=81 target=toilet success=0 spl=0.0000 reason=max_steps_reached steps=498 runtime=330.1s SR=53.34% (519/973) mean_SPL=0.2417 SR@1m=56.32% SPL@1m=0.2537
[ZSON3 EVAL] 974/2000 scene=bxsVRursffK.basis episode=82 target=toilet success=1 spl=0.1192 reason=object_found steps=438 runtime=296.5s SR=53.39% (520/974) mean_SPL=0.2416 SR@1m=56.37% SPL@1m=0.2536
[ZSON3 EVAL] 975/2000 scene=bxsVRursffK.basis episode=83 target=toilet success=1 spl=0.2424 reason=robot_stuck steps=331 runtime=156.3s SR=53.44% (521/975) mean_SPL=0.2416 SR@1m=56.41% SPL@1m=0.2536
[ZSON3 EVAL] 976/2000 scene=bxsVRursffK.basis episode=84 target=toilet success=1 spl=0.3673 reason=object_found steps=238 runtime=124.2s SR=53.48% (522/976) mean_SPL=0.2417 SR@1m=56.45% SPL@1m=0.2537
[ZSON3 EVAL] 977/2000 scene=bxsVRursffK.basis episode=85 target=bed success=0 spl=0.0000 reason=max_steps_reached steps=500 runtime=336.3s SR=53.43% (522/977) mean_SPL=0.2415 SR@1m=56.40% SPL@1m=0.2534
[ZSON3 EVAL] 978/2000 scene=bxsVRursffK.basis episode=86 target=toilet success=1 spl=0.2316 reason=object_found steps=221 runtime=148.7s SR=53.48% (523/978) mean_SPL=0.2415 SR@1m=56.44% SPL@1m=0.2534
[ZSON3 EVAL] 979/2000 scene=bxsVRursffK.basis episode=87 target=bed success=0 spl=0.0000 reason=no_frontiers steps=482 runtime=350.3s SR=53.42% (523/979) mean_SPL=0.2412 SR@1m=56.38% SPL@1m=0.2531
[ZSON3 EVAL] 980/2000 scene=bxsVRursffK.basis episode=88 target=chair success=0 spl=0.0000 reason=max_steps_reached steps=489 runtime=340.6s SR=53.37% (523/980) mean_SPL=0.2410 SR@1m=56.33% SPL@1m=0.2529
[ZSON3 EVAL] 981/2000 scene=bxsVRursffK.basis episode=89 target=chair success=1 spl=0.1184 reason=object_found steps=401 runtime=265.6s SR=53.41% (524/981) mean_SPL=0.2408 SR@1m=56.37% SPL@1m=0.2528
[ZSON3 EVAL] 982/2000 scene=bxsVRursffK.basis episode=90 target=chair success=0 spl=0.0000 reason=max_steps_reached steps=496 runtime=345.6s SR=53.36% (524/982) mean_SPL=0.2406 SR@1m=56.31% SPL@1m=0.2525
[ZSON3 EVAL] 983/2000 scene=bxsVRursffK.basis episode=91 target=bed success=0 spl=0.0000 reason=max_steps_reached steps=499 runtime=334.4s SR=53.31% (524/983) mean_SPL=0.2403 SR@1m=56.26% SPL@1m=0.2522
[ZSON3 EVAL] 984/2000 scene=bxsVRursffK.basis episode=92 target=bed success=0 spl=0.0000 reason=max_steps_reached steps=500 runtime=440.3s SR=53.25% (524/984) mean_SPL=0.2401 SR@1m=56.20% SPL@1m=0.2520
[ZSON3 EVAL] 985/2000 scene=bxsVRursffK.basis episode=93 target=toilet success=1 spl=0.2450 reason=object_found steps=101 runtime=73.5s SR=53.30% (525/985) mean_SPL=0.2401 SR@1m=56.24% SPL@1m=0.2520
[ZSON3 EVAL] 986/2000 scene=bxsVRursffK.basis episode=94 target=bed success=0 spl=0.0000 reason=max_steps_reached steps=499 runtime=343.5s SR=53.25% (525/986) mean_SPL=0.2399 SR@1m=56.19% SPL@1m=0.2517
[ZSON3 EVAL] 987/2000 scene=bxsVRursffK.basis episode=95 target=chair success=0 spl=0.0000 reason=max_steps_reached steps=493 runtime=299.5s SR=53.19% (525/987) mean_SPL=0.2396 SR@1m=56.13% SPL@1m=0.2515
[ZSON3 EVAL] 988/2000 scene=bxsVRursffK.basis episode=96 target=bed success=0 spl=0.0000 reason=max_steps_reached steps=496 runtime=348.4s SR=53.14% (525/988) mean_SPL=0.2394 SR@1m=56.07% SPL@1m=0.2512
[ZSON3 EVAL] 989/2000 scene=bxsVRursffK.basis episode=97 target=bed success=0 spl=0.0000 reason=max_steps_reached steps=500 runtime=379.3s SR=53.08% (525/989) mean_SPL=0.2391 SR@1m=56.02% SPL@1m=0.2510
[ZSON3 EVAL] 990/2000 scene=bxsVRursffK.basis episode=98 target=toilet success=1 spl=0.7090 reason=object_found steps=99 runtime=53.6s SR=53.13% (526/990) mean_SPL=0.2396 SR@1m=56.06% SPL@1m=0.2514
[ZSON3 EVAL] 991/2000 scene=cvZr5TUy5C5.basis episode=0 target=sofa success=1 spl=0.5489 reason=object_found steps=141 runtime=87.6s SR=53.18% (527/991) mean_SPL=0.2399 SR@1m=56.10% SPL@1m=0.2517
[ZSON3 EVAL] 992/2000 scene=cvZr5TUy5C5.basis episode=1 target=tv_monitor success=0 spl=0.0000 reason=false_positive steps=137 runtime=121.4s SR=53.12% (527/992) mean_SPL=0.2397 SR@1m=56.05% SPL@1m=0.2515
[ZSON3 EVAL] 993/2000 scene=cvZr5TUy5C5.basis episode=2 target=bed success=0 spl=0.0000 reason=max_steps_reached steps=497 runtime=429.2s SR=53.07% (527/993) mean_SPL=0.2394 SR@1m=55.99% SPL@1m=0.2512
[ZSON3 EVAL] 994/2000 scene=cvZr5TUy5C5.basis episode=3 target=bed success=0 spl=0.0000 reason=max_steps_reached steps=495 runtime=773.3s SR=53.02% (527/994) mean_SPL=0.2392 SR@1m=55.94% SPL@1m=0.2510
[ZSON3 EVAL] 995/2000 scene=cvZr5TUy5C5.basis episode=4 target=plant success=0 spl=0.0000 reason=max_steps_reached steps=500 runtime=417.7s SR=52.96% (527/995) mean_SPL=0.2390 SR@1m=55.88% SPL@1m=0.2507
[ZSON3 EVAL] 996/2000 scene=cvZr5TUy5C5.basis episode=5 target=plant success=0 spl=0.0000 reason=max_steps_reached steps=500 runtime=323.5s SR=52.91% (527/996) mean_SPL=0.2387 SR@1m=55.82% SPL@1m=0.2505
[ZSON3 EVAL] 997/2000 scene=cvZr5TUy5C5.basis episode=6 target=toilet success=1 spl=0.4927 reason=object_found steps=66 runtime=52.8s SR=52.96% (528/997) mean_SPL=0.2390 SR@1m=55.87% SPL@1m=0.2507
[ZSON3 EVAL] 998/2000 scene=cvZr5TUy5C5.basis episode=7 target=bed success=0 spl=0.0000 reason=max_steps_reached steps=500 runtime=639.6s SR=52.91% (528/998) mean_SPL=0.2387 SR@1m=55.81% SPL@1m=0.2504
[ZSON3 EVAL] 999/2000 scene=cvZr5TUy5C5.basis episode=8 target=toilet success=1 spl=0.0807 reason=object_found steps=413 runtime=332.7s SR=52.95% (529/999) mean_SPL=0.2386 SR@1m=55.86% SPL@1m=0.2503
[ZSON3 EVAL] 1000/2000 scene=cvZr5TUy5C5.basis episode=9 target=toilet success=1 spl=0.1864 reason=object_found steps=266 runtime=183.3s SR=53.00% (530/1000) mean_SPL=0.2385 SR@1m=55.90% SPL@1m=0.2502
[ZSON3 EVAL] 1001/2000 scene=cvZr5TUy5C5.basis episode=10 target=tv_monitor success=1 spl=0.2409 reason=object_found steps=110 runtime=62.3s SR=53.05% (531/1001) mean_SPL=0.2385 SR@1m=55.94% SPL@1m=0.2502
[ZSON3 EVAL] 1002/2000 scene=cvZr5TUy5C5.basis episode=11 target=chair success=1 spl=0.3628 reason=object_found steps=228 runtime=275.2s SR=53.09% (532/1002) mean_SPL=0.2386 SR@1m=55.99% SPL@1m=0.2503
[ZSON3 EVAL] 1003/2000 scene=cvZr5TUy5C5.basis episode=12 target=chair success=0 spl=0.0000 reason=max_steps_reached steps=495 runtime=923.2s SR=53.04% (532/1003) mean_SPL=0.2384 SR@1m=55.93% SPL@1m=0.2501
[ZSON3 EVAL] 1004/2000 scene=cvZr5TUy5C5.basis episode=13 target=tv_monitor success=0 spl=0.0000 reason=false_positive steps=239 runtime=257.9s SR=52.99% (532/1004) mean_SPL=0.2382 SR@1m=55.88% SPL@1m=0.2498
[ZSON3 EVAL] 1005/2000 scene=cvZr5TUy5C5.basis episode=14 target=toilet success=0 spl=0.0000 reason=max_steps_reached steps=500 runtime=557.8s SR=52.94% (532/1005) mean_SPL=0.2379 SR@1m=55.82% SPL@1m=0.2496
[ZSON3 EVAL] 1006/2000 scene=cvZr5TUy5C5.basis episode=15 target=toilet success=1 spl=0.1792 reason=robot_stuck steps=365 runtime=414.1s SR=52.98% (533/1006) mean_SPL=0.2379 SR@1m=55.86% SPL@1m=0.2495
[ZSON3 EVAL] 1007/2000 scene=cvZr5TUy5C5.basis episode=16 target=plant success=0 spl=0.0000 reason=max_steps_reached steps=500 runtime=407.7s SR=52.93% (533/1007) mean_SPL=0.2376 SR@1m=55.81% SPL@1m=0.2493
[ZSON3 EVAL] 1008/2000 scene=cvZr5TUy5C5.basis episode=17 target=sofa success=1 spl=0.9437 reason=object_found steps=55 runtime=46.0s SR=52.98% (534/1008) mean_SPL=0.2383 SR@1m=55.85% SPL@1m=0.2499
[ZSON3 EVAL] 1009/2000 scene=cvZr5TUy5C5.basis episode=18 target=chair success=1 spl=0.8487 reason=object_found steps=55 runtime=41.4s SR=53.02% (535/1009) mean_SPL=0.2389 SR@1m=55.90% SPL@1m=0.2505
[ZSON3 EVAL] 1010/2000 scene=cvZr5TUy5C5.basis episode=19 target=sofa success=0 spl=0.0000 reason=robot_stuck steps=242 runtime=94.7s SR=52.97% (535/1010) mean_SPL=0.2387 SR@1m=55.84% SPL@1m=0.2503
[ZSON3 EVAL] 1011/2000 scene=cvZr5TUy5C5.basis episode=20 target=sofa success=0 spl=0.0000 reason=max_steps_reached steps=500 runtime=700.0s SR=52.92% (535/1011) mean_SPL=0.2385 SR@1m=55.79% SPL@1m=0.2500
[ZSON3 EVAL] 1012/2000 scene=cvZr5TUy5C5.basis episode=21 target=chair success=1 spl=0.8543 reason=object_found steps=19 runtime=16.5s SR=52.96% (536/1012) mean_SPL=0.2391 SR@1m=55.83% SPL@1m=0.2506
[ZSON3 EVAL] 1013/2000 scene=cvZr5TUy5C5.basis episode=22 target=sofa success=0 spl=0.0000 reason=false_positive steps=42 runtime=32.5s SR=52.91% (536/1013) mean_SPL=0.2388 SR@1m=55.77% SPL@1m=0.2504
[ZSON3 EVAL] 1014/2000 scene=cvZr5TUy5C5.basis episode=23 target=chair success=0 spl=0.0000 reason=max_steps_reached steps=500 runtime=628.5s SR=52.86% (536/1014) mean_SPL=0.2386 SR@1m=55.72% SPL@1m=0.2501
[ZSON3 EVAL] 1015/2000 scene=cvZr5TUy5C5.basis episode=24 target=toilet success=0 spl=0.0000 reason=max_steps_reached steps=494 runtime=547.7s SR=52.81% (536/1015) mean_SPL=0.2384 SR@1m=55.67% SPL@1m=0.2499
[ZSON3 EVAL] 1016/2000 scene=cvZr5TUy5C5.basis episode=25 target=plant success=0 spl=0.0000 reason=max_steps_reached steps=499 runtime=625.4s SR=52.76% (536/1016) mean_SPL=0.2381 SR@1m=55.61% SPL@1m=0.2496
[ZSON3 EVAL] 1017/2000 scene=cvZr5TUy5C5.basis episode=26 target=toilet success=0 spl=0.0000 reason=max_steps_reached steps=496 runtime=484.1s SR=52.70% (536/1017) mean_SPL=0.2379 SR@1m=55.56% SPL@1m=0.2494
[ZSON3 EVAL] 1018/2000 scene=cvZr5TUy5C5.basis episode=27 target=toilet success=0 spl=0.0000 reason=max_steps_reached steps=499 runtime=546.8s SR=52.65% (536/1018) mean_SPL=0.2377 SR@1m=55.50% SPL@1m=0.2492
[ZSON3 EVAL] 1019/2000 scene=cvZr5TUy5C5.basis episode=28 target=sofa success=1 spl=0.9298 reason=object_found steps=29 runtime=18.3s SR=52.70% (537/1019) mean_SPL=0.2384 SR@1m=55.54% SPL@1m=0.2498
[ZSON3 EVAL] 1020/2000 scene=cvZr5TUy5C5.basis episode=29 target=bed success=0 spl=0.0000 reason=max_steps_reached steps=500 runtime=415.8s SR=52.65% (537/1020) mean_SPL=0.2381 SR@1m=55.49% SPL@1m=0.2496
[ZSON3 EVAL] 1021/2000 scene=cvZr5TUy5C5.basis episode=30 target=plant success=1 spl=0.4016 reason=max_steps_reached steps=500 runtime=474.1s SR=52.69% (538/1021) mean_SPL=0.2383 SR@1m=55.53% SPL@1m=0.2497
[ZSON3 EVAL] 1022/2000 scene=cvZr5TUy5C5.basis episode=31 target=plant success=0 spl=0.0000 reason=max_steps_reached steps=494 runtime=349.3s SR=52.64% (538/1022) mean_SPL=0.2380 SR@1m=55.48% SPL@1m=0.2495
[ZSON3 EVAL] 1023/2000 scene=cvZr5TUy5C5.basis episode=32 target=plant success=0 spl=0.0000 reason=max_steps_reached steps=499 runtime=381.3s SR=52.59% (538/1023) mean_SPL=0.2378 SR@1m=55.43% SPL@1m=0.2492
[ZSON3 EVAL] 1024/2000 scene=cvZr5TUy5C5.basis episode=33 target=toilet success=0 spl=0.0000 reason=max_steps_reached steps=500 runtime=373.0s SR=52.54% (538/1024) mean_SPL=0.2376 SR@1m=55.37% SPL@1m=0.2490
[ZSON3 EVAL] 1025/2000 scene=cvZr5TUy5C5.basis episode=34 target=sofa success=1 spl=0.1998 reason=object_found steps=422 runtime=592.7s SR=52.59% (539/1025) mean_SPL=0.2375 SR@1m=55.41% SPL@1m=0.2489
[ZSON3 EVAL] 1026/2000 scene=cvZr5TUy5C5.basis episode=35 target=chair success=0 spl=0.0000 reason=max_steps_reached steps=500 runtime=629.9s SR=52.53% (539/1026) mean_SPL=0.2373 SR@1m=55.36% SPL@1m=0.2487
[ZSON3 EVAL] 1027/2000 scene=cvZr5TUy5C5.basis episode=36 target=toilet success=1 spl=0.3158 reason=object_found steps=299 runtime=241.7s SR=52.58% (540/1027) mean_SPL=0.2374 SR@1m=55.40% SPL@1m=0.2488
[ZSON3 EVAL] 1028/2000 scene=cvZr5TUy5C5.basis episode=37 target=plant success=1 spl=0.1612 reason=max_steps_reached steps=500 runtime=542.1s SR=52.63% (541/1028) mean_SPL=0.2373 SR@1m=55.45% SPL@1m=0.2487
[ZSON3 EVAL] 1029/2000 scene=cvZr5TUy5C5.basis episode=38 target=chair success=0 spl=0.0000 reason=max_steps_reached steps=500 runtime=647.7s SR=52.58% (541/1029) mean_SPL=0.2371 SR@1m=55.39% SPL@1m=0.2484
[ZSON3 EVAL] 1030/2000 scene=cvZr5TUy5C5.basis episode=39 target=chair success=0 spl=0.0000 reason=max_steps_reached steps=500 runtime=948.3s SR=52.52% (541/1030) mean_SPL=0.2369 SR@1m=55.34% SPL@1m=0.2482
[ZSON3 EVAL] 1031/2000 scene=cvZr5TUy5C5.basis episode=40 target=bed success=0 spl=0.0000 reason=false_positive steps=38 runtime=28.4s SR=52.47% (541/1031) mean_SPL=0.2366 SR@1m=55.29% SPL@1m=0.2480
[ZSON3 EVAL] 1032/2000 scene=cvZr5TUy5C5.basis episode=41 target=tv_monitor success=0 spl=0.0000 reason=false_positive steps=424 runtime=556.2s SR=52.42% (541/1032) mean_SPL=0.2364 SR@1m=55.23% SPL@1m=0.2477
[ZSON3 EVAL] 1033/2000 scene=cvZr5TUy5C5.basis episode=42 target=chair success=1 spl=0.1466 reason=object_found steps=298 runtime=204.3s SR=52.47% (542/1033) mean_SPL=0.2363 SR@1m=55.28% SPL@1m=0.2476
[ZSON3 EVAL] 1034/2000 scene=cvZr5TUy5C5.basis episode=43 target=tv_monitor success=0 spl=0.0000 reason=false_positive steps=220 runtime=183.4s SR=52.42% (542/1034) mean_SPL=0.2361 SR@1m=55.22% SPL@1m=0.2474
[ZSON3 EVAL] 1035/2000 scene=cvZr5TUy5C5.basis episode=44 target=sofa success=0 spl=0.0000 reason=false_positive steps=178 runtime=99.5s SR=52.37% (542/1035) mean_SPL=0.2359 SR@1m=55.17% SPL@1m=0.2471
[ZSON3 EVAL] 1036/2000 scene=cvZr5TUy5C5.basis episode=45 target=sofa success=0 spl=0.0000 reason=false_positive steps=125 runtime=124.6s SR=52.32% (542/1036) mean_SPL=0.2356 SR@1m=55.12% SPL@1m=0.2469
[ZSON3 EVAL] 1037/2000 scene=cvZr5TUy5C5.basis episode=46 target=chair success=0 spl=0.0000 reason=max_steps_reached steps=500 runtime=825.7s SR=52.27% (542/1037) mean_SPL=0.2354 SR@1m=55.06% SPL@1m=0.2467
[ZSON3 EVAL] 1038/2000 scene=cvZr5TUy5C5.basis episode=47 target=toilet success=1 spl=0.2536 reason=object_found steps=416 runtime=288.8s SR=52.31% (543/1038) mean_SPL=0.2354 SR@1m=55.11% SPL@1m=0.2467
[ZSON3 EVAL] 1039/2000 scene=cvZr5TUy5C5.basis episode=48 target=sofa success=1 spl=0.6780 reason=object_found steps=69 runtime=49.8s SR=52.36% (544/1039) mean_SPL=0.2358 SR@1m=55.15% SPL@1m=0.2471
[ZSON3 EVAL] 1040/2000 scene=cvZr5TUy5C5.basis episode=49 target=sofa success=1 spl=0.6100 reason=object_found steps=33 runtime=26.4s SR=52.40% (545/1040) mean_SPL=0.2362 SR@1m=55.19% SPL@1m=0.2474
[ZSON3 EVAL] 1041/2000 scene=cvZr5TUy5C5.basis episode=50 target=toilet success=1 spl=0.2306 reason=object_found steps=322 runtime=311.1s SR=52.45% (546/1041) mean_SPL=0.2362 SR@1m=55.24% SPL@1m=0.2474
[ZSON3 EVAL] 1042/2000 scene=cvZr5TUy5C5.basis episode=51 target=tv_monitor success=0 spl=0.0000 reason=false_positive steps=58 runtime=42.3s SR=52.40% (546/1042) mean_SPL=0.2360 SR@1m=55.18% SPL@1m=0.2472
[ZSON3 EVAL] 1043/2000 scene=cvZr5TUy5C5.basis episode=52 target=plant success=0 spl=0.0000 reason=max_steps_reached steps=500 runtime=556.2s SR=52.35% (546/1043) mean_SPL=0.2357 SR@1m=55.13% SPL@1m=0.2470
[ZSON3 EVAL] 1044/2000 scene=cvZr5TUy5C5.basis episode=53 target=chair success=0 spl=0.0000 reason=max_steps_reached steps=500 runtime=810.7s SR=52.30% (546/1044) mean_SPL=0.2355 SR@1m=55.08% SPL@1m=0.2467
[ZSON3 EVAL] 1045/2000 scene=cvZr5TUy5C5.basis episode=54 target=toilet success=1 spl=0.2607 reason=object_found steps=191 runtime=122.6s SR=52.34% (547/1045) mean_SPL=0.2355 SR@1m=55.12% SPL@1m=0.2467
[ZSON3 EVAL] 1046/2000 scene=cvZr5TUy5C5.basis episode=55 target=chair success=1 spl=0.8592 reason=object_found steps=78 runtime=36.0s SR=52.39% (548/1046) mean_SPL=0.2361 SR@1m=55.16% SPL@1m=0.2473
[ZSON3 EVAL] 1047/2000 scene=cvZr5TUy5C5.basis episode=56 target=chair success=0 spl=0.0000 reason=max_steps_reached steps=496 runtime=656.0s SR=52.34% (548/1047) mean_SPL=0.2359 SR@1m=55.11% SPL@1m=0.2471
[ZSON3 EVAL] 1048/2000 scene=cvZr5TUy5C5.basis episode=57 target=plant success=0 spl=0.0000 reason=max_steps_reached steps=496 runtime=369.1s SR=52.29% (548/1048) mean_SPL=0.2357 SR@1m=55.06% SPL@1m=0.2468
[ZSON3 EVAL] 1049/2000 scene=cvZr5TUy5C5.basis episode=58 target=tv_monitor success=0 spl=0.0000 reason=false_positive steps=184 runtime=191.3s SR=52.24% (548/1049) mean_SPL=0.2355 SR@1m=55.00% SPL@1m=0.2466
[ZSON3 EVAL] 1050/2000 scene=cvZr5TUy5C5.basis episode=59 target=tv_monitor success=0 spl=0.0000 reason=max_steps_reached steps=499 runtime=775.0s SR=52.19% (548/1050) mean_SPL=0.2352 SR@1m=54.95% SPL@1m=0.2464
[ZSON3 EVAL] 1051/2000 scene=cvZr5TUy5C5.basis episode=60 target=toilet success=0 spl=0.0000 reason=max_steps_reached steps=500 runtime=827.6s SR=52.14% (548/1051) mean_SPL=0.2350 SR@1m=54.90% SPL@1m=0.2461
[ZSON3 EVAL] 1052/2000 scene=cvZr5TUy5C5.basis episode=61 target=tv_monitor success=1 spl=0.2577 reason=object_found steps=246 runtime=181.2s SR=52.19% (549/1052) mean_SPL=0.2350 SR@1m=54.94% SPL@1m=0.2461
[ZSON3 EVAL] 1053/2000 scene=cvZr5TUy5C5.basis episode=62 target=chair success=1 spl=0.8244 reason=object_found steps=29 runtime=21.6s SR=52.23% (550/1053) mean_SPL=0.2356 SR@1m=54.99% SPL@1m=0.2467
[ZSON3 EVAL] 1054/2000 scene=cvZr5TUy5C5.basis episode=63 target=sofa success=1 spl=0.6534 reason=object_found steps=109 runtime=92.1s SR=52.28% (551/1054) mean_SPL=0.2360 SR@1m=55.03% SPL@1m=0.2471
[ZSON3 EVAL] 1055/2000 scene=cvZr5TUy5C5.basis episode=64 target=chair success=1 spl=0.2092 reason=max_steps_reached steps=500 runtime=557.4s SR=52.32% (552/1055) mean_SPL=0.2360 SR@1m=55.07% SPL@1m=0.2470
[ZSON3 EVAL] 1056/2000 scene=cvZr5TUy5C5.basis episode=65 target=plant success=0 spl=0.0000 reason=max_steps_reached steps=500 runtime=305.3s SR=52.27% (552/1056) mean_SPL=0.2357 SR@1m=55.02% SPL@1m=0.2468
[ZSON3 EVAL] 1057/2000 scene=cvZr5TUy5C5.basis episode=66 target=chair success=0 spl=0.0000 reason=object_found_at_1m_only steps=31 runtime=26.2s SR=52.22% (552/1057) mean_SPL=0.2355 SR@1m=55.06% SPL@1m=0.2475
[ZSON3 EVAL] 1058/2000 scene=cvZr5TUy5C5.basis episode=67 target=tv_monitor success=0 spl=0.0000 reason=false_positive steps=7 runtime=4.8s SR=52.17% (552/1058) mean_SPL=0.2353 SR@1m=55.01% SPL@1m=0.2473
[ZSON3 EVAL] 1059/2000 scene=cvZr5TUy5C5.basis episode=68 target=chair success=1 spl=0.0927 reason=object_found steps=281 runtime=329.4s SR=52.22% (553/1059) mean_SPL=0.2352 SR@1m=55.05% SPL@1m=0.2471
[ZSON3 EVAL] 1060/2000 scene=cvZr5TUy5C5.basis episode=69 target=bed success=0 spl=0.0000 reason=max_steps_reached steps=493 runtime=699.9s SR=52.17% (553/1060) mean_SPL=0.2349 SR@1m=55.00% SPL@1m=0.2469
[ZSON3 EVAL] 1061/2000 scene=cvZr5TUy5C5.basis episode=70 target=bed success=0 spl=0.0000 reason=max_steps_reached steps=500 runtime=362.5s SR=52.12% (553/1061) mean_SPL=0.2347 SR@1m=54.95% SPL@1m=0.2467
[ZSON3 EVAL] 1062/2000 scene=cvZr5TUy5C5.basis episode=71 target=bed success=0 spl=0.0000 reason=max_steps_reached steps=500 runtime=669.0s SR=52.07% (553/1062) mean_SPL=0.2345 SR@1m=54.90% SPL@1m=0.2464
[ZSON3 EVAL] 1063/2000 scene=cvZr5TUy5C5.basis episode=72 target=plant success=0 spl=0.0000 reason=max_steps_reached steps=500 runtime=333.3s SR=52.02% (553/1063) mean_SPL=0.2343 SR@1m=54.84% SPL@1m=0.2462
[ZSON3 EVAL] 1064/2000 scene=cvZr5TUy5C5.basis episode=73 target=bed success=0 spl=0.0000 reason=max_steps_reached steps=500 runtime=411.6s SR=51.97% (553/1064) mean_SPL=0.2341 SR@1m=54.79% SPL@1m=0.2460
[ZSON3 EVAL] 1065/2000 scene=cvZr5TUy5C5.basis episode=74 target=bed success=0 spl=0.0000 reason=max_steps_reached steps=500 runtime=382.8s SR=51.92% (553/1065) mean_SPL=0.2338 SR@1m=54.74% SPL@1m=0.2458
[ZSON3 EVAL] 1066/2000 scene=cvZr5TUy5C5.basis episode=75 target=tv_monitor success=0 spl=0.0000 reason=false_positive steps=83 runtime=61.4s SR=51.88% (553/1066) mean_SPL=0.2336 SR@1m=54.69% SPL@1m=0.2455
[ZSON3 EVAL] 1067/2000 scene=cvZr5TUy5C5.basis episode=76 target=toilet success=1 spl=0.5513 reason=object_found steps=210 runtime=134.4s SR=51.92% (554/1067) mean_SPL=0.2339 SR@1m=54.73% SPL@1m=0.2458
[ZSON3 EVAL] 1068/2000 scene=cvZr5TUy5C5.basis episode=77 target=tv_monitor success=0 spl=0.0000 reason=false_positive steps=400 runtime=547.3s SR=51.87% (554/1068) mean_SPL=0.2337 SR@1m=54.68% SPL@1m=0.2456
[ZSON3 EVAL] 1069/2000 scene=cvZr5TUy5C5.basis episode=78 target=tv_monitor success=0 spl=0.0000 reason=false_positive steps=217 runtime=234.6s SR=51.82% (554/1069) mean_SPL=0.2335 SR@1m=54.63% SPL@1m=0.2453
[ZSON3 EVAL] 1070/2000 scene=cvZr5TUy5C5.basis episode=79 target=toilet success=1 spl=0.3463 reason=object_found steps=172 runtime=122.3s SR=51.87% (555/1070) mean_SPL=0.2336 SR@1m=54.67% SPL@1m=0.2454
[ZSON3 EVAL] 1071/2000 scene=cvZr5TUy5C5.basis episode=80 target=sofa success=0 spl=0.0000 reason=false_positive steps=136 runtime=78.0s SR=51.82% (555/1071) mean_SPL=0.2334 SR@1m=54.62% SPL@1m=0.2452
[ZSON3 EVAL] 1072/2000 scene=cvZr5TUy5C5.basis episode=81 target=toilet success=1 spl=0.6829 reason=object_found steps=108 runtime=65.8s SR=51.87% (556/1072) mean_SPL=0.2338 SR@1m=54.66% SPL@1m=0.2456
[ZSON3 EVAL] 1073/2000 scene=cvZr5TUy5C5.basis episode=82 target=sofa success=1 spl=0.5321 reason=object_found steps=88 runtime=67.2s SR=51.91% (557/1073) mean_SPL=0.2341 SR@1m=54.71% SPL@1m=0.2459
[ZSON3 EVAL] 1074/2000 scene=cvZr5TUy5C5.basis episode=83 target=chair success=1 spl=0.6994 reason=object_found steps=33 runtime=22.8s SR=51.96% (558/1074) mean_SPL=0.2345 SR@1m=54.75% SPL@1m=0.2463
[ZSON3 EVAL] 1075/2000 scene=cvZr5TUy5C5.basis episode=84 target=tv_monitor success=0 spl=0.0000 reason=false_positive steps=384 runtime=513.4s SR=51.91% (558/1075) mean_SPL=0.2343 SR@1m=54.70% SPL@1m=0.2461
[ZSON3 EVAL] 1076/2000 scene=cvZr5TUy5C5.basis episode=85 target=bed success=0 spl=0.0000 reason=max_steps_reached steps=500 runtime=584.7s SR=51.86% (558/1076) mean_SPL=0.2341 SR@1m=54.65% SPL@1m=0.2459
[ZSON3 EVAL] 1077/2000 scene=cvZr5TUy5C5.basis episode=86 target=toilet success=1 spl=0.0791 reason=object_found steps=374 runtime=444.6s SR=51.90% (559/1077) mean_SPL=0.2339 SR@1m=54.69% SPL@1m=0.2457
[ZSON3 EVAL] 1078/2000 scene=cvZr5TUy5C5.basis episode=87 target=bed success=0 spl=0.0000 reason=max_steps_reached steps=491 runtime=495.0s SR=51.86% (559/1078) mean_SPL=0.2337 SR@1m=54.64% SPL@1m=0.2455
[ZSON3 EVAL] 1079/2000 scene=cvZr5TUy5C5.basis episode=88 target=bed success=0 spl=0.0000 reason=max_steps_reached steps=500 runtime=608.0s SR=51.81% (559/1079) mean_SPL=0.2335 SR@1m=54.59% SPL@1m=0.2452
[ZSON3 EVAL] 1080/2000 scene=cvZr5TUy5C5.basis episode=89 target=toilet success=0 spl=0.0000 reason=max_steps_reached steps=500 runtime=585.7s SR=51.76% (559/1080) mean_SPL=0.2333 SR@1m=54.54% SPL@1m=0.2450
[ZSON3 EVAL] 1081/2000 scene=cvZr5TUy5C5.basis episode=90 target=sofa success=1 spl=0.1544 reason=object_found steps=209 runtime=208.1s SR=51.80% (560/1081) mean_SPL=0.2332 SR@1m=54.58% SPL@1m=0.2449
[ZSON3 EVAL] 1082/2000 scene=cvZr5TUy5C5.basis episode=91 target=sofa success=0 spl=0.0000 reason=false_positive steps=16 runtime=15.0s SR=51.76% (560/1082) mean_SPL=0.2330 SR@1m=54.53% SPL@1m=0.2447
[ZSON3 EVAL] 1083/2000 scene=cvZr5TUy5C5.basis episode=92 target=bed success=0 spl=0.0000 reason=max_steps_reached steps=493 runtime=410.9s SR=51.71% (560/1083) mean_SPL=0.2328 SR@1m=54.48% SPL@1m=0.2445
[ZSON3 EVAL] 1084/2000 scene=cvZr5TUy5C5.basis episode=93 target=tv_monitor success=0 spl=0.0000 reason=false_positive steps=88 runtime=63.4s SR=51.66% (560/1084) mean_SPL=0.2325 SR@1m=54.43% SPL@1m=0.2443
[ZSON3 EVAL] 1085/2000 scene=cvZr5TUy5C5.basis episode=94 target=bed success=0 spl=0.0000 reason=max_steps_reached steps=500 runtime=390.5s SR=51.61% (560/1085) mean_SPL=0.2323 SR@1m=54.38% SPL@1m=0.2440
[ZSON3 EVAL] 1086/2000 scene=cvZr5TUy5C5.basis episode=95 target=plant success=0 spl=0.0000 reason=max_steps_reached steps=499 runtime=512.3s SR=51.57% (560/1086) mean_SPL=0.2321 SR@1m=54.33% SPL@1m=0.2438
[ZSON3 EVAL] 1087/2000 scene=cvZr5TUy5C5.basis episode=96 target=sofa success=0 spl=0.0000 reason=false_positive steps=46 runtime=35.2s SR=51.52% (560/1087) mean_SPL=0.2319 SR@1m=54.28% SPL@1m=0.2436
[ZSON3 EVAL] 1088/2000 scene=cvZr5TUy5C5.basis episode=97 target=toilet success=1 spl=0.0869 reason=object_found steps=452 runtime=531.4s SR=51.56% (561/1088) mean_SPL=0.2318 SR@1m=54.32% SPL@1m=0.2434
[ZSON3 EVAL] 1089/2000 scene=cvZr5TUy5C5.basis episode=98 target=tv_monitor success=0 spl=0.0000 reason=false_positive steps=27 runtime=15.0s SR=51.52% (561/1089) mean_SPL=0.2316 SR@1m=54.27% SPL@1m=0.2432
[ZSON3 EVAL] 1090/2000 scene=mL8ThkuaVTM.basis episode=0 target=bed success=0 spl=0.0000 reason=max_steps_reached steps=498 runtime=320.4s SR=51.47% (561/1090) mean_SPL=0.2313 SR@1m=54.22% SPL@1m=0.2430
[ZSON3 EVAL] 1091/2000 scene=mL8ThkuaVTM.basis episode=1 target=bed success=0 spl=0.0000 reason=max_steps_reached steps=496 runtime=238.5s SR=51.42% (561/1091) mean_SPL=0.2311 SR@1m=54.17% SPL@1m=0.2428
[ZSON3 EVAL] 1092/2000 scene=mL8ThkuaVTM.basis episode=2 target=bed success=1 spl=0.6058 reason=object_found steps=275 runtime=148.0s SR=51.47% (562/1092) mean_SPL=0.2315 SR@1m=54.21% SPL@1m=0.2431
[ZSON3 EVAL] 1093/2000 scene=mL8ThkuaVTM.basis episode=3 target=bed success=0 spl=0.0000 reason=max_steps_reached steps=489 runtime=308.4s SR=51.42% (562/1093) mean_SPL=0.2313 SR@1m=54.16% SPL@1m=0.2429
[ZSON3 EVAL] 1094/2000 scene=mL8ThkuaVTM.basis episode=4 target=sofa success=1 spl=0.8403 reason=object_found steps=61 runtime=37.2s SR=51.46% (563/1094) mean_SPL=0.2318 SR@1m=54.20% SPL@1m=0.2434
[ZSON3 EVAL] 1095/2000 scene=mL8ThkuaVTM.basis episode=5 target=toilet success=1 spl=0.5981 reason=object_found steps=71 runtime=41.3s SR=51.51% (564/1095) mean_SPL=0.2322 SR@1m=54.25% SPL@1m=0.2437
[ZSON3 EVAL] 1096/2000 scene=mL8ThkuaVTM.basis episode=6 target=sofa success=1 spl=0.8680 reason=object_found steps=36 runtime=25.2s SR=51.55% (565/1096) mean_SPL=0.2327 SR@1m=54.29% SPL@1m=0.2443
[ZSON3 EVAL] 1097/2000 scene=mL8ThkuaVTM.basis episode=7 target=chair success=0 spl=0.0000 reason=false_positive steps=81 runtime=58.8s SR=51.50% (565/1097) mean_SPL=0.2325 SR@1m=54.24% SPL@1m=0.2441
[ZSON3 EVAL] 1098/2000 scene=mL8ThkuaVTM.basis episode=8 target=toilet success=0 spl=0.0000 reason=max_steps_reached steps=500 runtime=268.2s SR=51.46% (565/1098) mean_SPL=0.2323 SR@1m=54.19% SPL@1m=0.2439
[ZSON3 EVAL] 1099/2000 scene=mL8ThkuaVTM.basis episode=9 target=sofa success=1 spl=0.8473 reason=object_found steps=83 runtime=48.7s SR=51.50% (566/1099) mean_SPL=0.2329 SR@1m=54.23% SPL@1m=0.2444
[ZSON3 EVAL] 1100/2000 scene=mL8ThkuaVTM.basis episode=10 target=sofa success=1 spl=0.2129 reason=object_found steps=486 runtime=266.7s SR=51.55% (567/1100) mean_SPL=0.2329 SR@1m=54.27% SPL@1m=0.2444
[ZSON3 EVAL] 1101/2000 scene=mL8ThkuaVTM.basis episode=11 target=bed success=0 spl=0.0000 reason=no_frontiers steps=495 runtime=316.7s SR=51.50% (567/1101) mean_SPL=0.2326 SR@1m=54.22% SPL@1m=0.2442
[ZSON3 EVAL] 1102/2000 scene=mL8ThkuaVTM.basis episode=12 target=bed success=1 spl=0.1822 reason=object_found steps=364 runtime=162.8s SR=51.54% (568/1102) mean_SPL=0.2326 SR@1m=54.26% SPL@1m=0.2441
[ZSON3 EVAL] 1103/2000 scene=mL8ThkuaVTM.basis episode=13 target=toilet success=1 spl=0.2494 reason=object_found steps=283 runtime=139.6s SR=51.59% (569/1103) mean_SPL=0.2326 SR@1m=54.31% SPL@1m=0.2441
[ZSON3 EVAL] 1104/2000 scene=mL8ThkuaVTM.basis episode=14 target=bed success=0 spl=0.0000 reason=max_steps_reached steps=499 runtime=299.8s SR=51.54% (569/1104) mean_SPL=0.2324 SR@1m=54.26% SPL@1m=0.2439
[ZSON3 EVAL] 1105/2000 scene=mL8ThkuaVTM.basis episode=15 target=toilet success=0 spl=0.0000 reason=max_steps_reached steps=489 runtime=287.9s SR=51.49% (569/1105) mean_SPL=0.2322 SR@1m=54.21% SPL@1m=0.2437
[ZSON3 EVAL] 1106/2000 scene=mL8ThkuaVTM.basis episode=16 target=sofa success=0 spl=0.0000 reason=max_steps_reached steps=500 runtime=298.2s SR=51.45% (569/1106) mean_SPL=0.2320 SR@1m=54.16% SPL@1m=0.2435
[ZSON3 EVAL] 1107/2000 scene=mL8ThkuaVTM.basis episode=17 target=chair success=0 spl=0.0000 reason=max_steps_reached steps=494 runtime=234.2s SR=51.40% (569/1107) mean_SPL=0.2318 SR@1m=54.11% SPL@1m=0.2432
[ZSON3 EVAL] 1108/2000 scene=mL8ThkuaVTM.basis episode=18 target=toilet success=0 spl=0.0000 reason=max_steps_reached steps=486 runtime=261.9s SR=51.35% (569/1108) mean_SPL=0.2316 SR@1m=54.06% SPL@1m=0.2430
[ZSON3 EVAL] 1109/2000 scene=mL8ThkuaVTM.basis episode=19 target=toilet success=0 spl=0.0000 reason=max_steps_reached steps=495 runtime=258.1s SR=51.31% (569/1109) mean_SPL=0.2314 SR@1m=54.01% SPL@1m=0.2428
[ZSON3 EVAL] 1110/2000 scene=mL8ThkuaVTM.basis episode=20 target=sofa success=0 spl=0.0000 reason=max_steps_reached steps=499 runtime=278.9s SR=51.26% (569/1110) mean_SPL=0.2311 SR@1m=53.96% SPL@1m=0.2426
[ZSON3 EVAL] 1111/2000 scene=mL8ThkuaVTM.basis episode=21 target=toilet success=0 spl=0.0000 reason=max_steps_reached steps=496 runtime=268.9s SR=51.22% (569/1111) mean_SPL=0.2309 SR@1m=53.92% SPL@1m=0.2424
[ZSON3 EVAL] 1112/2000 scene=mL8ThkuaVTM.basis episode=22 target=chair success=0 spl=0.0000 reason=robot_stuck steps=207 runtime=109.7s SR=51.17% (569/1112) mean_SPL=0.2307 SR@1m=53.87% SPL@1m=0.2421
[ZSON3 EVAL] 1113/2000 scene=mL8ThkuaVTM.basis episode=23 target=sofa success=0 spl=0.0000 reason=max_steps_reached steps=496 runtime=287.0s SR=51.12% (569/1113) mean_SPL=0.2305 SR@1m=53.82% SPL@1m=0.2419
[ZSON3 EVAL] 1114/2000 scene=mL8ThkuaVTM.basis episode=24 target=toilet success=1 spl=0.8413 reason=object_found steps=47 runtime=30.8s SR=51.17% (570/1114) mean_SPL=0.2311 SR@1m=53.86% SPL@1m=0.2425
[ZSON3 EVAL] 1115/2000 scene=mL8ThkuaVTM.basis episode=25 target=sofa success=0 spl=0.0000 reason=max_steps_reached steps=500 runtime=266.5s SR=51.12% (570/1115) mean_SPL=0.2309 SR@1m=53.81% SPL@1m=0.2422
[ZSON3 EVAL] 1116/2000 scene=mL8ThkuaVTM.basis episode=26 target=chair success=0 spl=0.0000 reason=false_positive steps=53 runtime=35.3s SR=51.08% (570/1116) mean_SPL=0.2307 SR@1m=53.76% SPL@1m=0.2420
[ZSON3 EVAL] 1117/2000 scene=mL8ThkuaVTM.basis episode=27 target=chair success=0 spl=0.0000 reason=false_positive steps=449 runtime=254.4s SR=51.03% (570/1117) mean_SPL=0.2305 SR@1m=53.72% SPL@1m=0.2418
[ZSON3 EVAL] 1118/2000 scene=mL8ThkuaVTM.basis episode=28 target=bed success=0 spl=0.0000 reason=max_steps_reached steps=487 runtime=267.6s SR=50.98% (570/1118) mean_SPL=0.2302 SR@1m=53.67% SPL@1m=0.2416
[ZSON3 EVAL] 1119/2000 scene=mL8ThkuaVTM.basis episode=29 target=bed success=0 spl=0.0000 reason=max_steps_reached steps=494 runtime=262.6s SR=50.94% (570/1119) mean_SPL=0.2300 SR@1m=53.62% SPL@1m=0.2414
[ZSON3 EVAL] 1120/2000 scene=mL8ThkuaVTM.basis episode=30 target=bed success=0 spl=0.0000 reason=max_steps_reached steps=493 runtime=408.2s SR=50.89% (570/1120) mean_SPL=0.2298 SR@1m=53.57% SPL@1m=0.2412
[ZSON3 EVAL] 1121/2000 scene=mL8ThkuaVTM.basis episode=31 target=sofa success=0 spl=0.0000 reason=max_steps_reached steps=500 runtime=301.2s SR=50.85% (570/1121) mean_SPL=0.2296 SR@1m=53.52% SPL@1m=0.2409
[ZSON3 EVAL] 1122/2000 scene=mL8ThkuaVTM.basis episode=32 target=toilet success=1 spl=0.1592 reason=object_found steps=402 runtime=168.0s SR=50.89% (571/1122) mean_SPL=0.2296 SR@1m=53.57% SPL@1m=0.2409
[ZSON3 EVAL] 1123/2000 scene=mL8ThkuaVTM.basis episode=33 target=chair success=0 spl=0.0000 reason=max_steps_reached steps=489 runtime=236.3s SR=50.85% (571/1123) mean_SPL=0.2294 SR@1m=53.52% SPL@1m=0.2407
[ZSON3 EVAL] 1124/2000 scene=mL8ThkuaVTM.basis episode=34 target=chair success=0 spl=0.0000 reason=false_positive steps=83 runtime=54.5s SR=50.80% (571/1124) mean_SPL=0.2292 SR@1m=53.47% SPL@1m=0.2404
[ZSON3 EVAL] 1125/2000 scene=mL8ThkuaVTM.basis episode=35 target=sofa success=1 spl=0.2173 reason=object_found steps=208 runtime=77.2s SR=50.84% (572/1125) mean_SPL=0.2291 SR@1m=53.51% SPL@1m=0.2404
[ZSON3 EVAL] 1126/2000 scene=mL8ThkuaVTM.basis episode=36 target=chair success=0 spl=0.0000 reason=max_steps_reached steps=500 runtime=229.8s SR=50.80% (572/1126) mean_SPL=0.2289 SR@1m=53.46% SPL@1m=0.2402
[ZSON3 EVAL] 1127/2000 scene=mL8ThkuaVTM.basis episode=37 target=bed success=0 spl=0.0000 reason=max_steps_reached steps=495 runtime=375.0s SR=50.75% (572/1127) mean_SPL=0.2287 SR@1m=53.42% SPL@1m=0.2400
[ZSON3 EVAL] 1128/2000 scene=mL8ThkuaVTM.basis episode=38 target=sofa success=1 spl=0.5067 reason=object_found steps=76 runtime=41.8s SR=50.80% (573/1128) mean_SPL=0.2290 SR@1m=53.46% SPL@1m=0.2402
[ZSON3 EVAL] 1129/2000 scene=mL8ThkuaVTM.basis episode=39 target=chair success=0 spl=0.0000 reason=max_steps_reached steps=497 runtime=258.0s SR=50.75% (573/1129) mean_SPL=0.2288 SR@1m=53.41% SPL@1m=0.2400
[ZSON3 EVAL] 1130/2000 scene=mL8ThkuaVTM.basis episode=40 target=bed success=0 spl=0.0000 reason=max_steps_reached steps=496 runtime=269.0s SR=50.71% (573/1130) mean_SPL=0.2286 SR@1m=53.36% SPL@1m=0.2398
[ZSON3 EVAL] 1131/2000 scene=mL8ThkuaVTM.basis episode=41 target=chair success=0 spl=0.0000 reason=robot_stuck steps=207 runtime=126.1s SR=50.66% (573/1131) mean_SPL=0.2284 SR@1m=53.32% SPL@1m=0.2396
[ZSON3 EVAL] 1132/2000 scene=mL8ThkuaVTM.basis episode=42 target=sofa success=0 spl=0.0000 reason=max_steps_reached steps=500 runtime=261.2s SR=50.62% (573/1132) mean_SPL=0.2282 SR@1m=53.27% SPL@1m=0.2394
[ZSON3 EVAL] 1133/2000 scene=mL8ThkuaVTM.basis episode=43 target=toilet success=1 spl=0.6869 reason=object_found steps=42 runtime=24.2s SR=50.66% (574/1133) mean_SPL=0.2286 SR@1m=53.31% SPL@1m=0.2398
[ZSON3 EVAL] 1134/2000 scene=mL8ThkuaVTM.basis episode=44 target=toilet success=0 spl=0.0000 reason=robot_stuck steps=310 runtime=182.2s SR=50.62% (574/1134) mean_SPL=0.2284 SR@1m=53.35% SPL@1m=0.2400
[ZSON3 EVAL] 1135/2000 scene=mL8ThkuaVTM.basis episode=45 target=chair success=0 spl=0.0000 reason=robot_stuck steps=460 runtime=237.8s SR=50.57% (574/1135) mean_SPL=0.2282 SR@1m=53.30% SPL@1m=0.2398
[ZSON3 EVAL] 1136/2000 scene=mL8ThkuaVTM.basis episode=46 target=bed success=1 spl=0.6861 reason=object_found steps=116 runtime=60.2s SR=50.62% (575/1136) mean_SPL=0.2286 SR@1m=53.35% SPL@1m=0.2401
[ZSON3 EVAL] 1137/2000 scene=mL8ThkuaVTM.basis episode=47 target=chair success=0 spl=0.0000 reason=max_steps_reached steps=497 runtime=284.1s SR=50.57% (575/1137) mean_SPL=0.2284 SR@1m=53.30% SPL@1m=0.2399
[ZSON3 EVAL] 1138/2000 scene=mL8ThkuaVTM.basis episode=48 target=toilet success=0 spl=0.0000 reason=max_steps_reached steps=490 runtime=304.3s SR=50.53% (575/1138) mean_SPL=0.2282 SR@1m=53.25% SPL@1m=0.2397
[ZSON3 EVAL] 1139/2000 scene=mL8ThkuaVTM.basis episode=49 target=toilet success=1 spl=0.3807 reason=object_found steps=149 runtime=97.3s SR=50.57% (576/1139) mean_SPL=0.2283 SR@1m=53.29% SPL@1m=0.2398
[ZSON3 EVAL] 1140/2000 scene=mL8ThkuaVTM.basis episode=50 target=bed success=0 spl=0.0000 reason=max_steps_reached steps=499 runtime=297.6s SR=50.53% (576/1140) mean_SPL=0.2281 SR@1m=53.25% SPL@1m=0.2396
[ZSON3 EVAL] 1141/2000 scene=mL8ThkuaVTM.basis episode=51 target=chair success=0 spl=0.0000 reason=false_positive steps=98 runtime=64.8s SR=50.48% (576/1141) mean_SPL=0.2279 SR@1m=53.20% SPL@1m=0.2394
[ZSON3 EVAL] 1142/2000 scene=mL8ThkuaVTM.basis episode=52 target=toilet success=1 spl=0.3089 reason=object_found steps=100 runtime=62.7s SR=50.53% (577/1142) mean_SPL=0.2280 SR@1m=53.24% SPL@1m=0.2395
[ZSON3 EVAL] 1143/2000 scene=mL8ThkuaVTM.basis episode=53 target=chair success=0 spl=0.0000 reason=max_steps_reached steps=495 runtime=237.0s SR=50.48% (577/1143) mean_SPL=0.2278 SR@1m=53.19% SPL@1m=0.2393
[ZSON3 EVAL] 1144/2000 scene=mL8ThkuaVTM.basis episode=54 target=chair success=0 spl=0.0000 reason=max_steps_reached steps=496 runtime=285.1s SR=50.44% (577/1144) mean_SPL=0.2276 SR@1m=53.15% SPL@1m=0.2391
[ZSON3 EVAL] 1145/2000 scene=mL8ThkuaVTM.basis episode=55 target=toilet success=0 spl=0.0000 reason=max_steps_reached steps=500 runtime=242.2s SR=50.39% (577/1145) mean_SPL=0.2274 SR@1m=53.19% SPL@1m=0.2389
[ZSON3 EVAL] 1146/2000 scene=mL8ThkuaVTM.basis episode=56 target=toilet success=1 spl=0.1585 reason=object_found steps=272 runtime=145.9s SR=50.44% (578/1146) mean_SPL=0.2273 SR@1m=53.23% SPL@1m=0.2388
[ZSON3 EVAL] 1147/2000 scene=mL8ThkuaVTM.basis episode=57 target=chair success=0 spl=0.0000 reason=max_steps_reached steps=500 runtime=280.3s SR=50.39% (578/1147) mean_SPL=0.2271 SR@1m=53.18% SPL@1m=0.2386
[ZSON3 EVAL] 1148/2000 scene=mL8ThkuaVTM.basis episode=58 target=toilet success=1 spl=0.2478 reason=object_found steps=220 runtime=86.3s SR=50.44% (579/1148) mean_SPL=0.2271 SR@1m=53.22% SPL@1m=0.2386
[ZSON3 EVAL] 1149/2000 scene=mL8ThkuaVTM.basis episode=59 target=bed success=0 spl=0.0000 reason=max_steps_reached steps=487 runtime=312.9s SR=50.39% (579/1149) mean_SPL=0.2270 SR@1m=53.18% SPL@1m=0.2384
[ZSON3 EVAL] 1150/2000 scene=mL8ThkuaVTM.basis episode=60 target=chair success=0 spl=0.0000 reason=max_steps_reached steps=494 runtime=265.2s SR=50.35% (579/1150) mean_SPL=0.2268 SR@1m=53.13% SPL@1m=0.2382
[ZSON3 EVAL] 1151/2000 scene=mL8ThkuaVTM.basis episode=61 target=sofa success=0 spl=0.0000 reason=max_steps_reached steps=497 runtime=274.1s SR=50.30% (579/1151) mean_SPL=0.2266 SR@1m=53.08% SPL@1m=0.2380
[ZSON3 EVAL] 1152/2000 scene=mL8ThkuaVTM.basis episode=62 target=bed success=1 spl=0.8114 reason=object_found steps=47 runtime=23.4s SR=50.35% (580/1152) mean_SPL=0.2271 SR@1m=53.12% SPL@1m=0.2385
[ZSON3 EVAL] 1153/2000 scene=mL8ThkuaVTM.basis episode=63 target=toilet success=1 spl=0.2649 reason=object_found steps=356 runtime=193.2s SR=50.39% (581/1153) mean_SPL=0.2271 SR@1m=53.17% SPL@1m=0.2385
[ZSON3 EVAL] 1154/2000 scene=mL8ThkuaVTM.basis episode=64 target=sofa success=1 spl=0.1383 reason=object_found steps=412 runtime=163.0s SR=50.43% (582/1154) mean_SPL=0.2270 SR@1m=53.21% SPL@1m=0.2385
[ZSON3 EVAL] 1155/2000 scene=mL8ThkuaVTM.basis episode=65 target=chair success=0 spl=0.0000 reason=false_positive steps=11 runtime=15.7s SR=50.39% (582/1155) mean_SPL=0.2268 SR@1m=53.16% SPL@1m=0.2382
[ZSON3 EVAL] 1156/2000 scene=mL8ThkuaVTM.basis episode=66 target=toilet success=0 spl=0.0000 reason=robot_stuck steps=413 runtime=235.1s SR=50.35% (582/1156) mean_SPL=0.2266 SR@1m=53.11% SPL@1m=0.2380
[ZSON3 EVAL] 1157/2000 scene=mL8ThkuaVTM.basis episode=67 target=sofa success=1 spl=0.8785 reason=robot_stuck steps=245 runtime=151.9s SR=50.39% (583/1157) mean_SPL=0.2272 SR@1m=53.15% SPL@1m=0.2386
[ZSON3 EVAL] 1158/2000 scene=mL8ThkuaVTM.basis episode=68 target=sofa success=1 spl=0.5769 reason=object_found steps=57 runtime=31.5s SR=50.43% (584/1158) mean_SPL=0.2275 SR@1m=53.20% SPL@1m=0.2389
[ZSON3 EVAL] 1159/2000 scene=mL8ThkuaVTM.basis episode=69 target=bed success=0 spl=0.0000 reason=robot_stuck steps=473 runtime=287.6s SR=50.39% (584/1159) mean_SPL=0.2273 SR@1m=53.15% SPL@1m=0.2387
[ZSON3 EVAL] 1160/2000 scene=mL8ThkuaVTM.basis episode=70 target=sofa success=0 spl=0.0000 reason=max_steps_reached steps=498 runtime=248.5s SR=50.34% (584/1160) mean_SPL=0.2271 SR@1m=53.10% SPL@1m=0.2385
[ZSON3 EVAL] 1161/2000 scene=mL8ThkuaVTM.basis episode=71 target=toilet success=0 spl=0.0000 reason=max_steps_reached steps=496 runtime=291.5s SR=50.30% (584/1161) mean_SPL=0.2269 SR@1m=53.06% SPL@1m=0.2383
[ZSON3 EVAL] 1162/2000 scene=mL8ThkuaVTM.basis episode=72 target=sofa success=0 spl=0.0000 reason=max_steps_reached steps=500 runtime=288.1s SR=50.26% (584/1162) mean_SPL=0.2267 SR@1m=53.01% SPL@1m=0.2381
[ZSON3 EVAL] 1163/2000 scene=mL8ThkuaVTM.basis episode=73 target=bed success=0 spl=0.0000 reason=max_steps_reached steps=499 runtime=326.6s SR=50.21% (584/1163) mean_SPL=0.2265 SR@1m=52.97% SPL@1m=0.2379
[ZSON3 EVAL] 1164/2000 scene=mL8ThkuaVTM.basis episode=74 target=chair success=0 spl=0.0000 reason=robot_stuck steps=346 runtime=232.0s SR=50.17% (584/1164) mean_SPL=0.2263 SR@1m=52.92% SPL@1m=0.2377
[ZSON3 EVAL] 1165/2000 scene=mL8ThkuaVTM.basis episode=75 target=sofa success=0 spl=0.0000 reason=max_steps_reached steps=482 runtime=242.4s SR=50.13% (584/1165) mean_SPL=0.2261 SR@1m=52.88% SPL@1m=0.2375
[ZSON3 EVAL] 1166/2000 scene=mL8ThkuaVTM.basis episode=76 target=bed success=1 spl=0.1608 reason=no_frontiers steps=323 runtime=155.7s SR=50.17% (585/1166) mean_SPL=0.2261 SR@1m=52.92% SPL@1m=0.2374
[ZSON3 EVAL] 1167/2000 scene=mL8ThkuaVTM.basis episode=77 target=bed success=0 spl=0.0000 reason=max_steps_reached steps=491 runtime=293.5s SR=50.13% (585/1167) mean_SPL=0.2259 SR@1m=52.87% SPL@1m=0.2372
[ZSON3 EVAL] 1168/2000 scene=mL8ThkuaVTM.basis episode=78 target=toilet success=1 spl=0.8317 reason=object_found steps=38 runtime=23.7s SR=50.17% (586/1168) mean_SPL=0.2264 SR@1m=52.91% SPL@1m=0.2377
[ZSON3 EVAL] 1169/2000 scene=mL8ThkuaVTM.basis episode=79 target=chair success=0 spl=0.0000 reason=false_positive steps=41 runtime=28.9s SR=50.13% (586/1169) mean_SPL=0.2262 SR@1m=52.87% SPL@1m=0.2375
[ZSON3 EVAL] 1170/2000 scene=mL8ThkuaVTM.basis episode=80 target=bed success=0 spl=0.0000 reason=max_steps_reached steps=500 runtime=310.7s SR=50.09% (586/1170) mean_SPL=0.2260 SR@1m=52.82% SPL@1m=0.2373
[ZSON3 EVAL] 1171/2000 scene=mL8ThkuaVTM.basis episode=81 target=toilet success=0 spl=0.0000 reason=no_frontiers steps=411 runtime=226.0s SR=50.04% (586/1171) mean_SPL=0.2258 SR@1m=52.78% SPL@1m=0.2371
[ZSON3 EVAL] 1172/2000 scene=mL8ThkuaVTM.basis episode=82 target=bed success=0 spl=0.0000 reason=max_steps_reached steps=491 runtime=276.7s SR=50.00% (586/1172) mean_SPL=0.2256 SR@1m=52.73% SPL@1m=0.2369
[ZSON3 EVAL] 1173/2000 scene=mL8ThkuaVTM.basis episode=83 target=sofa success=0 spl=0.0000 reason=max_steps_reached steps=498 runtime=302.0s SR=49.96% (586/1173) mean_SPL=0.2254 SR@1m=52.69% SPL@1m=0.2367
[ZSON3 EVAL] 1174/2000 scene=mL8ThkuaVTM.basis episode=84 target=toilet success=0 spl=0.0000 reason=max_steps_reached steps=491 runtime=278.9s SR=49.91% (586/1174) mean_SPL=0.2252 SR@1m=52.64% SPL@1m=0.2365
[ZSON3 EVAL] 1175/2000 scene=mL8ThkuaVTM.basis episode=85 target=bed success=1 spl=0.6011 reason=object_found steps=116 runtime=58.0s SR=49.96% (587/1175) mean_SPL=0.2256 SR@1m=52.68% SPL@1m=0.2368
[ZSON3 EVAL] 1176/2000 scene=mL8ThkuaVTM.basis episode=86 target=bed success=0 spl=0.0000 reason=max_steps_reached steps=495 runtime=255.6s SR=49.91% (587/1176) mean_SPL=0.2254 SR@1m=52.64% SPL@1m=0.2366
[ZSON3 EVAL] 1177/2000 scene=mL8ThkuaVTM.basis episode=87 target=toilet success=0 spl=0.0000 reason=max_steps_reached steps=482 runtime=210.8s SR=49.87% (587/1177) mean_SPL=0.2252 SR@1m=52.59% SPL@1m=0.2364
[ZSON3 EVAL] 1178/2000 scene=mL8ThkuaVTM.basis episode=88 target=bed success=0 spl=0.0000 reason=max_steps_reached steps=499 runtime=298.9s SR=49.83% (587/1178) mean_SPL=0.2250 SR@1m=52.55% SPL@1m=0.2362
[ZSON3 EVAL] 1179/2000 scene=mL8ThkuaVTM.basis episode=89 target=sofa success=0 spl=0.0000 reason=max_steps_reached steps=499 runtime=281.6s SR=49.79% (587/1179) mean_SPL=0.2248 SR@1m=52.50% SPL@1m=0.2360
[ZSON3 EVAL] 1180/2000 scene=mL8ThkuaVTM.basis episode=90 target=sofa success=0 spl=0.0000 reason=max_steps_reached steps=500 runtime=276.1s SR=49.75% (587/1180) mean_SPL=0.2246 SR@1m=52.46% SPL@1m=0.2358
[ZSON3 EVAL] 1181/2000 scene=mL8ThkuaVTM.basis episode=91 target=sofa success=0 spl=0.0000 reason=max_steps_reached steps=495 runtime=266.1s SR=49.70% (587/1181) mean_SPL=0.2244 SR@1m=52.41% SPL@1m=0.2356
[ZSON3 EVAL] 1182/2000 scene=mL8ThkuaVTM.basis episode=92 target=bed success=1 spl=0.0768 reason=object_found steps=439 runtime=208.5s SR=49.75% (588/1182) mean_SPL=0.2243 SR@1m=52.45% SPL@1m=0.2355
[ZSON3 EVAL] 1183/2000 scene=mL8ThkuaVTM.basis episode=93 target=toilet success=0 spl=0.0000 reason=max_steps_reached steps=498 runtime=288.6s SR=49.70% (588/1183) mean_SPL=0.2241 SR@1m=52.41% SPL@1m=0.2353
[ZSON3 EVAL] 1184/2000 scene=mL8ThkuaVTM.basis episode=94 target=chair success=0 spl=0.0000 reason=no_frontiers steps=484 runtime=229.2s SR=49.66% (588/1184) mean_SPL=0.2239 SR@1m=52.36% SPL@1m=0.2351
[ZSON3 EVAL] 1185/2000 scene=mL8ThkuaVTM.basis episode=95 target=toilet success=1 spl=0.1721 reason=object_found steps=307 runtime=163.4s SR=49.70% (589/1185) mean_SPL=0.2239 SR@1m=52.41% SPL@1m=0.2350
[ZSON3 EVAL] 1186/2000 scene=mL8ThkuaVTM.basis episode=96 target=toilet success=0 spl=0.0000 reason=exception steps=489 runtime=293.2s SR=49.66% (589/1186) mean_SPL=0.2237 SR@1m=52.36% SPL@1m=0.2348
[ZSON3 EVAL] 1187/2000 scene=mL8ThkuaVTM.basis episode=97 target=sofa success=0 spl=0.0000 reason=max_steps_reached steps=494 runtime=270.6s SR=49.62% (589/1187) mean_SPL=0.2235 SR@1m=52.32% SPL@1m=0.2346
[ZSON3 EVAL] 1188/2000 scene=mL8ThkuaVTM.basis episode=98 target=sofa success=0 spl=0.0000 reason=max_steps_reached steps=500 runtime=281.6s SR=49.58% (589/1188) mean_SPL=0.2233 SR@1m=52.27% SPL@1m=0.2344
[ZSON3 EVAL] 1189/2000 scene=mv2HUxq3B53.basis episode=0 target=chair success=1 spl=0.8251 reason=object_found steps=46 runtime=40.4s SR=49.62% (590/1189) mean_SPL=0.2238 SR@1m=52.31% SPL@1m=0.2349
[ZSON3 EVAL] 1190/2000 scene=mv2HUxq3B53.basis episode=1 target=sofa success=0 spl=0.0000 reason=max_steps_reached steps=494 runtime=589.6s SR=49.58% (590/1190) mean_SPL=0.2236 SR@1m=52.27% SPL@1m=0.2347
[ZSON3 EVAL] 1191/2000 scene=mv2HUxq3B53.basis episode=2 target=sofa success=0 spl=0.0000 reason=false_positive steps=88 runtime=77.9s SR=49.54% (590/1191) mean_SPL=0.2234 SR@1m=52.23% SPL@1m=0.2345
[ZSON3 EVAL] 1192/2000 scene=mv2HUxq3B53.basis episode=3 target=tv_monitor success=1 spl=0.8926 reason=object_found steps=40 runtime=25.5s SR=49.58% (591/1192) mean_SPL=0.2240 SR@1m=52.27% SPL@1m=0.2351
[ZSON3 EVAL] 1193/2000 scene=mv2HUxq3B53.basis episode=4 target=toilet success=0 spl=0.0000 reason=max_steps_reached steps=499 runtime=728.6s SR=49.54% (591/1193) mean_SPL=0.2238 SR@1m=52.22% SPL@1m=0.2349
[ZSON3 EVAL] 1194/2000 scene=mv2HUxq3B53.basis episode=5 target=tv_monitor success=0 spl=0.0000 reason=false_positive steps=6 runtime=4.8s SR=49.50% (591/1194) mean_SPL=0.2236 SR@1m=52.18% SPL@1m=0.2347
[ZSON3 EVAL] 1195/2000 scene=mv2HUxq3B53.basis episode=6 target=bed success=1 spl=0.3917 reason=object_found steps=105 runtime=67.1s SR=49.54% (592/1195) mean_SPL=0.2238 SR@1m=52.22% SPL@1m=0.2348
[ZSON3 EVAL] 1196/2000 scene=mv2HUxq3B53.basis episode=7 target=tv_monitor success=0 spl=0.0000 reason=false_positive steps=222 runtime=189.5s SR=49.50% (592/1196) mean_SPL=0.2236 SR@1m=52.17% SPL@1m=0.2346
[ZSON3 EVAL] 1197/2000 scene=mv2HUxq3B53.basis episode=8 target=sofa success=0 spl=0.0000 reason=false_positive steps=214 runtime=244.1s SR=49.46% (592/1197) mean_SPL=0.2234 SR@1m=52.13% SPL@1m=0.2344
[ZSON3 EVAL] 1198/2000 scene=mv2HUxq3B53.basis episode=9 target=chair success=1 spl=0.3147 reason=object_found steps=138 runtime=88.8s SR=49.50% (593/1198) mean_SPL=0.2235 SR@1m=52.17% SPL@1m=0.2345
[ZSON3 EVAL] 1199/2000 scene=mv2HUxq3B53.basis episode=10 target=sofa success=1 spl=0.1552 reason=robot_stuck steps=449 runtime=428.9s SR=49.54% (594/1199) mean_SPL=0.2234 SR@1m=52.21% SPL@1m=0.2344
[ZSON3 EVAL] 1200/2000 scene=mv2HUxq3B53.basis episode=11 target=sofa success=0 spl=0.0000 reason=max_steps_reached steps=500 runtime=740.1s SR=49.50% (594/1200) mean_SPL=0.2232 SR@1m=52.17% SPL@1m=0.2342
[ZSON3 EVAL] 1201/2000 scene=mv2HUxq3B53.basis episode=12 target=tv_monitor success=0 spl=0.0000 reason=false_positive steps=153 runtime=127.2s SR=49.46% (594/1201) mean_SPL=0.2230 SR@1m=52.12% SPL@1m=0.2340
[ZSON3 EVAL] 1202/2000 scene=mv2HUxq3B53.basis episode=13 target=chair success=0 spl=0.0000 reason=object_found_at_1m_only steps=127 runtime=112.7s SR=49.42% (594/1202) mean_SPL=0.2228 SR@1m=52.16% SPL@1m=0.2340
[ZSON3 EVAL] 1203/2000 scene=mv2HUxq3B53.basis episode=14 target=toilet success=0 spl=0.0000 reason=max_steps_reached steps=500 runtime=594.9s SR=49.38% (594/1203) mean_SPL=0.2227 SR@1m=52.12% SPL@1m=0.2338
[ZSON3 EVAL] 1204/2000 scene=mv2HUxq3B53.basis episode=15 target=toilet success=0 spl=0.0000 reason=max_steps_reached steps=500 runtime=571.5s SR=49.34% (594/1204) mean_SPL=0.2225 SR@1m=52.08% SPL@1m=0.2336
[ZSON3 EVAL] 1205/2000 scene=mv2HUxq3B53.basis episode=16 target=tv_monitor success=1 spl=0.6590 reason=object_found steps=57 runtime=42.0s SR=49.38% (595/1205) mean_SPL=0.2228 SR@1m=52.12% SPL@1m=0.2340
[ZSON3 EVAL] 1206/2000 scene=mv2HUxq3B53.basis episode=17 target=toilet success=0 spl=0.0000 reason=max_steps_reached steps=485 runtime=386.1s SR=49.34% (595/1206) mean_SPL=0.2227 SR@1m=52.07% SPL@1m=0.2338
[ZSON3 EVAL] 1207/2000 scene=mv2HUxq3B53.basis episode=18 target=sofa success=1 spl=0.4400 reason=object_found steps=162 runtime=159.1s SR=49.38% (596/1207) mean_SPL=0.2228 SR@1m=52.11% SPL@1m=0.2340
[ZSON3 EVAL] 1208/2000 scene=mv2HUxq3B53.basis episode=19 target=bed success=1 spl=0.0562 reason=object_found steps=442 runtime=592.2s SR=49.42% (597/1208) mean_SPL=0.2227 SR@1m=52.15% SPL@1m=0.2338
[ZSON3 EVAL] 1209/2000 scene=mv2HUxq3B53.basis episode=20 target=toilet success=0 spl=0.0000 reason=max_steps_reached steps=498 runtime=578.9s SR=49.38% (597/1209) mean_SPL=0.2225 SR@1m=52.11% SPL@1m=0.2336
[ZSON3 EVAL] 1210/2000 scene=mv2HUxq3B53.basis episode=21 target=chair success=0 spl=0.0000 reason=object_found_at_1m_only steps=28 runtime=21.6s SR=49.34% (597/1210) mean_SPL=0.2223 SR@1m=52.15% SPL@1m=0.2341
[ZSON3 EVAL] 1211/2000 scene=mv2HUxq3B53.basis episode=22 target=tv_monitor success=0 spl=0.0000 reason=robot_stuck steps=252 runtime=91.0s SR=49.30% (597/1211) mean_SPL=0.2221 SR@1m=52.11% SPL@1m=0.2339
[ZSON3 EVAL] 1212/2000 scene=mv2HUxq3B53.basis episode=23 target=tv_monitor success=0 spl=0.0000 reason=false_positive steps=314 runtime=288.8s SR=49.26% (597/1212) mean_SPL=0.2220 SR@1m=52.06% SPL@1m=0.2337
[ZSON3 EVAL] 1213/2000 scene=mv2HUxq3B53.basis episode=24 target=chair success=1 spl=0.5893 reason=object_found steps=63 runtime=36.7s SR=49.30% (598/1213) mean_SPL=0.2223 SR@1m=52.10% SPL@1m=0.2340
[ZSON3 EVAL] 1214/2000 scene=mv2HUxq3B53.basis episode=25 target=sofa success=0 spl=0.0000 reason=max_steps_reached steps=500 runtime=628.0s SR=49.26% (598/1214) mean_SPL=0.2221 SR@1m=52.14% SPL@1m=0.2340
[ZSON3 EVAL] 1215/2000 scene=mv2HUxq3B53.basis episode=26 target=bed success=1 spl=0.4724 reason=object_found steps=101 runtime=64.7s SR=49.30% (599/1215) mean_SPL=0.2223 SR@1m=52.18% SPL@1m=0.2342
[ZSON3 EVAL] 1216/2000 scene=mv2HUxq3B53.basis episode=27 target=chair success=1 spl=0.2876 reason=object_found steps=102 runtime=92.5s SR=49.34% (600/1216) mean_SPL=0.2223 SR@1m=52.22% SPL@1m=0.2342
[ZSON3 EVAL] 1217/2000 scene=mv2HUxq3B53.basis episode=28 target=toilet success=1 spl=0.2266 reason=robot_stuck steps=337 runtime=194.7s SR=49.38% (601/1217) mean_SPL=0.2223 SR@1m=52.26% SPL@1m=0.2342
[ZSON3 EVAL] 1218/2000 scene=mv2HUxq3B53.basis episode=29 target=chair success=1 spl=0.8324 reason=object_found steps=54 runtime=38.1s SR=49.43% (602/1218) mean_SPL=0.2228 SR@1m=52.30% SPL@1m=0.2347
[ZSON3 EVAL] 1219/2000 scene=mv2HUxq3B53.basis episode=30 target=tv_monitor success=1 spl=0.6388 reason=object_found steps=54 runtime=36.9s SR=49.47% (603/1219) mean_SPL=0.2232 SR@1m=52.34% SPL@1m=0.2350
[ZSON3 EVAL] 1220/2000 scene=mv2HUxq3B53.basis episode=31 target=tv_monitor success=0 spl=0.0000 reason=false_positive steps=52 runtime=46.2s SR=49.43% (603/1220) mean_SPL=0.2230 SR@1m=52.30% SPL@1m=0.2348
[ZSON3 EVAL] 1221/2000 scene=mv2HUxq3B53.basis episode=32 target=chair success=1 spl=0.2226 reason=object_found steps=107 runtime=82.6s SR=49.47% (604/1221) mean_SPL=0.2230 SR@1m=52.33% SPL@1m=0.2348
[ZSON3 EVAL] 1222/2000 scene=mv2HUxq3B53.basis episode=33 target=chair success=1 spl=0.5966 reason=object_found steps=80 runtime=56.2s SR=49.51% (605/1222) mean_SPL=0.2233 SR@1m=52.37% SPL@1m=0.2351
[ZSON3 EVAL] 1223/2000 scene=mv2HUxq3B53.basis episode=34 target=sofa success=1 spl=0.0862 reason=object_found steps=472 runtime=512.3s SR=49.55% (606/1223) mean_SPL=0.2232 SR@1m=52.41% SPL@1m=0.2350
[ZSON3 EVAL] 1224/2000 scene=mv2HUxq3B53.basis episode=35 target=toilet success=0 spl=0.0000 reason=object_found_at_1m_only steps=104 runtime=76.6s SR=49.51% (606/1224) mean_SPL=0.2230 SR@1m=52.45% SPL@1m=0.2353
[ZSON3 EVAL] 1225/2000 scene=mv2HUxq3B53.basis episode=36 target=tv_monitor success=0 spl=0.0000 reason=false_positive steps=113 runtime=75.9s SR=49.47% (606/1225) mean_SPL=0.2228 SR@1m=52.41% SPL@1m=0.2351
[ZSON3 EVAL] 1226/2000 scene=mv2HUxq3B53.basis episode=37 target=bed success=1 spl=0.1843 reason=object_found steps=490 runtime=695.9s SR=49.51% (607/1226) mean_SPL=0.2228 SR@1m=52.45% SPL@1m=0.2350
[ZSON3 EVAL] 1227/2000 scene=mv2HUxq3B53.basis episode=38 target=sofa success=0 spl=0.0000 reason=max_steps_reached steps=500 runtime=683.3s SR=49.47% (607/1227) mean_SPL=0.2226 SR@1m=52.40% SPL@1m=0.2348
[ZSON3 EVAL] 1228/2000 scene=mv2HUxq3B53.basis episode=39 target=toilet success=1 spl=0.6617 reason=robot_stuck steps=308 runtime=194.1s SR=49.51% (608/1228) mean_SPL=0.2230 SR@1m=52.44% SPL@1m=0.2352
[ZSON3 EVAL] 1229/2000 scene=mv2HUxq3B53.basis episode=40 target=sofa success=1 spl=0.3392 reason=robot_stuck steps=400 runtime=419.9s SR=49.55% (609/1229) mean_SPL=0.2231 SR@1m=52.48% SPL@1m=0.2353
[ZSON3 EVAL] 1230/2000 scene=mv2HUxq3B53.basis episode=41 target=bed success=1 spl=0.2792 reason=object_found steps=256 runtime=252.7s SR=49.59% (610/1230) mean_SPL=0.2231 SR@1m=52.52% SPL@1m=0.2353
[ZSON3 EVAL] 1231/2000 scene=mv2HUxq3B53.basis episode=42 target=tv_monitor success=0 spl=0.0000 reason=false_positive steps=26 runtime=14.5s SR=49.55% (610/1231) mean_SPL=0.2229 SR@1m=52.48% SPL@1m=0.2351
[ZSON3 EVAL] 1232/2000 scene=mv2HUxq3B53.basis episode=43 target=chair success=0 spl=0.0000 reason=object_found_at_1m_only steps=38 runtime=31.0s SR=49.51% (610/1232) mean_SPL=0.2228 SR@1m=52.52% SPL@1m=0.2357
[ZSON3 EVAL] 1233/2000 scene=mv2HUxq3B53.basis episode=44 target=bed success=1 spl=0.1094 reason=object_found steps=352 runtime=457.4s SR=49.55% (611/1233) mean_SPL=0.2227 SR@1m=52.55% SPL@1m=0.2356
[ZSON3 EVAL] 1234/2000 scene=mv2HUxq3B53.basis episode=45 target=tv_monitor success=0 spl=0.0000 reason=robot_stuck steps=321 runtime=202.8s SR=49.51% (611/1234) mean_SPL=0.2225 SR@1m=52.51% SPL@1m=0.2354
[ZSON3 EVAL] 1235/2000 scene=mv2HUxq3B53.basis episode=46 target=tv_monitor success=0 spl=0.0000 reason=false_positive steps=177 runtime=153.3s SR=49.47% (611/1235) mean_SPL=0.2223 SR@1m=52.47% SPL@1m=0.2352
[ZSON3 EVAL] 1236/2000 scene=mv2HUxq3B53.basis episode=47 target=bed success=1 spl=0.0883 reason=object_found steps=380 runtime=414.6s SR=49.51% (612/1236) mean_SPL=0.2222 SR@1m=52.51% SPL@1m=0.2351
[ZSON3 EVAL] 1237/2000 scene=mv2HUxq3B53.basis episode=48 target=toilet success=0 spl=0.0000 reason=false_positive steps=19 runtime=13.4s SR=49.47% (612/1237) mean_SPL=0.2220 SR@1m=52.47% SPL@1m=0.2349
[ZSON3 EVAL] 1238/2000 scene=mv2HUxq3B53.basis episode=49 target=bed success=1 spl=0.1475 reason=object_found steps=320 runtime=301.2s SR=49.52% (613/1238) mean_SPL=0.2220 SR@1m=52.50% SPL@1m=0.2349
[ZSON3 EVAL] 1239/2000 scene=mv2HUxq3B53.basis episode=50 target=sofa success=1 spl=0.3041 reason=object_found steps=444 runtime=434.0s SR=49.56% (614/1239) mean_SPL=0.2220 SR@1m=52.54% SPL@1m=0.2349
[ZSON3 EVAL] 1240/2000 scene=mv2HUxq3B53.basis episode=51 target=chair success=1 spl=0.8100 reason=object_found steps=37 runtime=23.8s SR=49.60% (615/1240) mean_SPL=0.2225 SR@1m=52.58% SPL@1m=0.2354
[ZSON3 EVAL] 1241/2000 scene=mv2HUxq3B53.basis episode=52 target=bed success=1 spl=0.1225 reason=object_found steps=482 runtime=722.6s SR=49.64% (616/1241) mean_SPL=0.2224 SR@1m=52.62% SPL@1m=0.2353
[ZSON3 EVAL] 1242/2000 scene=mv2HUxq3B53.basis episode=53 target=toilet success=0 spl=0.0000 reason=max_steps_reached steps=500 runtime=647.0s SR=49.60% (616/1242) mean_SPL=0.2222 SR@1m=52.58% SPL@1m=0.2351
[ZSON3 EVAL] 1243/2000 scene=mv2HUxq3B53.basis episode=54 target=chair success=1 spl=0.8660 reason=object_found steps=39 runtime=24.4s SR=49.64% (617/1243) mean_SPL=0.2228 SR@1m=52.61% SPL@1m=0.2356
[ZSON3 EVAL] 1244/2000 scene=mv2HUxq3B53.basis episode=55 target=tv_monitor success=0 spl=0.0000 reason=false_positive steps=157 runtime=157.3s SR=49.60% (617/1244) mean_SPL=0.2226 SR@1m=52.57% SPL@1m=0.2354
[ZSON3 EVAL] 1245/2000 scene=mv2HUxq3B53.basis episode=56 target=bed success=1 spl=0.4932 reason=object_found steps=77 runtime=63.5s SR=49.64% (618/1245) mean_SPL=0.2228 SR@1m=52.61% SPL@1m=0.2356
[ZSON3 EVAL] 1246/2000 scene=mv2HUxq3B53.basis episode=57 target=sofa success=0 spl=0.0000 reason=max_steps_reached steps=500 runtime=596.8s SR=49.60% (618/1246) mean_SPL=0.2226 SR@1m=52.65% SPL@1m=0.2355
[ZSON3 EVAL] 1247/2000 scene=mv2HUxq3B53.basis episode=58 target=toilet success=0 spl=0.0000 reason=max_steps_reached steps=499 runtime=617.9s SR=49.56% (618/1247) mean_SPL=0.2224 SR@1m=52.61% SPL@1m=0.2353
[ZSON3 EVAL] 1248/2000 scene=mv2HUxq3B53.basis episode=59 target=bed success=0 spl=0.0000 reason=object_found_at_1m_only steps=201 runtime=222.6s SR=49.52% (618/1248) mean_SPL=0.2223 SR@1m=52.64% SPL@1m=0.2352
[ZSON3 EVAL] 1249/2000 scene=mv2HUxq3B53.basis episode=60 target=tv_monitor success=0 spl=0.0000 reason=false_positive steps=32 runtime=20.1s SR=49.48% (618/1249) mean_SPL=0.2221 SR@1m=52.60% SPL@1m=0.2350
[ZSON3 EVAL] 1250/2000 scene=mv2HUxq3B53.basis episode=61 target=bed success=1 spl=0.0773 reason=object_found steps=344 runtime=386.2s SR=49.52% (619/1250) mean_SPL=0.2220 SR@1m=52.64% SPL@1m=0.2349
[ZSON3 EVAL] 1251/2000 scene=mv2HUxq3B53.basis episode=62 target=sofa success=1 spl=0.4134 reason=object_found steps=348 runtime=244.3s SR=49.56% (620/1251) mean_SPL=0.2221 SR@1m=52.68% SPL@1m=0.2351
[ZSON3 EVAL] 1252/2000 scene=mv2HUxq3B53.basis episode=63 target=chair success=0 spl=0.0000 reason=object_found_at_1m_only steps=34 runtime=24.1s SR=49.52% (620/1252) mean_SPL=0.2219 SR@1m=52.72% SPL@1m=0.2357
[ZSON3 EVAL] 1253/2000 scene=mv2HUxq3B53.basis episode=64 target=chair success=1 spl=0.8846 reason=object_found steps=38 runtime=36.8s SR=49.56% (621/1253) mean_SPL=0.2225 SR@1m=52.75% SPL@1m=0.2362
[ZSON3 EVAL] 1254/2000 scene=mv2HUxq3B53.basis episode=65 target=toilet success=0 spl=0.0000 reason=max_steps_reached steps=500 runtime=632.3s SR=49.52% (621/1254) mean_SPL=0.2223 SR@1m=52.71% SPL@1m=0.2360
[ZSON3 EVAL] 1255/2000 scene=mv2HUxq3B53.basis episode=66 target=bed success=1 spl=0.2433 reason=object_found steps=217 runtime=198.3s SR=49.56% (622/1255) mean_SPL=0.2223 SR@1m=52.75% SPL@1m=0.2360
[ZSON3 EVAL] 1256/2000 scene=mv2HUxq3B53.basis episode=67 target=sofa success=0 spl=0.0000 reason=max_steps_reached steps=498 runtime=725.3s SR=49.52% (622/1256) mean_SPL=0.2221 SR@1m=52.71% SPL@1m=0.2358
[ZSON3 EVAL] 1257/2000 scene=mv2HUxq3B53.basis episode=68 target=bed success=1 spl=0.3338 reason=object_found steps=201 runtime=227.8s SR=49.56% (623/1257) mean_SPL=0.2222 SR@1m=52.74% SPL@1m=0.2359
[ZSON3 EVAL] 1258/2000 scene=mv2HUxq3B53.basis episode=69 target=toilet success=1 spl=0.8741 reason=object_found steps=58 runtime=118.0s SR=49.60% (624/1258) mean_SPL=0.2227 SR@1m=52.78% SPL@1m=0.2364
[ZSON3 EVAL] 1259/2000 scene=mv2HUxq3B53.basis episode=70 target=toilet success=0 spl=0.0000 reason=max_steps_reached steps=500 runtime=530.6s SR=49.56% (624/1259) mean_SPL=0.2226 SR@1m=52.74% SPL@1m=0.2362
[ZSON3 EVAL] 1260/2000 scene=mv2HUxq3B53.basis episode=71 target=tv_monitor success=0 spl=0.0000 reason=false_positive steps=25 runtime=18.0s SR=49.52% (624/1260) mean_SPL=0.2224 SR@1m=52.70% SPL@1m=0.2360
[ZSON3 EVAL] 1261/2000 scene=mv2HUxq3B53.basis episode=72 target=bed success=0 spl=0.0000 reason=max_steps_reached steps=500 runtime=763.0s SR=49.48% (624/1261) mean_SPL=0.2222 SR@1m=52.66% SPL@1m=0.2358
[ZSON3 EVAL] 1262/2000 scene=mv2HUxq3B53.basis episode=73 target=sofa success=0 spl=0.0000 reason=false_positive steps=219 runtime=221.4s SR=49.45% (624/1262) mean_SPL=0.2220 SR@1m=52.61% SPL@1m=0.2356
[ZSON3 EVAL] 1263/2000 scene=mv2HUxq3B53.basis episode=74 target=toilet success=0 spl=0.0000 reason=max_steps_reached steps=487 runtime=745.5s SR=49.41% (624/1263) mean_SPL=0.2219 SR@1m=52.57% SPL@1m=0.2355
[ZSON3 EVAL] 1264/2000 scene=mv2HUxq3B53.basis episode=75 target=sofa success=1 spl=0.1976 reason=object_found steps=178 runtime=122.2s SR=49.45% (625/1264) mean_SPL=0.2218 SR@1m=52.61% SPL@1m=0.2354
[ZSON3 EVAL] 1265/2000 scene=mv2HUxq3B53.basis episode=76 target=sofa success=1 spl=0.4482 reason=robot_stuck steps=314 runtime=179.3s SR=49.49% (626/1265) mean_SPL=0.2220 SR@1m=52.65% SPL@1m=0.2356
[ZSON3 EVAL] 1266/2000 scene=mv2HUxq3B53.basis episode=77 target=sofa success=1 spl=0.1330 reason=max_steps_reached steps=500 runtime=620.4s SR=49.53% (627/1266) mean_SPL=0.2219 SR@1m=52.69% SPL@1m=0.2355
[ZSON3 EVAL] 1267/2000 scene=mv2HUxq3B53.basis episode=78 target=sofa success=1 spl=0.0684 reason=max_steps_reached steps=500 runtime=500.4s SR=49.57% (628/1267) mean_SPL=0.2218 SR@1m=52.72% SPL@1m=0.2354
[ZSON3 EVAL] 1268/2000 scene=mv2HUxq3B53.basis episode=79 target=chair success=1 spl=0.8201 reason=object_found steps=22 runtime=17.2s SR=49.61% (629/1268) mean_SPL=0.2223 SR@1m=52.76% SPL@1m=0.2358
[ZSON3 EVAL] 1269/2000 scene=mv2HUxq3B53.basis episode=80 target=chair success=1 spl=0.2699 reason=object_found steps=90 runtime=76.9s SR=49.65% (630/1269) mean_SPL=0.2223 SR@1m=52.80% SPL@1m=0.2359
[ZSON3 EVAL] 1270/2000 scene=mv2HUxq3B53.basis episode=81 target=chair success=1 spl=0.3889 reason=object_found steps=86 runtime=60.4s SR=49.69% (631/1270) mean_SPL=0.2225 SR@1m=52.83% SPL@1m=0.2360
[ZSON3 EVAL] 1271/2000 scene=mv2HUxq3B53.basis episode=82 target=tv_monitor success=0 spl=0.0000 reason=false_positive steps=125 runtime=94.6s SR=49.65% (631/1271) mean_SPL=0.2223 SR@1m=52.79% SPL@1m=0.2358
[ZSON3 EVAL] 1272/2000 scene=mv2HUxq3B53.basis episode=83 target=bed success=1 spl=0.2440 reason=object_found steps=184 runtime=213.7s SR=49.69% (632/1272) mean_SPL=0.2223 SR@1m=52.83% SPL@1m=0.2358
[ZSON3 EVAL] 1273/2000 scene=mv2HUxq3B53.basis episode=84 target=chair success=0 spl=0.0000 reason=object_found_at_1m_only steps=201 runtime=140.0s SR=49.65% (632/1273) mean_SPL=0.2221 SR@1m=52.87% SPL@1m=0.2358
[ZSON3 EVAL] 1274/2000 scene=mv2HUxq3B53.basis episode=85 target=toilet success=0 spl=0.0000 reason=max_steps_reached steps=492 runtime=646.2s SR=49.61% (632/1274) mean_SPL=0.2220 SR@1m=52.83% SPL@1m=0.2356
[ZSON3 EVAL] 1275/2000 scene=mv2HUxq3B53.basis episode=86 target=tv_monitor success=1 spl=0.8985 reason=object_found steps=33 runtime=17.2s SR=49.65% (633/1275) mean_SPL=0.2225 SR@1m=52.86% SPL@1m=0.2361
[ZSON3 EVAL] 1276/2000 scene=mv2HUxq3B53.basis episode=87 target=bed success=1 spl=0.2808 reason=object_found steps=175 runtime=251.1s SR=49.69% (634/1276) mean_SPL=0.2225 SR@1m=52.90% SPL@1m=0.2361
[ZSON3 EVAL] 1277/2000 scene=mv2HUxq3B53.basis episode=88 target=chair success=1 spl=0.3446 reason=object_found steps=43 runtime=37.0s SR=49.73% (635/1277) mean_SPL=0.2226 SR@1m=52.94% SPL@1m=0.2362
[ZSON3 EVAL] 1278/2000 scene=mv2HUxq3B53.basis episode=89 target=chair success=1 spl=0.4086 reason=object_found steps=122 runtime=70.4s SR=49.77% (636/1278) mean_SPL=0.2228 SR@1m=52.97% SPL@1m=0.2363
[ZSON3 EVAL] 1279/2000 scene=mv2HUxq3B53.basis episode=90 target=bed success=1 spl=0.8743 reason=object_found steps=94 runtime=65.9s SR=49.80% (637/1279) mean_SPL=0.2233 SR@1m=53.01% SPL@1m=0.2368
[ZSON3 EVAL] 1280/2000 scene=mv2HUxq3B53.basis episode=91 target=sofa success=0 spl=0.0000 reason=false_positive steps=388 runtime=391.3s SR=49.77% (637/1280) mean_SPL=0.2231 SR@1m=52.97% SPL@1m=0.2367
[ZSON3 EVAL] 1281/2000 scene=mv2HUxq3B53.basis episode=92 target=toilet success=1 spl=0.7626 reason=object_found steps=68 runtime=55.9s SR=49.80% (638/1281) mean_SPL=0.2235 SR@1m=53.01% SPL@1m=0.2371
[ZSON3 EVAL] 1282/2000 scene=mv2HUxq3B53.basis episode=93 target=bed success=0 spl=0.0000 reason=max_steps_reached steps=500 runtime=675.3s SR=49.77% (638/1282) mean_SPL=0.2234 SR@1m=52.96% SPL@1m=0.2369
[ZSON3 EVAL] 1283/2000 scene=mv2HUxq3B53.basis episode=94 target=tv_monitor success=1 spl=0.3103 reason=object_found steps=275 runtime=311.1s SR=49.81% (639/1283) mean_SPL=0.2234 SR@1m=53.00% SPL@1m=0.2369
[ZSON3 EVAL] 1284/2000 scene=mv2HUxq3B53.basis episode=95 target=chair success=1 spl=0.1468 reason=object_found steps=148 runtime=107.6s SR=49.84% (640/1284) mean_SPL=0.2234 SR@1m=53.04% SPL@1m=0.2369
[ZSON3 EVAL] 1285/2000 scene=mv2HUxq3B53.basis episode=96 target=toilet success=0 spl=0.0000 reason=robot_stuck steps=430 runtime=419.3s SR=49.81% (640/1285) mean_SPL=0.2232 SR@1m=53.07% SPL@1m=0.2369
[ZSON3 EVAL] 1286/2000 scene=mv2HUxq3B53.basis episode=97 target=tv_monitor success=0 spl=0.0000 reason=false_positive steps=368 runtime=412.1s SR=49.77% (640/1286) mean_SPL=0.2230 SR@1m=53.03% SPL@1m=0.2367
[ZSON3 EVAL] 1287/2000 scene=mv2HUxq3B53.basis episode=98 target=toilet success=0 spl=0.0000 reason=max_steps_reached steps=500 runtime=933.6s SR=49.73% (640/1287) mean_SPL=0.2228 SR@1m=52.99% SPL@1m=0.2365
[ZSON3 EVAL] 1288/2000 scene=p53SfW6mjZe.basis episode=0 target=sofa success=1 spl=0.4831 reason=object_found steps=216 runtime=134.6s SR=49.77% (641/1288) mean_SPL=0.2230 SR@1m=53.03% SPL@1m=0.2367
[ZSON3 EVAL] 1289/2000 scene=p53SfW6mjZe.basis episode=1 target=toilet success=1 spl=0.1790 reason=object_found steps=430 runtime=257.7s SR=49.81% (642/1289) mean_SPL=0.2230 SR@1m=53.06% SPL@1m=0.2367
[ZSON3 EVAL] 1290/2000 scene=p53SfW6mjZe.basis episode=2 target=bed success=1 spl=0.5658 reason=object_found steps=67 runtime=43.5s SR=49.84% (643/1290) mean_SPL=0.2233 SR@1m=53.10% SPL@1m=0.2369
[ZSON3 EVAL] 1291/2000 scene=p53SfW6mjZe.basis episode=3 target=tv_monitor success=0 spl=0.0000 reason=max_steps_reached steps=498 runtime=402.9s SR=49.81% (643/1291) mean_SPL=0.2231 SR@1m=53.06% SPL@1m=0.2367
[ZSON3 EVAL] 1292/2000 scene=p53SfW6mjZe.basis episode=4 target=toilet success=0 spl=0.0000 reason=robot_stuck steps=283 runtime=91.1s SR=49.77% (643/1292) mean_SPL=0.2229 SR@1m=53.02% SPL@1m=0.2366
[ZSON3 EVAL] 1293/2000 scene=p53SfW6mjZe.basis episode=5 target=tv_monitor success=0 spl=0.0000 reason=max_steps_reached steps=497 runtime=442.7s SR=49.73% (643/1293) mean_SPL=0.2228 SR@1m=52.98% SPL@1m=0.2364
[ZSON3 EVAL] 1294/2000 scene=p53SfW6mjZe.basis episode=6 target=chair success=1 spl=0.7313 reason=object_found steps=215 runtime=196.9s SR=49.77% (644/1294) mean_SPL=0.2231 SR@1m=53.01% SPL@1m=0.2368
[ZSON3 EVAL] 1295/2000 scene=p53SfW6mjZe.basis episode=7 target=toilet success=0 spl=0.0000 reason=max_steps_reached steps=493 runtime=714.9s SR=49.73% (644/1295) mean_SPL=0.2230 SR@1m=52.97% SPL@1m=0.2366
[ZSON3 EVAL] 1296/2000 scene=p53SfW6mjZe.basis episode=8 target=chair success=0 spl=0.0000 reason=max_steps_reached steps=488 runtime=292.6s SR=49.69% (644/1296) mean_SPL=0.2228 SR@1m=52.93% SPL@1m=0.2364
[ZSON3 EVAL] 1297/2000 scene=p53SfW6mjZe.basis episode=9 target=bed success=1 spl=0.2266 reason=object_found steps=133 runtime=147.6s SR=49.73% (645/1297) mean_SPL=0.2228 SR@1m=52.97% SPL@1m=0.2364
[ZSON3 EVAL] 1298/2000 scene=p53SfW6mjZe.basis episode=10 target=bed success=0 spl=0.0000 reason=max_steps_reached steps=490 runtime=949.2s SR=49.69% (645/1298) mean_SPL=0.2226 SR@1m=52.93% SPL@1m=0.2362
[ZSON3 EVAL] 1299/2000 scene=p53SfW6mjZe.basis episode=11 target=toilet success=0 spl=0.0000 reason=max_steps_reached steps=494 runtime=531.9s SR=49.65% (645/1299) mean_SPL=0.2225 SR@1m=52.89% SPL@1m=0.2360
[ZSON3 EVAL] 1300/2000 scene=p53SfW6mjZe.basis episode=12 target=bed success=0 spl=0.0000 reason=exception steps=478 runtime=476.8s SR=49.62% (645/1300) mean_SPL=0.2223 SR@1m=52.85% SPL@1m=0.2358
[ZSON3 EVAL] 1301/2000 scene=p53SfW6mjZe.basis episode=13 target=sofa success=0 spl=0.0000 reason=object_found_at_1m_only steps=100 runtime=94.2s SR=49.58% (645/1301) mean_SPL=0.2221 SR@1m=52.88% SPL@1m=0.2360
[ZSON3 EVAL] 1302/2000 scene=p53SfW6mjZe.basis episode=14 target=toilet success=0 spl=0.0000 reason=robot_stuck steps=228 runtime=167.7s SR=49.54% (645/1302) mean_SPL=0.2220 SR@1m=52.84% SPL@1m=0.2358
[ZSON3 EVAL] 1303/2000 scene=p53SfW6mjZe.basis episode=15 target=tv_monitor success=1 spl=0.8472 reason=object_found steps=95 runtime=62.9s SR=49.58% (646/1303) mean_SPL=0.2224 SR@1m=52.88% SPL@1m=0.2363
[ZSON3 EVAL] 1304/2000 scene=p53SfW6mjZe.basis episode=16 target=tv_monitor success=0 spl=0.0000 reason=max_steps_reached steps=500 runtime=481.9s SR=49.54% (646/1304) mean_SPL=0.2223 SR@1m=52.84% SPL@1m=0.2361
[ZSON3 EVAL] 1305/2000 scene=p53SfW6mjZe.basis episode=17 target=chair success=0 spl=0.0000 reason=max_steps_reached steps=493 runtime=302.3s SR=49.50% (646/1305) mean_SPL=0.2221 SR@1m=52.80% SPL@1m=0.2359
[ZSON3 EVAL] 1306/2000 scene=p53SfW6mjZe.basis episode=18 target=bed success=0 spl=0.0000 reason=false_positive steps=101 runtime=42.2s SR=49.46% (646/1306) mean_SPL=0.2219 SR@1m=52.76% SPL@1m=0.2357
[ZSON3 EVAL] 1307/2000 scene=p53SfW6mjZe.basis episode=19 target=chair success=0 spl=0.0000 reason=max_steps_reached steps=498 runtime=334.9s SR=49.43% (646/1307) mean_SPL=0.2218 SR@1m=52.72% SPL@1m=0.2355
[ZSON3 EVAL] 1308/2000 scene=p53SfW6mjZe.basis episode=20 target=tv_monitor success=1 spl=0.3648 reason=object_found steps=375 runtime=433.0s SR=49.46% (647/1308) mean_SPL=0.2219 SR@1m=52.75% SPL@1m=0.2356
[ZSON3 EVAL] 1309/2000 scene=p53SfW6mjZe.basis episode=21 target=toilet success=0 spl=0.0000 reason=max_steps_reached steps=498 runtime=653.5s SR=49.43% (647/1309) mean_SPL=0.2217 SR@1m=52.71% SPL@1m=0.2355
[ZSON3 EVAL] 1310/2000 scene=p53SfW6mjZe.basis episode=22 target=bed success=1 spl=0.2153 reason=object_found steps=252 runtime=219.7s SR=49.47% (648/1310) mean_SPL=0.2217 SR@1m=52.75% SPL@1m=0.2354
[ZSON3 EVAL] 1311/2000 scene=p53SfW6mjZe.basis episode=23 target=toilet success=0 spl=0.0000 reason=robot_stuck steps=416 runtime=575.4s SR=49.43% (648/1311) mean_SPL=0.2215 SR@1m=52.71% SPL@1m=0.2353
[ZSON3 EVAL] 1312/2000 scene=p53SfW6mjZe.basis episode=24 target=tv_monitor success=0 spl=0.0000 reason=max_steps_reached steps=491 runtime=535.8s SR=49.39% (648/1312) mean_SPL=0.2213 SR@1m=52.67% SPL@1m=0.2351
[ZSON3 EVAL] 1313/2000 scene=p53SfW6mjZe.basis episode=25 target=tv_monitor success=0 spl=0.0000 reason=object_found_at_1m_only steps=427 runtime=312.1s SR=49.35% (648/1313) mean_SPL=0.2212 SR@1m=52.70% SPL@1m=0.2354
[ZSON3 EVAL] 1314/2000 scene=p53SfW6mjZe.basis episode=26 target=chair success=1 spl=0.8670 reason=object_found steps=50 runtime=33.7s SR=49.39% (649/1314) mean_SPL=0.2217 SR@1m=52.74% SPL@1m=0.2358
[ZSON3 EVAL] 1315/2000 scene=p53SfW6mjZe.basis episode=27 target=chair success=1 spl=0.3560 reason=object_found steps=301 runtime=290.0s SR=49.43% (650/1315) mean_SPL=0.2218 SR@1m=52.78% SPL@1m=0.2359
[ZSON3 EVAL] 1316/2000 scene=p53SfW6mjZe.basis episode=28 target=toilet success=0 spl=0.0000 reason=max_steps_reached steps=498 runtime=390.3s SR=49.39% (650/1316) mean_SPL=0.2216 SR@1m=52.74% SPL@1m=0.2357
[ZSON3 EVAL] 1317/2000 scene=p53SfW6mjZe.basis episode=29 target=sofa success=1 spl=0.1624 reason=object_found steps=140 runtime=142.5s SR=49.43% (651/1317) mean_SPL=0.2216 SR@1m=52.77% SPL@1m=0.2357
[ZSON3 EVAL] 1318/2000 scene=p53SfW6mjZe.basis episode=30 target=toilet success=0 spl=0.0000 reason=max_steps_reached steps=494 runtime=493.9s SR=49.39% (651/1318) mean_SPL=0.2214 SR@1m=52.73% SPL@1m=0.2355
[ZSON3 EVAL] 1319/2000 scene=p53SfW6mjZe.basis episode=31 target=tv_monitor success=0 spl=0.0000 reason=max_steps_reached steps=496 runtime=291.3s SR=49.36% (651/1319) mean_SPL=0.2212 SR@1m=52.69% SPL@1m=0.2353
[ZSON3 EVAL] 1320/2000 scene=p53SfW6mjZe.basis episode=32 target=sofa success=1 spl=0.4432 reason=object_found steps=115 runtime=121.7s SR=49.39% (652/1320) mean_SPL=0.2214 SR@1m=52.73% SPL@1m=0.2355
[ZSON3 EVAL] 1321/2000 scene=p53SfW6mjZe.basis episode=33 target=bed success=0 spl=0.0000 reason=false_positive steps=10 runtime=4.9s SR=49.36% (652/1321) mean_SPL=0.2212 SR@1m=52.69% SPL@1m=0.2353
[ZSON3 EVAL] 1322/2000 scene=p53SfW6mjZe.basis episode=34 target=bed success=0 spl=0.0000 reason=max_steps_reached steps=494 runtime=452.9s SR=49.32% (652/1322) mean_SPL=0.2211 SR@1m=52.65% SPL@1m=0.2351
[ZSON3 EVAL] 1323/2000 scene=p53SfW6mjZe.basis episode=35 target=sofa success=1 spl=0.1889 reason=object_found steps=445 runtime=278.3s SR=49.36% (653/1323) mean_SPL=0.2210 SR@1m=52.68% SPL@1m=0.2351
[ZSON3 EVAL] 1324/2000 scene=p53SfW6mjZe.basis episode=36 target=chair success=0 spl=0.0000 reason=object_found_at_1m_only steps=148 runtime=77.3s SR=49.32% (653/1324) mean_SPL=0.2209 SR@1m=52.72% SPL@1m=0.2352
[ZSON3 EVAL] 1325/2000 scene=p53SfW6mjZe.basis episode=37 target=bed success=1 spl=0.1881 reason=object_found steps=195 runtime=120.1s SR=49.36% (654/1325) mean_SPL=0.2208 SR@1m=52.75% SPL@1m=0.2351
[ZSON3 EVAL] 1326/2000 scene=p53SfW6mjZe.basis episode=38 target=toilet success=0 spl=0.0000 reason=max_steps_reached steps=493 runtime=494.2s SR=49.32% (654/1326) mean_SPL=0.2207 SR@1m=52.71% SPL@1m=0.2350
[ZSON3 EVAL] 1327/2000 scene=p53SfW6mjZe.basis episode=39 target=sofa success=1 spl=0.6527 reason=object_found steps=48 runtime=46.2s SR=49.36% (655/1327) mean_SPL=0.2210 SR@1m=52.75% SPL@1m=0.2353
[ZSON3 EVAL] 1328/2000 scene=p53SfW6mjZe.basis episode=40 target=tv_monitor success=0 spl=0.0000 reason=max_steps_reached steps=479 runtime=486.9s SR=49.32% (655/1328) mean_SPL=0.2208 SR@1m=52.71% SPL@1m=0.2351
[ZSON3 EVAL] 1329/2000 scene=p53SfW6mjZe.basis episode=41 target=bed success=1 spl=0.1152 reason=object_found steps=369 runtime=218.0s SR=49.36% (656/1329) mean_SPL=0.2208 SR@1m=52.75% SPL@1m=0.2350
[ZSON3 EVAL] 1330/2000 scene=p53SfW6mjZe.basis episode=42 target=sofa success=0 spl=0.0000 reason=max_steps_reached steps=500 runtime=455.5s SR=49.32% (656/1330) mean_SPL=0.2206 SR@1m=52.71% SPL@1m=0.2348
[ZSON3 EVAL] 1331/2000 scene=p53SfW6mjZe.basis episode=43 target=sofa success=0 spl=0.0000 reason=object_found_at_1m_only steps=49 runtime=43.4s SR=49.29% (656/1331) mean_SPL=0.2204 SR@1m=52.74% SPL@1m=0.2350
[ZSON3 EVAL] 1332/2000 scene=p53SfW6mjZe.basis episode=44 target=tv_monitor success=1 spl=0.0855 reason=max_steps_reached steps=500 runtime=518.8s SR=49.32% (657/1332) mean_SPL=0.2203 SR@1m=52.78% SPL@1m=0.2349
[ZSON3 EVAL] 1333/2000 scene=p53SfW6mjZe.basis episode=45 target=sofa success=1 spl=0.1300 reason=object_found steps=411 runtime=195.1s SR=49.36% (658/1333) mean_SPL=0.2203 SR@1m=52.81% SPL@1m=0.2348
[ZSON3 EVAL] 1334/2000 scene=p53SfW6mjZe.basis episode=46 target=toilet success=0 spl=0.0000 reason=max_steps_reached steps=500 runtime=765.2s SR=49.33% (658/1334) mean_SPL=0.2201 SR@1m=52.77% SPL@1m=0.2346
[ZSON3 EVAL] 1335/2000 scene=p53SfW6mjZe.basis episode=47 target=tv_monitor success=0 spl=0.0000 reason=max_steps_reached steps=500 runtime=314.7s SR=49.29% (658/1335) mean_SPL=0.2199 SR@1m=52.73% SPL@1m=0.2345
[ZSON3 EVAL] 1336/2000 scene=p53SfW6mjZe.basis episode=48 target=bed success=0 spl=0.0000 reason=max_steps_reached steps=477 runtime=446.5s SR=49.25% (658/1336) mean_SPL=0.2198 SR@1m=52.69% SPL@1m=0.2343
[ZSON3 EVAL] 1337/2000 scene=p53SfW6mjZe.basis episode=49 target=bed success=1 spl=0.1396 reason=object_found steps=474 runtime=549.6s SR=49.29% (659/1337) mean_SPL=0.2197 SR@1m=52.73% SPL@1m=0.2342
[ZSON3 EVAL] 1338/2000 scene=p53SfW6mjZe.basis episode=50 target=toilet success=0 spl=0.0000 reason=max_steps_reached steps=489 runtime=507.4s SR=49.25% (659/1338) mean_SPL=0.2195 SR@1m=52.69% SPL@1m=0.2340
[ZSON3 EVAL] 1339/2000 scene=p53SfW6mjZe.basis episode=51 target=tv_monitor success=0 spl=0.0000 reason=max_steps_reached steps=497 runtime=303.6s SR=49.22% (659/1339) mean_SPL=0.2194 SR@1m=52.65% SPL@1m=0.2339
[ZSON3 EVAL] 1340/2000 scene=p53SfW6mjZe.basis episode=52 target=bed success=1 spl=0.1526 reason=object_found steps=346 runtime=372.2s SR=49.25% (660/1340) mean_SPL=0.2193 SR@1m=52.69% SPL@1m=0.2338
[ZSON3 EVAL] 1341/2000 scene=p53SfW6mjZe.basis episode=53 target=tv_monitor success=0 spl=0.0000 reason=max_steps_reached steps=496 runtime=580.1s SR=49.22% (660/1341) mean_SPL=0.2192 SR@1m=52.65% SPL@1m=0.2336
[ZSON3 EVAL] 1342/2000 scene=p53SfW6mjZe.basis episode=54 target=chair success=1 spl=0.5852 reason=object_found steps=53 runtime=44.8s SR=49.25% (661/1342) mean_SPL=0.2194 SR@1m=52.68% SPL@1m=0.2339
[ZSON3 EVAL] 1343/2000 scene=p53SfW6mjZe.basis episode=55 target=toilet success=0 spl=0.0000 reason=max_steps_reached steps=493 runtime=590.4s SR=49.22% (661/1343) mean_SPL=0.2193 SR@1m=52.64% SPL@1m=0.2337
[ZSON3 EVAL] 1344/2000 scene=p53SfW6mjZe.basis episode=56 target=toilet success=1 spl=0.4807 reason=object_found steps=185 runtime=134.4s SR=49.26% (662/1344) mean_SPL=0.2195 SR@1m=52.68% SPL@1m=0.2339
[ZSON3 EVAL] 1345/2000 scene=p53SfW6mjZe.basis episode=57 target=tv_monitor success=0 spl=0.0000 reason=max_steps_reached steps=478 runtime=401.8s SR=49.22% (662/1345) mean_SPL=0.2193 SR@1m=52.64% SPL@1m=0.2337
[ZSON3 EVAL] 1346/2000 scene=p53SfW6mjZe.basis episode=58 target=toilet success=0 spl=0.0000 reason=max_steps_reached steps=495 runtime=492.9s SR=49.18% (662/1346) mean_SPL=0.2191 SR@1m=52.60% SPL@1m=0.2336
[ZSON3 EVAL] 1347/2000 scene=p53SfW6mjZe.basis episode=59 target=toilet success=0 spl=0.0000 reason=max_steps_reached steps=494 runtime=524.3s SR=49.15% (662/1347) mean_SPL=0.2190 SR@1m=52.56% SPL@1m=0.2334
[ZSON3 EVAL] 1348/2000 scene=p53SfW6mjZe.basis episode=60 target=chair success=1 spl=0.4252 reason=object_found steps=251 runtime=213.9s SR=49.18% (663/1348) mean_SPL=0.2191 SR@1m=52.60% SPL@1m=0.2335
[ZSON3 EVAL] 1349/2000 scene=p53SfW6mjZe.basis episode=61 target=sofa success=0 spl=0.0000 reason=max_steps_reached steps=500 runtime=451.9s SR=49.15% (663/1349) mean_SPL=0.2190 SR@1m=52.56% SPL@1m=0.2334
[ZSON3 EVAL] 1350/2000 scene=p53SfW6mjZe.basis episode=62 target=toilet success=1 spl=0.1374 reason=object_found steps=267 runtime=176.2s SR=49.19% (664/1350) mean_SPL=0.2189 SR@1m=52.59% SPL@1m=0.2333
[ZSON3 EVAL] 1351/2000 scene=p53SfW6mjZe.basis episode=63 target=chair success=0 spl=0.0000 reason=no_frontiers steps=442 runtime=282.1s SR=49.15% (664/1351) mean_SPL=0.2187 SR@1m=52.55% SPL@1m=0.2331
[ZSON3 EVAL] 1352/2000 scene=p53SfW6mjZe.basis episode=64 target=tv_monitor success=0 spl=0.0000 reason=max_steps_reached steps=493 runtime=305.8s SR=49.11% (664/1352) mean_SPL=0.2186 SR@1m=52.51% SPL@1m=0.2329
[ZSON3 EVAL] 1353/2000 scene=p53SfW6mjZe.basis episode=65 target=sofa success=0 spl=0.0000 reason=max_steps_reached steps=500 runtime=363.7s SR=49.08% (664/1353) mean_SPL=0.2184 SR@1m=52.48% SPL@1m=0.2328
[ZSON3 EVAL] 1354/2000 scene=p53SfW6mjZe.basis episode=66 target=tv_monitor success=0 spl=0.0000 reason=robot_stuck steps=400 runtime=234.5s SR=49.04% (664/1354) mean_SPL=0.2183 SR@1m=52.44% SPL@1m=0.2326
[ZSON3 EVAL] 1355/2000 scene=p53SfW6mjZe.basis episode=67 target=tv_monitor success=0 spl=0.0000 reason=max_steps_reached steps=494 runtime=734.8s SR=49.00% (664/1355) mean_SPL=0.2181 SR@1m=52.40% SPL@1m=0.2324
[ZSON3 EVAL] 1356/2000 scene=p53SfW6mjZe.basis episode=68 target=sofa success=1 spl=0.3795 reason=object_found steps=89 runtime=86.1s SR=49.04% (665/1356) mean_SPL=0.2182 SR@1m=52.43% SPL@1m=0.2325
[ZSON3 EVAL] 1357/2000 scene=p53SfW6mjZe.basis episode=69 target=chair success=0 spl=0.0000 reason=false_positive steps=33 runtime=25.2s SR=49.01% (665/1357) mean_SPL=0.2181 SR@1m=52.39% SPL@1m=0.2324
[ZSON3 EVAL] 1358/2000 scene=p53SfW6mjZe.basis episode=70 target=bed success=0 spl=0.0000 reason=max_steps_reached steps=494 runtime=455.9s SR=48.97% (665/1358) mean_SPL=0.2179 SR@1m=52.36% SPL@1m=0.2322
[ZSON3 EVAL] 1359/2000 scene=p53SfW6mjZe.basis episode=71 target=toilet success=1 spl=0.1175 reason=object_found steps=187 runtime=130.4s SR=49.01% (666/1359) mean_SPL=0.2178 SR@1m=52.39% SPL@1m=0.2321
[ZSON3 EVAL] 1360/2000 scene=p53SfW6mjZe.basis episode=72 target=chair success=0 spl=0.0000 reason=max_steps_reached steps=493 runtime=335.2s SR=48.97% (666/1360) mean_SPL=0.2177 SR@1m=52.35% SPL@1m=0.2319
[ZSON3 EVAL] 1361/2000 scene=p53SfW6mjZe.basis episode=73 target=tv_monitor success=0 spl=0.0000 reason=false_positive steps=288 runtime=488.4s SR=48.93% (666/1361) mean_SPL=0.2175 SR@1m=52.31% SPL@1m=0.2318
[ZSON3 EVAL] 1362/2000 scene=p53SfW6mjZe.basis episode=74 target=sofa success=1 spl=0.9218 reason=object_found steps=56 runtime=58.6s SR=48.97% (667/1362) mean_SPL=0.2180 SR@1m=52.35% SPL@1m=0.2323
[ZSON3 EVAL] 1363/2000 scene=p53SfW6mjZe.basis episode=75 target=sofa success=1 spl=0.3649 reason=object_found steps=203 runtime=131.7s SR=49.01% (668/1363) mean_SPL=0.2181 SR@1m=52.38% SPL@1m=0.2324
[ZSON3 EVAL] 1364/2000 scene=p53SfW6mjZe.basis episode=76 target=toilet success=1 spl=0.1589 reason=object_found steps=437 runtime=292.6s SR=49.05% (669/1364) mean_SPL=0.2181 SR@1m=52.42% SPL@1m=0.2323
[ZSON3 EVAL] 1365/2000 scene=p53SfW6mjZe.basis episode=77 target=toilet success=0 spl=0.0000 reason=max_steps_reached steps=488 runtime=463.8s SR=49.01% (669/1365) mean_SPL=0.2179 SR@1m=52.38% SPL@1m=0.2321
[ZSON3 EVAL] 1366/2000 scene=p53SfW6mjZe.basis episode=78 target=sofa success=1 spl=0.2227 reason=object_found steps=278 runtime=304.6s SR=49.05% (670/1366) mean_SPL=0.2179 SR@1m=52.42% SPL@1m=0.2321
[ZSON3 EVAL] 1367/2000 scene=p53SfW6mjZe.basis episode=79 target=tv_monitor success=0 spl=0.0000 reason=max_steps_reached steps=489 runtime=326.3s SR=49.01% (670/1367) mean_SPL=0.2178 SR@1m=52.38% SPL@1m=0.2320
[ZSON3 EVAL] 1368/2000 scene=p53SfW6mjZe.basis episode=80 target=chair success=1 spl=0.6361 reason=object_found steps=88 runtime=61.3s SR=49.05% (671/1368) mean_SPL=0.2181 SR@1m=52.41% SPL@1m=0.2323
[ZSON3 EVAL] 1369/2000 scene=p53SfW6mjZe.basis episode=81 target=chair success=1 spl=0.2168 reason=object_found steps=157 runtime=144.8s SR=49.09% (672/1369) mean_SPL=0.2181 SR@1m=52.45% SPL@1m=0.2323
[ZSON3 EVAL] 1370/2000 scene=p53SfW6mjZe.basis episode=82 target=sofa success=1 spl=0.8080 reason=object_found steps=110 runtime=71.9s SR=49.12% (673/1370) mean_SPL=0.2185 SR@1m=52.48% SPL@1m=0.2327
[ZSON3 EVAL] 1371/2000 scene=p53SfW6mjZe.basis episode=83 target=chair success=1 spl=0.8852 reason=object_found steps=63 runtime=37.8s SR=49.16% (674/1371) mean_SPL=0.2190 SR@1m=52.52% SPL@1m=0.2332
[ZSON3 EVAL] 1372/2000 scene=p53SfW6mjZe.basis episode=84 target=tv_monitor success=0 spl=0.0000 reason=max_steps_reached steps=498 runtime=332.1s SR=49.13% (674/1372) mean_SPL=0.2188 SR@1m=52.48% SPL@1m=0.2330
[ZSON3 EVAL] 1373/2000 scene=p53SfW6mjZe.basis episode=85 target=tv_monitor success=0 spl=0.0000 reason=max_steps_reached steps=490 runtime=528.9s SR=49.09% (674/1373) mean_SPL=0.2187 SR@1m=52.44% SPL@1m=0.2328
[ZSON3 EVAL] 1374/2000 scene=p53SfW6mjZe.basis episode=86 target=bed success=0 spl=0.0000 reason=false_positive steps=110 runtime=80.4s SR=49.05% (674/1374) mean_SPL=0.2185 SR@1m=52.40% SPL@1m=0.2326
[ZSON3 EVAL] 1375/2000 scene=p53SfW6mjZe.basis episode=87 target=bed success=1 spl=0.1414 reason=object_found steps=401 runtime=362.5s SR=49.09% (675/1375) mean_SPL=0.2185 SR@1m=52.44% SPL@1m=0.2326
[ZSON3 EVAL] 1376/2000 scene=p53SfW6mjZe.basis episode=88 target=bed success=0 spl=0.0000 reason=max_steps_reached steps=499 runtime=461.9s SR=49.06% (675/1376) mean_SPL=0.2183 SR@1m=52.40% SPL@1m=0.2324
[ZSON3 EVAL] 1377/2000 scene=p53SfW6mjZe.basis episode=89 target=chair success=1 spl=0.1654 reason=object_found steps=275 runtime=183.1s SR=49.09% (676/1377) mean_SPL=0.2183 SR@1m=52.43% SPL@1m=0.2324
[ZSON3 EVAL] 1378/2000 scene=p53SfW6mjZe.basis episode=90 target=bed success=1 spl=0.8021 reason=object_found steps=18 runtime=14.2s SR=49.13% (677/1378) mean_SPL=0.2187 SR@1m=52.47% SPL@1m=0.2328
[ZSON3 EVAL] 1379/2000 scene=p53SfW6mjZe.basis episode=91 target=toilet success=0 spl=0.0000 reason=robot_stuck steps=427 runtime=388.3s SR=49.09% (677/1379) mean_SPL=0.2185 SR@1m=52.43% SPL@1m=0.2326
[ZSON3 EVAL] 1380/2000 scene=p53SfW6mjZe.basis episode=92 target=chair success=1 spl=0.7827 reason=object_found steps=87 runtime=46.5s SR=49.13% (678/1380) mean_SPL=0.2189 SR@1m=52.46% SPL@1m=0.2330
[ZSON3 EVAL] 1381/2000 scene=p53SfW6mjZe.basis episode=93 target=chair success=1 spl=0.5877 reason=object_found steps=48 runtime=39.9s SR=49.17% (679/1381) mean_SPL=0.2192 SR@1m=52.50% SPL@1m=0.2333
[ZSON3 EVAL] 1382/2000 scene=p53SfW6mjZe.basis episode=94 target=bed success=0 spl=0.0000 reason=max_steps_reached steps=500 runtime=484.7s SR=49.13% (679/1382) mean_SPL=0.2190 SR@1m=52.46% SPL@1m=0.2331
[ZSON3 EVAL] 1383/2000 scene=p53SfW6mjZe.basis episode=95 target=tv_monitor success=0 spl=0.0000 reason=max_steps_reached steps=500 runtime=301.7s SR=49.10% (679/1383) mean_SPL=0.2189 SR@1m=52.42% SPL@1m=0.2329
[ZSON3 EVAL] 1384/2000 scene=p53SfW6mjZe.basis episode=96 target=tv_monitor success=0 spl=0.0000 reason=max_steps_reached steps=500 runtime=472.3s SR=49.06% (679/1384) mean_SPL=0.2187 SR@1m=52.38% SPL@1m=0.2328
[ZSON3 EVAL] 1385/2000 scene=p53SfW6mjZe.basis episode=97 target=bed success=1 spl=0.3874 reason=object_found steps=139 runtime=83.0s SR=49.10% (680/1385) mean_SPL=0.2188 SR@1m=52.42% SPL@1m=0.2329
[ZSON3 EVAL] 1386/2000 scene=p53SfW6mjZe.basis episode=98 target=bed success=1 spl=0.2352 reason=object_found steps=200 runtime=182.1s SR=49.13% (681/1386) mean_SPL=0.2189 SR@1m=52.45% SPL@1m=0.2329
[ZSON3 EVAL] 1387/2000 scene=q3zU7Yy5E5s.basis episode=0 target=sofa success=0 spl=0.0000 reason=false_positive steps=84 runtime=64.9s SR=49.10% (681/1387) mean_SPL=0.2187 SR@1m=52.42% SPL@1m=0.2327
[ZSON3 EVAL] 1388/2000 scene=q3zU7Yy5E5s.basis episode=1 target=chair success=1 spl=0.1404 reason=object_found steps=257 runtime=164.8s SR=49.14% (682/1388) mean_SPL=0.2186 SR@1m=52.45% SPL@1m=0.2326
[ZSON3 EVAL] 1389/2000 scene=q3zU7Yy5E5s.basis episode=2 target=chair success=1 spl=0.6411 reason=robot_stuck steps=274 runtime=135.3s SR=49.17% (683/1389) mean_SPL=0.2189 SR@1m=52.48% SPL@1m=0.2329
[ZSON3 EVAL] 1390/2000 scene=q3zU7Yy5E5s.basis episode=3 target=chair success=1 spl=0.5762 reason=object_found steps=86 runtime=45.6s SR=49.21% (684/1390) mean_SPL=0.2192 SR@1m=52.52% SPL@1m=0.2332
[ZSON3 EVAL] 1391/2000 scene=q3zU7Yy5E5s.basis episode=4 target=tv_monitor success=0 spl=0.0000 reason=max_steps_reached steps=485 runtime=364.1s SR=49.17% (684/1391) mean_SPL=0.2190 SR@1m=52.48% SPL@1m=0.2330
[ZSON3 EVAL] 1392/2000 scene=q3zU7Yy5E5s.basis episode=5 target=chair success=1 spl=0.5734 reason=object_found steps=72 runtime=39.9s SR=49.21% (685/1392) mean_SPL=0.2193 SR@1m=52.51% SPL@1m=0.2333
[ZSON3 EVAL] 1393/2000 scene=q3zU7Yy5E5s.basis episode=6 target=tv_monitor success=0 spl=0.0000 reason=max_steps_reached steps=487 runtime=260.6s SR=49.17% (685/1393) mean_SPL=0.2191 SR@1m=52.48% SPL@1m=0.2331
[ZSON3 EVAL] 1394/2000 scene=q3zU7Yy5E5s.basis episode=7 target=sofa success=0 spl=0.0000 reason=max_steps_reached steps=484 runtime=339.2s SR=49.14% (685/1394) mean_SPL=0.2190 SR@1m=52.44% SPL@1m=0.2329
[ZSON3 EVAL] 1395/2000 scene=q3zU7Yy5E5s.basis episode=8 target=toilet success=1 spl=0.2395 reason=max_steps_reached steps=500 runtime=272.7s SR=49.18% (686/1395) mean_SPL=0.2190 SR@1m=52.47% SPL@1m=0.2329
[ZSON3 EVAL] 1396/2000 scene=q3zU7Yy5E5s.basis episode=9 target=sofa success=0 spl=0.0000 reason=max_steps_reached steps=498 runtime=342.0s SR=49.14% (686/1396) mean_SPL=0.2188 SR@1m=52.44% SPL@1m=0.2328
[ZSON3 EVAL] 1397/2000 scene=q3zU7Yy5E5s.basis episode=10 target=sofa success=0 spl=0.0000 reason=max_steps_reached steps=478 runtime=300.2s SR=49.11% (686/1397) mean_SPL=0.2187 SR@1m=52.40% SPL@1m=0.2326
[ZSON3 EVAL] 1398/2000 scene=q3zU7Yy5E5s.basis episode=11 target=sofa success=0 spl=0.0000 reason=no_frontiers steps=426 runtime=273.5s SR=49.07% (686/1398) mean_SPL=0.2185 SR@1m=52.36% SPL@1m=0.2324
[ZSON3 EVAL] 1399/2000 scene=q3zU7Yy5E5s.basis episode=12 target=sofa success=1 spl=0.3779 reason=object_found steps=192 runtime=141.9s SR=49.11% (687/1399) mean_SPL=0.2186 SR@1m=52.39% SPL@1m=0.2325
[ZSON3 EVAL] 1400/2000 scene=q3zU7Yy5E5s.basis episode=13 target=toilet success=1 spl=0.8039 reason=object_found steps=66 runtime=47.4s SR=49.14% (688/1400) mean_SPL=0.2191 SR@1m=52.43% SPL@1m=0.2329
[ZSON3 EVAL] 1401/2000 scene=q3zU7Yy5E5s.basis episode=14 target=tv_monitor success=0 spl=0.0000 reason=max_steps_reached steps=493 runtime=354.2s SR=49.11% (688/1401) mean_SPL=0.2189 SR@1m=52.39% SPL@1m=0.2328
[ZSON3 EVAL] 1402/2000 scene=q3zU7Yy5E5s.basis episode=15 target=tv_monitor success=0 spl=0.0000 reason=max_steps_reached steps=488 runtime=275.1s SR=49.07% (688/1402) mean_SPL=0.2187 SR@1m=52.35% SPL@1m=0.2326
[ZSON3 EVAL] 1403/2000 scene=q3zU7Yy5E5s.basis episode=16 target=chair success=1 spl=0.4725 reason=object_found steps=142 runtime=74.9s SR=49.11% (689/1403) mean_SPL=0.2189 SR@1m=52.39% SPL@1m=0.2328
[ZSON3 EVAL] 1404/2000 scene=q3zU7Yy5E5s.basis episode=17 target=bed success=1 spl=0.3750 reason=object_found steps=96 runtime=85.5s SR=49.15% (690/1404) mean_SPL=0.2190 SR@1m=52.42% SPL@1m=0.2329
[ZSON3 EVAL] 1405/2000 scene=q3zU7Yy5E5s.basis episode=18 target=bed success=1 spl=0.6339 reason=object_found steps=94 runtime=75.2s SR=49.18% (691/1405) mean_SPL=0.2193 SR@1m=52.46% SPL@1m=0.2332
[ZSON3 EVAL] 1406/2000 scene=q3zU7Yy5E5s.basis episode=19 target=tv_monitor success=0 spl=0.0000 reason=max_steps_reached steps=498 runtime=267.3s SR=49.15% (691/1406) mean_SPL=0.2192 SR@1m=52.42% SPL@1m=0.2330
[ZSON3 EVAL] 1407/2000 scene=q3zU7Yy5E5s.basis episode=20 target=bed success=1 spl=0.6080 reason=object_found steps=132 runtime=90.9s SR=49.18% (692/1407) mean_SPL=0.2195 SR@1m=52.45% SPL@1m=0.2333
[ZSON3 EVAL] 1408/2000 scene=q3zU7Yy5E5s.basis episode=21 target=tv_monitor success=0 spl=0.0000 reason=max_steps_reached steps=495 runtime=270.1s SR=49.15% (692/1408) mean_SPL=0.2193 SR@1m=52.41% SPL@1m=0.2331
[ZSON3 EVAL] 1409/2000 scene=q3zU7Yy5E5s.basis episode=22 target=bed success=1 spl=0.6033 reason=object_found steps=122 runtime=113.4s SR=49.18% (693/1409) mean_SPL=0.2196 SR@1m=52.45% SPL@1m=0.2334
[ZSON3 EVAL] 1410/2000 scene=q3zU7Yy5E5s.basis episode=23 target=bed success=1 spl=0.2742 reason=object_found steps=353 runtime=190.7s SR=49.22% (694/1410) mean_SPL=0.2196 SR@1m=52.48% SPL@1m=0.2334
[ZSON3 EVAL] 1411/2000 scene=q3zU7Yy5E5s.basis episode=24 target=tv_monitor success=0 spl=0.0000 reason=max_steps_reached steps=498 runtime=303.2s SR=49.18% (694/1411) mean_SPL=0.2195 SR@1m=52.45% SPL@1m=0.2332
[ZSON3 EVAL] 1412/2000 scene=q3zU7Yy5E5s.basis episode=25 target=tv_monitor success=0 spl=0.0000 reason=max_steps_reached steps=487 runtime=364.6s SR=49.15% (694/1412) mean_SPL=0.2193 SR@1m=52.41% SPL@1m=0.2331
[ZSON3 EVAL] 1413/2000 scene=q3zU7Yy5E5s.basis episode=26 target=chair success=1 spl=0.4375 reason=object_found steps=88 runtime=63.6s SR=49.19% (695/1413) mean_SPL=0.2195 SR@1m=52.44% SPL@1m=0.2332
[ZSON3 EVAL] 1414/2000 scene=q3zU7Yy5E5s.basis episode=27 target=toilet success=0 spl=0.0000 reason=object_found_at_1m_only steps=78 runtime=42.8s SR=49.15% (695/1414) mean_SPL=0.2193 SR@1m=52.48% SPL@1m=0.2335
[ZSON3 EVAL] 1415/2000 scene=q3zU7Yy5E5s.basis episode=28 target=tv_monitor success=0 spl=0.0000 reason=max_steps_reached steps=487 runtime=306.8s SR=49.12% (695/1415) mean_SPL=0.2191 SR@1m=52.44% SPL@1m=0.2333
[ZSON3 EVAL] 1416/2000 scene=q3zU7Yy5E5s.basis episode=29 target=sofa success=0 spl=0.0000 reason=max_steps_reached steps=490 runtime=292.4s SR=49.08% (695/1416) mean_SPL=0.2190 SR@1m=52.40% SPL@1m=0.2332
[ZSON3 EVAL] 1417/2000 scene=q3zU7Yy5E5s.basis episode=30 target=toilet success=0 spl=0.0000 reason=max_steps_reached steps=486 runtime=339.8s SR=49.05% (695/1417) mean_SPL=0.2188 SR@1m=52.36% SPL@1m=0.2330
[ZSON3 EVAL] 1418/2000 scene=q3zU7Yy5E5s.basis episode=31 target=sofa success=0 spl=0.0000 reason=max_steps_reached steps=489 runtime=284.0s SR=49.01% (695/1418) mean_SPL=0.2187 SR@1m=52.33% SPL@1m=0.2328
[ZSON3 EVAL] 1419/2000 scene=q3zU7Yy5E5s.basis episode=32 target=toilet success=1 spl=0.8449 reason=object_found steps=80 runtime=52.9s SR=49.05% (696/1419) mean_SPL=0.2191 SR@1m=52.36% SPL@1m=0.2333
[ZSON3 EVAL] 1420/2000 scene=q3zU7Yy5E5s.basis episode=33 target=tv_monitor success=0 spl=0.0000 reason=max_steps_reached steps=495 runtime=300.1s SR=49.01% (696/1420) mean_SPL=0.2190 SR@1m=52.32% SPL@1m=0.2331
[ZSON3 EVAL] 1421/2000 scene=q3zU7Yy5E5s.basis episode=34 target=sofa success=0 spl=0.0000 reason=false_positive steps=208 runtime=146.1s SR=48.98% (696/1421) mean_SPL=0.2188 SR@1m=52.29% SPL@1m=0.2329
[ZSON3 EVAL] 1422/2000 scene=q3zU7Yy5E5s.basis episode=35 target=chair success=1 spl=0.3913 reason=object_found steps=107 runtime=79.0s SR=49.02% (697/1422) mean_SPL=0.2189 SR@1m=52.32% SPL@1m=0.2330
[ZSON3 EVAL] 1423/2000 scene=q3zU7Yy5E5s.basis episode=36 target=chair success=1 spl=0.5409 reason=object_found steps=77 runtime=46.9s SR=49.05% (698/1423) mean_SPL=0.2192 SR@1m=52.35% SPL@1m=0.2333
[ZSON3 EVAL] 1424/2000 scene=q3zU7Yy5E5s.basis episode=37 target=bed success=1 spl=0.4167 reason=object_found steps=161 runtime=121.2s SR=49.09% (699/1424) mean_SPL=0.2193 SR@1m=52.39% SPL@1m=0.2334
[ZSON3 EVAL] 1425/2000 scene=q3zU7Yy5E5s.basis episode=38 target=tv_monitor success=0 spl=0.0000 reason=max_steps_reached steps=494 runtime=281.5s SR=49.05% (699/1425) mean_SPL=0.2191 SR@1m=52.35% SPL@1m=0.2332
[ZSON3 EVAL] 1426/2000 scene=q3zU7Yy5E5s.basis episode=39 target=sofa success=0 spl=0.0000 reason=max_steps_reached steps=495 runtime=273.5s SR=49.02% (699/1426) mean_SPL=0.2190 SR@1m=52.31% SPL@1m=0.2331
[ZSON3 EVAL] 1427/2000 scene=q3zU7Yy5E5s.basis episode=40 target=bed success=1 spl=0.6669 reason=object_found steps=86 runtime=42.2s SR=49.05% (700/1427) mean_SPL=0.2193 SR@1m=52.35% SPL@1m=0.2334
[ZSON3 EVAL] 1428/2000 scene=q3zU7Yy5E5s.basis episode=41 target=bed success=1 spl=0.7326 reason=object_found steps=83 runtime=80.0s SR=49.09% (701/1428) mean_SPL=0.2197 SR@1m=52.38% SPL@1m=0.2337
[ZSON3 EVAL] 1429/2000 scene=q3zU7Yy5E5s.basis episode=42 target=toilet success=1 spl=0.3028 reason=object_found steps=167 runtime=143.3s SR=49.13% (702/1429) mean_SPL=0.2197 SR@1m=52.41% SPL@1m=0.2338
[ZSON3 EVAL] 1430/2000 scene=q3zU7Yy5E5s.basis episode=43 target=tv_monitor success=0 spl=0.0000 reason=max_steps_reached steps=491 runtime=315.2s SR=49.09% (702/1430) mean_SPL=0.2196 SR@1m=52.38% SPL@1m=0.2336
[ZSON3 EVAL] 1431/2000 scene=q3zU7Yy5E5s.basis episode=44 target=bed success=1 spl=0.5104 reason=object_found steps=80 runtime=59.8s SR=49.13% (703/1431) mean_SPL=0.2198 SR@1m=52.41% SPL@1m=0.2338
[ZSON3 EVAL] 1432/2000 scene=q3zU7Yy5E5s.basis episode=45 target=chair success=1 spl=0.3132 reason=object_found steps=121 runtime=58.5s SR=49.16% (704/1432) mean_SPL=0.2198 SR@1m=52.44% SPL@1m=0.2338
[ZSON3 EVAL] 1433/2000 scene=q3zU7Yy5E5s.basis episode=46 target=toilet success=1 spl=0.0984 reason=object_found steps=387 runtime=208.6s SR=49.20% (705/1433) mean_SPL=0.2198 SR@1m=52.48% SPL@1m=0.2337
[ZSON3 EVAL] 1434/2000 scene=q3zU7Yy5E5s.basis episode=47 target=tv_monitor success=0 spl=0.0000 reason=max_steps_reached steps=485 runtime=249.4s SR=49.16% (705/1434) mean_SPL=0.2196 SR@1m=52.44% SPL@1m=0.2336
[ZSON3 EVAL] 1435/2000 scene=q3zU7Yy5E5s.basis episode=48 target=toilet success=1 spl=0.1670 reason=object_found steps=334 runtime=202.3s SR=49.20% (706/1435) mean_SPL=0.2196 SR@1m=52.47% SPL@1m=0.2335
[ZSON3 EVAL] 1436/2000 scene=q3zU7Yy5E5s.basis episode=49 target=sofa success=0 spl=0.0000 reason=max_steps_reached steps=500 runtime=286.5s SR=49.16% (706/1436) mean_SPL=0.2194 SR@1m=52.44% SPL@1m=0.2334
[ZSON3 EVAL] 1437/2000 scene=q3zU7Yy5E5s.basis episode=50 target=toilet success=1 spl=0.2533 reason=object_found steps=106 runtime=85.3s SR=49.20% (707/1437) mean_SPL=0.2194 SR@1m=52.47% SPL@1m=0.2334
[ZSON3 EVAL] 1438/2000 scene=q3zU7Yy5E5s.basis episode=51 target=tv_monitor success=0 spl=0.0000 reason=max_steps_reached steps=489 runtime=302.2s SR=49.17% (707/1438) mean_SPL=0.2193 SR@1m=52.43% SPL@1m=0.2332
[ZSON3 EVAL] 1439/2000 scene=q3zU7Yy5E5s.basis episode=52 target=sofa success=0 spl=0.0000 reason=max_steps_reached steps=488 runtime=277.2s SR=49.13% (707/1439) mean_SPL=0.2191 SR@1m=52.40% SPL@1m=0.2331
[ZSON3 EVAL] 1440/2000 scene=q3zU7Yy5E5s.basis episode=53 target=bed success=1 spl=0.5002 reason=object_found steps=139 runtime=108.9s SR=49.17% (708/1440) mean_SPL=0.2193 SR@1m=52.43% SPL@1m=0.2333
[ZSON3 EVAL] 1441/2000 scene=q3zU7Yy5E5s.basis episode=54 target=sofa success=0 spl=0.0000 reason=max_steps_reached steps=491 runtime=289.2s SR=49.13% (708/1441) mean_SPL=0.2192 SR@1m=52.39% SPL@1m=0.2331
[ZSON3 EVAL] 1442/2000 scene=q3zU7Yy5E5s.basis episode=55 target=toilet success=1 spl=0.2344 reason=object_found steps=375 runtime=240.0s SR=49.17% (709/1442) mean_SPL=0.2192 SR@1m=52.43% SPL@1m=0.2331
[ZSON3 EVAL] 1443/2000 scene=q3zU7Yy5E5s.basis episode=56 target=tv_monitor success=0 spl=0.0000 reason=max_steps_reached steps=484 runtime=251.4s SR=49.13% (709/1443) mean_SPL=0.2190 SR@1m=52.39% SPL@1m=0.2329
[ZSON3 EVAL] 1444/2000 scene=q3zU7Yy5E5s.basis episode=57 target=toilet success=0 spl=0.0000 reason=robot_stuck steps=358 runtime=175.3s SR=49.10% (709/1444) mean_SPL=0.2189 SR@1m=52.42% SPL@1m=0.2332
[ZSON3 EVAL] 1445/2000 scene=q3zU7Yy5E5s.basis episode=58 target=chair success=1 spl=0.1790 reason=object_found steps=306 runtime=181.3s SR=49.13% (710/1445) mean_SPL=0.2189 SR@1m=52.46% SPL@1m=0.2331
[ZSON3 EVAL] 1446/2000 scene=q3zU7Yy5E5s.basis episode=59 target=sofa success=0 spl=0.0000 reason=max_steps_reached steps=490 runtime=295.7s SR=49.10% (710/1446) mean_SPL=0.2187 SR@1m=52.42% SPL@1m=0.2330
[ZSON3 EVAL] 1447/2000 scene=q3zU7Yy5E5s.basis episode=60 target=toilet success=0 spl=0.0000 reason=object_found_at_1m_only steps=62 runtime=34.8s SR=49.07% (710/1447) mean_SPL=0.2185 SR@1m=52.45% SPL@1m=0.2333
[ZSON3 EVAL] 1448/2000 scene=q3zU7Yy5E5s.basis episode=61 target=chair success=1 spl=0.3367 reason=object_found steps=117 runtime=73.4s SR=49.10% (711/1448) mean_SPL=0.2186 SR@1m=52.49% SPL@1m=0.2334
[ZSON3 EVAL] 1449/2000 scene=q3zU7Yy5E5s.basis episode=62 target=chair success=1 spl=0.7611 reason=object_found steps=34 runtime=23.1s SR=49.14% (712/1449) mean_SPL=0.2190 SR@1m=52.52% SPL@1m=0.2337
[ZSON3 EVAL] 1450/2000 scene=q3zU7Yy5E5s.basis episode=63 target=bed success=1 spl=0.5022 reason=object_found steps=61 runtime=53.2s SR=49.17% (713/1450) mean_SPL=0.2192 SR@1m=52.55% SPL@1m=0.2339
[ZSON3 EVAL] 1451/2000 scene=q3zU7Yy5E5s.basis episode=64 target=chair success=1 spl=0.6681 reason=object_found steps=75 runtime=46.4s SR=49.21% (714/1451) mean_SPL=0.2195 SR@1m=52.58% SPL@1m=0.2342
[ZSON3 EVAL] 1452/2000 scene=q3zU7Yy5E5s.basis episode=65 target=bed success=1 spl=0.6312 reason=object_found steps=108 runtime=101.3s SR=49.24% (715/1452) mean_SPL=0.2198 SR@1m=52.62% SPL@1m=0.2345
[ZSON3 EVAL] 1453/2000 scene=q3zU7Yy5E5s.basis episode=66 target=sofa success=0 spl=0.0000 reason=max_steps_reached steps=487 runtime=294.4s SR=49.21% (715/1453) mean_SPL=0.2196 SR@1m=52.58% SPL@1m=0.2343
[ZSON3 EVAL] 1454/2000 scene=q3zU7Yy5E5s.basis episode=67 target=bed success=1 spl=0.4501 reason=object_found steps=125 runtime=116.8s SR=49.24% (716/1454) mean_SPL=0.2198 SR@1m=52.61% SPL@1m=0.2345
[ZSON3 EVAL] 1455/2000 scene=q3zU7Yy5E5s.basis episode=68 target=tv_monitor success=0 spl=0.0000 reason=max_steps_reached steps=500 runtime=274.3s SR=49.21% (716/1455) mean_SPL=0.2196 SR@1m=52.65% SPL@1m=0.2344
[ZSON3 EVAL] 1456/2000 scene=q3zU7Yy5E5s.basis episode=69 target=tv_monitor success=1 spl=0.2044 reason=robot_stuck steps=469 runtime=299.7s SR=49.24% (717/1456) mean_SPL=0.2196 SR@1m=52.68% SPL@1m=0.2344
[ZSON3 EVAL] 1457/2000 scene=q3zU7Yy5E5s.basis episode=70 target=toilet success=1 spl=0.1482 reason=robot_stuck steps=445 runtime=196.6s SR=49.28% (718/1457) mean_SPL=0.2196 SR@1m=52.71% SPL@1m=0.2343
[ZSON3 EVAL] 1458/2000 scene=q3zU7Yy5E5s.basis episode=71 target=bed success=1 spl=0.7003 reason=robot_stuck steps=275 runtime=162.4s SR=49.31% (719/1458) mean_SPL=0.2199 SR@1m=52.74% SPL@1m=0.2346
[ZSON3 EVAL] 1459/2000 scene=q3zU7Yy5E5s.basis episode=72 target=chair success=1 spl=0.6278 reason=object_found steps=73 runtime=44.5s SR=49.35% (720/1459) mean_SPL=0.2202 SR@1m=52.78% SPL@1m=0.2349
[ZSON3 EVAL] 1460/2000 scene=q3zU7Yy5E5s.basis episode=73 target=bed success=1 spl=0.5658 reason=object_found steps=108 runtime=96.8s SR=49.38% (721/1460) mean_SPL=0.2204 SR@1m=52.81% SPL@1m=0.2351
[ZSON3 EVAL] 1461/2000 scene=q3zU7Yy5E5s.basis episode=74 target=sofa success=0 spl=0.0000 reason=max_steps_reached steps=496 runtime=298.1s SR=49.35% (721/1461) mean_SPL=0.2203 SR@1m=52.77% SPL@1m=0.2350
[ZSON3 EVAL] 1462/2000 scene=q3zU7Yy5E5s.basis episode=75 target=toilet success=1 spl=0.6869 reason=object_found steps=65 runtime=43.9s SR=49.38% (722/1462) mean_SPL=0.2206 SR@1m=52.80% SPL@1m=0.2353
[ZSON3 EVAL] 1463/2000 scene=q3zU7Yy5E5s.basis episode=76 target=bed success=1 spl=0.6344 reason=object_found steps=67 runtime=73.4s SR=49.42% (723/1463) mean_SPL=0.2209 SR@1m=52.84% SPL@1m=0.2356
[ZSON3 EVAL] 1464/2000 scene=q3zU7Yy5E5s.basis episode=77 target=sofa success=0 spl=0.0000 reason=false_positive steps=38 runtime=37.5s SR=49.39% (723/1464) mean_SPL=0.2207 SR@1m=52.80% SPL@1m=0.2354
[ZSON3 EVAL] 1465/2000 scene=q3zU7Yy5E5s.basis episode=78 target=sofa success=0 spl=0.0000 reason=max_steps_reached steps=478 runtime=308.3s SR=49.35% (723/1465) mean_SPL=0.2206 SR@1m=52.76% SPL@1m=0.2352
[ZSON3 EVAL] 1466/2000 scene=q3zU7Yy5E5s.basis episode=79 target=tv_monitor success=0 spl=0.0000 reason=max_steps_reached steps=490 runtime=256.5s SR=49.32% (723/1466) mean_SPL=0.2204 SR@1m=52.73% SPL@1m=0.2351
[ZSON3 EVAL] 1467/2000 scene=q3zU7Yy5E5s.basis episode=80 target=tv_monitor success=0 spl=0.0000 reason=max_steps_reached steps=497 runtime=338.0s SR=49.28% (723/1467) mean_SPL=0.2203 SR@1m=52.69% SPL@1m=0.2349
[ZSON3 EVAL] 1468/2000 scene=q3zU7Yy5E5s.basis episode=81 target=bed success=1 spl=0.4911 reason=object_found steps=160 runtime=108.7s SR=49.32% (724/1468) mean_SPL=0.2205 SR@1m=52.72% SPL@1m=0.2351
[ZSON3 EVAL] 1469/2000 scene=q3zU7Yy5E5s.basis episode=82 target=tv_monitor success=0 spl=0.0000 reason=max_steps_reached steps=493 runtime=279.8s SR=49.29% (724/1469) mean_SPL=0.2203 SR@1m=52.69% SPL@1m=0.2349
[ZSON3 EVAL] 1470/2000 scene=q3zU7Yy5E5s.basis episode=83 target=toilet success=0 spl=0.0000 reason=max_steps_reached steps=481 runtime=316.1s SR=49.25% (724/1470) mean_SPL=0.2202 SR@1m=52.65% SPL@1m=0.2348
[ZSON3 EVAL] 1471/2000 scene=q3zU7Yy5E5s.basis episode=84 target=sofa success=1 spl=0.7590 reason=object_found steps=36 runtime=37.7s SR=49.29% (725/1471) mean_SPL=0.2205 SR@1m=52.69% SPL@1m=0.2351
[ZSON3 EVAL] 1472/2000 scene=q3zU7Yy5E5s.basis episode=85 target=tv_monitor success=0 spl=0.0000 reason=max_steps_reached steps=492 runtime=263.5s SR=49.25% (725/1472) mean_SPL=0.2204 SR@1m=52.65% SPL@1m=0.2350
[ZSON3 EVAL] 1473/2000 scene=q3zU7Yy5E5s.basis episode=86 target=chair success=1 spl=0.5213 reason=object_found steps=130 runtime=72.8s SR=49.29% (726/1473) mean_SPL=0.2206 SR@1m=52.68% SPL@1m=0.2352
[ZSON3 EVAL] 1474/2000 scene=q3zU7Yy5E5s.basis episode=87 target=chair success=1 spl=0.2031 reason=object_found steps=278 runtime=145.2s SR=49.32% (727/1474) mean_SPL=0.2206 SR@1m=52.71% SPL@1m=0.2351
[ZSON3 EVAL] 1475/2000 scene=q3zU7Yy5E5s.basis episode=88 target=toilet success=0 spl=0.0000 reason=robot_stuck steps=345 runtime=206.6s SR=49.29% (727/1475) mean_SPL=0.2204 SR@1m=52.75% SPL@1m=0.2353
[ZSON3 EVAL] 1476/2000 scene=q3zU7Yy5E5s.basis episode=89 target=tv_monitor success=0 spl=0.0000 reason=max_steps_reached steps=493 runtime=309.3s SR=49.25% (727/1476) mean_SPL=0.2203 SR@1m=52.71% SPL@1m=0.2352
[ZSON3 EVAL] 1477/2000 scene=q3zU7Yy5E5s.basis episode=90 target=sofa success=0 spl=0.0000 reason=max_steps_reached steps=492 runtime=287.6s SR=49.22% (727/1477) mean_SPL=0.2201 SR@1m=52.67% SPL@1m=0.2350
[ZSON3 EVAL] 1478/2000 scene=q3zU7Yy5E5s.basis episode=91 target=chair success=1 spl=0.8026 reason=object_found steps=21 runtime=23.9s SR=49.26% (728/1478) mean_SPL=0.2205 SR@1m=52.71% SPL@1m=0.2354
[ZSON3 EVAL] 1479/2000 scene=q3zU7Yy5E5s.basis episode=92 target=toilet success=1 spl=0.6494 reason=object_found steps=106 runtime=144.3s SR=49.29% (729/1479) mean_SPL=0.2208 SR@1m=52.74% SPL@1m=0.2357
[ZSON3 EVAL] 1480/2000 scene=q3zU7Yy5E5s.basis episode=93 target=bed success=1 spl=0.3399 reason=object_found steps=178 runtime=154.5s SR=49.32% (730/1480) mean_SPL=0.2209 SR@1m=52.77% SPL@1m=0.2358
[ZSON3 EVAL] 1481/2000 scene=q3zU7Yy5E5s.basis episode=94 target=bed success=1 spl=0.3975 reason=object_found steps=126 runtime=121.5s SR=49.36% (731/1481) mean_SPL=0.2210 SR@1m=52.80% SPL@1m=0.2359
[ZSON3 EVAL] 1482/2000 scene=q3zU7Yy5E5s.basis episode=95 target=chair success=1 spl=0.2290 reason=object_found steps=127 runtime=95.6s SR=49.39% (732/1482) mean_SPL=0.2210 SR@1m=52.83% SPL@1m=0.2359
[ZSON3 EVAL] 1483/2000 scene=q3zU7Yy5E5s.basis episode=96 target=sofa success=0 spl=0.0000 reason=max_steps_reached steps=500 runtime=332.7s SR=49.36% (732/1483) mean_SPL=0.2209 SR@1m=52.80% SPL@1m=0.2357
[ZSON3 EVAL] 1484/2000 scene=q3zU7Yy5E5s.basis episode=97 target=chair success=1 spl=0.2590 reason=object_found steps=330 runtime=215.1s SR=49.39% (733/1484) mean_SPL=0.2209 SR@1m=52.83% SPL@1m=0.2357
[ZSON3 EVAL] 1485/2000 scene=q3zU7Yy5E5s.basis episode=98 target=toilet success=0 spl=0.0000 reason=max_steps_reached steps=491 runtime=335.2s SR=49.36% (733/1485) mean_SPL=0.2207 SR@1m=52.79% SPL@1m=0.2356
[ZSON3 EVAL] 1486/2000 scene=qyAac8rV8Zk.basis episode=0 target=tv_monitor success=1 spl=0.1602 reason=object_found steps=128 runtime=95.6s SR=49.39% (734/1486) mean_SPL=0.2207 SR@1m=52.83% SPL@1m=0.2355
[ZSON3 EVAL] 1487/2000 scene=qyAac8rV8Zk.basis episode=1 target=sofa success=0 spl=0.0000 reason=max_steps_reached steps=483 runtime=418.6s SR=49.36% (734/1487) mean_SPL=0.2206 SR@1m=52.79% SPL@1m=0.2353
[ZSON3 EVAL] 1488/2000 scene=qyAac8rV8Zk.basis episode=2 target=toilet success=0 spl=0.0000 reason=robot_stuck steps=422 runtime=229.5s SR=49.33% (734/1488) mean_SPL=0.2204 SR@1m=52.76% SPL@1m=0.2352
[ZSON3 EVAL] 1489/2000 scene=qyAac8rV8Zk.basis episode=3 target=toilet success=0 spl=0.0000 reason=max_steps_reached steps=492 runtime=285.8s SR=49.29% (734/1489) mean_SPL=0.2203 SR@1m=52.72% SPL@1m=0.2350
[ZSON3 EVAL] 1490/2000 scene=qyAac8rV8Zk.basis episode=4 target=bed success=0 spl=0.0000 reason=max_steps_reached steps=498 runtime=335.4s SR=49.26% (734/1490) mean_SPL=0.2201 SR@1m=52.68% SPL@1m=0.2349
[ZSON3 EVAL] 1491/2000 scene=qyAac8rV8Zk.basis episode=5 target=bed success=0 spl=0.0000 reason=false_positive steps=33 runtime=26.8s SR=49.23% (734/1491) mean_SPL=0.2200 SR@1m=52.65% SPL@1m=0.2347
[ZSON3 EVAL] 1492/2000 scene=qyAac8rV8Zk.basis episode=6 target=bed success=0 spl=0.0000 reason=max_steps_reached steps=499 runtime=314.1s SR=49.20% (734/1492) mean_SPL=0.2198 SR@1m=52.61% SPL@1m=0.2346
[ZSON3 EVAL] 1493/2000 scene=qyAac8rV8Zk.basis episode=7 target=bed success=0 spl=0.0000 reason=max_steps_reached steps=498 runtime=322.4s SR=49.16% (734/1493) mean_SPL=0.2197 SR@1m=52.58% SPL@1m=0.2344
[ZSON3 EVAL] 1494/2000 scene=qyAac8rV8Zk.basis episode=8 target=sofa success=0 spl=0.0000 reason=max_steps_reached steps=488 runtime=358.8s SR=49.13% (734/1494) mean_SPL=0.2195 SR@1m=52.54% SPL@1m=0.2342
[ZSON3 EVAL] 1495/2000 scene=qyAac8rV8Zk.basis episode=9 target=toilet success=0 spl=0.0000 reason=max_steps_reached steps=494 runtime=328.7s SR=49.10% (734/1495) mean_SPL=0.2194 SR@1m=52.51% SPL@1m=0.2341
[ZSON3 EVAL] 1496/2000 scene=qyAac8rV8Zk.basis episode=10 target=toilet success=0 spl=0.0000 reason=max_steps_reached steps=494 runtime=299.4s SR=49.06% (734/1496) mean_SPL=0.2192 SR@1m=52.47% SPL@1m=0.2339
[ZSON3 EVAL] 1497/2000 scene=qyAac8rV8Zk.basis episode=11 target=sofa success=0 spl=0.0000 reason=object_found_at_1m_only steps=20 runtime=13.1s SR=49.03% (734/1497) mean_SPL=0.2191 SR@1m=52.51% SPL@1m=0.2344
[ZSON3 EVAL] 1498/2000 scene=qyAac8rV8Zk.basis episode=12 target=sofa success=0 spl=0.0000 reason=object_found_at_1m_only steps=18 runtime=11.6s SR=49.00% (734/1498) mean_SPL=0.2189 SR@1m=52.54% SPL@1m=0.2350
[ZSON3 EVAL] 1499/2000 scene=qyAac8rV8Zk.basis episode=13 target=chair success=1 spl=0.6781 reason=object_found steps=34 runtime=23.4s SR=49.03% (735/1499) mean_SPL=0.2192 SR@1m=52.57% SPL@1m=0.2352
[ZSON3 EVAL] 1500/2000 scene=qyAac8rV8Zk.basis episode=14 target=tv_monitor success=0 spl=0.0000 reason=max_steps_reached steps=487 runtime=319.8s SR=49.00% (735/1500) mean_SPL=0.2191 SR@1m=52.53% SPL@1m=0.2351
[ZSON3 EVAL] 1501/2000 scene=qyAac8rV8Zk.basis episode=15 target=toilet success=0 spl=0.0000 reason=robot_stuck steps=359 runtime=196.0s SR=48.97% (735/1501) mean_SPL=0.2190 SR@1m=52.50% SPL@1m=0.2349
[ZSON3 EVAL] 1502/2000 scene=qyAac8rV8Zk.basis episode=16 target=tv_monitor success=0 spl=0.0000 reason=max_steps_reached steps=499 runtime=344.7s SR=48.93% (735/1502) mean_SPL=0.2188 SR@1m=52.46% SPL@1m=0.2348
[ZSON3 EVAL] 1503/2000 scene=qyAac8rV8Zk.basis episode=17 target=chair success=1 spl=0.5806 reason=object_found steps=46 runtime=33.7s SR=48.97% (736/1503) mean_SPL=0.2190 SR@1m=52.50% SPL@1m=0.2350
[ZSON3 EVAL] 1504/2000 scene=qyAac8rV8Zk.basis episode=18 target=bed success=0 spl=0.0000 reason=max_steps_reached steps=495 runtime=367.0s SR=48.94% (736/1504) mean_SPL=0.2189 SR@1m=52.46% SPL@1m=0.2349
[ZSON3 EVAL] 1505/2000 scene=qyAac8rV8Zk.basis episode=19 target=chair success=1 spl=0.4520 reason=object_found steps=52 runtime=30.3s SR=48.97% (737/1505) mean_SPL=0.2191 SR@1m=52.49% SPL@1m=0.2350
[ZSON3 EVAL] 1506/2000 scene=qyAac8rV8Zk.basis episode=20 target=chair success=0 spl=0.0000 reason=max_steps_reached steps=486 runtime=404.4s SR=48.94% (737/1506) mean_SPL=0.2189 SR@1m=52.46% SPL@1m=0.2348
[ZSON3 EVAL] 1507/2000 scene=qyAac8rV8Zk.basis episode=21 target=tv_monitor success=0 spl=0.0000 reason=max_steps_reached steps=497 runtime=404.6s SR=48.91% (737/1507) mean_SPL=0.2188 SR@1m=52.42% SPL@1m=0.2347
[ZSON3 EVAL] 1508/2000 scene=qyAac8rV8Zk.basis episode=22 target=toilet success=0 spl=0.0000 reason=robot_stuck steps=333 runtime=128.3s SR=48.87% (737/1508) mean_SPL=0.2186 SR@1m=52.39% SPL@1m=0.2345
[ZSON3 EVAL] 1509/2000 scene=qyAac8rV8Zk.basis episode=23 target=sofa success=1 spl=0.7621 reason=object_found steps=31 runtime=26.1s SR=48.91% (738/1509) mean_SPL=0.2190 SR@1m=52.42% SPL@1m=0.2349
[ZSON3 EVAL] 1510/2000 scene=qyAac8rV8Zk.basis episode=24 target=sofa success=1 spl=0.6494 reason=robot_stuck steps=315 runtime=95.4s SR=48.94% (739/1510) mean_SPL=0.2193 SR@1m=52.45% SPL@1m=0.2352
[ZSON3 EVAL] 1511/2000 scene=qyAac8rV8Zk.basis episode=25 target=sofa success=0 spl=0.0000 reason=max_steps_reached steps=500 runtime=411.9s SR=48.91% (739/1511) mean_SPL=0.2191 SR@1m=52.42% SPL@1m=0.2350
[ZSON3 EVAL] 1512/2000 scene=qyAac8rV8Zk.basis episode=26 target=bed success=0 spl=0.0000 reason=max_steps_reached steps=498 runtime=320.2s SR=48.88% (739/1512) mean_SPL=0.2190 SR@1m=52.38% SPL@1m=0.2348
[ZSON3 EVAL] 1513/2000 scene=qyAac8rV8Zk.basis episode=27 target=tv_monitor success=1 spl=0.4024 reason=object_found steps=156 runtime=117.1s SR=48.91% (740/1513) mean_SPL=0.2191 SR@1m=52.41% SPL@1m=0.2350
[ZSON3 EVAL] 1514/2000 scene=qyAac8rV8Zk.basis episode=28 target=chair success=0 spl=0.0000 reason=max_steps_reached steps=487 runtime=298.0s SR=48.88% (740/1514) mean_SPL=0.2190 SR@1m=52.38% SPL@1m=0.2348
[ZSON3 EVAL] 1515/2000 scene=qyAac8rV8Zk.basis episode=29 target=tv_monitor success=0 spl=0.0000 reason=max_steps_reached steps=486 runtime=312.7s SR=48.84% (740/1515) mean_SPL=0.2188 SR@1m=52.34% SPL@1m=0.2346
[ZSON3 EVAL] 1516/2000 scene=qyAac8rV8Zk.basis episode=30 target=tv_monitor success=0 spl=0.0000 reason=max_steps_reached steps=488 runtime=296.4s SR=48.81% (740/1516) mean_SPL=0.2187 SR@1m=52.31% SPL@1m=0.2345
[ZSON3 EVAL] 1517/2000 scene=qyAac8rV8Zk.basis episode=31 target=tv_monitor success=0 spl=0.0000 reason=max_steps_reached steps=488 runtime=244.9s SR=48.78% (740/1517) mean_SPL=0.2185 SR@1m=52.27% SPL@1m=0.2343
[ZSON3 EVAL] 1518/2000 scene=qyAac8rV8Zk.basis episode=32 target=toilet success=0 spl=0.0000 reason=max_steps_reached steps=489 runtime=258.7s SR=48.75% (740/1518) mean_SPL=0.2184 SR@1m=52.24% SPL@1m=0.2342
[ZSON3 EVAL] 1519/2000 scene=qyAac8rV8Zk.basis episode=33 target=tv_monitor success=1 spl=0.1438 reason=object_found steps=481 runtime=312.0s SR=48.78% (741/1519) mean_SPL=0.2183 SR@1m=52.27% SPL@1m=0.2341
[ZSON3 EVAL] 1520/2000 scene=qyAac8rV8Zk.basis episode=34 target=bed success=0 spl=0.0000 reason=max_steps_reached steps=500 runtime=302.3s SR=48.75% (741/1520) mean_SPL=0.2182 SR@1m=52.24% SPL@1m=0.2340
[ZSON3 EVAL] 1521/2000 scene=qyAac8rV8Zk.basis episode=35 target=sofa success=0 spl=0.0000 reason=max_steps_reached steps=500 runtime=333.8s SR=48.72% (741/1521) mean_SPL=0.2180 SR@1m=52.20% SPL@1m=0.2338
[ZSON3 EVAL] 1522/2000 scene=qyAac8rV8Zk.basis episode=36 target=toilet success=0 spl=0.0000 reason=max_steps_reached steps=490 runtime=260.7s SR=48.69% (741/1522) mean_SPL=0.2179 SR@1m=52.17% SPL@1m=0.2337
[ZSON3 EVAL] 1523/2000 scene=qyAac8rV8Zk.basis episode=37 target=bed success=0 spl=0.0000 reason=max_steps_reached steps=496 runtime=401.8s SR=48.65% (741/1523) mean_SPL=0.2178 SR@1m=52.13% SPL@1m=0.2335
[ZSON3 EVAL] 1524/2000 scene=qyAac8rV8Zk.basis episode=38 target=bed success=0 spl=0.0000 reason=max_steps_reached steps=493 runtime=303.7s SR=48.62% (741/1524) mean_SPL=0.2176 SR@1m=52.10% SPL@1m=0.2334
[ZSON3 EVAL] 1525/2000 scene=qyAac8rV8Zk.basis episode=39 target=chair success=0 spl=0.0000 reason=max_steps_reached steps=478 runtime=317.3s SR=48.59% (741/1525) mean_SPL=0.2175 SR@1m=52.07% SPL@1m=0.2332
[ZSON3 EVAL] 1526/2000 scene=qyAac8rV8Zk.basis episode=40 target=sofa success=0 spl=0.0000 reason=object_found_at_1m_only steps=17 runtime=14.6s SR=48.56% (741/1526) mean_SPL=0.2173 SR@1m=52.10% SPL@1m=0.2336
[ZSON3 EVAL] 1527/2000 scene=qyAac8rV8Zk.basis episode=41 target=tv_monitor success=1 spl=0.4252 reason=object_found steps=313 runtime=197.5s SR=48.59% (742/1527) mean_SPL=0.2175 SR@1m=52.13% SPL@1m=0.2337
[ZSON3 EVAL] 1528/2000 scene=qyAac8rV8Zk.basis episode=42 target=bed success=0 spl=0.0000 reason=max_steps_reached steps=496 runtime=320.4s SR=48.56% (742/1528) mean_SPL=0.2173 SR@1m=52.09% SPL@1m=0.2336
[ZSON3 EVAL] 1529/2000 scene=qyAac8rV8Zk.basis episode=43 target=toilet success=0 spl=0.0000 reason=false_positive steps=103 runtime=61.6s SR=48.53% (742/1529) mean_SPL=0.2172 SR@1m=52.06% SPL@1m=0.2334
[ZSON3 EVAL] 1530/2000 scene=qyAac8rV8Zk.basis episode=44 target=bed success=0 spl=0.0000 reason=no_frontiers steps=400 runtime=255.3s SR=48.50% (742/1530) mean_SPL=0.2170 SR@1m=52.03% SPL@1m=0.2333
[ZSON3 EVAL] 1531/2000 scene=qyAac8rV8Zk.basis episode=45 target=toilet success=0 spl=0.0000 reason=max_steps_reached steps=472 runtime=265.4s SR=48.47% (742/1531) mean_SPL=0.2169 SR@1m=51.99% SPL@1m=0.2331
[ZSON3 EVAL] 1532/2000 scene=qyAac8rV8Zk.basis episode=46 target=tv_monitor success=1 spl=0.1253 reason=object_found steps=206 runtime=126.6s SR=48.50% (743/1532) mean_SPL=0.2168 SR@1m=52.02% SPL@1m=0.2330
[ZSON3 EVAL] 1533/2000 scene=qyAac8rV8Zk.basis episode=47 target=tv_monitor success=0 spl=0.0000 reason=max_steps_reached steps=492 runtime=291.4s SR=48.47% (743/1533) mean_SPL=0.2167 SR@1m=51.99% SPL@1m=0.2329
[ZSON3 EVAL] 1534/2000 scene=qyAac8rV8Zk.basis episode=48 target=chair success=1 spl=0.2883 reason=object_found steps=123 runtime=72.4s SR=48.50% (744/1534) mean_SPL=0.2167 SR@1m=52.02% SPL@1m=0.2329
[ZSON3 EVAL] 1535/2000 scene=qyAac8rV8Zk.basis episode=49 target=bed success=0 spl=0.0000 reason=max_steps_reached steps=499 runtime=325.0s SR=48.47% (744/1535) mean_SPL=0.2166 SR@1m=51.99% SPL@1m=0.2328
[ZSON3 EVAL] 1536/2000 scene=qyAac8rV8Zk.basis episode=50 target=chair success=1 spl=0.7612 reason=object_found steps=25 runtime=22.1s SR=48.50% (745/1536) mean_SPL=0.2170 SR@1m=52.02% SPL@1m=0.2331
[ZSON3 EVAL] 1537/2000 scene=qyAac8rV8Zk.basis episode=51 target=sofa success=0 spl=0.0000 reason=object_found_at_1m_only steps=68 runtime=52.5s SR=48.47% (745/1537) mean_SPL=0.2168 SR@1m=52.05% SPL@1m=0.2333
[ZSON3 EVAL] 1538/2000 scene=qyAac8rV8Zk.basis episode=52 target=chair success=1 spl=0.8187 reason=object_found steps=21 runtime=13.9s SR=48.50% (746/1538) mean_SPL=0.2172 SR@1m=52.08% SPL@1m=0.2336
[ZSON3 EVAL] 1539/2000 scene=qyAac8rV8Zk.basis episode=53 target=toilet success=0 spl=0.0000 reason=robot_stuck steps=233 runtime=127.6s SR=48.47% (746/1539) mean_SPL=0.2171 SR@1m=52.05% SPL@1m=0.2335
[ZSON3 EVAL] 1540/2000 scene=qyAac8rV8Zk.basis episode=54 target=sofa success=0 spl=0.0000 reason=max_steps_reached steps=487 runtime=341.3s SR=48.44% (746/1540) mean_SPL=0.2169 SR@1m=52.01% SPL@1m=0.2333
[ZSON3 EVAL] 1541/2000 scene=qyAac8rV8Zk.basis episode=55 target=tv_monitor success=1 spl=0.1278 reason=object_found steps=436 runtime=354.9s SR=48.48% (747/1541) mean_SPL=0.2169 SR@1m=52.04% SPL@1m=0.2333
[ZSON3 EVAL] 1542/2000 scene=qyAac8rV8Zk.basis episode=56 target=bed success=0 spl=0.0000 reason=max_steps_reached steps=500 runtime=339.6s SR=48.44% (747/1542) mean_SPL=0.2167 SR@1m=52.01% SPL@1m=0.2331
[ZSON3 EVAL] 1543/2000 scene=qyAac8rV8Zk.basis episode=57 target=chair success=0 spl=0.0000 reason=max_steps_reached steps=482 runtime=333.2s SR=48.41% (747/1543) mean_SPL=0.2166 SR@1m=51.98% SPL@1m=0.2330
[ZSON3 EVAL] 1544/2000 scene=qyAac8rV8Zk.basis episode=58 target=toilet success=0 spl=0.0000 reason=false_positive steps=81 runtime=58.3s SR=48.38% (747/1544) mean_SPL=0.2164 SR@1m=51.94% SPL@1m=0.2328
[ZSON3 EVAL] 1545/2000 scene=qyAac8rV8Zk.basis episode=59 target=chair success=1 spl=0.3748 reason=object_found steps=160 runtime=107.0s SR=48.41% (748/1545) mean_SPL=0.2165 SR@1m=51.97% SPL@1m=0.2329
[ZSON3 EVAL] 1546/2000 scene=qyAac8rV8Zk.basis episode=60 target=bed success=0 spl=0.0000 reason=max_steps_reached steps=500 runtime=340.8s SR=48.38% (748/1546) mean_SPL=0.2164 SR@1m=51.94% SPL@1m=0.2327
[ZSON3 EVAL] 1547/2000 scene=qyAac8rV8Zk.basis episode=61 target=bed success=0 spl=0.0000 reason=max_steps_reached steps=498 runtime=344.1s SR=48.35% (748/1547) mean_SPL=0.2163 SR@1m=51.91% SPL@1m=0.2326
[ZSON3 EVAL] 1548/2000 scene=qyAac8rV8Zk.basis episode=62 target=sofa success=1 spl=0.6202 reason=object_found steps=118 runtime=68.0s SR=48.39% (749/1548) mean_SPL=0.2165 SR@1m=51.94% SPL@1m=0.2328
[ZSON3 EVAL] 1549/2000 scene=qyAac8rV8Zk.basis episode=63 target=tv_monitor success=1 spl=0.1618 reason=object_found steps=138 runtime=98.4s SR=48.42% (750/1549) mean_SPL=0.2165 SR@1m=51.97% SPL@1m=0.2328
[ZSON3 EVAL] 1550/2000 scene=qyAac8rV8Zk.basis episode=64 target=sofa success=0 spl=0.0000 reason=max_steps_reached steps=492 runtime=363.2s SR=48.39% (750/1550) mean_SPL=0.2163 SR@1m=51.94% SPL@1m=0.2327
[ZSON3 EVAL] 1551/2000 scene=qyAac8rV8Zk.basis episode=65 target=tv_monitor success=0 spl=0.0000 reason=max_steps_reached steps=491 runtime=301.9s SR=48.36% (750/1551) mean_SPL=0.2162 SR@1m=51.90% SPL@1m=0.2325
[ZSON3 EVAL] 1552/2000 scene=qyAac8rV8Zk.basis episode=66 target=toilet success=0 spl=0.0000 reason=no_frontiers steps=494 runtime=306.0s SR=48.32% (750/1552) mean_SPL=0.2161 SR@1m=51.87% SPL@1m=0.2324
[ZSON3 EVAL] 1553/2000 scene=qyAac8rV8Zk.basis episode=67 target=toilet success=0 spl=0.0000 reason=max_steps_reached steps=480 runtime=364.7s SR=48.29% (750/1553) mean_SPL=0.2159 SR@1m=51.84% SPL@1m=0.2322
[ZSON3 EVAL] 1554/2000 scene=qyAac8rV8Zk.basis episode=68 target=toilet success=0 spl=0.0000 reason=max_steps_reached steps=500 runtime=253.3s SR=48.26% (750/1554) mean_SPL=0.2158 SR@1m=51.80% SPL@1m=0.2321
[ZSON3 EVAL] 1555/2000 scene=qyAac8rV8Zk.basis episode=69 target=chair success=1 spl=0.4736 reason=object_found steps=72 runtime=45.2s SR=48.30% (751/1555) mean_SPL=0.2160 SR@1m=51.83% SPL@1m=0.2322
[ZSON3 EVAL] 1556/2000 scene=qyAac8rV8Zk.basis episode=70 target=sofa success=0 spl=0.0000 reason=max_steps_reached steps=488 runtime=335.8s SR=48.26% (751/1556) mean_SPL=0.2158 SR@1m=51.80% SPL@1m=0.2321
[ZSON3 EVAL] 1557/2000 scene=qyAac8rV8Zk.basis episode=71 target=chair success=1 spl=0.1951 reason=object_found steps=141 runtime=83.7s SR=48.30% (752/1557) mean_SPL=0.2158 SR@1m=51.83% SPL@1m=0.2320
[ZSON3 EVAL] 1558/2000 scene=qyAac8rV8Zk.basis episode=72 target=toilet success=0 spl=0.0000 reason=robot_stuck steps=450 runtime=261.9s SR=48.27% (752/1558) mean_SPL=0.2157 SR@1m=51.80% SPL@1m=0.2319
[ZSON3 EVAL] 1559/2000 scene=qyAac8rV8Zk.basis episode=73 target=bed success=0 spl=0.0000 reason=max_steps_reached steps=500 runtime=303.3s SR=48.24% (752/1559) mean_SPL=0.2155 SR@1m=51.76% SPL@1m=0.2317
[ZSON3 EVAL] 1560/2000 scene=qyAac8rV8Zk.basis episode=74 target=tv_monitor success=1 spl=0.1988 reason=object_found steps=146 runtime=93.4s SR=48.27% (753/1560) mean_SPL=0.2155 SR@1m=51.79% SPL@1m=0.2317
[ZSON3 EVAL] 1561/2000 scene=qyAac8rV8Zk.basis episode=75 target=tv_monitor success=0 spl=0.0000 reason=max_steps_reached steps=492 runtime=297.2s SR=48.24% (753/1561) mean_SPL=0.2154 SR@1m=51.76% SPL@1m=0.2316
[ZSON3 EVAL] 1562/2000 scene=qyAac8rV8Zk.basis episode=76 target=toilet success=0 spl=0.0000 reason=max_steps_reached steps=500 runtime=273.6s SR=48.21% (753/1562) mean_SPL=0.2152 SR@1m=51.73% SPL@1m=0.2314
[ZSON3 EVAL] 1563/2000 scene=qyAac8rV8Zk.basis episode=77 target=chair success=0 spl=0.0000 reason=object_found_at_1m_only steps=77 runtime=37.8s SR=48.18% (753/1563) mean_SPL=0.2151 SR@1m=51.76% SPL@1m=0.2319
[ZSON3 EVAL] 1564/2000 scene=qyAac8rV8Zk.basis episode=78 target=toilet success=0 spl=0.0000 reason=robot_stuck steps=339 runtime=158.5s SR=48.15% (753/1564) mean_SPL=0.2150 SR@1m=51.73% SPL@1m=0.2317
[ZSON3 EVAL] 1565/2000 scene=qyAac8rV8Zk.basis episode=79 target=bed success=0 spl=0.0000 reason=max_steps_reached steps=496 runtime=365.4s SR=48.12% (753/1565) mean_SPL=0.2148 SR@1m=51.69% SPL@1m=0.2316
[ZSON3 EVAL] 1566/2000 scene=qyAac8rV8Zk.basis episode=80 target=tv_monitor success=0 spl=0.0000 reason=max_steps_reached steps=490 runtime=255.0s SR=48.08% (753/1566) mean_SPL=0.2147 SR@1m=51.66% SPL@1m=0.2314
[ZSON3 EVAL] 1567/2000 scene=qyAac8rV8Zk.basis episode=81 target=sofa success=0 spl=0.0000 reason=max_steps_reached steps=488 runtime=351.1s SR=48.05% (753/1567) mean_SPL=0.2146 SR@1m=51.63% SPL@1m=0.2313
[ZSON3 EVAL] 1568/2000 scene=qyAac8rV8Zk.basis episode=82 target=chair success=0 spl=0.0000 reason=max_steps_reached steps=486 runtime=373.6s SR=48.02% (753/1568) mean_SPL=0.2144 SR@1m=51.59% SPL@1m=0.2311
[ZSON3 EVAL] 1569/2000 scene=qyAac8rV8Zk.basis episode=83 target=tv_monitor success=0 spl=0.0000 reason=max_steps_reached steps=495 runtime=297.5s SR=47.99% (753/1569) mean_SPL=0.2143 SR@1m=51.56% SPL@1m=0.2310
[ZSON3 EVAL] 1570/2000 scene=qyAac8rV8Zk.basis episode=84 target=bed success=0 spl=0.0000 reason=max_steps_reached steps=498 runtime=325.7s SR=47.96% (753/1570) mean_SPL=0.2141 SR@1m=51.53% SPL@1m=0.2308
[ZSON3 EVAL] 1571/2000 scene=qyAac8rV8Zk.basis episode=85 target=sofa success=0 spl=0.0000 reason=max_steps_reached steps=498 runtime=337.2s SR=47.93% (753/1571) mean_SPL=0.2140 SR@1m=51.50% SPL@1m=0.2307
[ZSON3 EVAL] 1572/2000 scene=qyAac8rV8Zk.basis episode=86 target=bed success=0 spl=0.0000 reason=max_steps_reached steps=494 runtime=327.4s SR=47.90% (753/1572) mean_SPL=0.2139 SR@1m=51.46% SPL@1m=0.2306
[ZSON3 EVAL] 1573/2000 scene=qyAac8rV8Zk.basis episode=87 target=tv_monitor success=0 spl=0.0000 reason=max_steps_reached steps=495 runtime=302.6s SR=47.87% (753/1573) mean_SPL=0.2137 SR@1m=51.43% SPL@1m=0.2304
[ZSON3 EVAL] 1574/2000 scene=qyAac8rV8Zk.basis episode=88 target=chair success=0 spl=0.0000 reason=robot_stuck steps=338 runtime=257.2s SR=47.84% (753/1574) mean_SPL=0.2136 SR@1m=51.40% SPL@1m=0.2303
[ZSON3 EVAL] 1575/2000 scene=qyAac8rV8Zk.basis episode=89 target=chair success=1 spl=0.4699 reason=object_found steps=90 runtime=60.7s SR=47.87% (754/1575) mean_SPL=0.2138 SR@1m=51.43% SPL@1m=0.2304
[ZSON3 EVAL] 1576/2000 scene=qyAac8rV8Zk.basis episode=90 target=chair success=0 spl=0.0000 reason=max_steps_reached steps=491 runtime=374.3s SR=47.84% (754/1576) mean_SPL=0.2136 SR@1m=51.40% SPL@1m=0.2303
[ZSON3 EVAL] 1577/2000 scene=qyAac8rV8Zk.basis episode=91 target=toilet success=0 spl=0.0000 reason=max_steps_reached steps=498 runtime=286.1s SR=47.81% (754/1577) mean_SPL=0.2135 SR@1m=51.36% SPL@1m=0.2301
[ZSON3 EVAL] 1578/2000 scene=qyAac8rV8Zk.basis episode=92 target=sofa success=0 spl=0.0000 reason=max_steps_reached steps=486 runtime=340.3s SR=47.78% (754/1578) mean_SPL=0.2134 SR@1m=51.33% SPL@1m=0.2300
[ZSON3 EVAL] 1579/2000 scene=qyAac8rV8Zk.basis episode=93 target=tv_monitor success=0 spl=0.0000 reason=exception steps=489 runtime=297.3s SR=47.75% (754/1579) mean_SPL=0.2132 SR@1m=51.30% SPL@1m=0.2298
[ZSON3 EVAL] 1580/2000 scene=qyAac8rV8Zk.basis episode=94 target=bed success=0 spl=0.0000 reason=max_steps_reached steps=494 runtime=314.0s SR=47.72% (754/1580) mean_SPL=0.2131 SR@1m=51.27% SPL@1m=0.2297
[ZSON3 EVAL] 1581/2000 scene=qyAac8rV8Zk.basis episode=95 target=bed success=0 spl=0.0000 reason=max_steps_reached steps=500 runtime=304.8s SR=47.69% (754/1581) mean_SPL=0.2130 SR@1m=51.23% SPL@1m=0.2295
[ZSON3 EVAL] 1582/2000 scene=qyAac8rV8Zk.basis episode=96 target=chair success=0 spl=0.0000 reason=max_steps_reached steps=491 runtime=374.8s SR=47.66% (754/1582) mean_SPL=0.2128 SR@1m=51.20% SPL@1m=0.2294
[ZSON3 EVAL] 1583/2000 scene=qyAac8rV8Zk.basis episode=97 target=tv_monitor success=1 spl=0.0913 reason=object_found steps=295 runtime=173.1s SR=47.69% (755/1583) mean_SPL=0.2127 SR@1m=51.23% SPL@1m=0.2293
[ZSON3 EVAL] 1584/2000 scene=qyAac8rV8Zk.basis episode=98 target=bed success=0 spl=0.0000 reason=no_frontiers steps=476 runtime=279.5s SR=47.66% (755/1584) mean_SPL=0.2126 SR@1m=51.20% SPL@1m=0.2292
[ZSON3 EVAL] 1585/2000 scene=svBbv1Pavdk.basis episode=0 target=tv_monitor success=1 spl=0.2036 reason=object_found steps=205 runtime=149.3s SR=47.70% (756/1585) mean_SPL=0.2126 SR@1m=51.23% SPL@1m=0.2291
[ZSON3 EVAL] 1586/2000 scene=svBbv1Pavdk.basis episode=1 target=toilet success=1 spl=0.2641 reason=object_found steps=270 runtime=240.3s SR=47.73% (757/1586) mean_SPL=0.2126 SR@1m=51.26% SPL@1m=0.2292
[ZSON3 EVAL] 1587/2000 scene=svBbv1Pavdk.basis episode=2 target=toilet success=0 spl=0.0000 reason=max_steps_reached steps=498 runtime=393.7s SR=47.70% (757/1587) mean_SPL=0.2125 SR@1m=51.23% SPL@1m=0.2290
[ZSON3 EVAL] 1588/2000 scene=svBbv1Pavdk.basis episode=3 target=plant success=1 spl=0.7476 reason=robot_stuck steps=244 runtime=101.3s SR=47.73% (758/1588) mean_SPL=0.2128 SR@1m=51.26% SPL@1m=0.2293
[ZSON3 EVAL] 1589/2000 scene=svBbv1Pavdk.basis episode=4 target=sofa success=1 spl=0.6397 reason=object_found steps=55 runtime=125.1s SR=47.77% (759/1589) mean_SPL=0.2131 SR@1m=51.29% SPL@1m=0.2296
[ZSON3 EVAL] 1590/2000 scene=svBbv1Pavdk.basis episode=5 target=toilet success=1 spl=0.1271 reason=object_found steps=302 runtime=272.5s SR=47.80% (760/1590) mean_SPL=0.2131 SR@1m=51.32% SPL@1m=0.2295
[ZSON3 EVAL] 1591/2000 scene=svBbv1Pavdk.basis episode=6 target=plant success=1 spl=0.3549 reason=object_found steps=75 runtime=68.8s SR=47.83% (761/1591) mean_SPL=0.2131 SR@1m=51.35% SPL@1m=0.2296
[ZSON3 EVAL] 1592/2000 scene=svBbv1Pavdk.basis episode=7 target=tv_monitor success=1 spl=0.1562 reason=object_found steps=225 runtime=140.5s SR=47.86% (762/1592) mean_SPL=0.2131 SR@1m=51.38% SPL@1m=0.2296
[ZSON3 EVAL] 1593/2000 scene=svBbv1Pavdk.basis episode=8 target=toilet success=0 spl=0.0000 reason=object_found_at_1m_only steps=398 runtime=356.8s SR=47.83% (762/1593) mean_SPL=0.2130 SR@1m=51.41% SPL@1m=0.2296
[ZSON3 EVAL] 1594/2000 scene=svBbv1Pavdk.basis episode=9 target=sofa success=1 spl=0.1591 reason=object_found steps=166 runtime=116.5s SR=47.87% (763/1594) mean_SPL=0.2129 SR@1m=51.44% SPL@1m=0.2295
[ZSON3 EVAL] 1595/2000 scene=svBbv1Pavdk.basis episode=10 target=tv_monitor success=1 spl=0.8132 reason=object_found steps=77 runtime=63.7s SR=47.90% (764/1595) mean_SPL=0.2133 SR@1m=51.47% SPL@1m=0.2299
[ZSON3 EVAL] 1596/2000 scene=svBbv1Pavdk.basis episode=11 target=bed success=1 spl=0.4720 reason=object_found steps=134 runtime=112.8s SR=47.93% (765/1596) mean_SPL=0.2135 SR@1m=51.50% SPL@1m=0.2300
[ZSON3 EVAL] 1597/2000 scene=svBbv1Pavdk.basis episode=12 target=sofa success=1 spl=0.6459 reason=object_found steps=44 runtime=33.5s SR=47.96% (766/1597) mean_SPL=0.2137 SR@1m=51.53% SPL@1m=0.2303
[ZSON3 EVAL] 1598/2000 scene=svBbv1Pavdk.basis episode=13 target=bed success=1 spl=0.3494 reason=object_found steps=229 runtime=215.9s SR=48.00% (767/1598) mean_SPL=0.2138 SR@1m=51.56% SPL@1m=0.2304
[ZSON3 EVAL] 1599/2000 scene=svBbv1Pavdk.basis episode=14 target=chair success=1 spl=0.8310 reason=object_found steps=41 runtime=26.5s SR=48.03% (768/1599) mean_SPL=0.2142 SR@1m=51.59% SPL@1m=0.2307
[ZSON3 EVAL] 1600/2000 scene=svBbv1Pavdk.basis episode=15 target=bed success=1 spl=0.9037 reason=object_found steps=63 runtime=50.0s SR=48.06% (769/1600) mean_SPL=0.2146 SR@1m=51.62% SPL@1m=0.2312
[ZSON3 EVAL] 1601/2000 scene=svBbv1Pavdk.basis episode=16 target=tv_monitor success=1 spl=0.8878 reason=robot_stuck steps=311 runtime=153.7s SR=48.09% (770/1601) mean_SPL=0.2151 SR@1m=51.66% SPL@1m=0.2316
[ZSON3 EVAL] 1602/2000 scene=svBbv1Pavdk.basis episode=17 target=plant success=1 spl=0.4333 reason=object_found steps=47 runtime=45.6s SR=48.13% (771/1602) mean_SPL=0.2152 SR@1m=51.69% SPL@1m=0.2317
[ZSON3 EVAL] 1603/2000 scene=svBbv1Pavdk.basis episode=18 target=sofa success=1 spl=0.3745 reason=object_found steps=80 runtime=56.5s SR=48.16% (772/1603) mean_SPL=0.2153 SR@1m=51.72% SPL@1m=0.2318
[ZSON3 EVAL] 1604/2000 scene=svBbv1Pavdk.basis episode=19 target=sofa success=1 spl=0.3612 reason=object_found steps=138 runtime=102.8s SR=48.19% (773/1604) mean_SPL=0.2154 SR@1m=51.75% SPL@1m=0.2319
[ZSON3 EVAL] 1605/2000 scene=svBbv1Pavdk.basis episode=20 target=sofa success=1 spl=0.1524 reason=object_found steps=344 runtime=290.2s SR=48.22% (774/1605) mean_SPL=0.2154 SR@1m=51.78% SPL@1m=0.2318
[ZSON3 EVAL] 1606/2000 scene=svBbv1Pavdk.basis episode=21 target=tv_monitor success=1 spl=0.2402 reason=object_found steps=127 runtime=107.9s SR=48.26% (775/1606) mean_SPL=0.2154 SR@1m=51.81% SPL@1m=0.2318
[ZSON3 EVAL] 1607/2000 scene=svBbv1Pavdk.basis episode=22 target=plant success=1 spl=0.4197 reason=object_found steps=67 runtime=55.1s SR=48.29% (776/1607) mean_SPL=0.2155 SR@1m=51.84% SPL@1m=0.2319
[ZSON3 EVAL] 1608/2000 scene=svBbv1Pavdk.basis episode=23 target=bed success=1 spl=0.2401 reason=object_found steps=212 runtime=238.3s SR=48.32% (777/1608) mean_SPL=0.2155 SR@1m=51.87% SPL@1m=0.2319
[ZSON3 EVAL] 1609/2000 scene=svBbv1Pavdk.basis episode=24 target=sofa success=1 spl=0.2081 reason=object_found steps=207 runtime=191.3s SR=48.35% (778/1609) mean_SPL=0.2155 SR@1m=51.90% SPL@1m=0.2319
[ZSON3 EVAL] 1610/2000 scene=svBbv1Pavdk.basis episode=25 target=sofa success=1 spl=0.2913 reason=object_found steps=224 runtime=147.5s SR=48.39% (779/1610) mean_SPL=0.2156 SR@1m=51.93% SPL@1m=0.2320
[ZSON3 EVAL] 1611/2000 scene=svBbv1Pavdk.basis episode=26 target=toilet success=1 spl=0.1597 reason=object_found steps=392 runtime=329.0s SR=48.42% (780/1611) mean_SPL=0.2155 SR@1m=51.96% SPL@1m=0.2319
[ZSON3 EVAL] 1612/2000 scene=svBbv1Pavdk.basis episode=27 target=bed success=1 spl=0.5336 reason=object_found steps=160 runtime=127.6s SR=48.45% (781/1612) mean_SPL=0.2157 SR@1m=51.99% SPL@1m=0.2321
[ZSON3 EVAL] 1613/2000 scene=svBbv1Pavdk.basis episode=28 target=plant success=1 spl=0.2361 reason=object_found steps=90 runtime=77.1s SR=48.48% (782/1613) mean_SPL=0.2157 SR@1m=52.01% SPL@1m=0.2321
[ZSON3 EVAL] 1614/2000 scene=svBbv1Pavdk.basis episode=29 target=tv_monitor success=1 spl=0.1744 reason=object_found steps=233 runtime=229.3s SR=48.51% (783/1614) mean_SPL=0.2157 SR@1m=52.04% SPL@1m=0.2321
[ZSON3 EVAL] 1615/2000 scene=svBbv1Pavdk.basis episode=30 target=plant success=1 spl=0.8331 reason=object_found steps=32 runtime=27.2s SR=48.54% (784/1615) mean_SPL=0.2161 SR@1m=52.07% SPL@1m=0.2324
[ZSON3 EVAL] 1616/2000 scene=svBbv1Pavdk.basis episode=31 target=plant success=1 spl=0.7343 reason=object_found steps=46 runtime=25.7s SR=48.58% (785/1616) mean_SPL=0.2164 SR@1m=52.10% SPL@1m=0.2328
[ZSON3 EVAL] 1617/2000 scene=svBbv1Pavdk.basis episode=32 target=bed success=1 spl=0.6234 reason=object_found steps=77 runtime=45.9s SR=48.61% (786/1617) mean_SPL=0.2167 SR@1m=52.13% SPL@1m=0.2330
[ZSON3 EVAL] 1618/2000 scene=svBbv1Pavdk.basis episode=33 target=chair success=1 spl=0.8788 reason=object_found steps=26 runtime=25.3s SR=48.64% (787/1618) mean_SPL=0.2171 SR@1m=52.16% SPL@1m=0.2334
[ZSON3 EVAL] 1619/2000 scene=svBbv1Pavdk.basis episode=34 target=bed success=0 spl=0.0000 reason=object_found_at_1m_only steps=114 runtime=121.8s SR=48.61% (787/1619) mean_SPL=0.2169 SR@1m=52.19% SPL@1m=0.2337
[ZSON3 EVAL] 1620/2000 scene=svBbv1Pavdk.basis episode=35 target=plant success=1 spl=0.4317 reason=object_found steps=128 runtime=90.5s SR=48.64% (788/1620) mean_SPL=0.2171 SR@1m=52.22% SPL@1m=0.2338
[ZSON3 EVAL] 1621/2000 scene=svBbv1Pavdk.basis episode=36 target=sofa success=1 spl=0.4312 reason=object_found steps=86 runtime=76.0s SR=48.67% (789/1621) mean_SPL=0.2172 SR@1m=52.25% SPL@1m=0.2339
[ZSON3 EVAL] 1622/2000 scene=svBbv1Pavdk.basis episode=37 target=tv_monitor success=1 spl=0.0966 reason=object_found steps=380 runtime=323.4s SR=48.71% (790/1622) mean_SPL=0.2171 SR@1m=52.28% SPL@1m=0.2338
[ZSON3 EVAL] 1623/2000 scene=svBbv1Pavdk.basis episode=38 target=sofa success=1 spl=0.4887 reason=object_found steps=72 runtime=58.6s SR=48.74% (791/1623) mean_SPL=0.2173 SR@1m=52.31% SPL@1m=0.2340
[ZSON3 EVAL] 1624/2000 scene=svBbv1Pavdk.basis episode=39 target=bed success=0 spl=0.0000 reason=object_found_at_1m_only steps=122 runtime=91.1s SR=48.71% (791/1624) mean_SPL=0.2172 SR@1m=52.34% SPL@1m=0.2342
[ZSON3 EVAL] 1625/2000 scene=svBbv1Pavdk.basis episode=40 target=chair success=1 spl=0.4217 reason=object_found steps=85 runtime=50.8s SR=48.74% (792/1625) mean_SPL=0.2173 SR@1m=52.37% SPL@1m=0.2344
[ZSON3 EVAL] 1626/2000 scene=svBbv1Pavdk.basis episode=41 target=plant success=1 spl=0.7894 reason=robot_stuck steps=248 runtime=98.0s SR=48.77% (793/1626) mean_SPL=0.2176 SR@1m=52.40% SPL@1m=0.2347
[ZSON3 EVAL] 1627/2000 scene=svBbv1Pavdk.basis episode=42 target=bed success=1 spl=0.7528 reason=object_found steps=52 runtime=39.0s SR=48.80% (794/1627) mean_SPL=0.2180 SR@1m=52.43% SPL@1m=0.2350
[ZSON3 EVAL] 1628/2000 scene=svBbv1Pavdk.basis episode=43 target=bed success=0 spl=0.0000 reason=object_found_at_1m_only steps=87 runtime=84.3s SR=48.77% (794/1628) mean_SPL=0.2178 SR@1m=52.46% SPL@1m=0.2353
[ZSON3 EVAL] 1629/2000 scene=svBbv1Pavdk.basis episode=44 target=chair success=1 spl=0.3838 reason=object_found steps=206 runtime=110.6s SR=48.80% (795/1629) mean_SPL=0.2179 SR@1m=52.49% SPL@1m=0.2354
[ZSON3 EVAL] 1630/2000 scene=svBbv1Pavdk.basis episode=45 target=sofa success=1 spl=0.4816 reason=object_found steps=106 runtime=79.0s SR=48.83% (796/1630) mean_SPL=0.2181 SR@1m=52.52% SPL@1m=0.2356
[ZSON3 EVAL] 1631/2000 scene=svBbv1Pavdk.basis episode=46 target=chair success=1 spl=0.7585 reason=object_found steps=43 runtime=26.0s SR=48.87% (797/1631) mean_SPL=0.2184 SR@1m=52.54% SPL@1m=0.2359
[ZSON3 EVAL] 1632/2000 scene=svBbv1Pavdk.basis episode=47 target=tv_monitor success=1 spl=0.3473 reason=object_found steps=273 runtime=201.4s SR=48.90% (798/1632) mean_SPL=0.2185 SR@1m=52.57% SPL@1m=0.2360
[ZSON3 EVAL] 1633/2000 scene=svBbv1Pavdk.basis episode=48 target=plant success=1 spl=0.4096 reason=object_found steps=42 runtime=46.4s SR=48.93% (799/1633) mean_SPL=0.2186 SR@1m=52.60% SPL@1m=0.2361
[ZSON3 EVAL] 1634/2000 scene=svBbv1Pavdk.basis episode=49 target=bed success=0 spl=0.0000 reason=object_found_at_1m_only steps=200 runtime=195.6s SR=48.90% (799/1634) mean_SPL=0.2185 SR@1m=52.63% SPL@1m=0.2362
[ZSON3 EVAL] 1635/2000 scene=svBbv1Pavdk.basis episode=50 target=chair success=1 spl=0.8880 reason=object_found steps=42 runtime=36.6s SR=48.93% (800/1635) mean_SPL=0.2189 SR@1m=52.66% SPL@1m=0.2366
[ZSON3 EVAL] 1636/2000 scene=svBbv1Pavdk.basis episode=51 target=plant success=1 spl=0.1684 reason=object_found steps=160 runtime=117.1s SR=48.96% (801/1636) mean_SPL=0.2189 SR@1m=52.69% SPL@1m=0.2366
[ZSON3 EVAL] 1637/2000 scene=svBbv1Pavdk.basis episode=52 target=tv_monitor success=1 spl=0.7268 reason=object_found steps=49 runtime=39.3s SR=48.99% (802/1637) mean_SPL=0.2192 SR@1m=52.72% SPL@1m=0.2369
[ZSON3 EVAL] 1638/2000 scene=svBbv1Pavdk.basis episode=53 target=tv_monitor success=1 spl=0.1242 reason=object_found steps=309 runtime=231.9s SR=49.02% (803/1638) mean_SPL=0.2191 SR@1m=52.75% SPL@1m=0.2368
[ZSON3 EVAL] 1639/2000 scene=svBbv1Pavdk.basis episode=54 target=tv_monitor success=1 spl=0.3002 reason=object_found steps=135 runtime=137.0s SR=49.05% (804/1639) mean_SPL=0.2192 SR@1m=52.78% SPL@1m=0.2368
[ZSON3 EVAL] 1640/2000 scene=svBbv1Pavdk.basis episode=55 target=toilet success=0 spl=0.0000 reason=max_steps_reached steps=500 runtime=420.8s SR=49.02% (804/1640) mean_SPL=0.2190 SR@1m=52.74% SPL@1m=0.2367
[ZSON3 EVAL] 1641/2000 scene=svBbv1Pavdk.basis episode=56 target=tv_monitor success=1 spl=0.2281 reason=object_found steps=202 runtime=172.5s SR=49.06% (805/1641) mean_SPL=0.2190 SR@1m=52.77% SPL@1m=0.2367
[ZSON3 EVAL] 1642/2000 scene=svBbv1Pavdk.basis episode=57 target=tv_monitor success=1 spl=0.3834 reason=object_found steps=115 runtime=82.6s SR=49.09% (806/1642) mean_SPL=0.2191 SR@1m=52.80% SPL@1m=0.2368
[ZSON3 EVAL] 1643/2000 scene=svBbv1Pavdk.basis episode=58 target=chair success=0 spl=0.0000 reason=max_steps_reached steps=475 runtime=227.6s SR=49.06% (806/1643) mean_SPL=0.2190 SR@1m=52.77% SPL@1m=0.2366
[ZSON3 EVAL] 1644/2000 scene=svBbv1Pavdk.basis episode=59 target=chair success=0 spl=0.0000 reason=max_steps_reached steps=474 runtime=239.0s SR=49.03% (806/1644) mean_SPL=0.2189 SR@1m=52.74% SPL@1m=0.2365
[ZSON3 EVAL] 1645/2000 scene=svBbv1Pavdk.basis episode=60 target=plant success=1 spl=0.4750 reason=object_found steps=62 runtime=59.8s SR=49.06% (807/1645) mean_SPL=0.2190 SR@1m=52.77% SPL@1m=0.2366
[ZSON3 EVAL] 1646/2000 scene=svBbv1Pavdk.basis episode=61 target=chair success=1 spl=0.7167 reason=object_found steps=36 runtime=30.8s SR=49.09% (808/1646) mean_SPL=0.2193 SR@1m=52.79% SPL@1m=0.2369
[ZSON3 EVAL] 1647/2000 scene=svBbv1Pavdk.basis episode=62 target=tv_monitor success=1 spl=0.2676 reason=object_found steps=180 runtime=137.5s SR=49.12% (809/1647) mean_SPL=0.2194 SR@1m=52.82% SPL@1m=0.2369
[ZSON3 EVAL] 1648/2000 scene=svBbv1Pavdk.basis episode=63 target=tv_monitor success=1 spl=0.8373 reason=object_found steps=53 runtime=118.6s SR=49.15% (810/1648) mean_SPL=0.2197 SR@1m=52.85% SPL@1m=0.2373
[ZSON3 EVAL] 1649/2000 scene=svBbv1Pavdk.basis episode=64 target=chair success=0 spl=0.0000 reason=max_steps_reached steps=485 runtime=216.8s SR=49.12% (810/1649) mean_SPL=0.2196 SR@1m=52.82% SPL@1m=0.2372
[ZSON3 EVAL] 1650/2000 scene=svBbv1Pavdk.basis episode=65 target=plant success=1 spl=0.8470 reason=object_found steps=31 runtime=24.8s SR=49.15% (811/1650) mean_SPL=0.2200 SR@1m=52.85% SPL@1m=0.2375
[ZSON3 EVAL] 1651/2000 scene=svBbv1Pavdk.basis episode=66 target=plant success=1 spl=0.8501 reason=object_found steps=39 runtime=32.7s SR=49.18% (812/1651) mean_SPL=0.2204 SR@1m=52.88% SPL@1m=0.2379
[ZSON3 EVAL] 1652/2000 scene=svBbv1Pavdk.basis episode=67 target=toilet success=1 spl=0.1258 reason=object_found steps=300 runtime=263.7s SR=49.21% (813/1652) mean_SPL=0.2203 SR@1m=52.91% SPL@1m=0.2378
[ZSON3 EVAL] 1653/2000 scene=svBbv1Pavdk.basis episode=68 target=toilet success=0 spl=0.0000 reason=max_steps_reached steps=500 runtime=458.9s SR=49.18% (813/1653) mean_SPL=0.2202 SR@1m=52.87% SPL@1m=0.2377
[ZSON3 EVAL] 1654/2000 scene=svBbv1Pavdk.basis episode=69 target=bed success=1 spl=0.5618 reason=object_found steps=139 runtime=107.0s SR=49.21% (814/1654) mean_SPL=0.2204 SR@1m=52.90% SPL@1m=0.2379
[ZSON3 EVAL] 1655/2000 scene=svBbv1Pavdk.basis episode=70 target=chair success=1 spl=0.5655 reason=object_found steps=91 runtime=60.0s SR=49.24% (815/1655) mean_SPL=0.2206 SR@1m=52.93% SPL@1m=0.2381
[ZSON3 EVAL] 1656/2000 scene=svBbv1Pavdk.basis episode=71 target=chair success=0 spl=0.0000 reason=max_steps_reached steps=459 runtime=211.9s SR=49.21% (815/1656) mean_SPL=0.2205 SR@1m=52.90% SPL@1m=0.2379
[ZSON3 EVAL] 1657/2000 scene=svBbv1Pavdk.basis episode=72 target=tv_monitor success=1 spl=0.8624 reason=object_found steps=60 runtime=36.5s SR=49.25% (816/1657) mean_SPL=0.2208 SR@1m=52.93% SPL@1m=0.2383
[ZSON3 EVAL] 1658/2000 scene=svBbv1Pavdk.basis episode=73 target=bed success=1 spl=0.6614 reason=object_found steps=93 runtime=70.8s SR=49.28% (817/1658) mean_SPL=0.2211 SR@1m=52.96% SPL@1m=0.2386
[ZSON3 EVAL] 1659/2000 scene=svBbv1Pavdk.basis episode=74 target=sofa success=1 spl=0.4864 reason=object_found steps=66 runtime=63.5s SR=49.31% (818/1659) mean_SPL=0.2213 SR@1m=52.98% SPL@1m=0.2387
[ZSON3 EVAL] 1660/2000 scene=svBbv1Pavdk.basis episode=75 target=toilet success=1 spl=0.5866 reason=object_found steps=212 runtime=193.4s SR=49.34% (819/1660) mean_SPL=0.2215 SR@1m=53.01% SPL@1m=0.2389
[ZSON3 EVAL] 1661/2000 scene=svBbv1Pavdk.basis episode=76 target=toilet success=1 spl=0.3346 reason=object_found steps=63 runtime=70.6s SR=49.37% (820/1661) mean_SPL=0.2216 SR@1m=53.04% SPL@1m=0.2390
[ZSON3 EVAL] 1662/2000 scene=svBbv1Pavdk.basis episode=77 target=toilet success=0 spl=0.0000 reason=object_found_at_1m_only steps=335 runtime=308.2s SR=49.34% (820/1662) mean_SPL=0.2214 SR@1m=53.07% SPL@1m=0.2390
[ZSON3 EVAL] 1663/2000 scene=svBbv1Pavdk.basis episode=78 target=tv_monitor success=1 spl=0.2117 reason=object_found steps=251 runtime=192.2s SR=49.37% (821/1663) mean_SPL=0.2214 SR@1m=53.10% SPL@1m=0.2390
[ZSON3 EVAL] 1664/2000 scene=svBbv1Pavdk.basis episode=79 target=toilet success=0 spl=0.0000 reason=max_steps_reached steps=493 runtime=456.5s SR=49.34% (821/1664) mean_SPL=0.2213 SR@1m=53.06% SPL@1m=0.2388
[ZSON3 EVAL] 1665/2000 scene=svBbv1Pavdk.basis episode=80 target=tv_monitor success=1 spl=0.1883 reason=object_found steps=192 runtime=161.4s SR=49.37% (822/1665) mean_SPL=0.2213 SR@1m=53.09% SPL@1m=0.2388
[ZSON3 EVAL] 1666/2000 scene=svBbv1Pavdk.basis episode=81 target=chair success=0 spl=0.0000 reason=robot_stuck steps=207 runtime=76.8s SR=49.34% (822/1666) mean_SPL=0.2211 SR@1m=53.06% SPL@1m=0.2386
[ZSON3 EVAL] 1667/2000 scene=svBbv1Pavdk.basis episode=82 target=toilet success=1 spl=0.5393 reason=object_found steps=181 runtime=122.8s SR=49.37% (823/1667) mean_SPL=0.2213 SR@1m=53.09% SPL@1m=0.2388
[ZSON3 EVAL] 1668/2000 scene=svBbv1Pavdk.basis episode=83 target=sofa success=1 spl=0.4152 reason=object_found steps=81 runtime=84.7s SR=49.40% (824/1668) mean_SPL=0.2214 SR@1m=53.12% SPL@1m=0.2389
[ZSON3 EVAL] 1669/2000 scene=svBbv1Pavdk.basis episode=84 target=sofa success=1 spl=0.1218 reason=object_found steps=194 runtime=158.6s SR=49.43% (825/1669) mean_SPL=0.2214 SR@1m=53.15% SPL@1m=0.2389
[ZSON3 EVAL] 1670/2000 scene=svBbv1Pavdk.basis episode=85 target=bed success=0 spl=0.0000 reason=object_found_at_1m_only steps=117 runtime=113.5s SR=49.40% (825/1670) mean_SPL=0.2212 SR@1m=53.17% SPL@1m=0.2391
[ZSON3 EVAL] 1671/2000 scene=svBbv1Pavdk.basis episode=86 target=sofa success=1 spl=0.7663 reason=object_found steps=21 runtime=21.3s SR=49.43% (826/1671) mean_SPL=0.2216 SR@1m=53.20% SPL@1m=0.2394
[ZSON3 EVAL] 1672/2000 scene=svBbv1Pavdk.basis episode=87 target=toilet success=1 spl=0.7212 reason=object_found steps=48 runtime=29.6s SR=49.46% (827/1672) mean_SPL=0.2219 SR@1m=53.23% SPL@1m=0.2397
[ZSON3 EVAL] 1673/2000 scene=svBbv1Pavdk.basis episode=88 target=tv_monitor success=1 spl=0.1770 reason=object_found steps=141 runtime=105.1s SR=49.49% (828/1673) mean_SPL=0.2218 SR@1m=53.26% SPL@1m=0.2397
[ZSON3 EVAL] 1674/2000 scene=svBbv1Pavdk.basis episode=89 target=bed success=1 spl=0.3304 reason=object_found steps=111 runtime=109.2s SR=49.52% (829/1674) mean_SPL=0.2219 SR@1m=53.29% SPL@1m=0.2397
[ZSON3 EVAL] 1675/2000 scene=svBbv1Pavdk.basis episode=90 target=bed success=1 spl=0.8994 reason=object_found steps=55 runtime=47.1s SR=49.55% (830/1675) mean_SPL=0.2223 SR@1m=53.31% SPL@1m=0.2401
[ZSON3 EVAL] 1676/2000 scene=svBbv1Pavdk.basis episode=91 target=plant success=1 spl=0.5934 reason=object_found steps=85 runtime=52.5s SR=49.58% (831/1676) mean_SPL=0.2225 SR@1m=53.34% SPL@1m=0.2403
[ZSON3 EVAL] 1677/2000 scene=svBbv1Pavdk.basis episode=92 target=plant success=1 spl=0.4877 reason=object_found steps=37 runtime=37.0s SR=49.61% (832/1677) mean_SPL=0.2227 SR@1m=53.37% SPL@1m=0.2405
[ZSON3 EVAL] 1678/2000 scene=svBbv1Pavdk.basis episode=93 target=bed success=1 spl=0.6921 reason=object_found steps=48 runtime=47.5s SR=49.64% (833/1678) mean_SPL=0.2230 SR@1m=53.40% SPL@1m=0.2408
[ZSON3 EVAL] 1679/2000 scene=svBbv1Pavdk.basis episode=94 target=toilet success=1 spl=0.3053 reason=object_found steps=258 runtime=187.7s SR=49.67% (834/1679) mean_SPL=0.2230 SR@1m=53.42% SPL@1m=0.2408
[ZSON3 EVAL] 1680/2000 scene=svBbv1Pavdk.basis episode=95 target=tv_monitor success=1 spl=0.1340 reason=object_found steps=161 runtime=134.9s SR=49.70% (835/1680) mean_SPL=0.2230 SR@1m=53.45% SPL@1m=0.2407
[ZSON3 EVAL] 1681/2000 scene=svBbv1Pavdk.basis episode=96 target=toilet success=0 spl=0.0000 reason=max_steps_reached steps=498 runtime=220.4s SR=49.67% (835/1681) mean_SPL=0.2228 SR@1m=53.42% SPL@1m=0.2406
[ZSON3 EVAL] 1682/2000 scene=svBbv1Pavdk.basis episode=97 target=chair success=1 spl=0.8686 reason=object_found steps=38 runtime=31.9s SR=49.70% (836/1682) mean_SPL=0.2232 SR@1m=53.45% SPL@1m=0.2410
[ZSON3 EVAL] 1683/2000 scene=svBbv1Pavdk.basis episode=98 target=chair success=0 spl=0.0000 reason=robot_stuck steps=253 runtime=109.7s SR=49.67% (836/1683) mean_SPL=0.2231 SR@1m=53.42% SPL@1m=0.2408
[ZSON3 EVAL] 1684/2000 scene=wcojb4TFT35.basis episode=0 target=toilet success=1 spl=0.1679 reason=object_found steps=255 runtime=170.7s SR=49.70% (837/1684) mean_SPL=0.2231 SR@1m=53.44% SPL@1m=0.2408
[ZSON3 EVAL] 1685/2000 scene=wcojb4TFT35.basis episode=1 target=tv_monitor success=0 spl=0.0000 reason=false_positive steps=45 runtime=30.3s SR=49.67% (837/1685) mean_SPL=0.2229 SR@1m=53.41% SPL@1m=0.2406
[ZSON3 EVAL] 1686/2000 scene=wcojb4TFT35.basis episode=2 target=sofa success=1 spl=0.8146 reason=object_found steps=72 runtime=51.4s SR=49.70% (838/1686) mean_SPL=0.2233 SR@1m=53.44% SPL@1m=0.2410
[ZSON3 EVAL] 1687/2000 scene=wcojb4TFT35.basis episode=3 target=bed success=0 spl=0.0000 reason=robot_stuck steps=202 runtime=147.6s SR=49.67% (838/1687) mean_SPL=0.2231 SR@1m=53.41% SPL@1m=0.2408
[ZSON3 EVAL] 1688/2000 scene=wcojb4TFT35.basis episode=4 target=toilet success=0 spl=0.0000 reason=object_found_at_1m_only steps=326 runtime=231.6s SR=49.64% (838/1688) mean_SPL=0.2230 SR@1m=53.44% SPL@1m=0.2409
[ZSON3 EVAL] 1689/2000 scene=wcojb4TFT35.basis episode=5 target=tv_monitor success=0 spl=0.0000 reason=false_positive steps=63 runtime=35.8s SR=49.62% (838/1689) mean_SPL=0.2229 SR@1m=53.40% SPL@1m=0.2407
[ZSON3 EVAL] 1690/2000 scene=wcojb4TFT35.basis episode=6 target=tv_monitor success=1 spl=0.8028 reason=object_found steps=37 runtime=20.2s SR=49.64% (839/1690) mean_SPL=0.2232 SR@1m=53.43% SPL@1m=0.2410
[ZSON3 EVAL] 1691/2000 scene=wcojb4TFT35.basis episode=7 target=chair success=1 spl=0.4282 reason=object_found steps=187 runtime=105.9s SR=49.67% (840/1691) mean_SPL=0.2233 SR@1m=53.46% SPL@1m=0.2412
[ZSON3 EVAL] 1692/2000 scene=wcojb4TFT35.basis episode=8 target=bed success=0 spl=0.0000 reason=max_steps_reached steps=473 runtime=379.3s SR=49.65% (840/1692) mean_SPL=0.2232 SR@1m=53.43% SPL@1m=0.2410
[ZSON3 EVAL] 1693/2000 scene=wcojb4TFT35.basis episode=9 target=bed success=0 spl=0.0000 reason=max_steps_reached steps=483 runtime=412.1s SR=49.62% (840/1693) mean_SPL=0.2231 SR@1m=53.40% SPL@1m=0.2409
[ZSON3 EVAL] 1694/2000 scene=wcojb4TFT35.basis episode=10 target=tv_monitor success=1 spl=0.6001 reason=object_found steps=169 runtime=130.9s SR=49.65% (841/1694) mean_SPL=0.2233 SR@1m=53.42% SPL@1m=0.2411
[ZSON3 EVAL] 1695/2000 scene=wcojb4TFT35.basis episode=11 target=sofa success=0 spl=0.0000 reason=false_positive steps=73 runtime=54.1s SR=49.62% (841/1695) mean_SPL=0.2232 SR@1m=53.39% SPL@1m=0.2409
[ZSON3 EVAL] 1696/2000 scene=wcojb4TFT35.basis episode=12 target=toilet success=0 spl=0.0000 reason=object_found_at_1m_only steps=407 runtime=292.3s SR=49.59% (841/1696) mean_SPL=0.2230 SR@1m=53.42% SPL@1m=0.2409
[ZSON3 EVAL] 1697/2000 scene=wcojb4TFT35.basis episode=13 target=chair success=0 spl=0.0000 reason=max_steps_reached steps=486 runtime=287.6s SR=49.56% (841/1697) mean_SPL=0.2229 SR@1m=53.39% SPL@1m=0.2408
[ZSON3 EVAL] 1698/2000 scene=wcojb4TFT35.basis episode=14 target=bed success=1 spl=0.4991 reason=object_found steps=60 runtime=34.7s SR=49.59% (842/1698) mean_SPL=0.2231 SR@1m=53.42% SPL@1m=0.2409
[ZSON3 EVAL] 1699/2000 scene=wcojb4TFT35.basis episode=15 target=chair success=0 spl=0.0000 reason=max_steps_reached steps=488 runtime=266.0s SR=49.56% (842/1699) mean_SPL=0.2229 SR@1m=53.38% SPL@1m=0.2408
[ZSON3 EVAL] 1700/2000 scene=wcojb4TFT35.basis episode=16 target=toilet success=0 spl=0.0000 reason=max_steps_reached steps=492 runtime=312.3s SR=49.53% (842/1700) mean_SPL=0.2228 SR@1m=53.35% SPL@1m=0.2407
[ZSON3 EVAL] 1701/2000 scene=wcojb4TFT35.basis episode=17 target=sofa success=1 spl=0.2249 reason=object_found steps=114 runtime=86.1s SR=49.56% (843/1701) mean_SPL=0.2228 SR@1m=53.38% SPL@1m=0.2406
[ZSON3 EVAL] 1702/2000 scene=wcojb4TFT35.basis episode=18 target=sofa success=1 spl=0.5201 reason=object_found steps=149 runtime=110.1s SR=49.59% (844/1702) mean_SPL=0.2230 SR@1m=53.41% SPL@1m=0.2408
[ZSON3 EVAL] 1703/2000 scene=wcojb4TFT35.basis episode=19 target=chair success=0 spl=0.0000 reason=max_steps_reached steps=491 runtime=321.0s SR=49.56% (844/1703) mean_SPL=0.2229 SR@1m=53.38% SPL@1m=0.2407
[ZSON3 EVAL] 1704/2000 scene=wcojb4TFT35.basis episode=20 target=tv_monitor success=1 spl=0.9112 reason=object_found steps=89 runtime=53.9s SR=49.59% (845/1704) mean_SPL=0.2233 SR@1m=53.40% SPL@1m=0.2411
[ZSON3 EVAL] 1705/2000 scene=wcojb4TFT35.basis episode=21 target=tv_monitor success=0 spl=0.0000 reason=robot_stuck steps=271 runtime=182.8s SR=49.56% (845/1705) mean_SPL=0.2231 SR@1m=53.37% SPL@1m=0.2409
[ZSON3 EVAL] 1706/2000 scene=wcojb4TFT35.basis episode=22 target=toilet success=0 spl=0.0000 reason=max_steps_reached steps=500 runtime=289.2s SR=49.53% (845/1706) mean_SPL=0.2230 SR@1m=53.34% SPL@1m=0.2408
[ZSON3 EVAL] 1707/2000 scene=wcojb4TFT35.basis episode=23 target=chair success=0 spl=0.0000 reason=no_frontiers steps=88 runtime=49.0s SR=49.50% (845/1707) mean_SPL=0.2229 SR@1m=53.31% SPL@1m=0.2406
[ZSON3 EVAL] 1708/2000 scene=wcojb4TFT35.basis episode=24 target=tv_monitor success=0 spl=0.0000 reason=false_positive steps=29 runtime=21.2s SR=49.47% (845/1708) mean_SPL=0.2227 SR@1m=53.28% SPL@1m=0.2405
[ZSON3 EVAL] 1709/2000 scene=wcojb4TFT35.basis episode=25 target=sofa success=1 spl=0.6679 reason=object_found steps=79 runtime=75.4s SR=49.50% (846/1709) mean_SPL=0.2230 SR@1m=53.31% SPL@1m=0.2407
[ZSON3 EVAL] 1710/2000 scene=wcojb4TFT35.basis episode=26 target=bed success=1 spl=0.4554 reason=object_found steps=425 runtime=281.9s SR=49.53% (847/1710) mean_SPL=0.2231 SR@1m=53.33% SPL@1m=0.2409
[ZSON3 EVAL] 1711/2000 scene=wcojb4TFT35.basis episode=27 target=sofa success=0 spl=0.0000 reason=false_positive steps=7 runtime=9.3s SR=49.50% (847/1711) mean_SPL=0.2230 SR@1m=53.30% SPL@1m=0.2407
[ZSON3 EVAL] 1712/2000 scene=wcojb4TFT35.basis episode=28 target=sofa success=0 spl=0.0000 reason=false_positive steps=159 runtime=126.8s SR=49.47% (847/1712) mean_SPL=0.2229 SR@1m=53.27% SPL@1m=0.2406
[ZSON3 EVAL] 1713/2000 scene=wcojb4TFT35.basis episode=29 target=bed success=0 spl=0.0000 reason=max_steps_reached steps=468 runtime=346.8s SR=49.45% (847/1713) mean_SPL=0.2227 SR@1m=53.24% SPL@1m=0.2405
[ZSON3 EVAL] 1714/2000 scene=wcojb4TFT35.basis episode=30 target=toilet success=0 spl=0.0000 reason=max_steps_reached steps=500 runtime=362.0s SR=49.42% (847/1714) mean_SPL=0.2226 SR@1m=53.21% SPL@1m=0.2403
[ZSON3 EVAL] 1715/2000 scene=wcojb4TFT35.basis episode=31 target=sofa success=0 spl=0.0000 reason=robot_stuck steps=282 runtime=156.0s SR=49.39% (847/1715) mean_SPL=0.2225 SR@1m=53.18% SPL@1m=0.2402
[ZSON3 EVAL] 1716/2000 scene=wcojb4TFT35.basis episode=32 target=sofa success=0 spl=0.0000 reason=false_positive steps=60 runtime=47.0s SR=49.36% (847/1716) mean_SPL=0.2224 SR@1m=53.15% SPL@1m=0.2400
[ZSON3 EVAL] 1717/2000 scene=wcojb4TFT35.basis episode=33 target=chair success=1 spl=0.6004 reason=object_found steps=84 runtime=62.2s SR=49.39% (848/1717) mean_SPL=0.2226 SR@1m=53.17% SPL@1m=0.2402
[ZSON3 EVAL] 1718/2000 scene=wcojb4TFT35.basis episode=34 target=sofa success=0 spl=0.0000 reason=false_positive steps=14 runtime=10.3s SR=49.36% (848/1718) mean_SPL=0.2224 SR@1m=53.14% SPL@1m=0.2401
[ZSON3 EVAL] 1719/2000 scene=wcojb4TFT35.basis episode=35 target=tv_monitor success=1 spl=0.4189 reason=object_found steps=228 runtime=164.8s SR=49.39% (849/1719) mean_SPL=0.2226 SR@1m=53.17% SPL@1m=0.2402
[ZSON3 EVAL] 1720/2000 scene=wcojb4TFT35.basis episode=36 target=bed success=1 spl=0.2513 reason=object_found steps=124 runtime=76.3s SR=49.42% (850/1720) mean_SPL=0.2226 SR@1m=53.20% SPL@1m=0.2402
[ZSON3 EVAL] 1721/2000 scene=wcojb4TFT35.basis episode=37 target=sofa success=1 spl=0.2834 reason=object_found steps=133 runtime=96.2s SR=49.45% (851/1721) mean_SPL=0.2226 SR@1m=53.22% SPL@1m=0.2402
[ZSON3 EVAL] 1722/2000 scene=wcojb4TFT35.basis episode=38 target=chair success=0 spl=0.0000 reason=max_steps_reached steps=497 runtime=325.9s SR=49.42% (851/1722) mean_SPL=0.2225 SR@1m=53.19% SPL@1m=0.2401
[ZSON3 EVAL] 1723/2000 scene=wcojb4TFT35.basis episode=39 target=sofa success=1 spl=0.8027 reason=object_found steps=61 runtime=40.0s SR=49.45% (852/1723) mean_SPL=0.2228 SR@1m=53.22% SPL@1m=0.2404
[ZSON3 EVAL] 1724/2000 scene=wcojb4TFT35.basis episode=40 target=tv_monitor success=1 spl=0.8461 reason=object_found steps=77 runtime=39.5s SR=49.48% (853/1724) mean_SPL=0.2232 SR@1m=53.25% SPL@1m=0.2408
[ZSON3 EVAL] 1725/2000 scene=wcojb4TFT35.basis episode=41 target=sofa success=1 spl=0.5302 reason=object_found steps=78 runtime=46.1s SR=49.51% (854/1725) mean_SPL=0.2234 SR@1m=53.28% SPL@1m=0.2409
[ZSON3 EVAL] 1726/2000 scene=wcojb4TFT35.basis episode=42 target=sofa success=1 spl=0.7636 reason=object_found steps=80 runtime=57.8s SR=49.54% (855/1726) mean_SPL=0.2237 SR@1m=53.30% SPL@1m=0.2412
[ZSON3 EVAL] 1727/2000 scene=wcojb4TFT35.basis episode=43 target=bed success=1 spl=0.5699 reason=object_found steps=86 runtime=53.0s SR=49.57% (856/1727) mean_SPL=0.2239 SR@1m=53.33% SPL@1m=0.2414
[ZSON3 EVAL] 1728/2000 scene=wcojb4TFT35.basis episode=44 target=sofa success=1 spl=0.9074 reason=object_found steps=40 runtime=33.3s SR=49.59% (857/1728) mean_SPL=0.2243 SR@1m=53.36% SPL@1m=0.2418
[ZSON3 EVAL] 1729/2000 scene=wcojb4TFT35.basis episode=45 target=chair success=1 spl=0.7872 reason=object_found steps=36 runtime=30.5s SR=49.62% (858/1729) mean_SPL=0.2246 SR@1m=53.38% SPL@1m=0.2421
[ZSON3 EVAL] 1730/2000 scene=wcojb4TFT35.basis episode=46 target=bed success=0 spl=0.0000 reason=max_steps_reached steps=476 runtime=382.1s SR=49.60% (858/1730) mean_SPL=0.2245 SR@1m=53.35% SPL@1m=0.2420
[ZSON3 EVAL] 1731/2000 scene=wcojb4TFT35.basis episode=47 target=chair success=0 spl=0.0000 reason=robot_stuck steps=246 runtime=159.1s SR=49.57% (858/1731) mean_SPL=0.2243 SR@1m=53.32% SPL@1m=0.2419
[ZSON3 EVAL] 1732/2000 scene=wcojb4TFT35.basis episode=48 target=chair success=1 spl=0.4601 reason=object_found steps=368 runtime=223.8s SR=49.60% (859/1732) mean_SPL=0.2245 SR@1m=53.35% SPL@1m=0.2420
[ZSON3 EVAL] 1733/2000 scene=wcojb4TFT35.basis episode=49 target=chair success=0 spl=0.0000 reason=max_steps_reached steps=498 runtime=294.3s SR=49.57% (859/1733) mean_SPL=0.2243 SR@1m=53.32% SPL@1m=0.2418
[ZSON3 EVAL] 1734/2000 scene=wcojb4TFT35.basis episode=50 target=bed success=1 spl=0.7863 reason=object_found steps=36 runtime=22.7s SR=49.60% (860/1734) mean_SPL=0.2247 SR@1m=53.34% SPL@1m=0.2422
[ZSON3 EVAL] 1735/2000 scene=wcojb4TFT35.basis episode=51 target=bed success=1 spl=0.3823 reason=object_found steps=107 runtime=125.3s SR=49.63% (861/1735) mean_SPL=0.2248 SR@1m=53.37% SPL@1m=0.2422
[ZSON3 EVAL] 1736/2000 scene=wcojb4TFT35.basis episode=52 target=chair success=0 spl=0.0000 reason=max_steps_reached steps=496 runtime=281.9s SR=49.60% (861/1736) mean_SPL=0.2246 SR@1m=53.34% SPL@1m=0.2421
[ZSON3 EVAL] 1737/2000 scene=wcojb4TFT35.basis episode=53 target=tv_monitor success=0 spl=0.0000 reason=false_positive steps=23 runtime=14.4s SR=49.57% (861/1737) mean_SPL=0.2245 SR@1m=53.31% SPL@1m=0.2420
[ZSON3 EVAL] 1738/2000 scene=wcojb4TFT35.basis episode=54 target=chair success=0 spl=0.0000 reason=max_steps_reached steps=492 runtime=287.1s SR=49.54% (861/1738) mean_SPL=0.2244 SR@1m=53.28% SPL@1m=0.2418
[ZSON3 EVAL] 1739/2000 scene=wcojb4TFT35.basis episode=55 target=tv_monitor success=1 spl=0.4106 reason=object_found steps=198 runtime=124.5s SR=49.57% (862/1739) mean_SPL=0.2245 SR@1m=53.31% SPL@1m=0.2419
[ZSON3 EVAL] 1740/2000 scene=wcojb4TFT35.basis episode=56 target=bed success=0 spl=0.0000 reason=max_steps_reached steps=477 runtime=391.4s SR=49.54% (862/1740) mean_SPL=0.2243 SR@1m=53.28% SPL@1m=0.2418
[ZSON3 EVAL] 1741/2000 scene=wcojb4TFT35.basis episode=57 target=chair success=0 spl=0.0000 reason=max_steps_reached steps=500 runtime=295.9s SR=49.51% (862/1741) mean_SPL=0.2242 SR@1m=53.25% SPL@1m=0.2416
[ZSON3 EVAL] 1742/2000 scene=wcojb4TFT35.basis episode=58 target=sofa success=1 spl=0.8622 reason=object_found steps=55 runtime=44.9s SR=49.54% (863/1742) mean_SPL=0.2246 SR@1m=53.27% SPL@1m=0.2420
[ZSON3 EVAL] 1743/2000 scene=wcojb4TFT35.basis episode=59 target=toilet success=0 spl=0.0000 reason=max_steps_reached steps=489 runtime=271.0s SR=49.51% (863/1743) mean_SPL=0.2244 SR@1m=53.24% SPL@1m=0.2419
[ZSON3 EVAL] 1744/2000 scene=wcojb4TFT35.basis episode=60 target=tv_monitor success=1 spl=0.4993 reason=object_found steps=192 runtime=211.2s SR=49.54% (864/1744) mean_SPL=0.2246 SR@1m=53.27% SPL@1m=0.2420
[ZSON3 EVAL] 1745/2000 scene=wcojb4TFT35.basis episode=61 target=tv_monitor success=0 spl=0.0000 reason=false_positive steps=72 runtime=45.5s SR=49.51% (864/1745) mean_SPL=0.2245 SR@1m=53.24% SPL@1m=0.2419
[ZSON3 EVAL] 1746/2000 scene=wcojb4TFT35.basis episode=62 target=sofa success=1 spl=0.1661 reason=object_found steps=133 runtime=100.3s SR=49.54% (865/1746) mean_SPL=0.2244 SR@1m=53.26% SPL@1m=0.2418
[ZSON3 EVAL] 1747/2000 scene=wcojb4TFT35.basis episode=63 target=bed success=0 spl=0.0000 reason=robot_stuck steps=244 runtime=167.3s SR=49.51% (865/1747) mean_SPL=0.2243 SR@1m=53.23% SPL@1m=0.2417
[ZSON3 EVAL] 1748/2000 scene=wcojb4TFT35.basis episode=64 target=bed success=1 spl=0.4856 reason=object_found steps=85 runtime=38.7s SR=49.54% (866/1748) mean_SPL=0.2245 SR@1m=53.26% SPL@1m=0.2418
[ZSON3 EVAL] 1749/2000 scene=wcojb4TFT35.basis episode=65 target=tv_monitor success=1 spl=0.8481 reason=object_found steps=96 runtime=55.2s SR=49.57% (867/1749) mean_SPL=0.2248 SR@1m=53.29% SPL@1m=0.2422
[ZSON3 EVAL] 1750/2000 scene=wcojb4TFT35.basis episode=66 target=bed success=1 spl=0.4894 reason=object_found steps=192 runtime=89.2s SR=49.60% (868/1750) mean_SPL=0.2250 SR@1m=53.31% SPL@1m=0.2423
[ZSON3 EVAL] 1751/2000 scene=wcojb4TFT35.basis episode=67 target=chair success=0 spl=0.0000 reason=max_steps_reached steps=496 runtime=309.6s SR=49.57% (868/1751) mean_SPL=0.2248 SR@1m=53.28% SPL@1m=0.2422
[ZSON3 EVAL] 1752/2000 scene=wcojb4TFT35.basis episode=68 target=chair success=0 spl=0.0000 reason=max_steps_reached steps=495 runtime=298.3s SR=49.54% (868/1752) mean_SPL=0.2247 SR@1m=53.25% SPL@1m=0.2420
[ZSON3 EVAL] 1753/2000 scene=wcojb4TFT35.basis episode=69 target=toilet success=0 spl=0.0000 reason=max_steps_reached steps=486 runtime=326.8s SR=49.52% (868/1753) mean_SPL=0.2246 SR@1m=53.22% SPL@1m=0.2419
[ZSON3 EVAL] 1754/2000 scene=wcojb4TFT35.basis episode=70 target=chair success=0 spl=0.0000 reason=max_steps_reached steps=492 runtime=337.4s SR=49.49% (868/1754) mean_SPL=0.2245 SR@1m=53.19% SPL@1m=0.2418
[ZSON3 EVAL] 1755/2000 scene=wcojb4TFT35.basis episode=71 target=toilet success=1 spl=0.4007 reason=object_found steps=134 runtime=154.8s SR=49.52% (869/1755) mean_SPL=0.2246 SR@1m=53.22% SPL@1m=0.2419
[ZSON3 EVAL] 1756/2000 scene=wcojb4TFT35.basis episode=72 target=tv_monitor success=1 spl=0.8557 reason=object_found steps=54 runtime=29.1s SR=49.54% (870/1756) mean_SPL=0.2249 SR@1m=53.25% SPL@1m=0.2422
[ZSON3 EVAL] 1757/2000 scene=wcojb4TFT35.basis episode=73 target=toilet success=0 spl=0.0000 reason=max_steps_reached steps=478 runtime=341.9s SR=49.52% (870/1757) mean_SPL=0.2248 SR@1m=53.22% SPL@1m=0.2421
[ZSON3 EVAL] 1758/2000 scene=wcojb4TFT35.basis episode=74 target=bed success=1 spl=0.7585 reason=object_found steps=66 runtime=37.5s SR=49.54% (871/1758) mean_SPL=0.2251 SR@1m=53.24% SPL@1m=0.2424
[ZSON3 EVAL] 1759/2000 scene=wcojb4TFT35.basis episode=75 target=chair success=1 spl=0.8335 reason=object_found steps=33 runtime=38.7s SR=49.57% (872/1759) mean_SPL=0.2254 SR@1m=53.27% SPL@1m=0.2427
[ZSON3 EVAL] 1760/2000 scene=wcojb4TFT35.basis episode=76 target=toilet success=0 spl=0.0000 reason=max_steps_reached steps=500 runtime=347.3s SR=49.55% (872/1760) mean_SPL=0.2253 SR@1m=53.24% SPL@1m=0.2426
[ZSON3 EVAL] 1761/2000 scene=wcojb4TFT35.basis episode=77 target=toilet success=0 spl=0.0000 reason=max_steps_reached steps=460 runtime=177.1s SR=49.52% (872/1761) mean_SPL=0.2252 SR@1m=53.21% SPL@1m=0.2424
[ZSON3 EVAL] 1762/2000 scene=wcojb4TFT35.basis episode=78 target=bed success=1 spl=0.3713 reason=object_found steps=81 runtime=114.9s SR=49.55% (873/1762) mean_SPL=0.2253 SR@1m=53.23% SPL@1m=0.2425
[ZSON3 EVAL] 1763/2000 scene=wcojb4TFT35.basis episode=79 target=tv_monitor success=1 spl=0.6662 reason=object_found steps=119 runtime=64.8s SR=49.57% (874/1763) mean_SPL=0.2255 SR@1m=53.26% SPL@1m=0.2427
[ZSON3 EVAL] 1764/2000 scene=wcojb4TFT35.basis episode=80 target=chair success=0 spl=0.0000 reason=max_steps_reached steps=484 runtime=282.5s SR=49.55% (874/1764) mean_SPL=0.2254 SR@1m=53.23% SPL@1m=0.2426
[ZSON3 EVAL] 1765/2000 scene=wcojb4TFT35.basis episode=81 target=toilet success=0 spl=0.0000 reason=max_steps_reached steps=487 runtime=316.4s SR=49.52% (874/1765) mean_SPL=0.2253 SR@1m=53.20% SPL@1m=0.2425
[ZSON3 EVAL] 1766/2000 scene=wcojb4TFT35.basis episode=82 target=tv_monitor success=0 spl=0.0000 reason=false_positive steps=37 runtime=23.7s SR=49.49% (874/1766) mean_SPL=0.2251 SR@1m=53.17% SPL@1m=0.2423
[ZSON3 EVAL] 1767/2000 scene=wcojb4TFT35.basis episode=83 target=toilet success=1 spl=0.8598 reason=object_found steps=77 runtime=44.9s SR=49.52% (875/1767) mean_SPL=0.2255 SR@1m=53.20% SPL@1m=0.2427
[ZSON3 EVAL] 1768/2000 scene=wcojb4TFT35.basis episode=84 target=toilet success=1 spl=0.7695 reason=object_found steps=138 runtime=67.9s SR=49.55% (876/1768) mean_SPL=0.2258 SR@1m=53.22% SPL@1m=0.2430
[ZSON3 EVAL] 1769/2000 scene=wcojb4TFT35.basis episode=85 target=toilet success=0 spl=0.0000 reason=max_steps_reached steps=491 runtime=434.9s SR=49.52% (876/1769) mean_SPL=0.2257 SR@1m=53.19% SPL@1m=0.2428
[ZSON3 EVAL] 1770/2000 scene=wcojb4TFT35.basis episode=86 target=tv_monitor success=1 spl=0.8278 reason=object_found steps=67 runtime=43.0s SR=49.55% (877/1770) mean_SPL=0.2260 SR@1m=53.22% SPL@1m=0.2432
[ZSON3 EVAL] 1771/2000 scene=wcojb4TFT35.basis episode=87 target=sofa success=0 spl=0.0000 reason=false_positive steps=120 runtime=64.0s SR=49.52% (877/1771) mean_SPL=0.2259 SR@1m=53.19% SPL@1m=0.2430
[ZSON3 EVAL] 1772/2000 scene=wcojb4TFT35.basis episode=88 target=chair success=0 spl=0.0000 reason=max_steps_reached steps=498 runtime=337.8s SR=49.49% (877/1772) mean_SPL=0.2258 SR@1m=53.16% SPL@1m=0.2429
[ZSON3 EVAL] 1773/2000 scene=wcojb4TFT35.basis episode=89 target=bed success=0 spl=0.0000 reason=max_steps_reached steps=470 runtime=380.7s SR=49.46% (877/1773) mean_SPL=0.2256 SR@1m=53.13% SPL@1m=0.2427
[ZSON3 EVAL] 1774/2000 scene=wcojb4TFT35.basis episode=90 target=toilet success=0 spl=0.0000 reason=max_steps_reached steps=496 runtime=330.3s SR=49.44% (877/1774) mean_SPL=0.2255 SR@1m=53.10% SPL@1m=0.2426
[ZSON3 EVAL] 1775/2000 scene=wcojb4TFT35.basis episode=91 target=chair success=1 spl=0.3414 reason=object_found steps=101 runtime=81.5s SR=49.46% (878/1775) mean_SPL=0.2256 SR@1m=53.13% SPL@1m=0.2427
[ZSON3 EVAL] 1776/2000 scene=wcojb4TFT35.basis episode=92 target=chair success=0 spl=0.0000 reason=max_steps_reached steps=493 runtime=317.9s SR=49.44% (878/1776) mean_SPL=0.2254 SR@1m=53.10% SPL@1m=0.2425
[ZSON3 EVAL] 1777/2000 scene=wcojb4TFT35.basis episode=93 target=toilet success=0 spl=0.0000 reason=robot_stuck steps=237 runtime=186.9s SR=49.41% (878/1777) mean_SPL=0.2253 SR@1m=53.07% SPL@1m=0.2424
[ZSON3 EVAL] 1778/2000 scene=wcojb4TFT35.basis episode=94 target=tv_monitor success=1 spl=0.6958 reason=object_found steps=78 runtime=46.6s SR=49.44% (879/1778) mean_SPL=0.2256 SR@1m=53.09% SPL@1m=0.2426
[ZSON3 EVAL] 1779/2000 scene=wcojb4TFT35.basis episode=95 target=bed success=0 spl=0.0000 reason=max_steps_reached steps=475 runtime=355.7s SR=49.41% (879/1779) mean_SPL=0.2255 SR@1m=53.06% SPL@1m=0.2425
[ZSON3 EVAL] 1780/2000 scene=wcojb4TFT35.basis episode=96 target=sofa success=0 spl=0.0000 reason=false_positive steps=7 runtime=6.7s SR=49.38% (879/1780) mean_SPL=0.2253 SR@1m=53.03% SPL@1m=0.2424
[ZSON3 EVAL] 1781/2000 scene=wcojb4TFT35.basis episode=97 target=tv_monitor success=1 spl=0.8395 reason=object_found steps=80 runtime=46.4s SR=49.41% (880/1781) mean_SPL=0.2257 SR@1m=53.06% SPL@1m=0.2427
[ZSON3 EVAL] 1782/2000 scene=wcojb4TFT35.basis episode=98 target=chair success=0 spl=0.0000 reason=max_steps_reached steps=490 runtime=260.6s SR=49.38% (880/1782) mean_SPL=0.2255 SR@1m=53.03% SPL@1m=0.2426
[ZSON3 EVAL] 1783/2000 scene=ziup5kvtCCR.basis episode=0 target=plant success=0 spl=0.0000 reason=max_steps_reached steps=500 runtime=426.1s SR=49.36% (880/1783) mean_SPL=0.2254 SR@1m=53.00% SPL@1m=0.2424
[ZSON3 EVAL] 1784/2000 scene=ziup5kvtCCR.basis episode=1 target=chair success=1 spl=0.7359 reason=object_found steps=45 runtime=105.3s SR=49.38% (881/1784) mean_SPL=0.2257 SR@1m=53.03% SPL@1m=0.2427
[ZSON3 EVAL] 1785/2000 scene=ziup5kvtCCR.basis episode=2 target=toilet success=1 spl=0.2354 reason=object_found steps=410 runtime=281.3s SR=49.41% (882/1785) mean_SPL=0.2257 SR@1m=53.05% SPL@1m=0.2427
[ZSON3 EVAL] 1786/2000 scene=ziup5kvtCCR.basis episode=3 target=bed success=1 spl=0.5939 reason=object_found steps=165 runtime=112.6s SR=49.44% (883/1786) mean_SPL=0.2259 SR@1m=53.08% SPL@1m=0.2429
[ZSON3 EVAL] 1787/2000 scene=ziup5kvtCCR.basis episode=4 target=toilet success=1 spl=0.6431 reason=object_found steps=140 runtime=83.6s SR=49.47% (884/1787) mean_SPL=0.2262 SR@1m=53.11% SPL@1m=0.2431
[ZSON3 EVAL] 1788/2000 scene=ziup5kvtCCR.basis episode=5 target=plant success=1 spl=0.0828 reason=object_found steps=350 runtime=275.3s SR=49.50% (885/1788) mean_SPL=0.2261 SR@1m=53.13% SPL@1m=0.2430
[ZSON3 EVAL] 1789/2000 scene=ziup5kvtCCR.basis episode=6 target=toilet success=1 spl=0.7363 reason=object_found steps=75 runtime=38.4s SR=49.52% (886/1789) mean_SPL=0.2264 SR@1m=53.16% SPL@1m=0.2433
[ZSON3 EVAL] 1790/2000 scene=ziup5kvtCCR.basis episode=7 target=chair success=0 spl=0.0000 reason=false_positive steps=110 runtime=94.5s SR=49.50% (886/1790) mean_SPL=0.2262 SR@1m=53.13% SPL@1m=0.2432
[ZSON3 EVAL] 1791/2000 scene=ziup5kvtCCR.basis episode=8 target=sofa success=1 spl=0.1561 reason=object_found steps=351 runtime=262.0s SR=49.53% (887/1791) mean_SPL=0.2262 SR@1m=53.15% SPL@1m=0.2431
[ZSON3 EVAL] 1792/2000 scene=ziup5kvtCCR.basis episode=9 target=plant success=1 spl=0.1324 reason=object_found steps=395 runtime=250.3s SR=49.55% (888/1792) mean_SPL=0.2261 SR@1m=53.18% SPL@1m=0.2431
[ZSON3 EVAL] 1793/2000 scene=ziup5kvtCCR.basis episode=10 target=plant success=0 spl=0.0000 reason=max_steps_reached steps=497 runtime=397.7s SR=49.53% (888/1793) mean_SPL=0.2260 SR@1m=53.15% SPL@1m=0.2429
[ZSON3 EVAL] 1794/2000 scene=ziup5kvtCCR.basis episode=11 target=chair success=1 spl=0.5952 reason=object_found steps=24 runtime=22.7s SR=49.55% (889/1794) mean_SPL=0.2262 SR@1m=53.18% SPL@1m=0.2431
[ZSON3 EVAL] 1795/2000 scene=ziup5kvtCCR.basis episode=12 target=tv_monitor success=0 spl=0.0000 reason=robot_stuck steps=253 runtime=118.7s SR=49.53% (889/1795) mean_SPL=0.2261 SR@1m=53.20% SPL@1m=0.2435
[ZSON3 EVAL] 1796/2000 scene=ziup5kvtCCR.basis episode=13 target=toilet success=1 spl=0.9139 reason=object_found steps=85 runtime=67.4s SR=49.55% (890/1796) mean_SPL=0.2265 SR@1m=53.23% SPL@1m=0.2439
[ZSON3 EVAL] 1797/2000 scene=ziup5kvtCCR.basis episode=14 target=bed success=0 spl=0.0000 reason=false_positive steps=15 runtime=7.7s SR=49.53% (890/1797) mean_SPL=0.2263 SR@1m=53.20% SPL@1m=0.2437
[ZSON3 EVAL] 1798/2000 scene=ziup5kvtCCR.basis episode=15 target=plant success=1 spl=0.3049 reason=object_found steps=195 runtime=86.6s SR=49.56% (891/1798) mean_SPL=0.2264 SR@1m=53.23% SPL@1m=0.2438
[ZSON3 EVAL] 1799/2000 scene=ziup5kvtCCR.basis episode=16 target=chair success=0 spl=0.0000 reason=false_positive steps=61 runtime=41.9s SR=49.53% (891/1799) mean_SPL=0.2263 SR@1m=53.20% SPL@1m=0.2436
[ZSON3 EVAL] 1800/2000 scene=ziup5kvtCCR.basis episode=17 target=toilet success=0 spl=0.0000 reason=max_steps_reached steps=487 runtime=293.0s SR=49.50% (891/1800) mean_SPL=0.2261 SR@1m=53.17% SPL@1m=0.2435
[ZSON3 EVAL] 1801/2000 scene=ziup5kvtCCR.basis episode=18 target=tv_monitor success=1 spl=0.4266 reason=object_found steps=127 runtime=79.5s SR=49.53% (892/1801) mean_SPL=0.2263 SR@1m=53.19% SPL@1m=0.2436
[ZSON3 EVAL] 1802/2000 scene=ziup5kvtCCR.basis episode=19 target=tv_monitor success=1 spl=0.1796 reason=object_found steps=333 runtime=251.4s SR=49.56% (893/1802) mean_SPL=0.2262 SR@1m=53.22% SPL@1m=0.2436
[ZSON3 EVAL] 1803/2000 scene=ziup5kvtCCR.basis episode=20 target=tv_monitor success=1 spl=0.2800 reason=object_found steps=68 runtime=47.1s SR=49.58% (894/1803) mean_SPL=0.2263 SR@1m=53.24% SPL@1m=0.2436
[ZSON3 EVAL] 1804/2000 scene=ziup5kvtCCR.basis episode=21 target=sofa success=1 spl=0.7195 reason=object_found steps=47 runtime=32.2s SR=49.61% (895/1804) mean_SPL=0.2265 SR@1m=53.27% SPL@1m=0.2438
[ZSON3 EVAL] 1805/2000 scene=ziup5kvtCCR.basis episode=22 target=sofa success=1 spl=0.3757 reason=object_found steps=211 runtime=142.7s SR=49.64% (896/1805) mean_SPL=0.2266 SR@1m=53.30% SPL@1m=0.2439
[ZSON3 EVAL] 1806/2000 scene=ziup5kvtCCR.basis episode=23 target=plant success=0 spl=0.0000 reason=object_found_at_1m_only steps=375 runtime=273.8s SR=49.61% (896/1806) mean_SPL=0.2265 SR@1m=53.32% SPL@1m=0.2439
[ZSON3 EVAL] 1807/2000 scene=ziup5kvtCCR.basis episode=24 target=chair success=0 spl=0.0000 reason=false_positive steps=153 runtime=100.6s SR=49.58% (896/1807) mean_SPL=0.2264 SR@1m=53.29% SPL@1m=0.2437
[ZSON3 EVAL] 1808/2000 scene=ziup5kvtCCR.basis episode=25 target=tv_monitor success=1 spl=0.2153 reason=object_found steps=257 runtime=181.1s SR=49.61% (897/1808) mean_SPL=0.2264 SR@1m=53.32% SPL@1m=0.2437
[ZSON3 EVAL] 1809/2000 scene=ziup5kvtCCR.basis episode=26 target=plant success=0 spl=0.0000 reason=max_steps_reached steps=494 runtime=381.5s SR=49.59% (897/1809) mean_SPL=0.2262 SR@1m=53.29% SPL@1m=0.2436
[ZSON3 EVAL] 1810/2000 scene=ziup5kvtCCR.basis episode=27 target=toilet success=1 spl=0.2745 reason=object_found steps=293 runtime=169.5s SR=49.61% (898/1810) mean_SPL=0.2263 SR@1m=53.31% SPL@1m=0.2436
[ZSON3 EVAL] 1811/2000 scene=ziup5kvtCCR.basis episode=28 target=chair success=0 spl=0.0000 reason=false_positive steps=66 runtime=49.7s SR=49.59% (898/1811) mean_SPL=0.2261 SR@1m=53.29% SPL@1m=0.2435
[ZSON3 EVAL] 1812/2000 scene=ziup5kvtCCR.basis episode=29 target=tv_monitor success=0 spl=0.0000 reason=robot_stuck steps=480 runtime=331.2s SR=49.56% (898/1812) mean_SPL=0.2260 SR@1m=53.31% SPL@1m=0.2434
[ZSON3 EVAL] 1813/2000 scene=ziup5kvtCCR.basis episode=30 target=sofa success=1 spl=0.2933 reason=object_found steps=245 runtime=165.6s SR=49.59% (899/1813) mean_SPL=0.2260 SR@1m=53.34% SPL@1m=0.2435
[ZSON3 EVAL] 1814/2000 scene=ziup5kvtCCR.basis episode=31 target=toilet success=1 spl=0.2328 reason=object_found steps=257 runtime=200.4s SR=49.61% (900/1814) mean_SPL=0.2260 SR@1m=53.36% SPL@1m=0.2435
[ZSON3 EVAL] 1815/2000 scene=ziup5kvtCCR.basis episode=32 target=bed success=1 spl=0.2204 reason=object_found steps=356 runtime=243.1s SR=49.64% (901/1815) mean_SPL=0.2260 SR@1m=53.39% SPL@1m=0.2435
[ZSON3 EVAL] 1816/2000 scene=ziup5kvtCCR.basis episode=33 target=chair success=1 spl=0.1523 reason=object_found steps=355 runtime=243.5s SR=49.67% (902/1816) mean_SPL=0.2260 SR@1m=53.41% SPL@1m=0.2434
[ZSON3 EVAL] 1817/2000 scene=ziup5kvtCCR.basis episode=34 target=chair success=1 spl=0.7433 reason=object_found steps=36 runtime=34.4s SR=49.70% (903/1817) mean_SPL=0.2263 SR@1m=53.44% SPL@1m=0.2437
[ZSON3 EVAL] 1818/2000 scene=ziup5kvtCCR.basis episode=35 target=toilet success=1 spl=0.8048 reason=object_found steps=88 runtime=55.6s SR=49.72% (904/1818) mean_SPL=0.2266 SR@1m=53.47% SPL@1m=0.2440
[ZSON3 EVAL] 1819/2000 scene=ziup5kvtCCR.basis episode=36 target=toilet success=0 spl=0.0000 reason=max_steps_reached steps=500 runtime=282.8s SR=49.70% (904/1819) mean_SPL=0.2265 SR@1m=53.44% SPL@1m=0.2439
[ZSON3 EVAL] 1820/2000 scene=ziup5kvtCCR.basis episode=37 target=chair success=0 spl=0.0000 reason=false_positive steps=133 runtime=112.2s SR=49.67% (904/1820) mean_SPL=0.2264 SR@1m=53.41% SPL@1m=0.2437
[ZSON3 EVAL] 1821/2000 scene=ziup5kvtCCR.basis episode=38 target=toilet success=1 spl=0.8677 reason=object_found steps=71 runtime=42.7s SR=49.70% (905/1821) mean_SPL=0.2267 SR@1m=53.43% SPL@1m=0.2441
[ZSON3 EVAL] 1822/2000 scene=ziup5kvtCCR.basis episode=39 target=sofa success=1 spl=0.5057 reason=object_found steps=87 runtime=128.0s SR=49.73% (906/1822) mean_SPL=0.2269 SR@1m=53.46% SPL@1m=0.2442
[ZSON3 EVAL] 1823/2000 scene=ziup5kvtCCR.basis episode=40 target=sofa success=1 spl=0.3687 reason=object_found steps=108 runtime=71.5s SR=49.75% (907/1823) mean_SPL=0.2269 SR@1m=53.48% SPL@1m=0.2443
[ZSON3 EVAL] 1824/2000 scene=ziup5kvtCCR.basis episode=41 target=sofa success=1 spl=0.2388 reason=object_found steps=218 runtime=141.7s SR=49.78% (908/1824) mean_SPL=0.2269 SR@1m=53.51% SPL@1m=0.2443
[ZSON3 EVAL] 1825/2000 scene=ziup5kvtCCR.basis episode=42 target=bed success=1 spl=0.4474 reason=object_found steps=101 runtime=66.7s SR=49.81% (909/1825) mean_SPL=0.2271 SR@1m=53.53% SPL@1m=0.2444
[ZSON3 EVAL] 1826/2000 scene=ziup5kvtCCR.basis episode=43 target=sofa success=1 spl=0.8292 reason=object_found steps=73 runtime=33.4s SR=49.84% (910/1826) mean_SPL=0.2274 SR@1m=53.56% SPL@1m=0.2447
[ZSON3 EVAL] 1827/2000 scene=ziup5kvtCCR.basis episode=44 target=sofa success=1 spl=0.7855 reason=object_found steps=50 runtime=24.9s SR=49.86% (911/1827) mean_SPL=0.2277 SR@1m=53.59% SPL@1m=0.2450
[ZSON3 EVAL] 1828/2000 scene=ziup5kvtCCR.basis episode=45 target=toilet success=1 spl=0.3066 reason=object_found steps=282 runtime=239.4s SR=49.89% (912/1828) mean_SPL=0.2277 SR@1m=53.61% SPL@1m=0.2450
[ZSON3 EVAL] 1829/2000 scene=ziup5kvtCCR.basis episode=46 target=plant success=0 spl=0.0000 reason=robot_stuck steps=280 runtime=104.9s SR=49.86% (912/1829) mean_SPL=0.2276 SR@1m=53.64% SPL@1m=0.2454
[ZSON3 EVAL] 1830/2000 scene=ziup5kvtCCR.basis episode=47 target=toilet success=1 spl=0.4458 reason=object_found steps=240 runtime=190.1s SR=49.89% (913/1830) mean_SPL=0.2277 SR@1m=53.66% SPL@1m=0.2455
[ZSON3 EVAL] 1831/2000 scene=ziup5kvtCCR.basis episode=48 target=sofa success=1 spl=0.7820 reason=object_found steps=29 runtime=16.7s SR=49.92% (914/1831) mean_SPL=0.2280 SR@1m=53.69% SPL@1m=0.2458
[ZSON3 EVAL] 1832/2000 scene=ziup5kvtCCR.basis episode=49 target=bed success=1 spl=0.2613 reason=object_found steps=296 runtime=230.2s SR=49.95% (915/1832) mean_SPL=0.2281 SR@1m=53.71% SPL@1m=0.2458
[ZSON3 EVAL] 1833/2000 scene=ziup5kvtCCR.basis episode=50 target=toilet success=0 spl=0.0000 reason=robot_stuck steps=464 runtime=333.9s SR=49.92% (915/1833) mean_SPL=0.2279 SR@1m=53.74% SPL@1m=0.2459
[ZSON3 EVAL] 1834/2000 scene=ziup5kvtCCR.basis episode=51 target=bed success=0 spl=0.0000 reason=object_found_at_1m_only steps=209 runtime=185.9s SR=49.89% (915/1834) mean_SPL=0.2278 SR@1m=53.76% SPL@1m=0.2459
[ZSON3 EVAL] 1835/2000 scene=ziup5kvtCCR.basis episode=52 target=tv_monitor success=1 spl=0.2494 reason=object_found steps=263 runtime=156.7s SR=49.92% (916/1835) mean_SPL=0.2278 SR@1m=53.79% SPL@1m=0.2459
[ZSON3 EVAL] 1836/2000 scene=ziup5kvtCCR.basis episode=53 target=tv_monitor success=1 spl=0.8372 reason=object_found steps=50 runtime=30.9s SR=49.95% (917/1836) mean_SPL=0.2282 SR@1m=53.81% SPL@1m=0.2462
[ZSON3 EVAL] 1837/2000 scene=ziup5kvtCCR.basis episode=54 target=bed success=1 spl=0.3361 reason=object_found steps=154 runtime=120.8s SR=49.97% (918/1837) mean_SPL=0.2282 SR@1m=53.84% SPL@1m=0.2463
[ZSON3 EVAL] 1838/2000 scene=ziup5kvtCCR.basis episode=55 target=chair success=0 spl=0.0000 reason=false_positive steps=168 runtime=108.0s SR=49.95% (918/1838) mean_SPL=0.2281 SR@1m=53.81% SPL@1m=0.2461
[ZSON3 EVAL] 1839/2000 scene=ziup5kvtCCR.basis episode=56 target=sofa success=1 spl=0.3612 reason=object_found steps=258 runtime=160.9s SR=49.97% (919/1839) mean_SPL=0.2282 SR@1m=53.83% SPL@1m=0.2462
[ZSON3 EVAL] 1840/2000 scene=ziup5kvtCCR.basis episode=57 target=tv_monitor success=0 spl=0.0000 reason=robot_stuck steps=457 runtime=292.1s SR=49.95% (919/1840) mean_SPL=0.2280 SR@1m=53.86% SPL@1m=0.2461
[ZSON3 EVAL] 1841/2000 scene=ziup5kvtCCR.basis episode=58 target=bed success=1 spl=0.5907 reason=object_found steps=261 runtime=229.2s SR=49.97% (920/1841) mean_SPL=0.2282 SR@1m=53.88% SPL@1m=0.2463
[ZSON3 EVAL] 1842/2000 scene=ziup5kvtCCR.basis episode=59 target=bed success=1 spl=0.4085 reason=object_found steps=311 runtime=282.3s SR=50.00% (921/1842) mean_SPL=0.2283 SR@1m=53.91% SPL@1m=0.2464
[ZSON3 EVAL] 1843/2000 scene=ziup5kvtCCR.basis episode=60 target=bed success=1 spl=0.2210 reason=object_found steps=197 runtime=145.7s SR=50.03% (922/1843) mean_SPL=0.2283 SR@1m=53.93% SPL@1m=0.2464
[ZSON3 EVAL] 1844/2000 scene=ziup5kvtCCR.basis episode=61 target=bed success=1 spl=0.5588 reason=object_found steps=279 runtime=217.0s SR=50.05% (923/1844) mean_SPL=0.2285 SR@1m=53.96% SPL@1m=0.2466
[ZSON3 EVAL] 1845/2000 scene=ziup5kvtCCR.basis episode=62 target=plant success=1 spl=0.1873 reason=max_steps_reached steps=500 runtime=358.0s SR=50.08% (924/1845) mean_SPL=0.2285 SR@1m=53.98% SPL@1m=0.2465
[ZSON3 EVAL] 1846/2000 scene=ziup5kvtCCR.basis episode=63 target=sofa success=1 spl=0.3562 reason=object_found steps=151 runtime=100.7s SR=50.11% (925/1846) mean_SPL=0.2286 SR@1m=54.01% SPL@1m=0.2466
[ZSON3 EVAL] 1847/2000 scene=ziup5kvtCCR.basis episode=64 target=chair success=1 spl=0.4777 reason=object_found steps=73 runtime=52.5s SR=50.14% (926/1847) mean_SPL=0.2287 SR@1m=54.03% SPL@1m=0.2467
[ZSON3 EVAL] 1848/2000 scene=ziup5kvtCCR.basis episode=65 target=chair success=0 spl=0.0000 reason=false_positive steps=65 runtime=47.9s SR=50.11% (926/1848) mean_SPL=0.2286 SR@1m=54.00% SPL@1m=0.2466
[ZSON3 EVAL] 1849/2000 scene=ziup5kvtCCR.basis episode=66 target=bed success=1 spl=0.8616 reason=object_found steps=75 runtime=59.6s SR=50.14% (927/1849) mean_SPL=0.2289 SR@1m=54.03% SPL@1m=0.2469
[ZSON3 EVAL] 1850/2000 scene=ziup5kvtCCR.basis episode=67 target=chair success=1 spl=0.6655 reason=object_found steps=120 runtime=79.6s SR=50.16% (928/1850) mean_SPL=0.2291 SR@1m=54.05% SPL@1m=0.2472
[ZSON3 EVAL] 1851/2000 scene=ziup5kvtCCR.basis episode=68 target=plant success=0 spl=0.0000 reason=max_steps_reached steps=495 runtime=336.8s SR=50.14% (928/1851) mean_SPL=0.2290 SR@1m=54.02% SPL@1m=0.2470
[ZSON3 EVAL] 1852/2000 scene=ziup5kvtCCR.basis episode=69 target=toilet success=1 spl=0.8773 reason=object_found steps=56 runtime=38.3s SR=50.16% (929/1852) mean_SPL=0.2294 SR@1m=54.05% SPL@1m=0.2474
[ZSON3 EVAL] 1853/2000 scene=ziup5kvtCCR.basis episode=70 target=sofa success=1 spl=0.7966 reason=object_found steps=52 runtime=24.4s SR=50.19% (930/1853) mean_SPL=0.2297 SR@1m=54.07% SPL@1m=0.2477
[ZSON3 EVAL] 1854/2000 scene=ziup5kvtCCR.basis episode=71 target=tv_monitor success=1 spl=0.7563 reason=object_found steps=204 runtime=136.1s SR=50.22% (931/1854) mean_SPL=0.2300 SR@1m=54.10% SPL@1m=0.2479
[ZSON3 EVAL] 1855/2000 scene=ziup5kvtCCR.basis episode=72 target=toilet success=1 spl=0.7404 reason=object_found steps=155 runtime=96.3s SR=50.24% (932/1855) mean_SPL=0.2302 SR@1m=54.12% SPL@1m=0.2482
[ZSON3 EVAL] 1856/2000 scene=ziup5kvtCCR.basis episode=73 target=bed success=1 spl=0.4772 reason=object_found steps=187 runtime=122.7s SR=50.27% (933/1856) mean_SPL=0.2304 SR@1m=54.15% SPL@1m=0.2483
[ZSON3 EVAL] 1857/2000 scene=ziup5kvtCCR.basis episode=74 target=bed success=1 spl=0.5005 reason=object_found steps=195 runtime=144.7s SR=50.30% (934/1857) mean_SPL=0.2305 SR@1m=54.17% SPL@1m=0.2485
[ZSON3 EVAL] 1858/2000 scene=ziup5kvtCCR.basis episode=75 target=chair success=1 spl=0.7998 reason=object_found steps=38 runtime=28.8s SR=50.32% (935/1858) mean_SPL=0.2308 SR@1m=54.20% SPL@1m=0.2488
[ZSON3 EVAL] 1859/2000 scene=ziup5kvtCCR.basis episode=76 target=chair success=1 spl=0.1718 reason=object_found steps=187 runtime=132.7s SR=50.35% (936/1859) mean_SPL=0.2308 SR@1m=54.22% SPL@1m=0.2487
[ZSON3 EVAL] 1860/2000 scene=ziup5kvtCCR.basis episode=77 target=tv_monitor success=1 spl=0.1180 reason=object_found steps=294 runtime=273.2s SR=50.38% (937/1860) mean_SPL=0.2307 SR@1m=54.25% SPL@1m=0.2486
[ZSON3 EVAL] 1861/2000 scene=ziup5kvtCCR.basis episode=78 target=bed success=0 spl=0.0000 reason=object_found_at_1m_only steps=210 runtime=188.2s SR=50.35% (937/1861) mean_SPL=0.2306 SR@1m=54.27% SPL@1m=0.2488
[ZSON3 EVAL] 1862/2000 scene=ziup5kvtCCR.basis episode=79 target=tv_monitor success=1 spl=0.2508 reason=object_found steps=322 runtime=267.9s SR=50.38% (938/1862) mean_SPL=0.2306 SR@1m=54.30% SPL@1m=0.2488
[ZSON3 EVAL] 1863/2000 scene=ziup5kvtCCR.basis episode=80 target=plant success=0 spl=0.0000 reason=robot_stuck steps=335 runtime=126.8s SR=50.35% (938/1863) mean_SPL=0.2305 SR@1m=54.27% SPL@1m=0.2487
[ZSON3 EVAL] 1864/2000 scene=ziup5kvtCCR.basis episode=81 target=bed success=1 spl=0.2751 reason=object_found steps=202 runtime=156.7s SR=50.38% (939/1864) mean_SPL=0.2305 SR@1m=54.29% SPL@1m=0.2487
[ZSON3 EVAL] 1865/2000 scene=ziup5kvtCCR.basis episode=82 target=chair success=1 spl=0.5697 reason=object_found steps=82 runtime=41.2s SR=50.40% (940/1865) mean_SPL=0.2307 SR@1m=54.32% SPL@1m=0.2489
[ZSON3 EVAL] 1866/2000 scene=ziup5kvtCCR.basis episode=83 target=sofa success=1 spl=0.3473 reason=object_found steps=154 runtime=100.7s SR=50.43% (941/1866) mean_SPL=0.2308 SR@1m=54.34% SPL@1m=0.2489
[ZSON3 EVAL] 1867/2000 scene=ziup5kvtCCR.basis episode=84 target=plant success=1 spl=0.1100 reason=object_found steps=317 runtime=237.6s SR=50.46% (942/1867) mean_SPL=0.2307 SR@1m=54.37% SPL@1m=0.2489
[ZSON3 EVAL] 1868/2000 scene=ziup5kvtCCR.basis episode=85 target=tv_monitor success=1 spl=0.6328 reason=object_found steps=52 runtime=25.1s SR=50.48% (943/1868) mean_SPL=0.2309 SR@1m=54.39% SPL@1m=0.2491
[ZSON3 EVAL] 1869/2000 scene=ziup5kvtCCR.basis episode=86 target=tv_monitor success=1 spl=0.3099 reason=object_found steps=199 runtime=120.3s SR=50.51% (944/1869) mean_SPL=0.2310 SR@1m=54.41% SPL@1m=0.2491
[ZSON3 EVAL] 1870/2000 scene=ziup5kvtCCR.basis episode=87 target=tv_monitor success=1 spl=0.3388 reason=object_found steps=103 runtime=48.0s SR=50.53% (945/1870) mean_SPL=0.2310 SR@1m=54.44% SPL@1m=0.2491
[ZSON3 EVAL] 1871/2000 scene=ziup5kvtCCR.basis episode=88 target=bed success=1 spl=0.2729 reason=object_found steps=229 runtime=243.6s SR=50.56% (946/1871) mean_SPL=0.2310 SR@1m=54.46% SPL@1m=0.2492
[ZSON3 EVAL] 1872/2000 scene=ziup5kvtCCR.basis episode=89 target=sofa success=1 spl=0.5659 reason=object_found steps=76 runtime=43.9s SR=50.59% (947/1872) mean_SPL=0.2312 SR@1m=54.49% SPL@1m=0.2493
[ZSON3 EVAL] 1873/2000 scene=ziup5kvtCCR.basis episode=90 target=plant success=0 spl=0.0000 reason=max_steps_reached steps=500 runtime=389.9s SR=50.56% (947/1873) mean_SPL=0.2311 SR@1m=54.46% SPL@1m=0.2492
[ZSON3 EVAL] 1874/2000 scene=ziup5kvtCCR.basis episode=91 target=toilet success=1 spl=0.6808 reason=object_found steps=120 runtime=86.9s SR=50.59% (948/1874) mean_SPL=0.2313 SR@1m=54.48% SPL@1m=0.2494
[ZSON3 EVAL] 1875/2000 scene=ziup5kvtCCR.basis episode=92 target=toilet success=1 spl=0.2258 reason=object_found steps=107 runtime=81.2s SR=50.61% (949/1875) mean_SPL=0.2313 SR@1m=54.51% SPL@1m=0.2494
[ZSON3 EVAL] 1876/2000 scene=ziup5kvtCCR.basis episode=93 target=plant success=0 spl=0.0000 reason=max_steps_reached steps=500 runtime=316.4s SR=50.59% (949/1876) mean_SPL=0.2312 SR@1m=54.53% SPL@1m=0.2493
[ZSON3 EVAL] 1877/2000 scene=ziup5kvtCCR.basis episode=94 target=plant success=1 spl=0.0962 reason=object_found steps=398 runtime=309.2s SR=50.61% (950/1877) mean_SPL=0.2311 SR@1m=54.56% SPL@1m=0.2492
[ZSON3 EVAL] 1878/2000 scene=ziup5kvtCCR.basis episode=95 target=tv_monitor success=0 spl=0.0000 reason=max_steps_reached steps=500 runtime=352.8s SR=50.59% (950/1878) mean_SPL=0.2310 SR@1m=54.58% SPL@1m=0.2492
[ZSON3 EVAL] 1879/2000 scene=ziup5kvtCCR.basis episode=96 target=sofa success=1 spl=0.4376 reason=object_found steps=161 runtime=98.8s SR=50.61% (951/1879) mean_SPL=0.2311 SR@1m=54.60% SPL@1m=0.2493
[ZSON3 EVAL] 1880/2000 scene=ziup5kvtCCR.basis episode=97 target=plant success=0 spl=0.0000 reason=max_steps_reached steps=497 runtime=349.5s SR=50.59% (951/1880) mean_SPL=0.2310 SR@1m=54.57% SPL@1m=0.2491
[ZSON3 EVAL] 1881/2000 scene=ziup5kvtCCR.basis episode=98 target=plant success=1 spl=0.6665 reason=object_found steps=41 runtime=23.4s SR=50.61% (952/1881) mean_SPL=0.2312 SR@1m=54.60% SPL@1m=0.2494
[ZSON3 EVAL] 1882/2000 scene=zt1RVoi7PcG.basis episode=0 target=toilet success=1 spl=0.2605 reason=object_found steps=323 runtime=316.8s SR=50.64% (953/1882) mean_SPL=0.2312 SR@1m=54.62% SPL@1m=0.2494
[ZSON3 EVAL] 1883/2000 scene=zt1RVoi7PcG.basis episode=1 target=toilet success=0 spl=0.0000 reason=max_steps_reached steps=497 runtime=420.7s SR=50.61% (953/1883) mean_SPL=0.2311 SR@1m=54.59% SPL@1m=0.2492
[ZSON3 EVAL] 1884/2000 scene=zt1RVoi7PcG.basis episode=2 target=toilet success=1 spl=0.2232 reason=object_found steps=133 runtime=125.4s SR=50.64% (954/1884) mean_SPL=0.2311 SR@1m=54.62% SPL@1m=0.2492
[ZSON3 EVAL] 1885/2000 scene=zt1RVoi7PcG.basis episode=3 target=toilet success=1 spl=0.3694 reason=object_found steps=170 runtime=147.9s SR=50.66% (955/1885) mean_SPL=0.2312 SR@1m=54.64% SPL@1m=0.2493
[ZSON3 EVAL] 1886/2000 scene=zt1RVoi7PcG.basis episode=4 target=tv_monitor success=0 spl=0.0000 reason=false_positive steps=55 runtime=24.1s SR=50.64% (955/1886) mean_SPL=0.2311 SR@1m=54.61% SPL@1m=0.2492
[ZSON3 EVAL] 1887/2000 scene=zt1RVoi7PcG.basis episode=5 target=chair success=1 spl=0.0922 reason=object_found steps=335 runtime=287.0s SR=50.66% (956/1887) mean_SPL=0.2310 SR@1m=54.64% SPL@1m=0.2491
[ZSON3 EVAL] 1888/2000 scene=zt1RVoi7PcG.basis episode=6 target=chair success=0 spl=0.0000 reason=max_steps_reached steps=491 runtime=543.4s SR=50.64% (956/1888) mean_SPL=0.2309 SR@1m=54.61% SPL@1m=0.2489
[ZSON3 EVAL] 1889/2000 scene=zt1RVoi7PcG.basis episode=7 target=toilet success=1 spl=0.2052 reason=object_found steps=299 runtime=272.6s SR=50.66% (957/1889) mean_SPL=0.2309 SR@1m=54.63% SPL@1m=0.2489
[ZSON3 EVAL] 1890/2000 scene=zt1RVoi7PcG.basis episode=8 target=sofa success=1 spl=0.3316 reason=object_found steps=240 runtime=216.6s SR=50.69% (958/1890) mean_SPL=0.2309 SR@1m=54.66% SPL@1m=0.2490
[ZSON3 EVAL] 1891/2000 scene=zt1RVoi7PcG.basis episode=9 target=bed success=0 spl=0.0000 reason=false_positive steps=437 runtime=298.2s SR=50.66% (958/1891) mean_SPL=0.2308 SR@1m=54.63% SPL@1m=0.2488
[ZSON3 EVAL] 1892/2000 scene=zt1RVoi7PcG.basis episode=10 target=chair success=1 spl=0.0713 reason=object_found steps=428 runtime=354.0s SR=50.69% (959/1892) mean_SPL=0.2307 SR@1m=54.65% SPL@1m=0.2487
[ZSON3 EVAL] 1893/2000 scene=zt1RVoi7PcG.basis episode=11 target=bed success=0 spl=0.0000 reason=max_steps_reached steps=496 runtime=410.9s SR=50.66% (959/1893) mean_SPL=0.2306 SR@1m=54.62% SPL@1m=0.2486
[ZSON3 EVAL] 1894/2000 scene=zt1RVoi7PcG.basis episode=12 target=tv_monitor success=0 spl=0.0000 reason=robot_stuck steps=339 runtime=211.8s SR=50.63% (959/1894) mean_SPL=0.2305 SR@1m=54.59% SPL@1m=0.2485
[ZSON3 EVAL] 1895/2000 scene=zt1RVoi7PcG.basis episode=13 target=bed success=0 spl=0.0000 reason=false_positive steps=102 runtime=87.7s SR=50.61% (959/1895) mean_SPL=0.2303 SR@1m=54.56% SPL@1m=0.2483
[ZSON3 EVAL] 1896/2000 scene=zt1RVoi7PcG.basis episode=14 target=toilet success=0 spl=0.0000 reason=max_steps_reached steps=500 runtime=476.5s SR=50.58% (959/1896) mean_SPL=0.2302 SR@1m=54.54% SPL@1m=0.2482
[ZSON3 EVAL] 1897/2000 scene=zt1RVoi7PcG.basis episode=15 target=toilet success=0 spl=0.0000 reason=max_steps_reached steps=498 runtime=424.3s SR=50.55% (959/1897) mean_SPL=0.2301 SR@1m=54.51% SPL@1m=0.2481
[ZSON3 EVAL] 1898/2000 scene=zt1RVoi7PcG.basis episode=16 target=chair success=1 spl=0.1266 reason=object_found steps=203 runtime=158.1s SR=50.58% (960/1898) mean_SPL=0.2300 SR@1m=54.53% SPL@1m=0.2480
[ZSON3 EVAL] 1899/2000 scene=zt1RVoi7PcG.basis episode=17 target=bed success=1 spl=0.5487 reason=object_found steps=96 runtime=66.0s SR=50.61% (961/1899) mean_SPL=0.2302 SR@1m=54.56% SPL@1m=0.2482
[ZSON3 EVAL] 1900/2000 scene=zt1RVoi7PcG.basis episode=18 target=bed success=0 spl=0.0000 reason=false_positive steps=16 runtime=15.6s SR=50.58% (961/1900) mean_SPL=0.2301 SR@1m=54.53% SPL@1m=0.2480
[ZSON3 EVAL] 1901/2000 scene=zt1RVoi7PcG.basis episode=19 target=sofa success=1 spl=0.2145 reason=object_found steps=231 runtime=223.0s SR=50.60% (962/1901) mean_SPL=0.2301 SR@1m=54.55% SPL@1m=0.2480
[ZSON3 EVAL] 1902/2000 scene=zt1RVoi7PcG.basis episode=20 target=sofa success=1 spl=0.4471 reason=object_found steps=110 runtime=46.1s SR=50.63% (963/1902) mean_SPL=0.2302 SR@1m=54.57% SPL@1m=0.2481
[ZSON3 EVAL] 1903/2000 scene=zt1RVoi7PcG.basis episode=21 target=toilet success=0 spl=0.0000 reason=max_steps_reached steps=495 runtime=568.6s SR=50.60% (963/1903) mean_SPL=0.2301 SR@1m=54.55% SPL@1m=0.2480
[ZSON3 EVAL] 1904/2000 scene=zt1RVoi7PcG.basis episode=22 target=sofa success=1 spl=0.0909 reason=object_found steps=285 runtime=282.5s SR=50.63% (964/1904) mean_SPL=0.2300 SR@1m=54.57% SPL@1m=0.2479
[ZSON3 EVAL] 1905/2000 scene=zt1RVoi7PcG.basis episode=23 target=sofa success=1 spl=0.2964 reason=object_found steps=110 runtime=78.5s SR=50.66% (965/1905) mean_SPL=0.2300 SR@1m=54.59% SPL@1m=0.2479
[ZSON3 EVAL] 1906/2000 scene=zt1RVoi7PcG.basis episode=24 target=sofa success=1 spl=0.7189 reason=object_found steps=39 runtime=29.8s SR=50.68% (966/1906) mean_SPL=0.2303 SR@1m=54.62% SPL@1m=0.2482
[ZSON3 EVAL] 1907/2000 scene=zt1RVoi7PcG.basis episode=25 target=bed success=1 spl=0.7044 reason=object_found steps=40 runtime=24.2s SR=50.71% (967/1907) mean_SPL=0.2305 SR@1m=54.64% SPL@1m=0.2484
[ZSON3 EVAL] 1908/2000 scene=zt1RVoi7PcG.basis episode=26 target=bed success=0 spl=0.0000 reason=false_positive steps=157 runtime=124.0s SR=50.68% (967/1908) mean_SPL=0.2304 SR@1m=54.61% SPL@1m=0.2483
[ZSON3 EVAL] 1909/2000 scene=zt1RVoi7PcG.basis episode=27 target=tv_monitor success=0 spl=0.0000 reason=robot_stuck steps=406 runtime=298.8s SR=50.65% (967/1909) mean_SPL=0.2303 SR@1m=54.58% SPL@1m=0.2482
[ZSON3 EVAL] 1910/2000 scene=zt1RVoi7PcG.basis episode=28 target=chair success=1 spl=0.4684 reason=object_found steps=70 runtime=58.3s SR=50.68% (968/1910) mean_SPL=0.2304 SR@1m=54.61% SPL@1m=0.2483
[ZSON3 EVAL] 1911/2000 scene=zt1RVoi7PcG.basis episode=29 target=bed success=0 spl=0.0000 reason=max_steps_reached steps=500 runtime=297.9s SR=50.65% (968/1911) mean_SPL=0.2303 SR@1m=54.58% SPL@1m=0.2482
[ZSON3 EVAL] 1912/2000 scene=zt1RVoi7PcG.basis episode=30 target=tv_monitor success=0 spl=0.0000 reason=false_positive steps=259 runtime=254.6s SR=50.63% (968/1912) mean_SPL=0.2302 SR@1m=54.55% SPL@1m=0.2480
[ZSON3 EVAL] 1913/2000 scene=zt1RVoi7PcG.basis episode=31 target=tv_monitor success=0 spl=0.0000 reason=false_positive steps=12 runtime=10.8s SR=50.60% (968/1913) mean_SPL=0.2301 SR@1m=54.52% SPL@1m=0.2479
[ZSON3 EVAL] 1914/2000 scene=zt1RVoi7PcG.basis episode=32 target=bed success=0 spl=0.0000 reason=false_positive steps=38 runtime=39.2s SR=50.57% (968/1914) mean_SPL=0.2299 SR@1m=54.49% SPL@1m=0.2478
[ZSON3 EVAL] 1915/2000 scene=zt1RVoi7PcG.basis episode=33 target=sofa success=1 spl=0.2554 reason=object_found steps=89 runtime=74.9s SR=50.60% (969/1915) mean_SPL=0.2300 SR@1m=54.52% SPL@1m=0.2478
[ZSON3 EVAL] 1916/2000 scene=zt1RVoi7PcG.basis episode=34 target=tv_monitor success=0 spl=0.0000 reason=false_positive steps=70 runtime=51.7s SR=50.57% (969/1916) mean_SPL=0.2298 SR@1m=54.49% SPL@1m=0.2476
[ZSON3 EVAL] 1917/2000 scene=zt1RVoi7PcG.basis episode=35 target=toilet success=0 spl=0.0000 reason=max_steps_reached steps=498 runtime=510.9s SR=50.55% (969/1917) mean_SPL=0.2297 SR@1m=54.46% SPL@1m=0.2475
[ZSON3 EVAL] 1918/2000 scene=zt1RVoi7PcG.basis episode=36 target=bed success=1 spl=0.8654 reason=object_found steps=73 runtime=46.2s SR=50.57% (970/1918) mean_SPL=0.2300 SR@1m=54.48% SPL@1m=0.2478
[ZSON3 EVAL] 1919/2000 scene=zt1RVoi7PcG.basis episode=37 target=sofa success=1 spl=0.8563 reason=object_found steps=37 runtime=32.0s SR=50.60% (971/1919) mean_SPL=0.2304 SR@1m=54.51% SPL@1m=0.2482
[ZSON3 EVAL] 1920/2000 scene=zt1RVoi7PcG.basis episode=38 target=bed success=1 spl=0.5717 reason=object_found steps=37 runtime=19.8s SR=50.62% (972/1920) mean_SPL=0.2306 SR@1m=54.53% SPL@1m=0.2483
[ZSON3 EVAL] 1921/2000 scene=zt1RVoi7PcG.basis episode=39 target=sofa success=1 spl=0.8026 reason=object_found steps=50 runtime=41.1s SR=50.65% (973/1921) mean_SPL=0.2308 SR@1m=54.55% SPL@1m=0.2486
[ZSON3 EVAL] 1922/2000 scene=zt1RVoi7PcG.basis episode=40 target=toilet success=1 spl=0.1042 reason=object_found steps=454 runtime=339.6s SR=50.68% (974/1922) mean_SPL=0.2308 SR@1m=54.58% SPL@1m=0.2485
[ZSON3 EVAL] 1923/2000 scene=zt1RVoi7PcG.basis episode=41 target=tv_monitor success=0 spl=0.0000 reason=false_positive steps=417 runtime=455.5s SR=50.65% (974/1923) mean_SPL=0.2307 SR@1m=54.55% SPL@1m=0.2484
[ZSON3 EVAL] 1924/2000 scene=zt1RVoi7PcG.basis episode=42 target=toilet success=1 spl=0.6379 reason=object_found steps=170 runtime=209.6s SR=50.68% (975/1924) mean_SPL=0.2309 SR@1m=54.57% SPL@1m=0.2486
[ZSON3 EVAL] 1925/2000 scene=zt1RVoi7PcG.basis episode=43 target=sofa success=1 spl=0.5847 reason=object_found steps=100 runtime=77.9s SR=50.70% (976/1925) mean_SPL=0.2311 SR@1m=54.60% SPL@1m=0.2488
[ZSON3 EVAL] 1926/2000 scene=zt1RVoi7PcG.basis episode=44 target=tv_monitor success=0 spl=0.0000 reason=false_positive steps=294 runtime=240.9s SR=50.67% (976/1926) mean_SPL=0.2309 SR@1m=54.57% SPL@1m=0.2487
[ZSON3 EVAL] 1927/2000 scene=zt1RVoi7PcG.basis episode=45 target=toilet success=0 spl=0.0000 reason=max_steps_reached steps=500 runtime=401.6s SR=50.65% (976/1927) mean_SPL=0.2308 SR@1m=54.54% SPL@1m=0.2485
[ZSON3 EVAL] 1928/2000 scene=zt1RVoi7PcG.basis episode=46 target=tv_monitor success=0 spl=0.0000 reason=false_positive steps=404 runtime=563.2s SR=50.62% (976/1928) mean_SPL=0.2307 SR@1m=54.51% SPL@1m=0.2484
[ZSON3 EVAL] 1929/2000 scene=zt1RVoi7PcG.basis episode=47 target=tv_monitor success=0 spl=0.0000 reason=false_positive steps=12 runtime=8.3s SR=50.60% (976/1929) mean_SPL=0.2306 SR@1m=54.48% SPL@1m=0.2483
[ZSON3 EVAL] 1930/2000 scene=zt1RVoi7PcG.basis episode=48 target=toilet success=0 spl=0.0000 reason=max_steps_reached steps=500 runtime=314.0s SR=50.57% (976/1930) mean_SPL=0.2305 SR@1m=54.46% SPL@1m=0.2481
[ZSON3 EVAL] 1931/2000 scene=zt1RVoi7PcG.basis episode=49 target=toilet success=0 spl=0.0000 reason=robot_stuck steps=340 runtime=222.0s SR=50.54% (976/1931) mean_SPL=0.2303 SR@1m=54.48% SPL@1m=0.2482
[ZSON3 EVAL] 1932/2000 scene=zt1RVoi7PcG.basis episode=50 target=sofa success=1 spl=0.8215 reason=object_found steps=42 runtime=25.7s SR=50.57% (977/1932) mean_SPL=0.2306 SR@1m=54.50% SPL@1m=0.2485
[ZSON3 EVAL] 1933/2000 scene=zt1RVoi7PcG.basis episode=51 target=tv_monitor success=0 spl=0.0000 reason=false_positive steps=103 runtime=94.1s SR=50.54% (977/1933) mean_SPL=0.2305 SR@1m=54.47% SPL@1m=0.2484
[ZSON3 EVAL] 1934/2000 scene=zt1RVoi7PcG.basis episode=52 target=bed success=0 spl=0.0000 reason=false_positive steps=78 runtime=60.5s SR=50.52% (977/1934) mean_SPL=0.2304 SR@1m=54.45% SPL@1m=0.2482
[ZSON3 EVAL] 1935/2000 scene=zt1RVoi7PcG.basis episode=53 target=tv_monitor success=0 spl=0.0000 reason=false_positive steps=33 runtime=26.0s SR=50.49% (977/1935) mean_SPL=0.2303 SR@1m=54.42% SPL@1m=0.2481
[ZSON3 EVAL] 1936/2000 scene=zt1RVoi7PcG.basis episode=54 target=chair success=1 spl=0.5418 reason=object_found steps=60 runtime=46.9s SR=50.52% (978/1936) mean_SPL=0.2304 SR@1m=54.44% SPL@1m=0.2483
[ZSON3 EVAL] 1937/2000 scene=zt1RVoi7PcG.basis episode=55 target=tv_monitor success=0 spl=0.0000 reason=false_positive steps=111 runtime=154.2s SR=50.49% (978/1937) mean_SPL=0.2303 SR@1m=54.41% SPL@1m=0.2481
[ZSON3 EVAL] 1938/2000 scene=zt1RVoi7PcG.basis episode=56 target=chair success=1 spl=0.1019 reason=object_found steps=347 runtime=262.8s SR=50.52% (979/1938) mean_SPL=0.2303 SR@1m=54.44% SPL@1m=0.2481
[ZSON3 EVAL] 1939/2000 scene=zt1RVoi7PcG.basis episode=57 target=chair success=0 spl=0.0000 reason=max_steps_reached steps=500 runtime=426.4s SR=50.49% (979/1939) mean_SPL=0.2301 SR@1m=54.46% SPL@1m=0.2479
[ZSON3 EVAL] 1940/2000 scene=zt1RVoi7PcG.basis episode=58 target=sofa success=1 spl=0.2254 reason=object_found steps=106 runtime=142.0s SR=50.52% (980/1940) mean_SPL=0.2301 SR@1m=54.48% SPL@1m=0.2479
[ZSON3 EVAL] 1941/2000 scene=zt1RVoi7PcG.basis episode=59 target=bed success=0 spl=0.0000 reason=false_positive steps=44 runtime=42.9s SR=50.49% (980/1941) mean_SPL=0.2300 SR@1m=54.46% SPL@1m=0.2478
[ZSON3 EVAL] 1942/2000 scene=zt1RVoi7PcG.basis episode=60 target=toilet success=0 spl=0.0000 reason=max_steps_reached steps=500 runtime=408.0s SR=50.46% (980/1942) mean_SPL=0.2299 SR@1m=54.43% SPL@1m=0.2477
[ZSON3 EVAL] 1943/2000 scene=zt1RVoi7PcG.basis episode=61 target=sofa success=1 spl=0.8097 reason=object_found steps=40 runtime=28.2s SR=50.49% (981/1943) mean_SPL=0.2302 SR@1m=54.45% SPL@1m=0.2480
[ZSON3 EVAL] 1944/2000 scene=zt1RVoi7PcG.basis episode=62 target=sofa success=1 spl=0.2982 reason=object_found steps=95 runtime=148.7s SR=50.51% (982/1944) mean_SPL=0.2302 SR@1m=54.48% SPL@1m=0.2480
[ZSON3 EVAL] 1945/2000 scene=zt1RVoi7PcG.basis episode=63 target=bed success=0 spl=0.0000 reason=max_steps_reached steps=498 runtime=489.0s SR=50.49% (982/1945) mean_SPL=0.2301 SR@1m=54.45% SPL@1m=0.2479
[ZSON3 EVAL] 1946/2000 scene=zt1RVoi7PcG.basis episode=64 target=chair success=1 spl=0.2030 reason=object_found steps=106 runtime=76.7s SR=50.51% (983/1946) mean_SPL=0.2301 SR@1m=54.47% SPL@1m=0.2478
[ZSON3 EVAL] 1947/2000 scene=zt1RVoi7PcG.basis episode=65 target=sofa success=1 spl=0.3856 reason=object_found steps=186 runtime=163.2s SR=50.54% (984/1947) mean_SPL=0.2302 SR@1m=54.49% SPL@1m=0.2479
[ZSON3 EVAL] 1948/2000 scene=zt1RVoi7PcG.basis episode=66 target=bed success=0 spl=0.0000 reason=robot_stuck steps=487 runtime=382.2s SR=50.51% (984/1948) mean_SPL=0.2301 SR@1m=54.47% SPL@1m=0.2478
[ZSON3 EVAL] 1949/2000 scene=zt1RVoi7PcG.basis episode=67 target=bed success=0 spl=0.0000 reason=false_positive steps=144 runtime=138.1s SR=50.49% (984/1949) mean_SPL=0.2300 SR@1m=54.44% SPL@1m=0.2477
[ZSON3 EVAL] 1950/2000 scene=zt1RVoi7PcG.basis episode=68 target=toilet success=1 spl=0.1803 reason=object_found steps=129 runtime=103.4s SR=50.51% (985/1950) mean_SPL=0.2299 SR@1m=54.46% SPL@1m=0.2476
[ZSON3 EVAL] 1951/2000 scene=zt1RVoi7PcG.basis episode=69 target=tv_monitor success=0 spl=0.0000 reason=robot_stuck steps=366 runtime=351.3s SR=50.49% (985/1951) mean_SPL=0.2298 SR@1m=54.43% SPL@1m=0.2475
[ZSON3 EVAL] 1952/2000 scene=zt1RVoi7PcG.basis episode=70 target=sofa success=1 spl=0.8072 reason=object_found steps=47 runtime=26.2s SR=50.51% (986/1952) mean_SPL=0.2301 SR@1m=54.46% SPL@1m=0.2478
[ZSON3 EVAL] 1953/2000 scene=zt1RVoi7PcG.basis episode=71 target=toilet success=0 spl=0.0000 reason=max_steps_reached steps=498 runtime=293.1s SR=50.49% (986/1953) mean_SPL=0.2300 SR@1m=54.43% SPL@1m=0.2477
[ZSON3 EVAL] 1954/2000 scene=zt1RVoi7PcG.basis episode=72 target=chair success=0 spl=0.0000 reason=max_steps_reached steps=499 runtime=426.7s SR=50.46% (986/1954) mean_SPL=0.2299 SR@1m=54.40% SPL@1m=0.2475
[ZSON3 EVAL] 1955/2000 scene=zt1RVoi7PcG.basis episode=73 target=tv_monitor success=0 spl=0.0000 reason=false_positive steps=231 runtime=225.4s SR=50.43% (986/1955) mean_SPL=0.2298 SR@1m=54.37% SPL@1m=0.2474
[ZSON3 EVAL] 1956/2000 scene=zt1RVoi7PcG.basis episode=74 target=chair success=1 spl=0.5029 reason=object_found steps=82 runtime=58.8s SR=50.46% (987/1956) mean_SPL=0.2299 SR@1m=54.40% SPL@1m=0.2475
[ZSON3 EVAL] 1957/2000 scene=zt1RVoi7PcG.basis episode=75 target=chair success=1 spl=0.7586 reason=object_found steps=45 runtime=28.0s SR=50.49% (988/1957) mean_SPL=0.2302 SR@1m=54.42% SPL@1m=0.2478
[ZSON3 EVAL] 1958/2000 scene=zt1RVoi7PcG.basis episode=76 target=tv_monitor success=0 spl=0.0000 reason=false_positive steps=56 runtime=39.4s SR=50.46% (988/1958) mean_SPL=0.2300 SR@1m=54.39% SPL@1m=0.2477
[ZSON3 EVAL] 1959/2000 scene=zt1RVoi7PcG.basis episode=77 target=chair success=1 spl=0.0936 reason=object_found steps=260 runtime=185.1s SR=50.48% (989/1959) mean_SPL=0.2300 SR@1m=54.42% SPL@1m=0.2476
[ZSON3 EVAL] 1960/2000 scene=zt1RVoi7PcG.basis episode=78 target=chair success=1 spl=0.3169 reason=object_found steps=295 runtime=771.4s SR=50.51% (990/1960) mean_SPL=0.2300 SR@1m=54.44% SPL@1m=0.2476
[ZSON3 EVAL] 1961/2000 scene=zt1RVoi7PcG.basis episode=79 target=chair success=1 spl=0.4752 reason=object_found steps=65 runtime=47.1s SR=50.54% (991/1961) mean_SPL=0.2301 SR@1m=54.46% SPL@1m=0.2477
[ZSON3 EVAL] 1962/2000 scene=zt1RVoi7PcG.basis episode=80 target=toilet success=0 spl=0.0000 reason=max_steps_reached steps=500 runtime=501.1s SR=50.51% (991/1962) mean_SPL=0.2300 SR@1m=54.43% SPL@1m=0.2476
[ZSON3 EVAL] 1963/2000 scene=zt1RVoi7PcG.basis episode=81 target=tv_monitor success=0 spl=0.0000 reason=false_positive steps=140 runtime=123.3s SR=50.48% (991/1963) mean_SPL=0.2299 SR@1m=54.41% SPL@1m=0.2475
[ZSON3 EVAL] 1964/2000 scene=zt1RVoi7PcG.basis episode=82 target=sofa success=0 spl=0.0000 reason=max_steps_reached steps=499 runtime=279.9s SR=50.46% (991/1964) mean_SPL=0.2298 SR@1m=54.38% SPL@1m=0.2474
[ZSON3 EVAL] 1965/2000 scene=zt1RVoi7PcG.basis episode=83 target=sofa success=1 spl=0.5237 reason=object_found steps=78 runtime=61.2s SR=50.48% (992/1965) mean_SPL=0.2299 SR@1m=54.40% SPL@1m=0.2475
[ZSON3 EVAL] 1966/2000 scene=zt1RVoi7PcG.basis episode=84 target=toilet success=1 spl=0.1427 reason=object_found steps=407 runtime=306.7s SR=50.51% (993/1966) mean_SPL=0.2299 SR@1m=54.43% SPL@1m=0.2475
[ZSON3 EVAL] 1967/2000 scene=zt1RVoi7PcG.basis episode=85 target=tv_monitor success=0 spl=0.0000 reason=false_positive steps=116 runtime=92.1s SR=50.48% (993/1967) mean_SPL=0.2298 SR@1m=54.40% SPL@1m=0.2473
[ZSON3 EVAL] 1968/2000 scene=zt1RVoi7PcG.basis episode=86 target=sofa success=1 spl=0.7683 reason=object_found steps=94 runtime=79.0s SR=50.51% (994/1968) mean_SPL=0.2301 SR@1m=54.42% SPL@1m=0.2476
[ZSON3 EVAL] 1969/2000 scene=zt1RVoi7PcG.basis episode=87 target=toilet success=1 spl=0.1798 reason=max_steps_reached steps=500 runtime=471.0s SR=50.53% (995/1969) mean_SPL=0.2300 SR@1m=54.44% SPL@1m=0.2476
[ZSON3 EVAL] 1970/2000 scene=zt1RVoi7PcG.basis episode=88 target=bed success=0 spl=0.0000 reason=false_positive steps=78 runtime=153.9s SR=50.51% (995/1970) mean_SPL=0.2299 SR@1m=54.42% SPL@1m=0.2474
[ZSON3 EVAL] 1971/2000 scene=zt1RVoi7PcG.basis episode=89 target=bed success=0 spl=0.0000 reason=false_positive steps=122 runtime=98.1s SR=50.48% (995/1971) mean_SPL=0.2298 SR@1m=54.39% SPL@1m=0.2473
[ZSON3 EVAL] 1972/2000 scene=zt1RVoi7PcG.basis episode=90 target=toilet success=1 spl=0.1185 reason=max_steps_reached steps=500 runtime=459.1s SR=50.51% (996/1972) mean_SPL=0.2297 SR@1m=54.41% SPL@1m=0.2472
[ZSON3 EVAL] 1973/2000 scene=zt1RVoi7PcG.basis episode=91 target=toilet success=0 spl=0.0000 reason=max_steps_reached steps=497 runtime=469.8s SR=50.48% (996/1973) mean_SPL=0.2296 SR@1m=54.38% SPL@1m=0.2471
[ZSON3 EVAL] 1974/2000 scene=zt1RVoi7PcG.basis episode=92 target=tv_monitor success=0 spl=0.0000 reason=false_positive steps=264 runtime=207.9s SR=50.46% (996/1974) mean_SPL=0.2295 SR@1m=54.36% SPL@1m=0.2470
[ZSON3 EVAL] 1975/2000 scene=zt1RVoi7PcG.basis episode=93 target=tv_monitor success=0 spl=0.0000 reason=false_positive steps=46 runtime=37.3s SR=50.43% (996/1975) mean_SPL=0.2294 SR@1m=54.33% SPL@1m=0.2469
[ZSON3 EVAL] 1976/2000 scene=zt1RVoi7PcG.basis episode=94 target=sofa success=0 spl=0.0000 reason=max_steps_reached steps=500 runtime=510.7s SR=50.40% (996/1976) mean_SPL=0.2293 SR@1m=54.30% SPL@1m=0.2467
[ZSON3 EVAL] 1977/2000 scene=zt1RVoi7PcG.basis episode=95 target=sofa success=1 spl=0.6376 reason=object_found steps=58 runtime=38.0s SR=50.43% (997/1977) mean_SPL=0.2295 SR@1m=54.32% SPL@1m=0.2469
[ZSON3 EVAL] 1978/2000 scene=zt1RVoi7PcG.basis episode=96 target=chair success=1 spl=0.7895 reason=object_found steps=45 runtime=34.9s SR=50.46% (998/1978) mean_SPL=0.2298 SR@1m=54.35% SPL@1m=0.2472
[ZSON3 EVAL] 1979/2000 scene=zt1RVoi7PcG.basis episode=97 target=chair success=1 spl=0.0638 reason=object_found steps=448 runtime=552.5s SR=50.48% (999/1979) mean_SPL=0.2297 SR@1m=54.37% SPL@1m=0.2471
[ZSON3 EVAL] 1980/2000 scene=zt1RVoi7PcG.basis episode=98 target=bed success=0 spl=0.0000 reason=false_positive steps=132 runtime=117.3s SR=50.45% (999/1980) mean_SPL=0.2296 SR@1m=54.34% SPL@1m=0.2470
[ZSON3 EVAL] 1981/2000 scene=zt1RVoi7PcG.basis episode=99 target=chair success=0 spl=0.0000 reason=max_steps_reached steps=497 runtime=420.3s SR=50.43% (999/1981) mean_SPL=0.2294 SR@1m=54.32% SPL@1m=0.2469
[ZSON3 EVAL] 1982/2000 scene=zt1RVoi7PcG.basis episode=100 target=chair success=1 spl=0.4519 reason=object_found steps=58 runtime=52.4s SR=50.45% (1000/1982) mean_SPL=0.2296 SR@1m=54.34% SPL@1m=0.2470
[ZSON3 EVAL] 1983/2000 scene=zt1RVoi7PcG.basis episode=101 target=tv_monitor success=0 spl=0.0000 reason=false_positive steps=194 runtime=139.3s SR=50.43% (1000/1983) mean_SPL=0.2294 SR@1m=54.31% SPL@1m=0.2469
[ZSON3 EVAL] 1984/2000 scene=zt1RVoi7PcG.basis episode=102 target=toilet success=0 spl=0.0000 reason=max_steps_reached steps=500 runtime=386.6s SR=50.40% (1000/1984) mean_SPL=0.2293 SR@1m=54.28% SPL@1m=0.2467
[ZSON3 EVAL] 1985/2000 scene=zt1RVoi7PcG.basis episode=103 target=tv_monitor success=0 spl=0.0000 reason=false_positive steps=148 runtime=104.6s SR=50.38% (1000/1985) mean_SPL=0.2292 SR@1m=54.26% SPL@1m=0.2466
[ZSON3 EVAL] 1986/2000 scene=zt1RVoi7PcG.basis episode=104 target=chair success=1 spl=0.2212 reason=object_found steps=151 runtime=108.3s SR=50.40% (1001/1986) mean_SPL=0.2292 SR@1m=54.28% SPL@1m=0.2466
[ZSON3 EVAL] 1987/2000 scene=zt1RVoi7PcG.basis episode=105 target=sofa success=1 spl=0.0943 reason=object_found steps=459 runtime=441.7s SR=50.43% (1002/1987) mean_SPL=0.2291 SR@1m=54.30% SPL@1m=0.2465
[ZSON3 EVAL] 1988/2000 scene=zt1RVoi7PcG.basis episode=106 target=bed success=1 spl=0.8693 reason=object_found steps=56 runtime=34.9s SR=50.45% (1003/1988) mean_SPL=0.2295 SR@1m=54.33% SPL@1m=0.2468
[ZSON3 EVAL] 1989/2000 scene=zt1RVoi7PcG.basis episode=107 target=bed success=1 spl=0.8522 reason=object_found steps=73 runtime=54.0s SR=50.48% (1004/1989) mean_SPL=0.2298 SR@1m=54.35% SPL@1m=0.2471
[ZSON3 EVAL] 1990/2000 scene=zt1RVoi7PcG.basis episode=108 target=toilet success=0 spl=0.0000 reason=max_steps_reached steps=500 runtime=583.0s SR=50.45% (1004/1990) mean_SPL=0.2297 SR@1m=54.32% SPL@1m=0.2470
[ZSON3 EVAL] 1991/2000 scene=zt1RVoi7PcG.basis episode=109 target=bed success=0 spl=0.0000 reason=false_positive steps=440 runtime=369.2s SR=50.43% (1004/1991) mean_SPL=0.2295 SR@1m=54.29% SPL@1m=0.2469
[ZSON3 EVAL] 1992/2000 scene=zt1RVoi7PcG.basis episode=110 target=sofa success=1 spl=0.8412 reason=object_found steps=39 runtime=24.4s SR=50.45% (1005/1992) mean_SPL=0.2299 SR@1m=54.32% SPL@1m=0.2472
[ZSON3 EVAL] 1993/2000 scene=zt1RVoi7PcG.basis episode=111 target=tv_monitor success=0 spl=0.0000 reason=false_positive steps=157 runtime=126.0s SR=50.43% (1005/1993) mean_SPL=0.2297 SR@1m=54.29% SPL@1m=0.2471
[ZSON3 EVAL] 1994/2000 scene=zt1RVoi7PcG.basis episode=112 target=chair success=1 spl=0.6171 reason=object_found steps=57 runtime=53.5s SR=50.45% (1006/1994) mean_SPL=0.2299 SR@1m=54.31% SPL@1m=0.2472
[ZSON3 EVAL] 1995/2000 scene=zt1RVoi7PcG.basis episode=113 target=tv_monitor success=0 spl=0.0000 reason=false_positive steps=179 runtime=136.5s SR=50.43% (1006/1995) mean_SPL=0.2298 SR@1m=54.29% SPL@1m=0.2471
[ZSON3 EVAL] 1996/2000 scene=zt1RVoi7PcG.basis episode=114 target=chair success=1 spl=0.8178 reason=object_found steps=33 runtime=15.1s SR=50.45% (1007/1996) mean_SPL=0.2301 SR@1m=54.31% SPL@1m=0.2474
[ZSON3 EVAL] 1997/2000 scene=zt1RVoi7PcG.basis episode=115 target=chair success=1 spl=0.4108 reason=object_found steps=98 runtime=67.3s SR=50.48% (1008/1997) mean_SPL=0.2302 SR@1m=54.33% SPL@1m=0.2475
[ZSON3 EVAL] 1998/2000 scene=zt1RVoi7PcG.basis episode=116 target=sofa success=1 spl=0.2565 reason=object_found steps=243 runtime=285.6s SR=50.50% (1009/1998) mean_SPL=0.2302 SR@1m=54.35% SPL@1m=0.2475
[ZSON3 EVAL] 1999/2000 scene=zt1RVoi7PcG.basis episode=117 target=bed success=0 spl=0.0000 reason=false_positive steps=356 runtime=357.9s SR=50.48% (1009/1999) mean_SPL=0.2301 SR@1m=54.33% SPL@1m=0.2474
[ZSON3 EVAL] 2000/2000 scene=zt1RVoi7PcG.basis episode=118 target=chair success=0 spl=0.0000 reason=max_steps_reached steps=497 runtime=541.9s SR=50.45% (1009/2000) mean_SPL=0.2300 SR@1m=54.30% SPL@1m=0.2472
[ZSON3 SUMMARY] episodes=2000 SR=50.45% SPL=0.2300 SR@1m=54.30% SPL@1m=0.2472 exceptions=3
